Run_ID,Property,Stage,Model,ID,Split,y_true,y_pred
HV_S0_XGB_seed42,HV,S0,XGB,5,Train,137.0,215.1695
HV_S0_XGB_seed42,HV,S0,XGB,6,Train,161.0,215.1695
HV_S0_XGB_seed42,HV,S0,XGB,7,Train,246.0,215.1695
HV_S0_XGB_seed42,HV,S0,XGB,9,Train,280.0,215.1695
HV_S0_XGB_seed42,HV,S0,XGB,10,Train,201.0,219.62686
HV_S0_XGB_seed42,HV,S0,XGB,12,Train,151.0,215.1695
HV_S0_XGB_seed42,HV,S0,XGB,13,Train,205.0,215.1695
HV_S0_XGB_seed42,HV,S0,XGB,14,Train,255.0,215.1695
HV_S0_XGB_seed42,HV,S0,XGB,15,Train,246.0,215.1695
HV_S0_XGB_seed42,HV,S0,XGB,17,Train,214.0,219.62686
HV_S0_XGB_seed42,HV,S0,XGB,18,Train,210.0,219.7384
HV_S0_XGB_seed42,HV,S0,XGB,20,Train,93.0,166.23187
HV_S0_XGB_seed42,HV,S0,XGB,21,Train,126.0,166.23187
HV_S0_XGB_seed42,HV,S0,XGB,22,Train,157.0,166.23187
HV_S0_XGB_seed42,HV,S0,XGB,23,Train,207.0,166.23187
HV_S0_XGB_seed42,HV,S0,XGB,24,Train,191.0,166.23187
HV_S0_XGB_seed42,HV,S0,XGB,28,Train,185.0,202.70358
HV_S0_XGB_seed42,HV,S0,XGB,29,Train,211.0,212.14981
HV_S0_XGB_seed42,HV,S0,XGB,30,Train,218.0,222.658
HV_S0_XGB_seed42,HV,S0,XGB,31,Train,227.0,215.1695
HV_S0_XGB_seed42,HV,S0,XGB,32,Train,199.0,211.63939
HV_S0_XGB_seed42,HV,S0,XGB,34,Train,148.0,173.44687
HV_S0_XGB_seed42,HV,S0,XGB,35,Train,139.0,156.53445
HV_S0_XGB_seed42,HV,S0,XGB,36,Train,132.0,153.23935
HV_S0_XGB_seed42,HV,S0,XGB,37,Train,221.0,202.70358
HV_S0_XGB_seed42,HV,S0,XGB,38,Train,224.0,212.14981
HV_S0_XGB_seed42,HV,S0,XGB,39,Train,233.0,222.658
HV_S0_XGB_seed42,HV,S0,XGB,42,Train,192.0,193.10352
HV_S0_XGB_seed42,HV,S0,XGB,43,Train,182.0,173.44687
HV_S0_XGB_seed42,HV,S0,XGB,44,Train,175.0,156.53445
HV_S0_XGB_seed42,HV,S0,XGB,45,Train,174.0,153.23935
HV_S0_XGB_seed42,HV,S0,XGB,46,Train,172.0,215.1695
HV_S0_XGB_seed42,HV,S0,XGB,47,Train,234.0,215.1695
HV_S0_XGB_seed42,HV,S0,XGB,48,Train,260.0,215.1695
HV_S0_XGB_seed42,HV,S0,XGB,50,Train,290.0,215.1695
HV_S0_XGB_seed42,HV,S0,XGB,51,Train,236.0,219.62686
HV_S0_XGB_seed42,HV,S0,XGB,52,Train,216.0,212.05925
HV_S0_XGB_seed42,HV,S0,XGB,53,Train,238.0,219.7384
HV_S0_XGB_seed42,HV,S0,XGB,56,Train,143.0,166.23187
HV_S0_XGB_seed42,HV,S0,XGB,57,Train,191.0,166.23187
HV_S0_XGB_seed42,HV,S0,XGB,58,Train,200.0,166.23187
HV_S0_XGB_seed42,HV,S0,XGB,59,Train,176.0,166.23187
HV_S0_XGB_seed42,HV,S0,XGB,61,Train,300.0,299.41455
HV_S0_XGB_seed42,HV,S0,XGB,63,Train,222.0,212.14981
HV_S0_XGB_seed42,HV,S0,XGB,64,Train,226.0,222.658
HV_S0_XGB_seed42,HV,S0,XGB,66,Train,217.0,211.63939
HV_S0_XGB_seed42,HV,S0,XGB,68,Train,188.0,173.44687
HV_S0_XGB_seed42,HV,S0,XGB,71,Train,225.0,202.70358
HV_S0_XGB_seed42,HV,S0,XGB,72,Train,230.0,212.14981
HV_S0_XGB_seed42,HV,S0,XGB,73,Train,234.0,222.658
HV_S0_XGB_seed42,HV,S0,XGB,75,Train,228.0,211.63939
HV_S0_XGB_seed42,HV,S0,XGB,76,Train,217.0,193.10352
HV_S0_XGB_seed42,HV,S0,XGB,79,Train,186.0,153.23935
HV_S0_XGB_seed42,HV,S0,XGB,80,Train,199.0,215.1695
HV_S0_XGB_seed42,HV,S0,XGB,82,Train,244.0,215.1695
HV_S0_XGB_seed42,HV,S0,XGB,83,Train,214.0,215.1695
HV_S0_XGB_seed42,HV,S0,XGB,84,Train,282.0,215.1695
HV_S0_XGB_seed42,HV,S0,XGB,85,Train,237.0,219.62686
HV_S0_XGB_seed42,HV,S0,XGB,86,Train,237.0,212.05925
HV_S0_XGB_seed42,HV,S0,XGB,89,Train,120.0,166.23187
HV_S0_XGB_seed42,HV,S0,XGB,91,Train,204.0,166.23187
HV_S0_XGB_seed42,HV,S0,XGB,92,Train,189.0,166.23187
HV_S0_XGB_seed42,HV,S0,XGB,93,Train,153.0,166.23187
HV_S0_XGB_seed42,HV,S0,XGB,94,Train,245.0,234.83508
HV_S0_XGB_seed42,HV,S0,XGB,96,Train,198.0,202.70358
HV_S0_XGB_seed42,HV,S0,XGB,97,Train,204.0,212.14981
HV_S0_XGB_seed42,HV,S0,XGB,99,Train,219.0,215.1695
HV_S0_XGB_seed42,HV,S0,XGB,101,Train,185.0,193.10352
HV_S0_XGB_seed42,HV,S0,XGB,102,Train,169.0,173.44687
HV_S0_XGB_seed42,HV,S0,XGB,103,Train,156.0,156.53445
HV_S0_XGB_seed42,HV,S0,XGB,104,Train,147.0,153.23935
HV_S0_XGB_seed42,HV,S0,XGB,105,Train,215.0,202.70358
HV_S0_XGB_seed42,HV,S0,XGB,106,Train,218.0,212.14981
HV_S0_XGB_seed42,HV,S0,XGB,107,Train,225.0,222.658
HV_S0_XGB_seed42,HV,S0,XGB,109,Train,221.0,211.63939
HV_S0_XGB_seed42,HV,S0,XGB,110,Train,210.0,193.10352
HV_S0_XGB_seed42,HV,S0,XGB,111,Train,194.0,173.44687
HV_S0_XGB_seed42,HV,S0,XGB,114,Train,214.0,215.1695
HV_S0_XGB_seed42,HV,S0,XGB,115,Train,223.0,215.1695
HV_S0_XGB_seed42,HV,S0,XGB,116,Train,226.0,215.1695
HV_S0_XGB_seed42,HV,S0,XGB,117,Train,193.0,215.1695
HV_S0_XGB_seed42,HV,S0,XGB,118,Train,277.0,215.1695
HV_S0_XGB_seed42,HV,S0,XGB,120,Train,254.0,212.05925
HV_S0_XGB_seed42,HV,S0,XGB,123,Train,181.0,166.23187
HV_S0_XGB_seed42,HV,S0,XGB,124,Train,210.0,166.23187
HV_S0_XGB_seed42,HV,S0,XGB,125,Train,173.0,166.23187
HV_S0_XGB_seed42,HV,S0,XGB,127,Train,212.0,219.7384
HV_S0_XGB_seed42,HV,S0,XGB,129,Train,300.0,294.1036
HV_S0_XGB_seed42,HV,S0,XGB,130,Train,218.0,215.1695
HV_S0_XGB_seed42,HV,S0,XGB,131,Train,215.0,215.1695
HV_S0_XGB_seed42,HV,S0,XGB,132,Train,210.0,215.1695
HV_S0_XGB_seed42,HV,S0,XGB,133,Train,165.0,215.1695
HV_S0_XGB_seed42,HV,S0,XGB,134,Train,269.0,215.1695
HV_S0_XGB_seed42,HV,S0,XGB,136,Train,175.0,202.70358
HV_S0_XGB_seed42,HV,S0,XGB,137,Train,178.0,212.14981
HV_S0_XGB_seed42,HV,S0,XGB,138,Train,197.0,222.658
HV_S0_XGB_seed42,HV,S0,XGB,139,Train,195.0,215.1695
HV_S0_XGB_seed42,HV,S0,XGB,140,Train,192.0,211.63939
HV_S0_XGB_seed42,HV,S0,XGB,141,Train,166.0,193.10352
HV_S0_XGB_seed42,HV,S0,XGB,142,Train,155.0,173.44687
HV_S0_XGB_seed42,HV,S0,XGB,144,Train,132.0,153.23935
HV_S0_XGB_seed42,HV,S0,XGB,145,Train,219.0,215.1695
HV_S0_XGB_seed42,HV,S0,XGB,146,Train,211.0,215.1695
HV_S0_XGB_seed42,HV,S0,XGB,147,Train,190.0,215.1695
HV_S0_XGB_seed42,HV,S0,XGB,148,Train,146.0,215.1695
HV_S0_XGB_seed42,HV,S0,XGB,149,Train,267.0,215.1695
HV_S0_XGB_seed42,HV,S0,XGB,150,Train,213.0,219.62686
HV_S0_XGB_seed42,HV,S0,XGB,152,Train,143.0,166.23187
HV_S0_XGB_seed42,HV,S0,XGB,157,Train,275.0,274.24417
HV_S0_XGB_seed42,HV,S0,XGB,158,Train,226.0,215.1695
HV_S0_XGB_seed42,HV,S0,XGB,159,Train,207.0,215.1695
HV_S0_XGB_seed42,HV,S0,XGB,160,Train,166.0,215.1695
HV_S0_XGB_seed42,HV,S0,XGB,161,Train,132.0,215.1695
HV_S0_XGB_seed42,HV,S0,XGB,162,Train,246.0,215.1695
HV_S0_XGB_seed42,HV,S0,XGB,163,Train,264.0,212.05925
HV_S0_XGB_seed42,HV,S0,XGB,164,Train,141.0,166.23187
HV_S0_XGB_seed42,HV,S0,XGB,165,Train,212.0,166.23187
HV_S0_XGB_seed42,HV,S0,XGB,166,Train,186.0,166.23187
HV_S0_XGB_seed42,HV,S0,XGB,167,Train,142.0,166.23187
HV_S0_XGB_seed42,HV,S0,XGB,168,Train,113.0,166.23187
HV_S0_XGB_seed42,HV,S0,XGB,169,Train,214.0,212.05925
HV_S0_XGB_seed42,HV,S0,XGB,170,Train,158.0,212.05925
HV_S0_XGB_seed42,HV,S0,XGB,172,Train,138.0,212.05925
HV_S0_XGB_seed42,HV,S0,XGB,195,Train,66.0,86.61548
HV_S0_XGB_seed42,HV,S0,XGB,196,Train,67.0,86.61548
HV_S0_XGB_seed42,HV,S0,XGB,197,Train,65.0,86.61548
HV_S0_XGB_seed42,HV,S0,XGB,198,Train,62.0,86.61548
HV_S0_XGB_seed42,HV,S0,XGB,199,Train,64.0,86.61548
HV_S0_XGB_seed42,HV,S0,XGB,200,Train,65.0,86.61548
HV_S0_XGB_seed42,HV,S0,XGB,201,Train,68.0,86.61548
HV_S0_XGB_seed42,HV,S0,XGB,202,Train,65.0,86.61548
HV_S0_XGB_seed42,HV,S0,XGB,203,Train,61.0,86.61548
HV_S0_XGB_seed42,HV,S0,XGB,205,Train,65.0,87.55645
HV_S0_XGB_seed42,HV,S0,XGB,206,Train,166.0,171.3537
HV_S0_XGB_seed42,HV,S0,XGB,207,Train,209.0,200.73048
HV_S0_XGB_seed42,HV,S0,XGB,208,Train,70.0,71.2949
HV_S0_XGB_seed42,HV,S0,XGB,209,Train,130.0,172.66896
HV_S0_XGB_seed42,HV,S0,XGB,211,Train,69.0,70.31459
HV_S0_XGB_seed42,HV,S0,XGB,212,Train,105.0,164.39346
HV_S0_XGB_seed42,HV,S0,XGB,213,Train,179.0,177.42993
HV_S0_XGB_seed42,HV,S0,XGB,215,Train,70.0,146.5194
HV_S0_XGB_seed42,HV,S0,XGB,216,Train,175.0,183.16646
HV_S0_XGB_seed42,HV,S0,XGB,217,Train,66.0,86.61548
HV_S0_XGB_seed42,HV,S0,XGB,218,Train,66.0,86.61548
HV_S0_XGB_seed42,HV,S0,XGB,219,Train,65.0,86.61548
HV_S0_XGB_seed42,HV,S0,XGB,220,Train,63.0,86.61548
HV_S0_XGB_seed42,HV,S0,XGB,221,Train,66.0,86.61548
HV_S0_XGB_seed42,HV,S0,XGB,222,Train,72.0,87.55645
HV_S0_XGB_seed42,HV,S0,XGB,223,Train,65.0,86.61548
HV_S0_XGB_seed42,HV,S0,XGB,224,Train,66.0,86.61548
HV_S0_XGB_seed42,HV,S0,XGB,225,Train,68.0,86.61548
HV_S0_XGB_seed42,HV,S0,XGB,226,Train,73.0,86.61548
HV_S0_XGB_seed42,HV,S0,XGB,227,Train,69.0,86.61548
HV_S0_XGB_seed42,HV,S0,XGB,229,Train,220.0,200.73048
HV_S0_XGB_seed42,HV,S0,XGB,230,Train,70.0,71.2949
HV_S0_XGB_seed42,HV,S0,XGB,231,Train,164.0,172.66896
HV_S0_XGB_seed42,HV,S0,XGB,232,Train,212.0,209.50922
HV_S0_XGB_seed42,HV,S0,XGB,233,Train,66.0,70.31459
HV_S0_XGB_seed42,HV,S0,XGB,236,Train,64.0,64.33257
HV_S0_XGB_seed42,HV,S0,XGB,237,Train,107.0,146.5194
HV_S0_XGB_seed42,HV,S0,XGB,238,Train,185.0,183.16646
HV_S0_XGB_seed42,HV,S0,XGB,239,Train,77.0,87.55645
HV_S0_XGB_seed42,HV,S0,XGB,240,Train,192.0,171.3537
HV_S0_XGB_seed42,HV,S0,XGB,241,Train,215.0,200.73048
HV_S0_XGB_seed42,HV,S0,XGB,242,Train,70.0,71.2949
HV_S0_XGB_seed42,HV,S0,XGB,243,Train,179.0,172.66896
HV_S0_XGB_seed42,HV,S0,XGB,247,Train,184.0,177.42993
HV_S0_XGB_seed42,HV,S0,XGB,248,Train,64.0,64.33257
HV_S0_XGB_seed42,HV,S0,XGB,249,Train,138.0,146.5194
HV_S0_XGB_seed42,HV,S0,XGB,250,Train,182.0,183.16646
HV_S0_XGB_seed42,HV,S0,XGB,251,Train,64.0,86.61548
HV_S0_XGB_seed42,HV,S0,XGB,252,Train,67.0,86.61548
HV_S0_XGB_seed42,HV,S0,XGB,253,Train,80.0,86.61548
HV_S0_XGB_seed42,HV,S0,XGB,255,Train,75.0,86.61548
HV_S0_XGB_seed42,HV,S0,XGB,258,Train,69.0,86.61548
HV_S0_XGB_seed42,HV,S0,XGB,259,Train,94.0,86.61548
HV_S0_XGB_seed42,HV,S0,XGB,260,Train,99.0,86.61548
HV_S0_XGB_seed42,HV,S0,XGB,261,Train,77.0,86.61548
HV_S0_XGB_seed42,HV,S0,XGB,269,Train,72.0,87.55645
HV_S0_XGB_seed42,HV,S0,XGB,270,Train,218.0,200.73048
HV_S0_XGB_seed42,HV,S0,XGB,271,Train,67.0,71.2949
HV_S0_XGB_seed42,HV,S0,XGB,272,Train,186.0,172.66896
HV_S0_XGB_seed42,HV,S0,XGB,273,Train,222.0,209.50922
HV_S0_XGB_seed42,HV,S0,XGB,274,Train,70.0,70.31459
HV_S0_XGB_seed42,HV,S0,XGB,276,Train,200.0,177.42993
HV_S0_XGB_seed42,HV,S0,XGB,277,Train,60.0,64.33257
HV_S0_XGB_seed42,HV,S0,XGB,278,Train,158.0,146.5194
HV_S0_XGB_seed42,HV,S0,XGB,279,Train,189.0,183.16646
HV_S0_XGB_seed42,HV,S0,XGB,280,Train,67.0,86.61548
HV_S0_XGB_seed42,HV,S0,XGB,281,Train,81.0,86.61548
HV_S0_XGB_seed42,HV,S0,XGB,282,Train,118.0,86.61548
HV_S0_XGB_seed42,HV,S0,XGB,283,Train,107.0,86.61548
HV_S0_XGB_seed42,HV,S0,XGB,293,Train,230.0,229.65218
HV_S0_XGB_seed42,HV,S0,XGB,294,Train,77.0,86.61548
HV_S0_XGB_seed42,HV,S0,XGB,297,Train,111.0,86.61548
HV_S0_XGB_seed42,HV,S0,XGB,298,Train,86.0,86.61548
HV_S0_XGB_seed42,HV,S0,XGB,309,Train,74.0,87.55645
HV_S0_XGB_seed42,HV,S0,XGB,310,Train,197.0,171.3537
HV_S0_XGB_seed42,HV,S0,XGB,311,Train,212.0,200.73048
HV_S0_XGB_seed42,HV,S0,XGB,312,Train,66.0,71.2949
HV_S0_XGB_seed42,HV,S0,XGB,313,Train,185.0,172.66896
HV_S0_XGB_seed42,HV,S0,XGB,314,Train,228.0,209.50922
HV_S0_XGB_seed42,HV,S0,XGB,315,Train,70.0,70.31459
HV_S0_XGB_seed42,HV,S0,XGB,316,Train,170.0,164.39346
HV_S0_XGB_seed42,HV,S0,XGB,317,Train,192.0,177.42993
HV_S0_XGB_seed42,HV,S0,XGB,318,Train,70.0,64.33257
HV_S0_XGB_seed42,HV,S0,XGB,319,Train,165.0,146.5194
HV_S0_XGB_seed42,HV,S0,XGB,320,Train,192.0,183.16646
HV_S0_XGB_seed42,HV,S0,XGB,322,Train,102.0,137.93497
HV_S0_XGB_seed42,HV,S0,XGB,323,Train,125.0,137.93497
HV_S0_XGB_seed42,HV,S0,XGB,324,Train,98.0,86.61548
HV_S0_XGB_seed42,HV,S0,XGB,325,Train,119.0,86.61548
HV_S0_XGB_seed42,HV,S0,XGB,327,Train,112.0,86.61548
HV_S0_XGB_seed42,HV,S0,XGB,328,Train,86.0,86.61548
HV_S0_XGB_seed42,HV,S0,XGB,329,Train,224.0,186.50478
HV_S0_XGB_seed42,HV,S0,XGB,337,Train,86.0,87.55645
HV_S0_XGB_seed42,HV,S0,XGB,339,Train,209.0,200.73048
HV_S0_XGB_seed42,HV,S0,XGB,340,Train,68.0,71.2949
HV_S0_XGB_seed42,HV,S0,XGB,344,Train,181.0,164.39346
HV_S0_XGB_seed42,HV,S0,XGB,345,Train,203.0,177.42993
HV_S0_XGB_seed42,HV,S0,XGB,346,Train,61.0,64.33257
HV_S0_XGB_seed42,HV,S0,XGB,347,Train,175.0,146.5194
HV_S0_XGB_seed42,HV,S0,XGB,348,Train,205.0,183.16646
HV_S0_XGB_seed42,HV,S0,XGB,351,Train,237.0,186.50478
HV_S0_XGB_seed42,HV,S0,XGB,353,Train,106.0,137.93497
HV_S0_XGB_seed42,HV,S0,XGB,354,Train,129.0,137.93497
HV_S0_XGB_seed42,HV,S0,XGB,355,Train,175.0,137.93497
HV_S0_XGB_seed42,HV,S0,XGB,356,Train,109.0,86.61548
HV_S0_XGB_seed42,HV,S0,XGB,357,Train,124.0,86.61548
HV_S0_XGB_seed42,HV,S0,XGB,358,Train,122.0,86.61548
HV_S0_XGB_seed42,HV,S0,XGB,359,Train,107.0,86.61548
HV_S0_XGB_seed42,HV,S0,XGB,365,Train,261.0,255.2035
HV_S0_XGB_seed42,HV,S0,XGB,367,Train,201.0,200.1836
HV_S0_XGB_seed42,HV,S0,XGB,369,Train,193.0,193.10933
HV_S0_XGB_seed42,HV,S0,XGB,372,Train,176.0,179.68127
HV_S0_XGB_seed42,HV,S0,XGB,373,Train,169.0,175.82686
HV_S0_XGB_seed42,HV,S0,XGB,374,Train,161.0,163.37128
HV_S0_XGB_seed42,HV,S0,XGB,375,Train,216.0,217.99535
HV_S0_XGB_seed42,HV,S0,XGB,376,Train,191.0,191.9113
HV_S0_XGB_seed42,HV,S0,XGB,377,Train,172.0,168.61807
HV_S0_XGB_seed42,HV,S0,XGB,384,Train,116.0,87.55645
HV_S0_XGB_seed42,HV,S0,XGB,385,Train,175.0,171.3537
HV_S0_XGB_seed42,HV,S0,XGB,387,Train,69.0,71.2949
HV_S0_XGB_seed42,HV,S0,XGB,388,Train,185.0,172.66896
HV_S0_XGB_seed42,HV,S0,XGB,389,Train,177.0,209.50922
HV_S0_XGB_seed42,HV,S0,XGB,390,Train,68.0,70.31459
HV_S0_XGB_seed42,HV,S0,XGB,391,Train,178.0,164.39346
HV_S0_XGB_seed42,HV,S0,XGB,392,Train,63.0,64.33257
HV_S0_XGB_seed42,HV,S0,XGB,393,Train,172.0,146.5194
HV_S0_XGB_seed42,HV,S0,XGB,394,Train,200.0,183.16646
HV_S0_XGB_seed42,HV,S0,XGB,395,Train,154.0,177.42993
HV_S0_XGB_seed42,HV,S0,XGB,396,Train,107.0,137.93497
HV_S0_XGB_seed42,HV,S0,XGB,398,Train,167.0,137.93497
HV_S0_XGB_seed42,HV,S0,XGB,400,Train,124.0,86.61548
HV_S0_XGB_seed42,HV,S0,XGB,402,Train,107.0,86.61548
HV_S0_XGB_seed42,HV,S0,XGB,403,Train,89.0,86.61548
HV_S0_XGB_seed42,HV,S0,XGB,410,Train,172.0,200.73048
HV_S0_XGB_seed42,HV,S0,XGB,412,Train,72.0,70.31459
HV_S0_XGB_seed42,HV,S0,XGB,413,Train,167.0,146.5194
HV_S0_XGB_seed42,HV,S0,XGB,414,Train,162.0,171.3537
HV_S0_XGB_seed42,HV,S0,XGB,418,Train,123.0,86.61548
HV_S0_XGB_seed42,HV,S0,XGB,419,Train,107.0,86.61548
HV_S0_XGB_seed42,HV,S0,XGB,420,Train,88.0,86.61548
HV_S0_XGB_seed42,HV,S0,XGB,421,Train,177.0,186.50478
HV_S0_XGB_seed42,HV,S0,XGB,423,Train,110.0,87.55645
HV_S0_XGB_seed42,HV,S0,XGB,424,Train,75.0,71.2949
HV_S0_XGB_seed42,HV,S0,XGB,425,Train,176.0,164.39346
HV_S0_XGB_seed42,HV,S0,XGB,426,Train,134.0,177.42993
HV_S0_XGB_seed42,HV,S0,XGB,428,Train,200.0,183.16646
HV_S0_XGB_seed42,HV,S0,XGB,430,Train,139.0,137.93497
HV_S0_XGB_seed42,HV,S0,XGB,432,Train,116.0,86.61548
HV_S0_XGB_seed42,HV,S0,XGB,433,Train,126.0,86.61548
HV_S0_XGB_seed42,HV,S0,XGB,434,Train,122.0,86.61548
HV_S0_XGB_seed42,HV,S0,XGB,435,Train,108.0,86.61548
HV_S0_XGB_seed42,HV,S0,XGB,436,Train,85.0,86.61548
HV_S0_XGB_seed42,HV,S0,XGB,438,Train,131.0,137.93497
HV_S0_XGB_seed42,HV,S0,XGB,440,Train,158.0,200.73048
HV_S0_XGB_seed42,HV,S0,XGB,441,Train,161.0,146.5194
HV_S0_XGB_seed42,HV,S0,XGB,442,Train,86.0,71.2949
HV_S0_XGB_seed42,HV,S0,XGB,443,Train,176.0,172.66896
HV_S0_XGB_seed42,HV,S0,XGB,445,Train,77.0,70.31459
HV_S0_XGB_seed42,HV,S0,XGB,446,Train,172.0,164.39346
HV_S0_XGB_seed42,HV,S0,XGB,449,Train,111.0,87.55645
HV_S0_XGB_seed42,HV,S0,XGB,450,Train,103.0,186.50478
HV_S0_XGB_seed42,HV,S0,XGB,452,Train,131.0,137.93497
HV_S0_XGB_seed42,HV,S0,XGB,453,Train,140.0,137.93497
HV_S0_XGB_seed42,HV,S0,XGB,454,Train,200.0,137.93497
HV_S0_XGB_seed42,HV,S0,XGB,455,Train,132.0,171.3537
HV_S0_XGB_seed42,HV,S0,XGB,456,Train,122.0,183.16646
HV_S0_XGB_seed42,HV,S0,XGB,457,Train,218.0,215.06497
HV_S0_XGB_seed42,HV,S0,XGB,458,Train,237.0,215.06497
HV_S0_XGB_seed42,HV,S0,XGB,459,Train,203.0,191.0601
HV_S0_XGB_seed42,HV,S0,XGB,460,Train,204.0,191.0601
HV_S0_XGB_seed42,HV,S0,XGB,461,Train,206.0,215.30989
HV_S0_XGB_seed42,HV,S0,XGB,462,Train,224.0,215.30989
HV_S0_XGB_seed42,HV,S0,XGB,463,Train,198.0,205.3082
HV_S0_XGB_seed42,HV,S0,XGB,464,Train,218.0,205.3082
HV_S0_XGB_seed42,HV,S0,XGB,465,Train,220.0,215.06497
HV_S0_XGB_seed42,HV,S0,XGB,466,Train,230.0,215.06497
HV_S0_XGB_seed42,HV,S0,XGB,468,Train,205.0,191.0601
HV_S0_XGB_seed42,HV,S0,XGB,469,Train,228.0,215.30989
HV_S0_XGB_seed42,HV,S0,XGB,470,Train,232.0,215.30989
HV_S0_XGB_seed42,HV,S0,XGB,471,Train,218.0,205.3082
HV_S0_XGB_seed42,HV,S0,XGB,472,Train,223.0,205.3082
HV_S0_XGB_seed42,HV,S0,XGB,473,Train,232.0,215.06497
HV_S0_XGB_seed42,HV,S0,XGB,474,Train,182.0,215.06497
HV_S0_XGB_seed42,HV,S0,XGB,475,Train,214.0,215.06497
HV_S0_XGB_seed42,HV,S0,XGB,476,Train,229.0,215.06497
HV_S0_XGB_seed42,HV,S0,XGB,477,Train,231.0,215.06497
HV_S0_XGB_seed42,HV,S0,XGB,478,Train,210.0,215.06497
HV_S0_XGB_seed42,HV,S0,XGB,479,Train,177.0,215.06497
HV_S0_XGB_seed42,HV,S0,XGB,481,Train,174.0,191.0601
HV_S0_XGB_seed42,HV,S0,XGB,482,Train,206.0,191.0601
HV_S0_XGB_seed42,HV,S0,XGB,483,Train,208.0,191.0601
HV_S0_XGB_seed42,HV,S0,XGB,484,Train,211.0,191.0601
HV_S0_XGB_seed42,HV,S0,XGB,485,Train,186.0,191.0601
HV_S0_XGB_seed42,HV,S0,XGB,486,Train,150.0,191.0601
HV_S0_XGB_seed42,HV,S0,XGB,487,Train,224.0,215.30989
HV_S0_XGB_seed42,HV,S0,XGB,488,Train,176.0,215.30989
HV_S0_XGB_seed42,HV,S0,XGB,489,Train,194.0,215.30989
HV_S0_XGB_seed42,HV,S0,XGB,491,Train,224.0,215.30989
HV_S0_XGB_seed42,HV,S0,XGB,492,Train,219.0,215.30989
HV_S0_XGB_seed42,HV,S0,XGB,493,Train,181.0,215.30989
HV_S0_XGB_seed42,HV,S0,XGB,494,Train,227.0,205.3082
HV_S0_XGB_seed42,HV,S0,XGB,495,Train,175.0,205.3082
HV_S0_XGB_seed42,HV,S0,XGB,496,Train,196.0,205.3082
HV_S0_XGB_seed42,HV,S0,XGB,498,Train,226.0,205.3082
HV_S0_XGB_seed42,HV,S0,XGB,500,Train,164.0,205.3082
HV_S0_XGB_seed42,HV,S0,XGB,501,Train,221.0,215.06497
HV_S0_XGB_seed42,HV,S0,XGB,502,Train,185.0,191.0601
HV_S0_XGB_seed42,HV,S0,XGB,503,Train,213.0,215.30989
HV_S0_XGB_seed42,HV,S0,XGB,504,Train,202.0,205.3082
HV_S0_XGB_seed42,HV,S0,XGB,505,Train,229.0,215.06497
HV_S0_XGB_seed42,HV,S0,XGB,506,Train,217.0,215.06497
HV_S0_XGB_seed42,HV,S0,XGB,507,Train,212.0,191.0601
HV_S0_XGB_seed42,HV,S0,XGB,509,Train,232.0,215.30989
HV_S0_XGB_seed42,HV,S0,XGB,510,Train,214.0,215.30989
HV_S0_XGB_seed42,HV,S0,XGB,511,Train,229.0,205.3082
HV_S0_XGB_seed42,HV,S0,XGB,512,Train,200.0,205.3082
HV_S0_XGB_seed42,HV,S0,XGB,516,Train,188.0,205.3082
HV_S0_XGB_seed42,HV,S0,XGB,517,Train,214.0,215.06497
HV_S0_XGB_seed42,HV,S0,XGB,518,Train,205.0,215.06497
HV_S0_XGB_seed42,HV,S0,XGB,520,Train,157.0,191.0601
HV_S0_XGB_seed42,HV,S0,XGB,521,Train,230.0,215.30989
HV_S0_XGB_seed42,HV,S0,XGB,523,Train,228.0,205.3082
HV_S0_XGB_seed42,HV,S0,XGB,524,Train,170.0,205.3082
HV_S0_XGB_seed42,HV,S0,XGB,526,Train,208.0,191.0601
HV_S0_XGB_seed42,HV,S0,XGB,527,Train,229.0,215.30989
HV_S0_XGB_seed42,HV,S0,XGB,528,Train,220.0,205.3082
HV_S0_XGB_seed42,HV,S0,XGB,529,Train,189.0,215.06497
HV_S0_XGB_seed42,HV,S0,XGB,530,Train,168.0,191.0601
HV_S0_XGB_seed42,HV,S0,XGB,532,Train,209.0,205.3082
HV_S0_XGB_seed42,HV,S0,XGB,533,Train,269.0,290.86612
HV_S0_XGB_seed42,HV,S0,XGB,536,Train,333.0,290.86612
HV_S0_XGB_seed42,HV,S0,XGB,538,Train,265.0,241.62717
HV_S0_XGB_seed42,HV,S0,XGB,540,Train,306.0,241.62717
HV_S0_XGB_seed42,HV,S0,XGB,541,Train,330.0,241.62717
HV_S0_XGB_seed42,HV,S0,XGB,542,Train,317.0,234.50145
HV_S0_XGB_seed42,HV,S0,XGB,543,Train,331.0,234.50145
HV_S0_XGB_seed42,HV,S0,XGB,544,Train,333.0,234.50145
HV_S0_XGB_seed42,HV,S0,XGB,545,Train,304.0,234.50145
HV_S0_XGB_seed42,HV,S0,XGB,547,Train,227.0,234.50145
HV_S0_XGB_seed42,HV,S0,XGB,548,Train,267.0,234.50145
HV_S0_XGB_seed42,HV,S0,XGB,549,Train,262.0,234.50145
HV_S0_XGB_seed42,HV,S0,XGB,550,Train,271.0,290.86612
HV_S0_XGB_seed42,HV,S0,XGB,552,Train,290.0,290.86612
HV_S0_XGB_seed42,HV,S0,XGB,554,Train,338.0,290.86612
HV_S0_XGB_seed42,HV,S0,XGB,555,Train,328.0,241.62717
HV_S0_XGB_seed42,HV,S0,XGB,556,Train,278.0,290.86612
HV_S0_XGB_seed42,HV,S0,XGB,557,Train,292.0,290.86612
HV_S0_XGB_seed42,HV,S0,XGB,558,Train,297.0,290.86612
HV_S0_XGB_seed42,HV,S0,XGB,559,Train,342.0,290.86612
HV_S0_XGB_seed42,HV,S0,XGB,560,Train,336.0,290.86612
HV_S0_XGB_seed42,HV,S0,XGB,561,Train,281.0,241.62717
HV_S0_XGB_seed42,HV,S0,XGB,562,Train,285.0,241.62717
HV_S0_XGB_seed42,HV,S0,XGB,563,Train,286.0,241.62717
HV_S0_XGB_seed42,HV,S0,XGB,565,Train,345.0,241.62717
HV_S0_XGB_seed42,HV,S0,XGB,566,Train,344.0,241.62717
HV_S0_XGB_seed42,HV,S0,XGB,567,Train,318.0,241.62717
HV_S0_XGB_seed42,HV,S0,XGB,568,Train,326.0,234.50145
HV_S0_XGB_seed42,HV,S0,XGB,569,Train,336.0,234.50145
HV_S0_XGB_seed42,HV,S0,XGB,570,Train,338.0,234.50145
HV_S0_XGB_seed42,HV,S0,XGB,571,Train,284.0,234.50145
HV_S0_XGB_seed42,HV,S0,XGB,572,Train,258.0,234.50145
HV_S0_XGB_seed42,HV,S0,XGB,573,Train,252.0,234.50145
HV_S0_XGB_seed42,HV,S0,XGB,574,Train,245.0,234.50145
HV_S0_XGB_seed42,HV,S0,XGB,575,Train,243.0,234.50145
HV_S0_XGB_seed42,HV,S0,XGB,577,Train,339.0,241.62717
HV_S0_XGB_seed42,HV,S0,XGB,578,Train,344.0,241.62717
HV_S0_XGB_seed42,HV,S0,XGB,580,Train,293.0,290.86612
HV_S0_XGB_seed42,HV,S0,XGB,581,Train,294.0,290.86612
HV_S0_XGB_seed42,HV,S0,XGB,582,Train,329.0,234.50145
HV_S0_XGB_seed42,HV,S0,XGB,583,Train,348.0,234.50145
HV_S0_XGB_seed42,HV,S0,XGB,584,Train,330.0,234.50145
HV_S0_XGB_seed42,HV,S0,XGB,585,Train,273.0,234.50145
HV_S0_XGB_seed42,HV,S0,XGB,586,Train,251.0,234.50145
HV_S0_XGB_seed42,HV,S0,XGB,588,Train,239.0,234.50145
HV_S0_XGB_seed42,HV,S0,XGB,589,Train,232.0,234.50145
HV_S0_XGB_seed42,HV,S0,XGB,590,Train,294.0,290.86612
HV_S0_XGB_seed42,HV,S0,XGB,591,Train,290.0,290.86612
HV_S0_XGB_seed42,HV,S0,XGB,592,Train,338.0,290.86612
HV_S0_XGB_seed42,HV,S0,XGB,593,Train,329.0,290.86612
HV_S0_XGB_seed42,HV,S0,XGB,594,Train,285.0,241.62717
HV_S0_XGB_seed42,HV,S0,XGB,595,Train,297.0,241.62717
HV_S0_XGB_seed42,HV,S0,XGB,596,Train,302.0,241.62717
HV_S0_XGB_seed42,HV,S0,XGB,597,Train,343.0,241.62717
HV_S0_XGB_seed42,HV,S0,XGB,598,Train,340.0,241.62717
HV_S0_XGB_seed42,HV,S0,XGB,599,Train,341.0,241.62717
HV_S0_XGB_seed42,HV,S0,XGB,600,Train,313.0,241.62717
HV_S0_XGB_seed42,HV,S0,XGB,601,Train,321.0,234.50145
HV_S0_XGB_seed42,HV,S0,XGB,602,Train,350.0,234.50145
HV_S0_XGB_seed42,HV,S0,XGB,603,Train,313.0,234.50145
HV_S0_XGB_seed42,HV,S0,XGB,604,Train,253.0,234.50145
HV_S0_XGB_seed42,HV,S0,XGB,605,Train,234.0,234.50145
HV_S0_XGB_seed42,HV,S0,XGB,606,Train,231.0,234.50145
HV_S0_XGB_seed42,HV,S0,XGB,607,Train,227.0,234.50145
HV_S0_XGB_seed42,HV,S0,XGB,608,Train,210.0,234.50145
HV_S0_XGB_seed42,HV,S0,XGB,609,Train,284.0,290.86612
HV_S0_XGB_seed42,HV,S0,XGB,610,Train,296.0,290.86612
HV_S0_XGB_seed42,HV,S0,XGB,614,Train,337.0,241.62717
HV_S0_XGB_seed42,HV,S0,XGB,615,Train,338.0,241.62717
HV_S0_XGB_seed42,HV,S0,XGB,619,Train,238.0,234.50145
HV_S0_XGB_seed42,HV,S0,XGB,621,Train,213.0,234.50145
HV_S0_XGB_seed42,HV,S0,XGB,622,Train,210.0,234.50145
HV_S0_XGB_seed42,HV,S0,XGB,623,Train,201.0,234.50145
HV_S0_XGB_seed42,HV,S0,XGB,624,Train,287.0,290.86612
HV_S0_XGB_seed42,HV,S0,XGB,626,Train,287.0,290.86612
HV_S0_XGB_seed42,HV,S0,XGB,627,Train,335.0,290.86612
HV_S0_XGB_seed42,HV,S0,XGB,628,Train,316.0,290.86612
HV_S0_XGB_seed42,HV,S0,XGB,630,Train,310.0,241.62717
HV_S0_XGB_seed42,HV,S0,XGB,632,Train,335.0,241.62717
HV_S0_XGB_seed42,HV,S0,XGB,633,Train,337.0,241.62717
HV_S0_XGB_seed42,HV,S0,XGB,636,Train,329.0,234.50145
HV_S0_XGB_seed42,HV,S0,XGB,638,Train,309.0,234.50145
HV_S0_XGB_seed42,HV,S0,XGB,639,Train,233.0,234.50145
HV_S0_XGB_seed42,HV,S0,XGB,641,Train,190.0,234.50145
HV_S0_XGB_seed42,HV,S0,XGB,642,Train,179.0,234.50145
HV_S0_XGB_seed42,HV,S0,XGB,645,Train,302.0,290.86612
HV_S0_XGB_seed42,HV,S0,XGB,648,Train,311.0,290.86612
HV_S0_XGB_seed42,HV,S0,XGB,649,Train,293.0,241.62717
HV_S0_XGB_seed42,HV,S0,XGB,650,Train,306.0,241.62717
HV_S0_XGB_seed42,HV,S0,XGB,651,Train,295.0,241.62717
HV_S0_XGB_seed42,HV,S0,XGB,652,Train,333.0,241.62717
HV_S0_XGB_seed42,HV,S0,XGB,653,Train,336.0,241.62717
HV_S0_XGB_seed42,HV,S0,XGB,655,Train,352.0,234.50145
HV_S0_XGB_seed42,HV,S0,XGB,656,Train,289.0,234.50145
HV_S0_XGB_seed42,HV,S0,XGB,657,Train,233.0,234.50145
HV_S0_XGB_seed42,HV,S0,XGB,658,Train,179.0,234.50145
HV_S0_XGB_seed42,HV,S0,XGB,659,Train,168.0,234.50145
HV_S0_XGB_seed42,HV,S0,XGB,660,Train,159.0,234.50145
HV_S0_XGB_seed42,HV,S0,XGB,661,Train,148.0,234.50145
HV_S0_XGB_seed42,HV,S0,XGB,662,Train,299.0,290.86612
HV_S0_XGB_seed42,HV,S0,XGB,663,Train,282.0,290.86612
HV_S0_XGB_seed42,HV,S0,XGB,665,Train,303.0,290.86612
HV_S0_XGB_seed42,HV,S0,XGB,666,Train,331.0,241.62717
HV_S0_XGB_seed42,HV,S0,XGB,667,Train,333.0,241.62717
HV_S0_XGB_seed42,HV,S0,XGB,669,Train,349.0,234.50145
HV_S0_XGB_seed42,HV,S0,XGB,670,Train,264.0,234.50145
HV_S0_XGB_seed42,HV,S0,XGB,671,Train,202.0,234.50145
HV_S0_XGB_seed42,HV,S0,XGB,672,Train,172.0,234.50145
HV_S0_XGB_seed42,HV,S0,XGB,674,Train,142.0,234.50145
HV_S0_XGB_seed42,HV,S0,XGB,675,Train,136.0,234.50145
HV_S0_XGB_seed42,HV,S0,XGB,677,Train,295.0,241.62717
HV_S0_XGB_seed42,HV,S0,XGB,678,Train,305.0,241.62717
HV_S0_XGB_seed42,HV,S0,XGB,679,Train,293.0,241.62717
HV_S0_XGB_seed42,HV,S0,XGB,681,Train,313.0,290.86612
HV_S0_XGB_seed42,HV,S0,XGB,683,Train,326.0,241.62717
HV_S0_XGB_seed42,HV,S0,XGB,685,Train,334.0,241.62717
HV_S0_XGB_seed42,HV,S0,XGB,686,Train,266.0,241.62717
HV_S0_XGB_seed42,HV,S0,XGB,687,Train,295.0,290.86612
HV_S0_XGB_seed42,HV,S0,XGB,688,Train,295.0,290.86612
HV_S0_XGB_seed42,HV,S0,XGB,689,Train,277.0,290.86612
HV_S0_XGB_seed42,HV,S0,XGB,690,Train,297.0,241.62717
HV_S0_XGB_seed42,HV,S0,XGB,692,Train,290.0,241.62717
HV_S0_XGB_seed42,HV,S0,XGB,693,Train,325.0,234.50145
HV_S0_XGB_seed42,HV,S0,XGB,694,Train,351.0,234.50145
HV_S0_XGB_seed42,HV,S0,XGB,695,Train,261.0,234.50145
HV_S0_XGB_seed42,HV,S0,XGB,696,Train,192.0,234.50145
HV_S0_XGB_seed42,HV,S0,XGB,697,Train,166.0,234.50145
HV_S0_XGB_seed42,HV,S0,XGB,698,Train,146.0,234.50145
HV_S0_XGB_seed42,HV,S0,XGB,700,Train,125.0,234.50145
HV_S0_XGB_seed42,HV,S0,XGB,701,Train,309.0,290.86612
HV_S0_XGB_seed42,HV,S0,XGB,702,Train,296.0,290.86612
HV_S0_XGB_seed42,HV,S0,XGB,703,Train,320.0,241.62717
HV_S0_XGB_seed42,HV,S0,XGB,704,Train,324.0,241.62717
HV_S0_XGB_seed42,HV,S0,XGB,705,Train,298.0,290.86612
HV_S0_XGB_seed42,HV,S0,XGB,706,Train,273.0,290.86612
HV_S0_XGB_seed42,HV,S0,XGB,707,Train,297.0,241.62717
HV_S0_XGB_seed42,HV,S0,XGB,708,Train,300.0,241.62717
HV_S0_XGB_seed42,HV,S0,XGB,709,Train,285.0,241.62717
HV_S0_XGB_seed42,HV,S0,XGB,710,Train,326.0,241.62717
HV_S0_XGB_seed42,HV,S0,XGB,712,Train,323.0,234.50145
HV_S0_XGB_seed42,HV,S0,XGB,713,Train,351.0,234.50145
HV_S0_XGB_seed42,HV,S0,XGB,714,Train,245.0,234.50145
HV_S0_XGB_seed42,HV,S0,XGB,715,Train,185.0,234.50145
HV_S0_XGB_seed42,HV,S0,XGB,716,Train,160.0,234.50145
HV_S0_XGB_seed42,HV,S0,XGB,717,Train,132.0,234.50145
HV_S0_XGB_seed42,HV,S0,XGB,718,Train,121.0,234.50145
HV_S0_XGB_seed42,HV,S0,XGB,719,Train,115.0,234.50145
HV_S0_XGB_seed42,HV,S0,XGB,720,Train,292.0,290.86612
HV_S0_XGB_seed42,HV,S0,XGB,722,Train,292.0,290.86612
HV_S0_XGB_seed42,HV,S0,XGB,723,Train,319.0,241.62717
HV_S0_XGB_seed42,HV,S0,XGB,724,Train,320.0,241.62717
HV_S0_XGB_seed42,HV,S0,XGB,727,Train,298.0,290.86612
HV_S0_XGB_seed42,HV,S0,XGB,728,Train,266.0,290.86612
HV_S0_XGB_seed42,HV,S0,XGB,729,Train,297.0,241.62717
HV_S0_XGB_seed42,HV,S0,XGB,730,Train,297.0,241.62717
HV_S0_XGB_seed42,HV,S0,XGB,731,Train,279.0,241.62717
HV_S0_XGB_seed42,HV,S0,XGB,732,Train,292.0,290.86612
HV_S0_XGB_seed42,HV,S0,XGB,734,Train,283.0,290.86612
HV_S0_XGB_seed42,HV,S0,XGB,735,Train,315.0,241.62717
HV_S0_XGB_seed42,HV,S0,XGB,736,Train,319.0,241.62717
HV_S0_XGB_seed42,HV,S0,XGB,737,Train,298.0,290.86612
HV_S0_XGB_seed42,HV,S0,XGB,738,Train,265.0,290.86612
HV_S0_XGB_seed42,HV,S0,XGB,739,Train,298.0,241.62717
HV_S0_XGB_seed42,HV,S0,XGB,740,Train,293.0,241.62717
HV_S0_XGB_seed42,HV,S0,XGB,741,Train,276.0,241.62717
HV_S0_XGB_seed42,HV,S0,XGB,742,Train,323.0,234.50145
HV_S0_XGB_seed42,HV,S0,XGB,743,Train,341.0,234.50145
HV_S0_XGB_seed42,HV,S0,XGB,744,Train,216.0,234.50145
HV_S0_XGB_seed42,HV,S0,XGB,745,Train,179.0,234.50145
HV_S0_XGB_seed42,HV,S0,XGB,746,Train,158.0,234.50145
HV_S0_XGB_seed42,HV,S0,XGB,747,Train,125.0,234.50145
HV_S0_XGB_seed42,HV,S0,XGB,748,Train,111.0,234.50145
HV_S0_XGB_seed42,HV,S0,XGB,751,Train,290.0,290.86612
HV_S0_XGB_seed42,HV,S0,XGB,752,Train,276.0,290.86612
HV_S0_XGB_seed42,HV,S0,XGB,753,Train,311.0,241.62717
HV_S0_XGB_seed42,HV,S0,XGB,754,Train,315.0,241.62717
HV_S0_XGB_seed42,HV,S0,XGB,756,Train,298.0,290.86612
HV_S0_XGB_seed42,HV,S0,XGB,758,Train,298.0,241.62717
HV_S0_XGB_seed42,HV,S0,XGB,759,Train,289.0,241.62717
HV_S0_XGB_seed42,HV,S0,XGB,760,Train,274.0,241.62717
HV_S0_XGB_seed42,HV,S0,XGB,761,Train,291.0,290.86612
HV_S0_XGB_seed42,HV,S0,XGB,762,Train,278.0,290.86612
HV_S0_XGB_seed42,HV,S0,XGB,763,Train,269.0,290.86612
HV_S0_XGB_seed42,HV,S0,XGB,765,Train,313.0,241.62717
HV_S0_XGB_seed42,HV,S0,XGB,766,Train,179.0,241.62717
HV_S0_XGB_seed42,HV,S0,XGB,767,Train,300.0,290.86612
HV_S0_XGB_seed42,HV,S0,XGB,768,Train,259.0,290.86612
HV_S0_XGB_seed42,HV,S0,XGB,769,Train,300.0,241.62717
HV_S0_XGB_seed42,HV,S0,XGB,770,Train,288.0,241.62717
HV_S0_XGB_seed42,HV,S0,XGB,771,Train,273.0,241.62717
HV_S0_XGB_seed42,HV,S0,XGB,772,Train,329.0,234.50145
HV_S0_XGB_seed42,HV,S0,XGB,773,Train,335.0,234.50145
HV_S0_XGB_seed42,HV,S0,XGB,774,Train,215.0,234.50145
HV_S0_XGB_seed42,HV,S0,XGB,775,Train,181.0,234.50145
HV_S0_XGB_seed42,HV,S0,XGB,776,Train,156.0,234.50145
HV_S0_XGB_seed42,HV,S0,XGB,777,Train,124.0,234.50145
HV_S0_XGB_seed42,HV,S0,XGB,778,Train,106.0,234.50145
HV_S0_XGB_seed42,HV,S0,XGB,779,Train,95.0,234.50145
HV_S0_XGB_seed42,HV,S0,XGB,780,Train,290.0,290.86612
HV_S0_XGB_seed42,HV,S0,XGB,781,Train,268.0,290.86612
HV_S0_XGB_seed42,HV,S0,XGB,782,Train,264.0,290.86612
HV_S0_XGB_seed42,HV,S0,XGB,786,Train,299.0,290.86612
HV_S0_XGB_seed42,HV,S0,XGB,787,Train,301.0,241.62717
HV_S0_XGB_seed42,HV,S0,XGB,788,Train,287.0,241.62717
HV_S0_XGB_seed42,HV,S0,XGB,789,Train,272.0,241.62717
HV_S0_XGB_seed42,HV,S0,XGB,790,Train,286.0,290.86612
HV_S0_XGB_seed42,HV,S0,XGB,792,Train,258.0,290.86612
HV_S0_XGB_seed42,HV,S0,XGB,793,Train,259.0,290.86612
HV_S0_XGB_seed42,HV,S0,XGB,795,Train,287.0,241.62717
HV_S0_XGB_seed42,HV,S0,XGB,796,Train,270.0,241.62717
HV_S0_XGB_seed42,HV,S0,XGB,797,Train,291.0,241.62717
HV_S0_XGB_seed42,HV,S0,XGB,798,Train,298.0,241.62717
HV_S0_XGB_seed42,HV,S0,XGB,799,Train,305.0,241.62717
HV_S0_XGB_seed42,HV,S0,XGB,800,Train,172.0,241.62717
HV_S0_XGB_seed42,HV,S0,XGB,801,Train,330.0,234.50145
HV_S0_XGB_seed42,HV,S0,XGB,802,Train,324.0,234.50145
HV_S0_XGB_seed42,HV,S0,XGB,804,Train,176.0,234.50145
HV_S0_XGB_seed42,HV,S0,XGB,805,Train,153.0,234.50145
HV_S0_XGB_seed42,HV,S0,XGB,806,Train,122.0,234.50145
HV_S0_XGB_seed42,HV,S0,XGB,807,Train,100.0,234.50145
HV_S0_XGB_seed42,HV,S0,XGB,808,Train,91.0,234.50145
HV_S0_XGB_seed42,HV,S0,XGB,809,Train,286.0,290.86612
HV_S0_XGB_seed42,HV,S0,XGB,810,Train,282.0,290.86612
HV_S0_XGB_seed42,HV,S0,XGB,813,Train,288.0,241.62717
HV_S0_XGB_seed42,HV,S0,XGB,814,Train,293.0,241.62717
HV_S0_XGB_seed42,HV,S0,XGB,815,Train,248.0,290.86612
HV_S0_XGB_seed42,HV,S0,XGB,816,Train,251.0,290.86612
HV_S0_XGB_seed42,HV,S0,XGB,817,Train,285.0,241.62717
HV_S0_XGB_seed42,HV,S0,XGB,818,Train,291.0,241.62717
HV_S0_XGB_seed42,HV,S0,XGB,819,Train,238.0,290.86612
HV_S0_XGB_seed42,HV,S0,XGB,820,Train,208.0,241.62717
HV_S0_XGB_seed42,HV,S0,XGB,821,Train,227.0,241.62717
HV_S0_XGB_seed42,HV,S0,XGB,822,Train,247.0,241.62717
HV_S0_XGB_seed42,HV,S0,XGB,823,Train,255.0,241.62717
HV_S0_XGB_seed42,HV,S0,XGB,824,Train,244.0,241.62717
HV_S0_XGB_seed42,HV,S0,XGB,825,Train,216.0,241.62717
HV_S0_XGB_seed42,HV,S0,XGB,827,Train,254.0,241.62717
HV_S0_XGB_seed42,HV,S0,XGB,828,Train,240.0,241.62717
HV_S0_XGB_seed42,HV,S0,XGB,830,Train,169.0,241.62717
HV_S0_XGB_seed42,HV,S0,XGB,831,Train,226.0,241.62717
HV_S0_XGB_seed42,HV,S0,XGB,832,Train,220.0,241.62717
HV_S0_XGB_seed42,HV,S0,XGB,833,Train,196.0,241.62717
HV_S0_XGB_seed42,HV,S0,XGB,834,Train,155.0,241.62717
HV_S0_XGB_seed42,HV,S0,XGB,836,Train,336.0,241.62717
HV_S0_XGB_seed42,HV,S0,XGB,837,Train,320.0,241.62717
HV_S0_XGB_seed42,HV,S0,XGB,838,Train,265.0,241.62717
HV_S0_XGB_seed42,HV,S0,XGB,839,Train,320.0,241.62717
HV_S0_XGB_seed42,HV,S0,XGB,841,Train,286.0,241.62717
HV_S0_XGB_seed42,HV,S0,XGB,843,Train,289.0,241.62717
HV_S0_XGB_seed42,HV,S0,XGB,845,Train,302.0,241.62717
HV_S0_XGB_seed42,HV,S0,XGB,846,Train,254.0,241.62717
HV_S0_XGB_seed42,HV,S0,XGB,848,Train,370.0,241.62717
HV_S0_XGB_seed42,HV,S0,XGB,849,Train,299.0,241.62717
HV_S0_XGB_seed42,HV,S0,XGB,850,Train,371.0,241.62717
HV_S0_XGB_seed42,HV,S0,XGB,851,Train,373.0,241.62717
HV_S0_XGB_seed42,HV,S0,XGB,853,Train,351.0,241.62717
HV_S0_XGB_seed42,HV,S0,XGB,855,Train,357.0,241.62717
HV_S0_XGB_seed42,HV,S0,XGB,856,Train,361.0,241.62717
HV_S0_XGB_seed42,HV,S0,XGB,858,Train,381.0,241.62717
HV_S0_XGB_seed42,HV,S0,XGB,859,Train,222.0,241.62717
HV_S0_XGB_seed42,HV,S0,XGB,860,Train,239.0,241.62717
HV_S0_XGB_seed42,HV,S0,XGB,861,Train,242.0,241.62717
HV_S0_XGB_seed42,HV,S0,XGB,862,Train,259.0,241.62717
HV_S0_XGB_seed42,HV,S0,XGB,863,Train,235.0,241.62717
HV_S0_XGB_seed42,HV,S0,XGB,865,Train,158.0,241.62717
HV_S0_XGB_seed42,HV,S0,XGB,866,Train,251.0,241.62717
HV_S0_XGB_seed42,HV,S0,XGB,868,Train,180.0,241.62717
HV_S0_XGB_seed42,HV,S0,XGB,869,Train,151.0,241.62717
HV_S0_XGB_seed42,HV,S0,XGB,870,Train,225.0,241.62717
HV_S0_XGB_seed42,HV,S0,XGB,871,Train,210.0,241.62717
HV_S0_XGB_seed42,HV,S0,XGB,873,Train,141.0,241.62717
HV_S0_XGB_seed42,HV,S0,XGB,874,Train,348.0,241.62717
HV_S0_XGB_seed42,HV,S0,XGB,875,Train,330.0,241.62717
HV_S0_XGB_seed42,HV,S0,XGB,877,Train,235.0,241.62717
HV_S0_XGB_seed42,HV,S0,XGB,879,Train,305.0,241.62717
HV_S0_XGB_seed42,HV,S0,XGB,880,Train,280.0,241.62717
HV_S0_XGB_seed42,HV,S0,XGB,881,Train,223.0,241.62717
HV_S0_XGB_seed42,HV,S0,XGB,882,Train,290.0,241.62717
HV_S0_XGB_seed42,HV,S0,XGB,884,Train,291.0,241.62717
HV_S0_XGB_seed42,HV,S0,XGB,885,Train,219.0,241.62717
HV_S0_XGB_seed42,HV,S0,XGB,886,Train,282.0,258.6504
HV_S0_XGB_seed42,HV,S0,XGB,887,Train,382.0,241.62717
HV_S0_XGB_seed42,HV,S0,XGB,889,Train,287.0,241.62717
HV_S0_XGB_seed42,HV,S0,XGB,890,Train,345.0,241.62717
HV_S0_XGB_seed42,HV,S0,XGB,891,Train,267.0,241.62717
HV_S0_XGB_seed42,HV,S0,XGB,892,Train,359.0,241.62717
HV_S0_XGB_seed42,HV,S0,XGB,894,Train,304.0,241.62717
HV_S0_XGB_seed42,HV,S0,XGB,895,Train,232.0,241.62717
HV_S0_XGB_seed42,HV,S0,XGB,896,Train,248.0,241.62717
HV_S0_XGB_seed42,HV,S0,XGB,897,Train,222.0,241.62717
HV_S0_XGB_seed42,HV,S0,XGB,898,Train,253.0,241.62717
HV_S0_XGB_seed42,HV,S0,XGB,899,Train,229.0,241.62717
HV_S0_XGB_seed42,HV,S0,XGB,900,Train,162.0,241.62717
HV_S0_XGB_seed42,HV,S0,XGB,901,Train,145.0,241.62717
HV_S0_XGB_seed42,HV,S0,XGB,902,Train,245.0,241.62717
HV_S0_XGB_seed42,HV,S0,XGB,903,Train,196.0,241.62717
HV_S0_XGB_seed42,HV,S0,XGB,905,Train,144.0,241.62717
HV_S0_XGB_seed42,HV,S0,XGB,906,Train,220.0,241.62717
HV_S0_XGB_seed42,HV,S0,XGB,907,Train,201.0,241.62717
HV_S0_XGB_seed42,HV,S0,XGB,908,Train,176.0,241.62717
HV_S0_XGB_seed42,HV,S0,XGB,909,Train,135.0,241.62717
HV_S0_XGB_seed42,HV,S0,XGB,911,Train,321.0,241.62717
HV_S0_XGB_seed42,HV,S0,XGB,913,Train,213.0,241.62717
HV_S0_XGB_seed42,HV,S0,XGB,916,Train,272.0,241.62717
HV_S0_XGB_seed42,HV,S0,XGB,917,Train,204.0,241.62717
HV_S0_XGB_seed42,HV,S0,XGB,918,Train,289.0,241.62717
HV_S0_XGB_seed42,HV,S0,XGB,919,Train,279.0,241.62717
HV_S0_XGB_seed42,HV,S0,XGB,920,Train,275.0,241.62717
HV_S0_XGB_seed42,HV,S0,XGB,921,Train,205.0,241.62717
HV_S0_XGB_seed42,HV,S0,XGB,923,Train,248.0,241.62717
HV_S0_XGB_seed42,HV,S0,XGB,924,Train,211.0,241.62717
HV_S0_XGB_seed42,HV,S0,XGB,925,Train,252.0,241.62717
HV_S0_XGB_seed42,HV,S0,XGB,926,Train,216.0,241.62717
HV_S0_XGB_seed42,HV,S0,XGB,928,Train,141.0,241.62717
HV_S0_XGB_seed42,HV,S0,XGB,929,Train,234.0,241.62717
HV_S0_XGB_seed42,HV,S0,XGB,930,Train,188.0,241.62717
HV_S0_XGB_seed42,HV,S0,XGB,931,Train,155.0,241.62717
HV_S0_XGB_seed42,HV,S0,XGB,932,Train,143.0,241.62717
HV_S0_XGB_seed42,HV,S0,XGB,933,Train,218.0,241.62717
HV_S0_XGB_seed42,HV,S0,XGB,934,Train,200.0,241.62717
HV_S0_XGB_seed42,HV,S0,XGB,935,Train,166.0,241.62717
HV_S0_XGB_seed42,HV,S0,XGB,936,Train,132.0,241.62717
HV_S0_XGB_seed42,HV,S0,XGB,937,Train,345.0,241.62717
HV_S0_XGB_seed42,HV,S0,XGB,938,Train,318.0,241.62717
HV_S0_XGB_seed42,HV,S0,XGB,939,Train,272.0,241.62717
HV_S0_XGB_seed42,HV,S0,XGB,940,Train,212.0,241.62717
HV_S0_XGB_seed42,HV,S0,XGB,941,Train,314.0,241.62717
HV_S0_XGB_seed42,HV,S0,XGB,942,Train,292.0,241.62717
HV_S0_XGB_seed42,HV,S0,XGB,944,Train,193.0,241.62717
HV_S0_XGB_seed42,HV,S0,XGB,946,Train,278.0,241.62717
HV_S0_XGB_seed42,HV,S0,XGB,947,Train,264.0,241.62717
HV_S0_XGB_seed42,HV,S0,XGB,948,Train,202.0,241.62717
HV_S0_XGB_seed42,HV,S0,XGB,949,Train,296.0,258.6504
HV_S0_XGB_seed42,HV,S0,XGB,950,Train,360.0,241.62717
HV_S0_XGB_seed42,HV,S0,XGB,951,Train,349.0,241.62717
HV_S0_XGB_seed42,HV,S0,XGB,952,Train,273.0,241.62717
HV_S0_XGB_seed42,HV,S0,XGB,953,Train,365.0,241.62717
HV_S0_XGB_seed42,HV,S0,XGB,954,Train,342.0,241.62717
HV_S0_XGB_seed42,HV,S0,XGB,956,Train,362.0,241.62717
HV_S0_XGB_seed42,HV,S0,XGB,959,Train,244.0,241.62717
HV_S0_XGB_seed42,HV,S0,XGB,960,Train,247.0,241.62717
HV_S0_XGB_seed42,HV,S0,XGB,961,Train,197.0,241.62717
HV_S0_XGB_seed42,HV,S0,XGB,962,Train,243.0,241.62717
HV_S0_XGB_seed42,HV,S0,XGB,963,Train,215.0,241.62717
HV_S0_XGB_seed42,HV,S0,XGB,967,Train,182.0,241.62717
HV_S0_XGB_seed42,HV,S0,XGB,968,Train,150.0,241.62717
HV_S0_XGB_seed42,HV,S0,XGB,969,Train,140.0,241.62717
HV_S0_XGB_seed42,HV,S0,XGB,970,Train,218.0,241.62717
HV_S0_XGB_seed42,HV,S0,XGB,971,Train,196.0,241.62717
HV_S0_XGB_seed42,HV,S0,XGB,972,Train,157.0,241.62717
HV_S0_XGB_seed42,HV,S0,XGB,973,Train,131.0,241.62717
HV_S0_XGB_seed42,HV,S0,XGB,974,Train,343.0,241.62717
HV_S0_XGB_seed42,HV,S0,XGB,975,Train,312.0,241.62717
HV_S0_XGB_seed42,HV,S0,XGB,976,Train,267.0,241.62717
HV_S0_XGB_seed42,HV,S0,XGB,977,Train,206.0,241.62717
HV_S0_XGB_seed42,HV,S0,XGB,978,Train,313.0,241.62717
HV_S0_XGB_seed42,HV,S0,XGB,979,Train,290.0,241.62717
HV_S0_XGB_seed42,HV,S0,XGB,981,Train,192.0,241.62717
HV_S0_XGB_seed42,HV,S0,XGB,982,Train,285.0,241.62717
HV_S0_XGB_seed42,HV,S0,XGB,983,Train,277.0,241.62717
HV_S0_XGB_seed42,HV,S0,XGB,985,Train,197.0,241.62717
HV_S0_XGB_seed42,HV,S0,XGB,990,Train,244.0,241.62717
HV_S0_XGB_seed42,HV,S0,XGB,991,Train,161.0,241.62717
HV_S0_XGB_seed42,HV,S0,XGB,992,Train,239.0,241.62717
HV_S0_XGB_seed42,HV,S0,XGB,993,Train,203.0,241.62717
HV_S0_XGB_seed42,HV,S0,XGB,994,Train,148.0,241.62717
HV_S0_XGB_seed42,HV,S0,XGB,996,Train,210.0,241.62717
HV_S0_XGB_seed42,HV,S0,XGB,997,Train,173.0,241.62717
HV_S0_XGB_seed42,HV,S0,XGB,998,Train,147.0,241.62717
HV_S0_XGB_seed42,HV,S0,XGB,999,Train,139.0,241.62717
HV_S0_XGB_seed42,HV,S0,XGB,1000,Train,214.0,241.62717
HV_S0_XGB_seed42,HV,S0,XGB,1004,Train,339.0,241.62717
HV_S0_XGB_seed42,HV,S0,XGB,1005,Train,309.0,241.62717
HV_S0_XGB_seed42,HV,S0,XGB,1006,Train,253.0,241.62717
HV_S0_XGB_seed42,HV,S0,XGB,1007,Train,198.0,241.62717
HV_S0_XGB_seed42,HV,S0,XGB,1008,Train,312.0,241.62717
HV_S0_XGB_seed42,HV,S0,XGB,1009,Train,284.0,241.62717
HV_S0_XGB_seed42,HV,S0,XGB,1011,Train,191.0,241.62717
HV_S0_XGB_seed42,HV,S0,XGB,1012,Train,281.0,241.62717
HV_S0_XGB_seed42,HV,S0,XGB,1013,Train,273.0,241.62717
HV_S0_XGB_seed42,HV,S0,XGB,1014,Train,241.0,241.62717
HV_S0_XGB_seed42,HV,S0,XGB,1015,Train,189.0,241.62717
HV_S0_XGB_seed42,HV,S0,XGB,1016,Train,353.0,241.62717
HV_S0_XGB_seed42,HV,S0,XGB,1017,Train,343.0,241.62717
HV_S0_XGB_seed42,HV,S0,XGB,1018,Train,259.0,241.62717
HV_S0_XGB_seed42,HV,S0,XGB,1020,Train,325.0,241.62717
HV_S0_XGB_seed42,HV,S0,XGB,1021,Train,219.0,241.62717
HV_S0_XGB_seed42,HV,S0,XGB,1022,Train,362.0,241.62717
HV_S0_XGB_seed42,HV,S0,XGB,1023,Train,342.0,241.62717
HV_S0_XGB_seed42,HV,S0,XGB,1024,Train,227.0,241.62717
HV_S0_XGB_seed42,HV,S0,XGB,1025,Train,243.0,241.62717
HV_S0_XGB_seed42,HV,S0,XGB,1028,Train,234.0,241.62717
HV_S0_XGB_seed42,HV,S0,XGB,1029,Train,195.0,241.62717
HV_S0_XGB_seed42,HV,S0,XGB,1030,Train,149.0,241.62717
HV_S0_XGB_seed42,HV,S0,XGB,1032,Train,200.0,241.62717
HV_S0_XGB_seed42,HV,S0,XGB,1033,Train,169.0,241.62717
HV_S0_XGB_seed42,HV,S0,XGB,1034,Train,145.0,241.62717
HV_S0_XGB_seed42,HV,S0,XGB,1035,Train,137.0,241.62717
HV_S0_XGB_seed42,HV,S0,XGB,1036,Train,214.0,241.62717
HV_S0_XGB_seed42,HV,S0,XGB,1037,Train,179.0,241.62717
HV_S0_XGB_seed42,HV,S0,XGB,1038,Train,140.0,241.62717
HV_S0_XGB_seed42,HV,S0,XGB,1039,Train,129.0,241.62717
HV_S0_XGB_seed42,HV,S0,XGB,1040,Train,336.0,241.62717
HV_S0_XGB_seed42,HV,S0,XGB,1042,Train,242.0,241.62717
HV_S0_XGB_seed42,HV,S0,XGB,1043,Train,185.0,241.62717
HV_S0_XGB_seed42,HV,S0,XGB,1044,Train,306.0,241.62717
HV_S0_XGB_seed42,HV,S0,XGB,1045,Train,280.0,241.62717
HV_S0_XGB_seed42,HV,S0,XGB,1046,Train,241.0,241.62717
HV_S0_XGB_seed42,HV,S0,XGB,1048,Train,283.0,241.62717
HV_S0_XGB_seed42,HV,S0,XGB,1049,Train,272.0,241.62717
HV_S0_XGB_seed42,HV,S0,XGB,1050,Train,229.0,241.62717
HV_S0_XGB_seed42,HV,S0,XGB,1051,Train,181.0,241.62717
HV_S0_XGB_seed42,HV,S0,XGB,1052,Train,278.0,258.6504
HV_S0_XGB_seed42,HV,S0,XGB,1053,Train,353.0,241.62717
HV_S0_XGB_seed42,HV,S0,XGB,1054,Train,311.0,241.62717
HV_S0_XGB_seed42,HV,S0,XGB,1055,Train,192.0,241.62717
HV_S0_XGB_seed42,HV,S0,XGB,1056,Train,244.0,241.62717
HV_S0_XGB_seed42,HV,S0,XGB,1057,Train,217.0,241.62717
HV_S0_XGB_seed42,HV,S0,XGB,1060,Train,180.0,241.62717
HV_S0_XGB_seed42,HV,S0,XGB,1061,Train,146.0,241.62717
HV_S0_XGB_seed42,HV,S0,XGB,1064,Train,160.0,241.62717
HV_S0_XGB_seed42,HV,S0,XGB,1065,Train,144.0,241.62717
HV_S0_XGB_seed42,HV,S0,XGB,1066,Train,136.0,241.62717
HV_S0_XGB_seed42,HV,S0,XGB,1068,Train,169.0,241.62717
HV_S0_XGB_seed42,HV,S0,XGB,1069,Train,137.0,241.62717
HV_S0_XGB_seed42,HV,S0,XGB,1070,Train,127.0,241.62717
HV_S0_XGB_seed42,HV,S0,XGB,1071,Train,336.0,241.62717
HV_S0_XGB_seed42,HV,S0,XGB,1073,Train,231.0,241.62717
HV_S0_XGB_seed42,HV,S0,XGB,1074,Train,177.0,241.62717
HV_S0_XGB_seed42,HV,S0,XGB,1076,Train,272.0,241.62717
HV_S0_XGB_seed42,HV,S0,XGB,1077,Train,233.0,241.62717
HV_S0_XGB_seed42,HV,S0,XGB,1078,Train,173.0,241.62717
HV_S0_XGB_seed42,HV,S0,XGB,1079,Train,279.0,241.62717
HV_S0_XGB_seed42,HV,S0,XGB,1080,Train,270.0,241.62717
HV_S0_XGB_seed42,HV,S0,XGB,1081,Train,216.0,241.62717
HV_S0_XGB_seed42,HV,S0,XGB,1082,Train,175.0,241.62717
HV_S0_XGB_seed42,HV,S0,XGB,1083,Train,241.0,241.62717
HV_S0_XGB_seed42,HV,S0,XGB,1084,Train,209.0,241.62717
HV_S0_XGB_seed42,HV,S0,XGB,1085,Train,136.0,241.62717
HV_S0_XGB_seed42,HV,S0,XGB,1086,Train,211.0,241.62717
HV_S0_XGB_seed42,HV,S0,XGB,1088,Train,144.0,241.62717
HV_S0_XGB_seed42,HV,S0,XGB,1089,Train,133.0,241.62717
HV_S0_XGB_seed42,HV,S0,XGB,1090,Train,183.0,241.62717
HV_S0_XGB_seed42,HV,S0,XGB,1091,Train,156.0,241.62717
HV_S0_XGB_seed42,HV,S0,XGB,1092,Train,141.0,241.62717
HV_S0_XGB_seed42,HV,S0,XGB,1093,Train,132.0,241.62717
HV_S0_XGB_seed42,HV,S0,XGB,1094,Train,206.0,241.62717
HV_S0_XGB_seed42,HV,S0,XGB,1095,Train,163.0,241.62717
HV_S0_XGB_seed42,HV,S0,XGB,1096,Train,136.0,241.62717
HV_S0_XGB_seed42,HV,S0,XGB,1097,Train,128.0,241.62717
HV_S0_XGB_seed42,HV,S0,XGB,1098,Train,332.0,241.62717
HV_S0_XGB_seed42,HV,S0,XGB,1099,Train,284.0,241.62717
HV_S0_XGB_seed42,HV,S0,XGB,1101,Train,169.0,241.62717
HV_S0_XGB_seed42,HV,S0,XGB,1102,Train,302.0,241.62717
HV_S0_XGB_seed42,HV,S0,XGB,1103,Train,262.0,241.62717
HV_S0_XGB_seed42,HV,S0,XGB,1104,Train,217.0,241.62717
HV_S0_XGB_seed42,HV,S0,XGB,1105,Train,170.0,241.62717
HV_S0_XGB_seed42,HV,S0,XGB,1108,Train,205.0,241.62717
HV_S0_XGB_seed42,HV,S0,XGB,1109,Train,170.0,241.62717
HV_S0_XGB_seed42,HV,S0,XGB,1110,Train,234.0,241.62717
HV_S0_XGB_seed42,HV,S0,XGB,1111,Train,204.0,241.62717
HV_S0_XGB_seed42,HV,S0,XGB,1113,Train,199.0,241.62717
HV_S0_XGB_seed42,HV,S0,XGB,1114,Train,157.0,241.62717
HV_S0_XGB_seed42,HV,S0,XGB,1115,Train,143.0,241.62717
HV_S0_XGB_seed42,HV,S0,XGB,1117,Train,175.0,241.62717
HV_S0_XGB_seed42,HV,S0,XGB,1118,Train,153.0,241.62717
HV_S0_XGB_seed42,HV,S0,XGB,1119,Train,140.0,241.62717
HV_S0_XGB_seed42,HV,S0,XGB,1120,Train,132.0,241.62717
HV_S0_XGB_seed42,HV,S0,XGB,1121,Train,202.0,241.62717
HV_S0_XGB_seed42,HV,S0,XGB,1122,Train,154.0,241.62717
HV_S0_XGB_seed42,HV,S0,XGB,1123,Train,134.0,241.62717
HV_S0_XGB_seed42,HV,S0,XGB,1124,Train,127.0,241.62717
HV_S0_XGB_seed42,HV,S0,XGB,1125,Train,329.0,241.62717
HV_S0_XGB_seed42,HV,S0,XGB,1126,Train,271.0,241.62717
HV_S0_XGB_seed42,HV,S0,XGB,1128,Train,166.0,241.62717
HV_S0_XGB_seed42,HV,S0,XGB,1130,Train,262.0,241.62717
HV_S0_XGB_seed42,HV,S0,XGB,1131,Train,205.0,241.62717
HV_S0_XGB_seed42,HV,S0,XGB,1132,Train,166.0,241.62717
HV_S0_XGB_seed42,HV,S0,XGB,1133,Train,277.0,241.62717
HV_S0_XGB_seed42,HV,S0,XGB,1134,Train,261.0,241.62717
HV_S0_XGB_seed42,HV,S0,XGB,1135,Train,193.0,241.62717
HV_S0_XGB_seed42,HV,S0,XGB,1136,Train,163.0,241.62717
HV_S0_XGB_seed42,HV,S0,XGB,1137,Train,258.0,258.6504
HV_S0_XGB_seed42,HV,S0,XGB,1139,Train,197.0,241.62717
HV_S0_XGB_seed42,HV,S0,XGB,1140,Train,132.0,241.62717
HV_S0_XGB_seed42,HV,S0,XGB,1141,Train,198.0,241.62717
HV_S0_XGB_seed42,HV,S0,XGB,1142,Train,151.0,241.62717
HV_S0_XGB_seed42,HV,S0,XGB,1143,Train,141.0,241.62717
HV_S0_XGB_seed42,HV,S0,XGB,1144,Train,130.0,241.62717
HV_S0_XGB_seed42,HV,S0,XGB,1145,Train,168.0,241.62717
HV_S0_XGB_seed42,HV,S0,XGB,1146,Train,150.0,241.62717
HV_S0_XGB_seed42,HV,S0,XGB,1147,Train,141.0,241.62717
HV_S0_XGB_seed42,HV,S0,XGB,1148,Train,131.0,241.62717
HV_S0_XGB_seed42,HV,S0,XGB,1149,Train,195.0,241.62717
HV_S0_XGB_seed42,HV,S0,XGB,1151,Train,133.0,241.62717
HV_S0_XGB_seed42,HV,S0,XGB,1152,Train,125.0,241.62717
HV_S0_XGB_seed42,HV,S0,XGB,1153,Train,323.0,241.62717
HV_S0_XGB_seed42,HV,S0,XGB,1154,Train,264.0,241.62717
HV_S0_XGB_seed42,HV,S0,XGB,1155,Train,192.0,241.62717
HV_S0_XGB_seed42,HV,S0,XGB,1157,Train,296.0,241.62717
HV_S0_XGB_seed42,HV,S0,XGB,1158,Train,256.0,241.62717
HV_S0_XGB_seed42,HV,S0,XGB,1160,Train,161.0,241.62717
HV_S0_XGB_seed42,HV,S0,XGB,1161,Train,276.0,241.62717
HV_S0_XGB_seed42,HV,S0,XGB,1162,Train,255.0,241.62717
HV_S0_XGB_seed42,HV,S0,XGB,1165,Train,177.0,258.6504
HV_S0_XGB_seed42,HV,S0,XGB,1166,Train,217.0,241.62717
HV_S0_XGB_seed42,HV,S0,XGB,1168,Train,130.0,241.62717
HV_S0_XGB_seed42,HV,S0,XGB,1169,Train,187.0,241.62717
HV_S0_XGB_seed42,HV,S0,XGB,1170,Train,148.0,241.62717
HV_S0_XGB_seed42,HV,S0,XGB,1171,Train,141.0,241.62717
HV_S0_XGB_seed42,HV,S0,XGB,1172,Train,130.0,241.62717
HV_S0_XGB_seed42,HV,S0,XGB,1173,Train,166.0,241.62717
HV_S0_XGB_seed42,HV,S0,XGB,1174,Train,148.0,241.62717
HV_S0_XGB_seed42,HV,S0,XGB,1175,Train,140.0,241.62717
HV_S0_XGB_seed42,HV,S0,XGB,1176,Train,127.0,241.62717
HV_S0_XGB_seed42,HV,S0,XGB,1178,Train,145.0,241.62717
HV_S0_XGB_seed42,HV,S0,XGB,1179,Train,135.0,241.62717
HV_S0_XGB_seed42,HV,S0,XGB,1180,Train,124.0,241.62717
HV_S0_XGB_seed42,HV,S0,XGB,1181,Train,320.0,241.62717
HV_S0_XGB_seed42,HV,S0,XGB,1182,Train,256.0,241.62717
HV_S0_XGB_seed42,HV,S0,XGB,1184,Train,155.0,241.62717
HV_S0_XGB_seed42,HV,S0,XGB,1185,Train,296.0,241.62717
HV_S0_XGB_seed42,HV,S0,XGB,1186,Train,248.0,241.62717
HV_S0_XGB_seed42,HV,S0,XGB,1187,Train,171.0,241.62717
HV_S0_XGB_seed42,HV,S0,XGB,1188,Train,157.0,241.62717
HV_S0_XGB_seed42,HV,S0,XGB,1189,Train,270.0,241.62717
HV_S0_XGB_seed42,HV,S0,XGB,1191,Train,164.0,241.62717
HV_S0_XGB_seed42,HV,S0,XGB,1194,Train,78.0,89.953926
HV_S0_XGB_seed42,HV,S0,XGB,1195,Train,78.0,89.953926
HV_S0_XGB_seed42,HV,S0,XGB,1196,Train,72.0,89.953926
HV_S0_XGB_seed42,HV,S0,XGB,1197,Train,78.0,89.953926
HV_S0_XGB_seed42,HV,S0,XGB,1199,Train,96.0,89.953926
HV_S0_XGB_seed42,HV,S0,XGB,1200,Train,112.0,89.953926
HV_S0_XGB_seed42,HV,S0,XGB,1201,Train,116.0,89.953926
HV_S0_XGB_seed42,HV,S0,XGB,1202,Train,76.0,104.934875
HV_S0_XGB_seed42,HV,S0,XGB,1203,Train,75.0,104.934875
HV_S0_XGB_seed42,HV,S0,XGB,1205,Train,79.0,104.934875
HV_S0_XGB_seed42,HV,S0,XGB,1208,Train,105.0,104.934875
HV_S0_XGB_seed42,HV,S0,XGB,1209,Train,155.0,104.934875
HV_S0_XGB_seed42,HV,S0,XGB,1210,Train,141.0,104.934875
HV_S0_XGB_seed42,HV,S0,XGB,1211,Train,86.0,101.807884
HV_S0_XGB_seed42,HV,S0,XGB,1212,Train,80.0,101.807884
HV_S0_XGB_seed42,HV,S0,XGB,1213,Train,81.0,101.807884
HV_S0_XGB_seed42,HV,S0,XGB,1214,Train,75.0,101.807884
HV_S0_XGB_seed42,HV,S0,XGB,1216,Train,92.0,101.807884
HV_S0_XGB_seed42,HV,S0,XGB,1217,Train,104.0,101.807884
HV_S0_XGB_seed42,HV,S0,XGB,1218,Train,148.0,101.807884
HV_S0_XGB_seed42,HV,S0,XGB,1219,Train,145.0,101.807884
HV_S0_XGB_seed42,HV,S0,XGB,1221,Train,84.0,104.755585
HV_S0_XGB_seed42,HV,S0,XGB,1222,Train,84.0,104.755585
HV_S0_XGB_seed42,HV,S0,XGB,1223,Train,86.0,104.755585
HV_S0_XGB_seed42,HV,S0,XGB,1224,Train,87.0,104.755585
HV_S0_XGB_seed42,HV,S0,XGB,1225,Train,88.0,104.755585
HV_S0_XGB_seed42,HV,S0,XGB,1226,Train,104.0,104.755585
HV_S0_XGB_seed42,HV,S0,XGB,1227,Train,157.0,104.755585
HV_S0_XGB_seed42,HV,S0,XGB,1228,Train,144.0,104.755585
HV_S0_XGB_seed42,HV,S0,XGB,8,Test,254.0,215.1695
HV_S0_XGB_seed42,HV,S0,XGB,16,Test,282.0,215.1695
HV_S0_XGB_seed42,HV,S0,XGB,33,Test,165.0,193.10352
HV_S0_XGB_seed42,HV,S0,XGB,40,Test,231.0,215.1695
HV_S0_XGB_seed42,HV,S0,XGB,41,Test,225.0,211.63939
HV_S0_XGB_seed42,HV,S0,XGB,49,Test,244.0,215.1695
HV_S0_XGB_seed42,HV,S0,XGB,55,Test,107.0,166.23187
HV_S0_XGB_seed42,HV,S0,XGB,60,Test,268.0,220.49255
HV_S0_XGB_seed42,HV,S0,XGB,62,Test,211.0,202.70358
HV_S0_XGB_seed42,HV,S0,XGB,65,Test,233.0,215.1695
HV_S0_XGB_seed42,HV,S0,XGB,67,Test,202.0,193.10352
HV_S0_XGB_seed42,HV,S0,XGB,69,Test,171.0,156.53445
HV_S0_XGB_seed42,HV,S0,XGB,70,Test,155.0,153.23935
HV_S0_XGB_seed42,HV,S0,XGB,74,Test,238.0,215.1695
HV_S0_XGB_seed42,HV,S0,XGB,77,Test,211.0,173.44687
HV_S0_XGB_seed42,HV,S0,XGB,78,Test,190.0,156.53445
HV_S0_XGB_seed42,HV,S0,XGB,81,Test,238.0,215.1695
HV_S0_XGB_seed42,HV,S0,XGB,87,Test,252.0,219.7384
HV_S0_XGB_seed42,HV,S0,XGB,90,Test,165.0,166.23187
HV_S0_XGB_seed42,HV,S0,XGB,95,Test,235.0,219.7384
HV_S0_XGB_seed42,HV,S0,XGB,98,Test,212.0,222.658
HV_S0_XGB_seed42,HV,S0,XGB,100,Test,207.0,211.63939
HV_S0_XGB_seed42,HV,S0,XGB,108,Test,227.0,215.1695
HV_S0_XGB_seed42,HV,S0,XGB,112,Test,183.0,156.53445
HV_S0_XGB_seed42,HV,S0,XGB,113,Test,181.0,153.23935
HV_S0_XGB_seed42,HV,S0,XGB,119,Test,228.0,219.62686
HV_S0_XGB_seed42,HV,S0,XGB,122,Test,135.0,166.23187
HV_S0_XGB_seed42,HV,S0,XGB,126,Test,132.0,166.23187
HV_S0_XGB_seed42,HV,S0,XGB,143,Test,139.0,156.53445
HV_S0_XGB_seed42,HV,S0,XGB,151,Test,268.0,212.05925
HV_S0_XGB_seed42,HV,S0,XGB,153,Test,206.0,166.23187
HV_S0_XGB_seed42,HV,S0,XGB,154,Test,199.0,166.23187
HV_S0_XGB_seed42,HV,S0,XGB,155,Test,159.0,166.23187
HV_S0_XGB_seed42,HV,S0,XGB,156,Test,120.0,166.23187
HV_S0_XGB_seed42,HV,S0,XGB,171,Test,145.0,212.05925
HV_S0_XGB_seed42,HV,S0,XGB,173,Test,137.0,212.05925
HV_S0_XGB_seed42,HV,S0,XGB,204,Test,63.0,86.61548
HV_S0_XGB_seed42,HV,S0,XGB,210,Test,203.0,209.50922
HV_S0_XGB_seed42,HV,S0,XGB,214,Test,60.0,64.33257
HV_S0_XGB_seed42,HV,S0,XGB,228,Test,195.0,171.3537
HV_S0_XGB_seed42,HV,S0,XGB,234,Test,125.0,164.39346
HV_S0_XGB_seed42,HV,S0,XGB,235,Test,185.0,177.42993
HV_S0_XGB_seed42,HV,S0,XGB,244,Test,216.0,209.50922
HV_S0_XGB_seed42,HV,S0,XGB,245,Test,69.0,70.31459
HV_S0_XGB_seed42,HV,S0,XGB,246,Test,158.0,164.39346
HV_S0_XGB_seed42,HV,S0,XGB,254,Test,89.0,86.61548
HV_S0_XGB_seed42,HV,S0,XGB,257,Test,67.0,86.61548
HV_S0_XGB_seed42,HV,S0,XGB,275,Test,165.0,164.39346
HV_S0_XGB_seed42,HV,S0,XGB,284,Test,82.0,86.61548
HV_S0_XGB_seed42,HV,S0,XGB,295,Test,108.0,86.61548
HV_S0_XGB_seed42,HV,S0,XGB,296,Test,122.0,86.61548
HV_S0_XGB_seed42,HV,S0,XGB,301,Test,140.0,186.50478
HV_S0_XGB_seed42,HV,S0,XGB,321,Test,98.0,137.93497
HV_S0_XGB_seed42,HV,S0,XGB,326,Test,121.0,86.61548
HV_S0_XGB_seed42,HV,S0,XGB,338,Test,195.0,171.3537
HV_S0_XGB_seed42,HV,S0,XGB,341,Test,186.0,172.66896
HV_S0_XGB_seed42,HV,S0,XGB,342,Test,233.0,209.50922
HV_S0_XGB_seed42,HV,S0,XGB,343,Test,68.0,70.31459
HV_S0_XGB_seed42,HV,S0,XGB,360,Test,84.0,86.61548
HV_S0_XGB_seed42,HV,S0,XGB,361,Test,175.0,216.15567
HV_S0_XGB_seed42,HV,S0,XGB,362,Test,257.0,186.50478
HV_S0_XGB_seed42,HV,S0,XGB,364,Test,248.0,217.88063
HV_S0_XGB_seed42,HV,S0,XGB,366,Test,272.0,255.2035
HV_S0_XGB_seed42,HV,S0,XGB,368,Test,195.0,192.50887
HV_S0_XGB_seed42,HV,S0,XGB,370,Test,187.0,205.52296
HV_S0_XGB_seed42,HV,S0,XGB,371,Test,183.0,207.14038
HV_S0_XGB_seed42,HV,S0,XGB,386,Test,177.0,200.73048
HV_S0_XGB_seed42,HV,S0,XGB,397,Test,127.0,137.93497
HV_S0_XGB_seed42,HV,S0,XGB,399,Test,109.0,86.61548
HV_S0_XGB_seed42,HV,S0,XGB,401,Test,122.0,86.61548
HV_S0_XGB_seed42,HV,S0,XGB,411,Test,148.0,209.50922
HV_S0_XGB_seed42,HV,S0,XGB,415,Test,184.0,172.66896
HV_S0_XGB_seed42,HV,S0,XGB,416,Test,117.0,86.61548
HV_S0_XGB_seed42,HV,S0,XGB,417,Test,127.0,86.61548
HV_S0_XGB_seed42,HV,S0,XGB,427,Test,62.0,64.33257
HV_S0_XGB_seed42,HV,S0,XGB,429,Test,120.0,137.93497
HV_S0_XGB_seed42,HV,S0,XGB,431,Test,192.0,137.93497
HV_S0_XGB_seed42,HV,S0,XGB,437,Test,112.0,137.93497
HV_S0_XGB_seed42,HV,S0,XGB,439,Test,186.0,137.93497
HV_S0_XGB_seed42,HV,S0,XGB,444,Test,125.0,209.50922
HV_S0_XGB_seed42,HV,S0,XGB,447,Test,123.0,177.42993
HV_S0_XGB_seed42,HV,S0,XGB,448,Test,64.0,64.33257
HV_S0_XGB_seed42,HV,S0,XGB,467,Test,216.0,191.0601
HV_S0_XGB_seed42,HV,S0,XGB,480,Test,217.0,191.0601
HV_S0_XGB_seed42,HV,S0,XGB,490,Test,223.0,215.30989
HV_S0_XGB_seed42,HV,S0,XGB,497,Test,220.0,205.3082
HV_S0_XGB_seed42,HV,S0,XGB,499,Test,209.0,205.3082
HV_S0_XGB_seed42,HV,S0,XGB,508,Test,170.0,191.0601
HV_S0_XGB_seed42,HV,S0,XGB,513,Test,211.0,215.06497
HV_S0_XGB_seed42,HV,S0,XGB,514,Test,162.0,191.0601
HV_S0_XGB_seed42,HV,S0,XGB,515,Test,206.0,215.30989
HV_S0_XGB_seed42,HV,S0,XGB,519,Test,208.0,191.0601
HV_S0_XGB_seed42,HV,S0,XGB,522,Test,191.0,215.30989
HV_S0_XGB_seed42,HV,S0,XGB,525,Test,215.0,215.06497
HV_S0_XGB_seed42,HV,S0,XGB,531,Test,213.0,215.30989
HV_S0_XGB_seed42,HV,S0,XGB,534,Test,270.0,290.86612
HV_S0_XGB_seed42,HV,S0,XGB,535,Test,286.0,290.86612
HV_S0_XGB_seed42,HV,S0,XGB,537,Test,331.0,290.86612
HV_S0_XGB_seed42,HV,S0,XGB,539,Test,268.0,241.62717
HV_S0_XGB_seed42,HV,S0,XGB,546,Test,244.0,234.50145
HV_S0_XGB_seed42,HV,S0,XGB,551,Test,288.0,290.86612
HV_S0_XGB_seed42,HV,S0,XGB,553,Test,336.0,290.86612
HV_S0_XGB_seed42,HV,S0,XGB,564,Test,332.0,241.62717
HV_S0_XGB_seed42,HV,S0,XGB,576,Test,334.0,290.86612
HV_S0_XGB_seed42,HV,S0,XGB,579,Test,280.0,290.86612
HV_S0_XGB_seed42,HV,S0,XGB,587,Test,248.0,234.50145
HV_S0_XGB_seed42,HV,S0,XGB,611,Test,289.0,290.86612
HV_S0_XGB_seed42,HV,S0,XGB,612,Test,337.0,290.86612
HV_S0_XGB_seed42,HV,S0,XGB,613,Test,320.0,290.86612
HV_S0_XGB_seed42,HV,S0,XGB,616,Test,329.0,234.50145
HV_S0_XGB_seed42,HV,S0,XGB,617,Test,350.0,234.50145
HV_S0_XGB_seed42,HV,S0,XGB,618,Test,313.0,234.50145
HV_S0_XGB_seed42,HV,S0,XGB,620,Test,215.0,234.50145
HV_S0_XGB_seed42,HV,S0,XGB,625,Test,301.0,290.86612
HV_S0_XGB_seed42,HV,S0,XGB,629,Test,288.0,241.62717
HV_S0_XGB_seed42,HV,S0,XGB,631,Test,297.0,241.62717
HV_S0_XGB_seed42,HV,S0,XGB,634,Test,338.0,241.62717
HV_S0_XGB_seed42,HV,S0,XGB,635,Test,285.0,241.62717
HV_S0_XGB_seed42,HV,S0,XGB,637,Test,346.0,234.50145
HV_S0_XGB_seed42,HV,S0,XGB,640,Test,209.0,234.50145
HV_S0_XGB_seed42,HV,S0,XGB,643,Test,170.0,234.50145
HV_S0_XGB_seed42,HV,S0,XGB,644,Test,289.0,290.86612
HV_S0_XGB_seed42,HV,S0,XGB,646,Test,285.0,290.86612
HV_S0_XGB_seed42,HV,S0,XGB,647,Test,327.0,290.86612
HV_S0_XGB_seed42,HV,S0,XGB,654,Test,335.0,234.50145
HV_S0_XGB_seed42,HV,S0,XGB,664,Test,319.0,290.86612
HV_S0_XGB_seed42,HV,S0,XGB,668,Test,335.0,234.50145
HV_S0_XGB_seed42,HV,S0,XGB,673,Test,152.0,234.50145
HV_S0_XGB_seed42,HV,S0,XGB,676,Test,292.0,290.86612
HV_S0_XGB_seed42,HV,S0,XGB,680,Test,298.0,290.86612
HV_S0_XGB_seed42,HV,S0,XGB,682,Test,300.0,290.86612
HV_S0_XGB_seed42,HV,S0,XGB,684,Test,330.0,241.62717
HV_S0_XGB_seed42,HV,S0,XGB,691,Test,303.0,241.62717
HV_S0_XGB_seed42,HV,S0,XGB,699,Test,134.0,234.50145
HV_S0_XGB_seed42,HV,S0,XGB,721,Test,300.0,290.86612
HV_S0_XGB_seed42,HV,S0,XGB,733,Test,294.0,290.86612
HV_S0_XGB_seed42,HV,S0,XGB,749,Test,104.0,234.50145
HV_S0_XGB_seed42,HV,S0,XGB,750,Test,293.0,290.86612
HV_S0_XGB_seed42,HV,S0,XGB,757,Test,261.0,290.86612
HV_S0_XGB_seed42,HV,S0,XGB,764,Test,305.0,241.62717
HV_S0_XGB_seed42,HV,S0,XGB,783,Test,297.0,241.62717
HV_S0_XGB_seed42,HV,S0,XGB,784,Test,306.0,241.62717
HV_S0_XGB_seed42,HV,S0,XGB,785,Test,311.0,241.62717
HV_S0_XGB_seed42,HV,S0,XGB,791,Test,296.0,290.86612
HV_S0_XGB_seed42,HV,S0,XGB,794,Test,303.0,241.62717
HV_S0_XGB_seed42,HV,S0,XGB,803,Test,200.0,234.50145
HV_S0_XGB_seed42,HV,S0,XGB,811,Test,253.0,290.86612
HV_S0_XGB_seed42,HV,S0,XGB,812,Test,252.0,290.86612
HV_S0_XGB_seed42,HV,S0,XGB,826,Test,191.0,241.62717
HV_S0_XGB_seed42,HV,S0,XGB,829,Test,205.0,241.62717
HV_S0_XGB_seed42,HV,S0,XGB,835,Test,346.0,241.62717
HV_S0_XGB_seed42,HV,S0,XGB,840,Test,310.0,241.62717
HV_S0_XGB_seed42,HV,S0,XGB,842,Test,264.0,241.62717
HV_S0_XGB_seed42,HV,S0,XGB,844,Test,290.0,241.62717
HV_S0_XGB_seed42,HV,S0,XGB,847,Test,184.0,258.6504
HV_S0_XGB_seed42,HV,S0,XGB,852,Test,386.0,241.62717
HV_S0_XGB_seed42,HV,S0,XGB,854,Test,285.0,241.62717
HV_S0_XGB_seed42,HV,S0,XGB,857,Test,331.0,241.62717
HV_S0_XGB_seed42,HV,S0,XGB,864,Test,180.0,241.62717
HV_S0_XGB_seed42,HV,S0,XGB,867,Test,218.0,241.62717
HV_S0_XGB_seed42,HV,S0,XGB,872,Test,191.0,241.62717
HV_S0_XGB_seed42,HV,S0,XGB,876,Test,304.0,241.62717
HV_S0_XGB_seed42,HV,S0,XGB,878,Test,316.0,241.62717
HV_S0_XGB_seed42,HV,S0,XGB,883,Test,286.0,241.62717
HV_S0_XGB_seed42,HV,S0,XGB,888,Test,359.0,241.62717
HV_S0_XGB_seed42,HV,S0,XGB,893,Test,373.0,241.62717
HV_S0_XGB_seed42,HV,S0,XGB,904,Test,161.0,241.62717
HV_S0_XGB_seed42,HV,S0,XGB,910,Test,344.0,241.62717
HV_S0_XGB_seed42,HV,S0,XGB,912,Test,288.0,241.62717
HV_S0_XGB_seed42,HV,S0,XGB,914,Test,316.0,241.62717
HV_S0_XGB_seed42,HV,S0,XGB,915,Test,297.0,241.62717
HV_S0_XGB_seed42,HV,S0,XGB,922,Test,238.0,241.62717
HV_S0_XGB_seed42,HV,S0,XGB,927,Test,158.0,241.62717
HV_S0_XGB_seed42,HV,S0,XGB,943,Test,263.0,241.62717
HV_S0_XGB_seed42,HV,S0,XGB,945,Test,284.0,241.62717
HV_S0_XGB_seed42,HV,S0,XGB,955,Test,250.0,241.62717
HV_S0_XGB_seed42,HV,S0,XGB,957,Test,351.0,241.62717
HV_S0_XGB_seed42,HV,S0,XGB,958,Test,284.0,241.62717
HV_S0_XGB_seed42,HV,S0,XGB,964,Test,154.0,241.62717
HV_S0_XGB_seed42,HV,S0,XGB,965,Test,140.0,241.62717
HV_S0_XGB_seed42,HV,S0,XGB,966,Test,228.0,241.62717
HV_S0_XGB_seed42,HV,S0,XGB,980,Test,260.0,241.62717
HV_S0_XGB_seed42,HV,S0,XGB,984,Test,254.0,241.62717
HV_S0_XGB_seed42,HV,S0,XGB,989,Test,244.0,241.62717
HV_S0_XGB_seed42,HV,S0,XGB,995,Test,137.0,241.62717
HV_S0_XGB_seed42,HV,S0,XGB,1001,Test,189.0,241.62717
HV_S0_XGB_seed42,HV,S0,XGB,1002,Test,146.0,241.62717
HV_S0_XGB_seed42,HV,S0,XGB,1003,Test,130.0,241.62717
HV_S0_XGB_seed42,HV,S0,XGB,1010,Test,248.0,241.62717
HV_S0_XGB_seed42,HV,S0,XGB,1019,Test,363.0,241.62717
HV_S0_XGB_seed42,HV,S0,XGB,1026,Test,236.0,241.62717
HV_S0_XGB_seed42,HV,S0,XGB,1027,Test,151.0,241.62717
HV_S0_XGB_seed42,HV,S0,XGB,1031,Test,136.0,241.62717
HV_S0_XGB_seed42,HV,S0,XGB,1041,Test,302.0,241.62717
HV_S0_XGB_seed42,HV,S0,XGB,1047,Test,182.0,241.62717
HV_S0_XGB_seed42,HV,S0,XGB,1058,Test,141.0,241.62717
HV_S0_XGB_seed42,HV,S0,XGB,1059,Test,224.0,241.62717
HV_S0_XGB_seed42,HV,S0,XGB,1062,Test,135.0,241.62717
HV_S0_XGB_seed42,HV,S0,XGB,1063,Test,189.0,241.62717
HV_S0_XGB_seed42,HV,S0,XGB,1067,Test,211.0,241.62717
HV_S0_XGB_seed42,HV,S0,XGB,1072,Test,292.0,241.62717
HV_S0_XGB_seed42,HV,S0,XGB,1075,Test,301.0,241.62717
HV_S0_XGB_seed42,HV,S0,XGB,1087,Test,167.0,241.62717
HV_S0_XGB_seed42,HV,S0,XGB,1100,Test,215.0,241.62717
HV_S0_XGB_seed42,HV,S0,XGB,1106,Test,280.0,241.62717
HV_S0_XGB_seed42,HV,S0,XGB,1107,Test,264.0,241.62717
HV_S0_XGB_seed42,HV,S0,XGB,1112,Test,134.0,241.62717
HV_S0_XGB_seed42,HV,S0,XGB,1116,Test,131.0,241.62717
HV_S0_XGB_seed42,HV,S0,XGB,1127,Test,200.0,241.62717
HV_S0_XGB_seed42,HV,S0,XGB,1129,Test,300.0,241.62717
HV_S0_XGB_seed42,HV,S0,XGB,1138,Test,231.0,241.62717
HV_S0_XGB_seed42,HV,S0,XGB,1150,Test,149.0,241.62717
HV_S0_XGB_seed42,HV,S0,XGB,1156,Test,159.0,241.62717
HV_S0_XGB_seed42,HV,S0,XGB,1159,Test,196.0,241.62717
HV_S0_XGB_seed42,HV,S0,XGB,1163,Test,184.0,241.62717
HV_S0_XGB_seed42,HV,S0,XGB,1164,Test,158.0,241.62717
HV_S0_XGB_seed42,HV,S0,XGB,1167,Test,181.0,241.62717
HV_S0_XGB_seed42,HV,S0,XGB,1177,Test,184.0,241.62717
HV_S0_XGB_seed42,HV,S0,XGB,1183,Test,171.0,241.62717
HV_S0_XGB_seed42,HV,S0,XGB,1190,Test,244.0,241.62717
HV_S0_XGB_seed42,HV,S0,XGB,1192,Test,155.0,241.62717
HV_S0_XGB_seed42,HV,S0,XGB,1193,Test,68.0,89.953926
HV_S0_XGB_seed42,HV,S0,XGB,1198,Test,80.0,89.953926
HV_S0_XGB_seed42,HV,S0,XGB,1204,Test,75.0,104.934875
HV_S0_XGB_seed42,HV,S0,XGB,1206,Test,80.0,104.934875
HV_S0_XGB_seed42,HV,S0,XGB,1207,Test,76.0,104.934875
HV_S0_XGB_seed42,HV,S0,XGB,1215,Test,86.0,101.807884
HV_S0_XGB_seed42,HV,S0,XGB,1220,Test,83.0,104.755585
HV_S1_XGB_seed42,HV,S1,XGB,5,Train,137.0,215.09787
HV_S1_XGB_seed42,HV,S1,XGB,6,Train,161.0,215.09787
HV_S1_XGB_seed42,HV,S1,XGB,7,Train,246.0,215.09787
HV_S1_XGB_seed42,HV,S1,XGB,9,Train,280.0,215.09787
HV_S1_XGB_seed42,HV,S1,XGB,10,Train,201.0,219.32547
HV_S1_XGB_seed42,HV,S1,XGB,12,Train,151.0,215.09787
HV_S1_XGB_seed42,HV,S1,XGB,13,Train,205.0,215.09787
HV_S1_XGB_seed42,HV,S1,XGB,14,Train,255.0,215.09787
HV_S1_XGB_seed42,HV,S1,XGB,15,Train,246.0,215.09787
HV_S1_XGB_seed42,HV,S1,XGB,17,Train,214.0,219.32547
HV_S1_XGB_seed42,HV,S1,XGB,18,Train,210.0,220.14159
HV_S1_XGB_seed42,HV,S1,XGB,20,Train,93.0,166.17761
HV_S1_XGB_seed42,HV,S1,XGB,21,Train,126.0,166.17761
HV_S1_XGB_seed42,HV,S1,XGB,22,Train,157.0,166.17761
HV_S1_XGB_seed42,HV,S1,XGB,23,Train,207.0,166.17761
HV_S1_XGB_seed42,HV,S1,XGB,24,Train,191.0,166.17761
HV_S1_XGB_seed42,HV,S1,XGB,28,Train,185.0,202.89342
HV_S1_XGB_seed42,HV,S1,XGB,29,Train,211.0,212.33266
HV_S1_XGB_seed42,HV,S1,XGB,30,Train,218.0,222.20348
HV_S1_XGB_seed42,HV,S1,XGB,31,Train,227.0,215.09787
HV_S1_XGB_seed42,HV,S1,XGB,32,Train,199.0,211.49864
HV_S1_XGB_seed42,HV,S1,XGB,34,Train,148.0,173.36127
HV_S1_XGB_seed42,HV,S1,XGB,35,Train,139.0,157.24625
HV_S1_XGB_seed42,HV,S1,XGB,36,Train,132.0,153.41179
HV_S1_XGB_seed42,HV,S1,XGB,37,Train,221.0,202.89342
HV_S1_XGB_seed42,HV,S1,XGB,38,Train,224.0,212.33266
HV_S1_XGB_seed42,HV,S1,XGB,39,Train,233.0,222.20348
HV_S1_XGB_seed42,HV,S1,XGB,42,Train,192.0,193.53561
HV_S1_XGB_seed42,HV,S1,XGB,43,Train,182.0,173.36127
HV_S1_XGB_seed42,HV,S1,XGB,44,Train,175.0,157.24625
HV_S1_XGB_seed42,HV,S1,XGB,45,Train,174.0,153.41179
HV_S1_XGB_seed42,HV,S1,XGB,46,Train,172.0,215.09787
HV_S1_XGB_seed42,HV,S1,XGB,47,Train,234.0,215.09787
HV_S1_XGB_seed42,HV,S1,XGB,48,Train,260.0,215.09787
HV_S1_XGB_seed42,HV,S1,XGB,50,Train,290.0,215.09787
HV_S1_XGB_seed42,HV,S1,XGB,51,Train,236.0,219.32547
HV_S1_XGB_seed42,HV,S1,XGB,52,Train,216.0,211.75415
HV_S1_XGB_seed42,HV,S1,XGB,53,Train,238.0,220.14159
HV_S1_XGB_seed42,HV,S1,XGB,56,Train,143.0,166.17761
HV_S1_XGB_seed42,HV,S1,XGB,57,Train,191.0,166.17761
HV_S1_XGB_seed42,HV,S1,XGB,58,Train,200.0,166.17761
HV_S1_XGB_seed42,HV,S1,XGB,59,Train,176.0,166.17761
HV_S1_XGB_seed42,HV,S1,XGB,61,Train,300.0,299.20474
HV_S1_XGB_seed42,HV,S1,XGB,63,Train,222.0,212.33266
HV_S1_XGB_seed42,HV,S1,XGB,64,Train,226.0,222.20348
HV_S1_XGB_seed42,HV,S1,XGB,66,Train,217.0,211.49864
HV_S1_XGB_seed42,HV,S1,XGB,68,Train,188.0,173.36127
HV_S1_XGB_seed42,HV,S1,XGB,71,Train,225.0,202.89342
HV_S1_XGB_seed42,HV,S1,XGB,72,Train,230.0,212.33266
HV_S1_XGB_seed42,HV,S1,XGB,73,Train,234.0,222.20348
HV_S1_XGB_seed42,HV,S1,XGB,75,Train,228.0,211.49864
HV_S1_XGB_seed42,HV,S1,XGB,76,Train,217.0,193.53561
HV_S1_XGB_seed42,HV,S1,XGB,79,Train,186.0,153.41179
HV_S1_XGB_seed42,HV,S1,XGB,80,Train,199.0,215.09787
HV_S1_XGB_seed42,HV,S1,XGB,82,Train,244.0,215.09787
HV_S1_XGB_seed42,HV,S1,XGB,83,Train,214.0,215.09787
HV_S1_XGB_seed42,HV,S1,XGB,84,Train,282.0,215.09787
HV_S1_XGB_seed42,HV,S1,XGB,85,Train,237.0,219.32547
HV_S1_XGB_seed42,HV,S1,XGB,86,Train,237.0,211.75415
HV_S1_XGB_seed42,HV,S1,XGB,89,Train,120.0,166.17761
HV_S1_XGB_seed42,HV,S1,XGB,91,Train,204.0,166.17761
HV_S1_XGB_seed42,HV,S1,XGB,92,Train,189.0,166.17761
HV_S1_XGB_seed42,HV,S1,XGB,93,Train,153.0,166.17761
HV_S1_XGB_seed42,HV,S1,XGB,94,Train,245.0,240.5086
HV_S1_XGB_seed42,HV,S1,XGB,96,Train,198.0,202.89342
HV_S1_XGB_seed42,HV,S1,XGB,97,Train,204.0,212.33266
HV_S1_XGB_seed42,HV,S1,XGB,99,Train,219.0,215.09787
HV_S1_XGB_seed42,HV,S1,XGB,101,Train,185.0,193.53561
HV_S1_XGB_seed42,HV,S1,XGB,102,Train,169.0,173.36127
HV_S1_XGB_seed42,HV,S1,XGB,103,Train,156.0,157.24625
HV_S1_XGB_seed42,HV,S1,XGB,104,Train,147.0,153.41179
HV_S1_XGB_seed42,HV,S1,XGB,105,Train,215.0,202.89342
HV_S1_XGB_seed42,HV,S1,XGB,106,Train,218.0,212.33266
HV_S1_XGB_seed42,HV,S1,XGB,107,Train,225.0,222.20348
HV_S1_XGB_seed42,HV,S1,XGB,109,Train,221.0,211.49864
HV_S1_XGB_seed42,HV,S1,XGB,110,Train,210.0,193.53561
HV_S1_XGB_seed42,HV,S1,XGB,111,Train,194.0,173.36127
HV_S1_XGB_seed42,HV,S1,XGB,114,Train,214.0,215.09787
HV_S1_XGB_seed42,HV,S1,XGB,115,Train,223.0,215.09787
HV_S1_XGB_seed42,HV,S1,XGB,116,Train,226.0,215.09787
HV_S1_XGB_seed42,HV,S1,XGB,117,Train,193.0,215.09787
HV_S1_XGB_seed42,HV,S1,XGB,118,Train,277.0,215.09787
HV_S1_XGB_seed42,HV,S1,XGB,120,Train,254.0,211.75415
HV_S1_XGB_seed42,HV,S1,XGB,123,Train,181.0,166.17761
HV_S1_XGB_seed42,HV,S1,XGB,124,Train,210.0,166.17761
HV_S1_XGB_seed42,HV,S1,XGB,125,Train,173.0,166.17761
HV_S1_XGB_seed42,HV,S1,XGB,127,Train,212.0,220.14159
HV_S1_XGB_seed42,HV,S1,XGB,129,Train,300.0,298.09665
HV_S1_XGB_seed42,HV,S1,XGB,130,Train,218.0,215.09787
HV_S1_XGB_seed42,HV,S1,XGB,131,Train,215.0,215.09787
HV_S1_XGB_seed42,HV,S1,XGB,132,Train,210.0,215.09787
HV_S1_XGB_seed42,HV,S1,XGB,133,Train,165.0,215.09787
HV_S1_XGB_seed42,HV,S1,XGB,134,Train,269.0,215.09787
HV_S1_XGB_seed42,HV,S1,XGB,136,Train,175.0,202.89342
HV_S1_XGB_seed42,HV,S1,XGB,137,Train,178.0,212.33266
HV_S1_XGB_seed42,HV,S1,XGB,138,Train,197.0,222.20348
HV_S1_XGB_seed42,HV,S1,XGB,139,Train,195.0,215.09787
HV_S1_XGB_seed42,HV,S1,XGB,140,Train,192.0,211.49864
HV_S1_XGB_seed42,HV,S1,XGB,141,Train,166.0,193.53561
HV_S1_XGB_seed42,HV,S1,XGB,142,Train,155.0,173.36127
HV_S1_XGB_seed42,HV,S1,XGB,144,Train,132.0,153.41179
HV_S1_XGB_seed42,HV,S1,XGB,145,Train,219.0,215.09787
HV_S1_XGB_seed42,HV,S1,XGB,146,Train,211.0,215.09787
HV_S1_XGB_seed42,HV,S1,XGB,147,Train,190.0,215.09787
HV_S1_XGB_seed42,HV,S1,XGB,148,Train,146.0,215.09787
HV_S1_XGB_seed42,HV,S1,XGB,149,Train,267.0,215.09787
HV_S1_XGB_seed42,HV,S1,XGB,150,Train,213.0,219.32547
HV_S1_XGB_seed42,HV,S1,XGB,152,Train,143.0,166.17761
HV_S1_XGB_seed42,HV,S1,XGB,157,Train,275.0,274.95316
HV_S1_XGB_seed42,HV,S1,XGB,158,Train,226.0,215.09787
HV_S1_XGB_seed42,HV,S1,XGB,159,Train,207.0,215.09787
HV_S1_XGB_seed42,HV,S1,XGB,160,Train,166.0,215.09787
HV_S1_XGB_seed42,HV,S1,XGB,161,Train,132.0,215.09787
HV_S1_XGB_seed42,HV,S1,XGB,162,Train,246.0,215.09787
HV_S1_XGB_seed42,HV,S1,XGB,163,Train,264.0,211.75415
HV_S1_XGB_seed42,HV,S1,XGB,164,Train,141.0,166.17761
HV_S1_XGB_seed42,HV,S1,XGB,165,Train,212.0,166.17761
HV_S1_XGB_seed42,HV,S1,XGB,166,Train,186.0,166.17761
HV_S1_XGB_seed42,HV,S1,XGB,167,Train,142.0,166.17761
HV_S1_XGB_seed42,HV,S1,XGB,168,Train,113.0,166.17761
HV_S1_XGB_seed42,HV,S1,XGB,169,Train,214.0,211.75415
HV_S1_XGB_seed42,HV,S1,XGB,170,Train,158.0,211.75415
HV_S1_XGB_seed42,HV,S1,XGB,172,Train,138.0,211.75415
HV_S1_XGB_seed42,HV,S1,XGB,195,Train,66.0,66.64538
HV_S1_XGB_seed42,HV,S1,XGB,196,Train,67.0,90.217926
HV_S1_XGB_seed42,HV,S1,XGB,197,Train,65.0,90.217926
HV_S1_XGB_seed42,HV,S1,XGB,198,Train,62.0,90.217926
HV_S1_XGB_seed42,HV,S1,XGB,199,Train,64.0,90.217926
HV_S1_XGB_seed42,HV,S1,XGB,200,Train,65.0,90.217926
HV_S1_XGB_seed42,HV,S1,XGB,201,Train,68.0,90.217926
HV_S1_XGB_seed42,HV,S1,XGB,202,Train,65.0,90.217926
HV_S1_XGB_seed42,HV,S1,XGB,203,Train,61.0,66.64538
HV_S1_XGB_seed42,HV,S1,XGB,205,Train,65.0,87.38291
HV_S1_XGB_seed42,HV,S1,XGB,206,Train,166.0,171.29216
HV_S1_XGB_seed42,HV,S1,XGB,207,Train,209.0,201.23335
HV_S1_XGB_seed42,HV,S1,XGB,208,Train,70.0,70.99132
HV_S1_XGB_seed42,HV,S1,XGB,209,Train,130.0,172.44356
HV_S1_XGB_seed42,HV,S1,XGB,211,Train,69.0,70.02687
HV_S1_XGB_seed42,HV,S1,XGB,212,Train,105.0,164.58415
HV_S1_XGB_seed42,HV,S1,XGB,213,Train,179.0,177.6366
HV_S1_XGB_seed42,HV,S1,XGB,215,Train,70.0,146.42174
HV_S1_XGB_seed42,HV,S1,XGB,216,Train,175.0,182.82747
HV_S1_XGB_seed42,HV,S1,XGB,217,Train,66.0,66.64538
HV_S1_XGB_seed42,HV,S1,XGB,218,Train,66.0,66.64538
HV_S1_XGB_seed42,HV,S1,XGB,219,Train,65.0,90.217926
HV_S1_XGB_seed42,HV,S1,XGB,220,Train,63.0,90.217926
HV_S1_XGB_seed42,HV,S1,XGB,221,Train,66.0,90.217926
HV_S1_XGB_seed42,HV,S1,XGB,222,Train,72.0,87.38291
HV_S1_XGB_seed42,HV,S1,XGB,223,Train,65.0,66.64538
HV_S1_XGB_seed42,HV,S1,XGB,224,Train,66.0,90.217926
HV_S1_XGB_seed42,HV,S1,XGB,225,Train,68.0,66.64538
HV_S1_XGB_seed42,HV,S1,XGB,226,Train,73.0,66.64538
HV_S1_XGB_seed42,HV,S1,XGB,227,Train,69.0,90.217926
HV_S1_XGB_seed42,HV,S1,XGB,229,Train,220.0,201.23335
HV_S1_XGB_seed42,HV,S1,XGB,230,Train,70.0,70.99132
HV_S1_XGB_seed42,HV,S1,XGB,231,Train,164.0,172.44356
HV_S1_XGB_seed42,HV,S1,XGB,232,Train,212.0,209.69804
HV_S1_XGB_seed42,HV,S1,XGB,233,Train,66.0,70.02687
HV_S1_XGB_seed42,HV,S1,XGB,236,Train,64.0,63.624687
HV_S1_XGB_seed42,HV,S1,XGB,237,Train,107.0,146.42174
HV_S1_XGB_seed42,HV,S1,XGB,238,Train,185.0,182.82747
HV_S1_XGB_seed42,HV,S1,XGB,239,Train,77.0,87.38291
HV_S1_XGB_seed42,HV,S1,XGB,240,Train,192.0,171.29216
HV_S1_XGB_seed42,HV,S1,XGB,241,Train,215.0,201.23335
HV_S1_XGB_seed42,HV,S1,XGB,242,Train,70.0,70.99132
HV_S1_XGB_seed42,HV,S1,XGB,243,Train,179.0,172.44356
HV_S1_XGB_seed42,HV,S1,XGB,247,Train,184.0,177.6366
HV_S1_XGB_seed42,HV,S1,XGB,248,Train,64.0,63.624687
HV_S1_XGB_seed42,HV,S1,XGB,249,Train,138.0,146.42174
HV_S1_XGB_seed42,HV,S1,XGB,250,Train,182.0,182.82747
HV_S1_XGB_seed42,HV,S1,XGB,251,Train,64.0,90.217926
HV_S1_XGB_seed42,HV,S1,XGB,252,Train,67.0,66.64538
HV_S1_XGB_seed42,HV,S1,XGB,253,Train,80.0,90.217926
HV_S1_XGB_seed42,HV,S1,XGB,255,Train,75.0,90.217926
HV_S1_XGB_seed42,HV,S1,XGB,258,Train,69.0,90.217926
HV_S1_XGB_seed42,HV,S1,XGB,259,Train,94.0,90.217926
HV_S1_XGB_seed42,HV,S1,XGB,260,Train,99.0,90.217926
HV_S1_XGB_seed42,HV,S1,XGB,261,Train,77.0,90.217926
HV_S1_XGB_seed42,HV,S1,XGB,269,Train,72.0,87.38291
HV_S1_XGB_seed42,HV,S1,XGB,270,Train,218.0,201.23335
HV_S1_XGB_seed42,HV,S1,XGB,271,Train,67.0,70.99132
HV_S1_XGB_seed42,HV,S1,XGB,272,Train,186.0,172.44356
HV_S1_XGB_seed42,HV,S1,XGB,273,Train,222.0,209.69804
HV_S1_XGB_seed42,HV,S1,XGB,274,Train,70.0,70.02687
HV_S1_XGB_seed42,HV,S1,XGB,276,Train,200.0,177.6366
HV_S1_XGB_seed42,HV,S1,XGB,277,Train,60.0,63.624687
HV_S1_XGB_seed42,HV,S1,XGB,278,Train,158.0,146.42174
HV_S1_XGB_seed42,HV,S1,XGB,279,Train,189.0,182.82747
HV_S1_XGB_seed42,HV,S1,XGB,280,Train,67.0,90.217926
HV_S1_XGB_seed42,HV,S1,XGB,281,Train,81.0,90.217926
HV_S1_XGB_seed42,HV,S1,XGB,282,Train,118.0,90.217926
HV_S1_XGB_seed42,HV,S1,XGB,283,Train,107.0,90.217926
HV_S1_XGB_seed42,HV,S1,XGB,293,Train,230.0,229.60767
HV_S1_XGB_seed42,HV,S1,XGB,294,Train,77.0,90.217926
HV_S1_XGB_seed42,HV,S1,XGB,297,Train,111.0,90.217926
HV_S1_XGB_seed42,HV,S1,XGB,298,Train,86.0,90.217926
HV_S1_XGB_seed42,HV,S1,XGB,309,Train,74.0,87.38291
HV_S1_XGB_seed42,HV,S1,XGB,310,Train,197.0,171.29216
HV_S1_XGB_seed42,HV,S1,XGB,311,Train,212.0,201.23335
HV_S1_XGB_seed42,HV,S1,XGB,312,Train,66.0,70.99132
HV_S1_XGB_seed42,HV,S1,XGB,313,Train,185.0,172.44356
HV_S1_XGB_seed42,HV,S1,XGB,314,Train,228.0,209.69804
HV_S1_XGB_seed42,HV,S1,XGB,315,Train,70.0,70.02687
HV_S1_XGB_seed42,HV,S1,XGB,316,Train,170.0,164.58415
HV_S1_XGB_seed42,HV,S1,XGB,317,Train,192.0,177.6366
HV_S1_XGB_seed42,HV,S1,XGB,318,Train,70.0,63.624687
HV_S1_XGB_seed42,HV,S1,XGB,319,Train,165.0,146.42174
HV_S1_XGB_seed42,HV,S1,XGB,320,Train,192.0,182.82747
HV_S1_XGB_seed42,HV,S1,XGB,322,Train,102.0,137.5711
HV_S1_XGB_seed42,HV,S1,XGB,323,Train,125.0,137.5711
HV_S1_XGB_seed42,HV,S1,XGB,324,Train,98.0,90.217926
HV_S1_XGB_seed42,HV,S1,XGB,325,Train,119.0,90.217926
HV_S1_XGB_seed42,HV,S1,XGB,327,Train,112.0,90.217926
HV_S1_XGB_seed42,HV,S1,XGB,328,Train,86.0,90.217926
HV_S1_XGB_seed42,HV,S1,XGB,329,Train,224.0,186.4413
HV_S1_XGB_seed42,HV,S1,XGB,337,Train,86.0,87.38291
HV_S1_XGB_seed42,HV,S1,XGB,339,Train,209.0,201.23335
HV_S1_XGB_seed42,HV,S1,XGB,340,Train,68.0,70.99132
HV_S1_XGB_seed42,HV,S1,XGB,344,Train,181.0,164.58415
HV_S1_XGB_seed42,HV,S1,XGB,345,Train,203.0,177.6366
HV_S1_XGB_seed42,HV,S1,XGB,346,Train,61.0,63.624687
HV_S1_XGB_seed42,HV,S1,XGB,347,Train,175.0,146.42174
HV_S1_XGB_seed42,HV,S1,XGB,348,Train,205.0,182.82747
HV_S1_XGB_seed42,HV,S1,XGB,351,Train,237.0,186.4413
HV_S1_XGB_seed42,HV,S1,XGB,353,Train,106.0,137.5711
HV_S1_XGB_seed42,HV,S1,XGB,354,Train,129.0,137.5711
HV_S1_XGB_seed42,HV,S1,XGB,355,Train,175.0,137.5711
HV_S1_XGB_seed42,HV,S1,XGB,356,Train,109.0,90.217926
HV_S1_XGB_seed42,HV,S1,XGB,357,Train,124.0,90.217926
HV_S1_XGB_seed42,HV,S1,XGB,358,Train,122.0,90.217926
HV_S1_XGB_seed42,HV,S1,XGB,359,Train,107.0,90.217926
HV_S1_XGB_seed42,HV,S1,XGB,365,Train,261.0,256.8307
HV_S1_XGB_seed42,HV,S1,XGB,367,Train,201.0,201.11308
HV_S1_XGB_seed42,HV,S1,XGB,369,Train,193.0,192.86536
HV_S1_XGB_seed42,HV,S1,XGB,372,Train,176.0,178.68176
HV_S1_XGB_seed42,HV,S1,XGB,373,Train,169.0,170.99428
HV_S1_XGB_seed42,HV,S1,XGB,374,Train,161.0,163.32697
HV_S1_XGB_seed42,HV,S1,XGB,375,Train,216.0,217.17154
HV_S1_XGB_seed42,HV,S1,XGB,376,Train,191.0,190.09879
HV_S1_XGB_seed42,HV,S1,XGB,377,Train,172.0,170.5153
HV_S1_XGB_seed42,HV,S1,XGB,384,Train,116.0,87.38291
HV_S1_XGB_seed42,HV,S1,XGB,385,Train,175.0,171.29216
HV_S1_XGB_seed42,HV,S1,XGB,387,Train,69.0,70.99132
HV_S1_XGB_seed42,HV,S1,XGB,388,Train,185.0,172.44356
HV_S1_XGB_seed42,HV,S1,XGB,389,Train,177.0,209.69804
HV_S1_XGB_seed42,HV,S1,XGB,390,Train,68.0,70.02687
HV_S1_XGB_seed42,HV,S1,XGB,391,Train,178.0,164.58415
HV_S1_XGB_seed42,HV,S1,XGB,392,Train,63.0,63.624687
HV_S1_XGB_seed42,HV,S1,XGB,393,Train,172.0,146.42174
HV_S1_XGB_seed42,HV,S1,XGB,394,Train,200.0,182.82747
HV_S1_XGB_seed42,HV,S1,XGB,395,Train,154.0,177.6366
HV_S1_XGB_seed42,HV,S1,XGB,396,Train,107.0,137.5711
HV_S1_XGB_seed42,HV,S1,XGB,398,Train,167.0,137.5711
HV_S1_XGB_seed42,HV,S1,XGB,400,Train,124.0,90.217926
HV_S1_XGB_seed42,HV,S1,XGB,402,Train,107.0,90.217926
HV_S1_XGB_seed42,HV,S1,XGB,403,Train,89.0,90.217926
HV_S1_XGB_seed42,HV,S1,XGB,410,Train,172.0,201.23335
HV_S1_XGB_seed42,HV,S1,XGB,412,Train,72.0,70.02687
HV_S1_XGB_seed42,HV,S1,XGB,413,Train,167.0,146.42174
HV_S1_XGB_seed42,HV,S1,XGB,414,Train,162.0,171.29216
HV_S1_XGB_seed42,HV,S1,XGB,418,Train,123.0,90.217926
HV_S1_XGB_seed42,HV,S1,XGB,419,Train,107.0,90.217926
HV_S1_XGB_seed42,HV,S1,XGB,420,Train,88.0,90.217926
HV_S1_XGB_seed42,HV,S1,XGB,421,Train,177.0,186.4413
HV_S1_XGB_seed42,HV,S1,XGB,423,Train,110.0,87.38291
HV_S1_XGB_seed42,HV,S1,XGB,424,Train,75.0,70.99132
HV_S1_XGB_seed42,HV,S1,XGB,425,Train,176.0,164.58415
HV_S1_XGB_seed42,HV,S1,XGB,426,Train,134.0,177.6366
HV_S1_XGB_seed42,HV,S1,XGB,428,Train,200.0,182.82747
HV_S1_XGB_seed42,HV,S1,XGB,430,Train,139.0,137.5711
HV_S1_XGB_seed42,HV,S1,XGB,432,Train,116.0,90.217926
HV_S1_XGB_seed42,HV,S1,XGB,433,Train,126.0,90.217926
HV_S1_XGB_seed42,HV,S1,XGB,434,Train,122.0,90.217926
HV_S1_XGB_seed42,HV,S1,XGB,435,Train,108.0,90.217926
HV_S1_XGB_seed42,HV,S1,XGB,436,Train,85.0,90.217926
HV_S1_XGB_seed42,HV,S1,XGB,438,Train,131.0,137.5711
HV_S1_XGB_seed42,HV,S1,XGB,440,Train,158.0,201.23335
HV_S1_XGB_seed42,HV,S1,XGB,441,Train,161.0,146.42174
HV_S1_XGB_seed42,HV,S1,XGB,442,Train,86.0,70.99132
HV_S1_XGB_seed42,HV,S1,XGB,443,Train,176.0,172.44356
HV_S1_XGB_seed42,HV,S1,XGB,445,Train,77.0,70.02687
HV_S1_XGB_seed42,HV,S1,XGB,446,Train,172.0,164.58415
HV_S1_XGB_seed42,HV,S1,XGB,449,Train,111.0,87.38291
HV_S1_XGB_seed42,HV,S1,XGB,450,Train,103.0,186.4413
HV_S1_XGB_seed42,HV,S1,XGB,452,Train,131.0,137.5711
HV_S1_XGB_seed42,HV,S1,XGB,453,Train,140.0,137.5711
HV_S1_XGB_seed42,HV,S1,XGB,454,Train,200.0,137.5711
HV_S1_XGB_seed42,HV,S1,XGB,455,Train,132.0,171.29216
HV_S1_XGB_seed42,HV,S1,XGB,456,Train,122.0,182.82747
HV_S1_XGB_seed42,HV,S1,XGB,457,Train,218.0,214.97728
HV_S1_XGB_seed42,HV,S1,XGB,458,Train,237.0,214.97728
HV_S1_XGB_seed42,HV,S1,XGB,459,Train,203.0,191.13574
HV_S1_XGB_seed42,HV,S1,XGB,460,Train,204.0,191.13574
HV_S1_XGB_seed42,HV,S1,XGB,461,Train,206.0,215.12318
HV_S1_XGB_seed42,HV,S1,XGB,462,Train,224.0,215.12318
HV_S1_XGB_seed42,HV,S1,XGB,463,Train,198.0,205.37077
HV_S1_XGB_seed42,HV,S1,XGB,464,Train,218.0,205.37077
HV_S1_XGB_seed42,HV,S1,XGB,465,Train,220.0,214.97728
HV_S1_XGB_seed42,HV,S1,XGB,466,Train,230.0,214.97728
HV_S1_XGB_seed42,HV,S1,XGB,468,Train,205.0,191.13574
HV_S1_XGB_seed42,HV,S1,XGB,469,Train,228.0,215.12318
HV_S1_XGB_seed42,HV,S1,XGB,470,Train,232.0,215.12318
HV_S1_XGB_seed42,HV,S1,XGB,471,Train,218.0,205.37077
HV_S1_XGB_seed42,HV,S1,XGB,472,Train,223.0,205.37077
HV_S1_XGB_seed42,HV,S1,XGB,473,Train,232.0,214.97728
HV_S1_XGB_seed42,HV,S1,XGB,474,Train,182.0,214.97728
HV_S1_XGB_seed42,HV,S1,XGB,475,Train,214.0,214.97728
HV_S1_XGB_seed42,HV,S1,XGB,476,Train,229.0,214.97728
HV_S1_XGB_seed42,HV,S1,XGB,477,Train,231.0,214.97728
HV_S1_XGB_seed42,HV,S1,XGB,478,Train,210.0,214.97728
HV_S1_XGB_seed42,HV,S1,XGB,479,Train,177.0,214.97728
HV_S1_XGB_seed42,HV,S1,XGB,481,Train,174.0,191.13574
HV_S1_XGB_seed42,HV,S1,XGB,482,Train,206.0,191.13574
HV_S1_XGB_seed42,HV,S1,XGB,483,Train,208.0,191.13574
HV_S1_XGB_seed42,HV,S1,XGB,484,Train,211.0,191.13574
HV_S1_XGB_seed42,HV,S1,XGB,485,Train,186.0,191.13574
HV_S1_XGB_seed42,HV,S1,XGB,486,Train,150.0,191.13574
HV_S1_XGB_seed42,HV,S1,XGB,487,Train,224.0,215.12318
HV_S1_XGB_seed42,HV,S1,XGB,488,Train,176.0,215.12318
HV_S1_XGB_seed42,HV,S1,XGB,489,Train,194.0,215.12318
HV_S1_XGB_seed42,HV,S1,XGB,491,Train,224.0,215.12318
HV_S1_XGB_seed42,HV,S1,XGB,492,Train,219.0,215.12318
HV_S1_XGB_seed42,HV,S1,XGB,493,Train,181.0,215.12318
HV_S1_XGB_seed42,HV,S1,XGB,494,Train,227.0,205.37077
HV_S1_XGB_seed42,HV,S1,XGB,495,Train,175.0,205.37077
HV_S1_XGB_seed42,HV,S1,XGB,496,Train,196.0,205.37077
HV_S1_XGB_seed42,HV,S1,XGB,498,Train,226.0,205.37077
HV_S1_XGB_seed42,HV,S1,XGB,500,Train,164.0,205.37077
HV_S1_XGB_seed42,HV,S1,XGB,501,Train,221.0,214.97728
HV_S1_XGB_seed42,HV,S1,XGB,502,Train,185.0,191.13574
HV_S1_XGB_seed42,HV,S1,XGB,503,Train,213.0,215.12318
HV_S1_XGB_seed42,HV,S1,XGB,504,Train,202.0,205.37077
HV_S1_XGB_seed42,HV,S1,XGB,505,Train,229.0,214.97728
HV_S1_XGB_seed42,HV,S1,XGB,506,Train,217.0,214.97728
HV_S1_XGB_seed42,HV,S1,XGB,507,Train,212.0,191.13574
HV_S1_XGB_seed42,HV,S1,XGB,509,Train,232.0,215.12318
HV_S1_XGB_seed42,HV,S1,XGB,510,Train,214.0,215.12318
HV_S1_XGB_seed42,HV,S1,XGB,511,Train,229.0,205.37077
HV_S1_XGB_seed42,HV,S1,XGB,512,Train,200.0,205.37077
HV_S1_XGB_seed42,HV,S1,XGB,516,Train,188.0,205.37077
HV_S1_XGB_seed42,HV,S1,XGB,517,Train,214.0,214.97728
HV_S1_XGB_seed42,HV,S1,XGB,518,Train,205.0,214.97728
HV_S1_XGB_seed42,HV,S1,XGB,520,Train,157.0,191.13574
HV_S1_XGB_seed42,HV,S1,XGB,521,Train,230.0,215.12318
HV_S1_XGB_seed42,HV,S1,XGB,523,Train,228.0,205.37077
HV_S1_XGB_seed42,HV,S1,XGB,524,Train,170.0,205.37077
HV_S1_XGB_seed42,HV,S1,XGB,526,Train,208.0,191.13574
HV_S1_XGB_seed42,HV,S1,XGB,527,Train,229.0,215.12318
HV_S1_XGB_seed42,HV,S1,XGB,528,Train,220.0,205.37077
HV_S1_XGB_seed42,HV,S1,XGB,529,Train,189.0,214.97728
HV_S1_XGB_seed42,HV,S1,XGB,530,Train,168.0,191.13574
HV_S1_XGB_seed42,HV,S1,XGB,532,Train,209.0,205.37077
HV_S1_XGB_seed42,HV,S1,XGB,533,Train,269.0,290.86075
HV_S1_XGB_seed42,HV,S1,XGB,536,Train,333.0,290.86075
HV_S1_XGB_seed42,HV,S1,XGB,538,Train,265.0,241.63208
HV_S1_XGB_seed42,HV,S1,XGB,540,Train,306.0,241.63208
HV_S1_XGB_seed42,HV,S1,XGB,541,Train,330.0,241.63208
HV_S1_XGB_seed42,HV,S1,XGB,542,Train,317.0,234.52296
HV_S1_XGB_seed42,HV,S1,XGB,543,Train,331.0,234.52296
HV_S1_XGB_seed42,HV,S1,XGB,544,Train,333.0,234.52296
HV_S1_XGB_seed42,HV,S1,XGB,545,Train,304.0,234.52296
HV_S1_XGB_seed42,HV,S1,XGB,547,Train,227.0,234.52296
HV_S1_XGB_seed42,HV,S1,XGB,548,Train,267.0,234.52296
HV_S1_XGB_seed42,HV,S1,XGB,549,Train,262.0,234.52296
HV_S1_XGB_seed42,HV,S1,XGB,550,Train,271.0,290.86075
HV_S1_XGB_seed42,HV,S1,XGB,552,Train,290.0,290.86075
HV_S1_XGB_seed42,HV,S1,XGB,554,Train,338.0,290.86075
HV_S1_XGB_seed42,HV,S1,XGB,555,Train,328.0,241.63208
HV_S1_XGB_seed42,HV,S1,XGB,556,Train,278.0,290.86075
HV_S1_XGB_seed42,HV,S1,XGB,557,Train,292.0,290.86075
HV_S1_XGB_seed42,HV,S1,XGB,558,Train,297.0,290.86075
HV_S1_XGB_seed42,HV,S1,XGB,559,Train,342.0,290.86075
HV_S1_XGB_seed42,HV,S1,XGB,560,Train,336.0,290.86075
HV_S1_XGB_seed42,HV,S1,XGB,561,Train,281.0,241.63208
HV_S1_XGB_seed42,HV,S1,XGB,562,Train,285.0,241.63208
HV_S1_XGB_seed42,HV,S1,XGB,563,Train,286.0,241.63208
HV_S1_XGB_seed42,HV,S1,XGB,565,Train,345.0,241.63208
HV_S1_XGB_seed42,HV,S1,XGB,566,Train,344.0,241.63208
HV_S1_XGB_seed42,HV,S1,XGB,567,Train,318.0,241.63208
HV_S1_XGB_seed42,HV,S1,XGB,568,Train,326.0,234.52296
HV_S1_XGB_seed42,HV,S1,XGB,569,Train,336.0,234.52296
HV_S1_XGB_seed42,HV,S1,XGB,570,Train,338.0,234.52296
HV_S1_XGB_seed42,HV,S1,XGB,571,Train,284.0,234.52296
HV_S1_XGB_seed42,HV,S1,XGB,572,Train,258.0,234.52296
HV_S1_XGB_seed42,HV,S1,XGB,573,Train,252.0,234.52296
HV_S1_XGB_seed42,HV,S1,XGB,574,Train,245.0,234.52296
HV_S1_XGB_seed42,HV,S1,XGB,575,Train,243.0,234.52296
HV_S1_XGB_seed42,HV,S1,XGB,577,Train,339.0,241.63208
HV_S1_XGB_seed42,HV,S1,XGB,578,Train,344.0,241.63208
HV_S1_XGB_seed42,HV,S1,XGB,580,Train,293.0,290.86075
HV_S1_XGB_seed42,HV,S1,XGB,581,Train,294.0,290.86075
HV_S1_XGB_seed42,HV,S1,XGB,582,Train,329.0,234.52296
HV_S1_XGB_seed42,HV,S1,XGB,583,Train,348.0,234.52296
HV_S1_XGB_seed42,HV,S1,XGB,584,Train,330.0,234.52296
HV_S1_XGB_seed42,HV,S1,XGB,585,Train,273.0,234.52296
HV_S1_XGB_seed42,HV,S1,XGB,586,Train,251.0,234.52296
HV_S1_XGB_seed42,HV,S1,XGB,588,Train,239.0,234.52296
HV_S1_XGB_seed42,HV,S1,XGB,589,Train,232.0,234.52296
HV_S1_XGB_seed42,HV,S1,XGB,590,Train,294.0,290.86075
HV_S1_XGB_seed42,HV,S1,XGB,591,Train,290.0,290.86075
HV_S1_XGB_seed42,HV,S1,XGB,592,Train,338.0,290.86075
HV_S1_XGB_seed42,HV,S1,XGB,593,Train,329.0,290.86075
HV_S1_XGB_seed42,HV,S1,XGB,594,Train,285.0,241.63208
HV_S1_XGB_seed42,HV,S1,XGB,595,Train,297.0,241.63208
HV_S1_XGB_seed42,HV,S1,XGB,596,Train,302.0,241.63208
HV_S1_XGB_seed42,HV,S1,XGB,597,Train,343.0,241.63208
HV_S1_XGB_seed42,HV,S1,XGB,598,Train,340.0,241.63208
HV_S1_XGB_seed42,HV,S1,XGB,599,Train,341.0,241.63208
HV_S1_XGB_seed42,HV,S1,XGB,600,Train,313.0,241.63208
HV_S1_XGB_seed42,HV,S1,XGB,601,Train,321.0,234.52296
HV_S1_XGB_seed42,HV,S1,XGB,602,Train,350.0,234.52296
HV_S1_XGB_seed42,HV,S1,XGB,603,Train,313.0,234.52296
HV_S1_XGB_seed42,HV,S1,XGB,604,Train,253.0,234.52296
HV_S1_XGB_seed42,HV,S1,XGB,605,Train,234.0,234.52296
HV_S1_XGB_seed42,HV,S1,XGB,606,Train,231.0,234.52296
HV_S1_XGB_seed42,HV,S1,XGB,607,Train,227.0,234.52296
HV_S1_XGB_seed42,HV,S1,XGB,608,Train,210.0,234.52296
HV_S1_XGB_seed42,HV,S1,XGB,609,Train,284.0,290.86075
HV_S1_XGB_seed42,HV,S1,XGB,610,Train,296.0,290.86075
HV_S1_XGB_seed42,HV,S1,XGB,614,Train,337.0,241.63208
HV_S1_XGB_seed42,HV,S1,XGB,615,Train,338.0,241.63208
HV_S1_XGB_seed42,HV,S1,XGB,619,Train,238.0,234.52296
HV_S1_XGB_seed42,HV,S1,XGB,621,Train,213.0,234.52296
HV_S1_XGB_seed42,HV,S1,XGB,622,Train,210.0,234.52296
HV_S1_XGB_seed42,HV,S1,XGB,623,Train,201.0,234.52296
HV_S1_XGB_seed42,HV,S1,XGB,624,Train,287.0,290.86075
HV_S1_XGB_seed42,HV,S1,XGB,626,Train,287.0,290.86075
HV_S1_XGB_seed42,HV,S1,XGB,627,Train,335.0,290.86075
HV_S1_XGB_seed42,HV,S1,XGB,628,Train,316.0,290.86075
HV_S1_XGB_seed42,HV,S1,XGB,630,Train,310.0,241.63208
HV_S1_XGB_seed42,HV,S1,XGB,632,Train,335.0,241.63208
HV_S1_XGB_seed42,HV,S1,XGB,633,Train,337.0,241.63208
HV_S1_XGB_seed42,HV,S1,XGB,636,Train,329.0,234.52296
HV_S1_XGB_seed42,HV,S1,XGB,638,Train,309.0,234.52296
HV_S1_XGB_seed42,HV,S1,XGB,639,Train,233.0,234.52296
HV_S1_XGB_seed42,HV,S1,XGB,641,Train,190.0,234.52296
HV_S1_XGB_seed42,HV,S1,XGB,642,Train,179.0,234.52296
HV_S1_XGB_seed42,HV,S1,XGB,645,Train,302.0,290.86075
HV_S1_XGB_seed42,HV,S1,XGB,648,Train,311.0,290.86075
HV_S1_XGB_seed42,HV,S1,XGB,649,Train,293.0,241.63208
HV_S1_XGB_seed42,HV,S1,XGB,650,Train,306.0,241.63208
HV_S1_XGB_seed42,HV,S1,XGB,651,Train,295.0,241.63208
HV_S1_XGB_seed42,HV,S1,XGB,652,Train,333.0,241.63208
HV_S1_XGB_seed42,HV,S1,XGB,653,Train,336.0,241.63208
HV_S1_XGB_seed42,HV,S1,XGB,655,Train,352.0,234.52296
HV_S1_XGB_seed42,HV,S1,XGB,656,Train,289.0,234.52296
HV_S1_XGB_seed42,HV,S1,XGB,657,Train,233.0,234.52296
HV_S1_XGB_seed42,HV,S1,XGB,658,Train,179.0,234.52296
HV_S1_XGB_seed42,HV,S1,XGB,659,Train,168.0,234.52296
HV_S1_XGB_seed42,HV,S1,XGB,660,Train,159.0,234.52296
HV_S1_XGB_seed42,HV,S1,XGB,661,Train,148.0,234.52296
HV_S1_XGB_seed42,HV,S1,XGB,662,Train,299.0,290.86075
HV_S1_XGB_seed42,HV,S1,XGB,663,Train,282.0,290.86075
HV_S1_XGB_seed42,HV,S1,XGB,665,Train,303.0,290.86075
HV_S1_XGB_seed42,HV,S1,XGB,666,Train,331.0,241.63208
HV_S1_XGB_seed42,HV,S1,XGB,667,Train,333.0,241.63208
HV_S1_XGB_seed42,HV,S1,XGB,669,Train,349.0,234.52296
HV_S1_XGB_seed42,HV,S1,XGB,670,Train,264.0,234.52296
HV_S1_XGB_seed42,HV,S1,XGB,671,Train,202.0,234.52296
HV_S1_XGB_seed42,HV,S1,XGB,672,Train,172.0,234.52296
HV_S1_XGB_seed42,HV,S1,XGB,674,Train,142.0,234.52296
HV_S1_XGB_seed42,HV,S1,XGB,675,Train,136.0,234.52296
HV_S1_XGB_seed42,HV,S1,XGB,677,Train,295.0,241.63208
HV_S1_XGB_seed42,HV,S1,XGB,678,Train,305.0,241.63208
HV_S1_XGB_seed42,HV,S1,XGB,679,Train,293.0,241.63208
HV_S1_XGB_seed42,HV,S1,XGB,681,Train,313.0,290.86075
HV_S1_XGB_seed42,HV,S1,XGB,683,Train,326.0,241.63208
HV_S1_XGB_seed42,HV,S1,XGB,685,Train,334.0,241.63208
HV_S1_XGB_seed42,HV,S1,XGB,686,Train,266.0,241.63208
HV_S1_XGB_seed42,HV,S1,XGB,687,Train,295.0,290.86075
HV_S1_XGB_seed42,HV,S1,XGB,688,Train,295.0,290.86075
HV_S1_XGB_seed42,HV,S1,XGB,689,Train,277.0,290.86075
HV_S1_XGB_seed42,HV,S1,XGB,690,Train,297.0,241.63208
HV_S1_XGB_seed42,HV,S1,XGB,692,Train,290.0,241.63208
HV_S1_XGB_seed42,HV,S1,XGB,693,Train,325.0,234.52296
HV_S1_XGB_seed42,HV,S1,XGB,694,Train,351.0,234.52296
HV_S1_XGB_seed42,HV,S1,XGB,695,Train,261.0,234.52296
HV_S1_XGB_seed42,HV,S1,XGB,696,Train,192.0,234.52296
HV_S1_XGB_seed42,HV,S1,XGB,697,Train,166.0,234.52296
HV_S1_XGB_seed42,HV,S1,XGB,698,Train,146.0,234.52296
HV_S1_XGB_seed42,HV,S1,XGB,700,Train,125.0,234.52296
HV_S1_XGB_seed42,HV,S1,XGB,701,Train,309.0,290.86075
HV_S1_XGB_seed42,HV,S1,XGB,702,Train,296.0,290.86075
HV_S1_XGB_seed42,HV,S1,XGB,703,Train,320.0,241.63208
HV_S1_XGB_seed42,HV,S1,XGB,704,Train,324.0,241.63208
HV_S1_XGB_seed42,HV,S1,XGB,705,Train,298.0,290.86075
HV_S1_XGB_seed42,HV,S1,XGB,706,Train,273.0,290.86075
HV_S1_XGB_seed42,HV,S1,XGB,707,Train,297.0,241.63208
HV_S1_XGB_seed42,HV,S1,XGB,708,Train,300.0,241.63208
HV_S1_XGB_seed42,HV,S1,XGB,709,Train,285.0,241.63208
HV_S1_XGB_seed42,HV,S1,XGB,710,Train,326.0,241.63208
HV_S1_XGB_seed42,HV,S1,XGB,712,Train,323.0,234.52296
HV_S1_XGB_seed42,HV,S1,XGB,713,Train,351.0,234.52296
HV_S1_XGB_seed42,HV,S1,XGB,714,Train,245.0,234.52296
HV_S1_XGB_seed42,HV,S1,XGB,715,Train,185.0,234.52296
HV_S1_XGB_seed42,HV,S1,XGB,716,Train,160.0,234.52296
HV_S1_XGB_seed42,HV,S1,XGB,717,Train,132.0,234.52296
HV_S1_XGB_seed42,HV,S1,XGB,718,Train,121.0,234.52296
HV_S1_XGB_seed42,HV,S1,XGB,719,Train,115.0,234.52296
HV_S1_XGB_seed42,HV,S1,XGB,720,Train,292.0,290.86075
HV_S1_XGB_seed42,HV,S1,XGB,722,Train,292.0,290.86075
HV_S1_XGB_seed42,HV,S1,XGB,723,Train,319.0,241.63208
HV_S1_XGB_seed42,HV,S1,XGB,724,Train,320.0,241.63208
HV_S1_XGB_seed42,HV,S1,XGB,727,Train,298.0,290.86075
HV_S1_XGB_seed42,HV,S1,XGB,728,Train,266.0,290.86075
HV_S1_XGB_seed42,HV,S1,XGB,729,Train,297.0,241.63208
HV_S1_XGB_seed42,HV,S1,XGB,730,Train,297.0,241.63208
HV_S1_XGB_seed42,HV,S1,XGB,731,Train,279.0,241.63208
HV_S1_XGB_seed42,HV,S1,XGB,732,Train,292.0,290.86075
HV_S1_XGB_seed42,HV,S1,XGB,734,Train,283.0,290.86075
HV_S1_XGB_seed42,HV,S1,XGB,735,Train,315.0,241.63208
HV_S1_XGB_seed42,HV,S1,XGB,736,Train,319.0,241.63208
HV_S1_XGB_seed42,HV,S1,XGB,737,Train,298.0,290.86075
HV_S1_XGB_seed42,HV,S1,XGB,738,Train,265.0,290.86075
HV_S1_XGB_seed42,HV,S1,XGB,739,Train,298.0,241.63208
HV_S1_XGB_seed42,HV,S1,XGB,740,Train,293.0,241.63208
HV_S1_XGB_seed42,HV,S1,XGB,741,Train,276.0,241.63208
HV_S1_XGB_seed42,HV,S1,XGB,742,Train,323.0,234.52296
HV_S1_XGB_seed42,HV,S1,XGB,743,Train,341.0,234.52296
HV_S1_XGB_seed42,HV,S1,XGB,744,Train,216.0,234.52296
HV_S1_XGB_seed42,HV,S1,XGB,745,Train,179.0,234.52296
HV_S1_XGB_seed42,HV,S1,XGB,746,Train,158.0,234.52296
HV_S1_XGB_seed42,HV,S1,XGB,747,Train,125.0,234.52296
HV_S1_XGB_seed42,HV,S1,XGB,748,Train,111.0,234.52296
HV_S1_XGB_seed42,HV,S1,XGB,751,Train,290.0,290.86075
HV_S1_XGB_seed42,HV,S1,XGB,752,Train,276.0,290.86075
HV_S1_XGB_seed42,HV,S1,XGB,753,Train,311.0,241.63208
HV_S1_XGB_seed42,HV,S1,XGB,754,Train,315.0,241.63208
HV_S1_XGB_seed42,HV,S1,XGB,756,Train,298.0,290.86075
HV_S1_XGB_seed42,HV,S1,XGB,758,Train,298.0,241.63208
HV_S1_XGB_seed42,HV,S1,XGB,759,Train,289.0,241.63208
HV_S1_XGB_seed42,HV,S1,XGB,760,Train,274.0,241.63208
HV_S1_XGB_seed42,HV,S1,XGB,761,Train,291.0,290.86075
HV_S1_XGB_seed42,HV,S1,XGB,762,Train,278.0,290.86075
HV_S1_XGB_seed42,HV,S1,XGB,763,Train,269.0,290.86075
HV_S1_XGB_seed42,HV,S1,XGB,765,Train,313.0,241.63208
HV_S1_XGB_seed42,HV,S1,XGB,766,Train,179.0,241.63208
HV_S1_XGB_seed42,HV,S1,XGB,767,Train,300.0,290.86075
HV_S1_XGB_seed42,HV,S1,XGB,768,Train,259.0,290.86075
HV_S1_XGB_seed42,HV,S1,XGB,769,Train,300.0,241.63208
HV_S1_XGB_seed42,HV,S1,XGB,770,Train,288.0,241.63208
HV_S1_XGB_seed42,HV,S1,XGB,771,Train,273.0,241.63208
HV_S1_XGB_seed42,HV,S1,XGB,772,Train,329.0,234.52296
HV_S1_XGB_seed42,HV,S1,XGB,773,Train,335.0,234.52296
HV_S1_XGB_seed42,HV,S1,XGB,774,Train,215.0,234.52296
HV_S1_XGB_seed42,HV,S1,XGB,775,Train,181.0,234.52296
HV_S1_XGB_seed42,HV,S1,XGB,776,Train,156.0,234.52296
HV_S1_XGB_seed42,HV,S1,XGB,777,Train,124.0,234.52296
HV_S1_XGB_seed42,HV,S1,XGB,778,Train,106.0,234.52296
HV_S1_XGB_seed42,HV,S1,XGB,779,Train,95.0,234.52296
HV_S1_XGB_seed42,HV,S1,XGB,780,Train,290.0,290.86075
HV_S1_XGB_seed42,HV,S1,XGB,781,Train,268.0,290.86075
HV_S1_XGB_seed42,HV,S1,XGB,782,Train,264.0,290.86075
HV_S1_XGB_seed42,HV,S1,XGB,786,Train,299.0,290.86075
HV_S1_XGB_seed42,HV,S1,XGB,787,Train,301.0,241.63208
HV_S1_XGB_seed42,HV,S1,XGB,788,Train,287.0,241.63208
HV_S1_XGB_seed42,HV,S1,XGB,789,Train,272.0,241.63208
HV_S1_XGB_seed42,HV,S1,XGB,790,Train,286.0,290.86075
HV_S1_XGB_seed42,HV,S1,XGB,792,Train,258.0,290.86075
HV_S1_XGB_seed42,HV,S1,XGB,793,Train,259.0,290.86075
HV_S1_XGB_seed42,HV,S1,XGB,795,Train,287.0,241.63208
HV_S1_XGB_seed42,HV,S1,XGB,796,Train,270.0,241.63208
HV_S1_XGB_seed42,HV,S1,XGB,797,Train,291.0,241.63208
HV_S1_XGB_seed42,HV,S1,XGB,798,Train,298.0,241.63208
HV_S1_XGB_seed42,HV,S1,XGB,799,Train,305.0,241.63208
HV_S1_XGB_seed42,HV,S1,XGB,800,Train,172.0,241.63208
HV_S1_XGB_seed42,HV,S1,XGB,801,Train,330.0,234.52296
HV_S1_XGB_seed42,HV,S1,XGB,802,Train,324.0,234.52296
HV_S1_XGB_seed42,HV,S1,XGB,804,Train,176.0,234.52296
HV_S1_XGB_seed42,HV,S1,XGB,805,Train,153.0,234.52296
HV_S1_XGB_seed42,HV,S1,XGB,806,Train,122.0,234.52296
HV_S1_XGB_seed42,HV,S1,XGB,807,Train,100.0,234.52296
HV_S1_XGB_seed42,HV,S1,XGB,808,Train,91.0,234.52296
HV_S1_XGB_seed42,HV,S1,XGB,809,Train,286.0,290.86075
HV_S1_XGB_seed42,HV,S1,XGB,810,Train,282.0,290.86075
HV_S1_XGB_seed42,HV,S1,XGB,813,Train,288.0,241.63208
HV_S1_XGB_seed42,HV,S1,XGB,814,Train,293.0,241.63208
HV_S1_XGB_seed42,HV,S1,XGB,815,Train,248.0,290.86075
HV_S1_XGB_seed42,HV,S1,XGB,816,Train,251.0,290.86075
HV_S1_XGB_seed42,HV,S1,XGB,817,Train,285.0,241.63208
HV_S1_XGB_seed42,HV,S1,XGB,818,Train,291.0,241.63208
HV_S1_XGB_seed42,HV,S1,XGB,819,Train,238.0,290.86075
HV_S1_XGB_seed42,HV,S1,XGB,820,Train,208.0,241.63208
HV_S1_XGB_seed42,HV,S1,XGB,821,Train,227.0,241.63208
HV_S1_XGB_seed42,HV,S1,XGB,822,Train,247.0,241.63208
HV_S1_XGB_seed42,HV,S1,XGB,823,Train,255.0,241.63208
HV_S1_XGB_seed42,HV,S1,XGB,824,Train,244.0,241.63208
HV_S1_XGB_seed42,HV,S1,XGB,825,Train,216.0,241.63208
HV_S1_XGB_seed42,HV,S1,XGB,827,Train,254.0,241.63208
HV_S1_XGB_seed42,HV,S1,XGB,828,Train,240.0,241.63208
HV_S1_XGB_seed42,HV,S1,XGB,830,Train,169.0,241.63208
HV_S1_XGB_seed42,HV,S1,XGB,831,Train,226.0,241.63208
HV_S1_XGB_seed42,HV,S1,XGB,832,Train,220.0,241.63208
HV_S1_XGB_seed42,HV,S1,XGB,833,Train,196.0,241.63208
HV_S1_XGB_seed42,HV,S1,XGB,834,Train,155.0,241.63208
HV_S1_XGB_seed42,HV,S1,XGB,836,Train,336.0,241.63208
HV_S1_XGB_seed42,HV,S1,XGB,837,Train,320.0,241.63208
HV_S1_XGB_seed42,HV,S1,XGB,838,Train,265.0,241.63208
HV_S1_XGB_seed42,HV,S1,XGB,839,Train,320.0,241.63208
HV_S1_XGB_seed42,HV,S1,XGB,841,Train,286.0,241.63208
HV_S1_XGB_seed42,HV,S1,XGB,843,Train,289.0,241.63208
HV_S1_XGB_seed42,HV,S1,XGB,845,Train,302.0,241.63208
HV_S1_XGB_seed42,HV,S1,XGB,846,Train,254.0,241.63208
HV_S1_XGB_seed42,HV,S1,XGB,848,Train,370.0,241.63208
HV_S1_XGB_seed42,HV,S1,XGB,849,Train,299.0,241.63208
HV_S1_XGB_seed42,HV,S1,XGB,850,Train,371.0,241.63208
HV_S1_XGB_seed42,HV,S1,XGB,851,Train,373.0,241.63208
HV_S1_XGB_seed42,HV,S1,XGB,853,Train,351.0,241.63208
HV_S1_XGB_seed42,HV,S1,XGB,855,Train,357.0,241.63208
HV_S1_XGB_seed42,HV,S1,XGB,856,Train,361.0,241.63208
HV_S1_XGB_seed42,HV,S1,XGB,858,Train,381.0,241.63208
HV_S1_XGB_seed42,HV,S1,XGB,859,Train,222.0,241.63208
HV_S1_XGB_seed42,HV,S1,XGB,860,Train,239.0,241.63208
HV_S1_XGB_seed42,HV,S1,XGB,861,Train,242.0,241.63208
HV_S1_XGB_seed42,HV,S1,XGB,862,Train,259.0,241.63208
HV_S1_XGB_seed42,HV,S1,XGB,863,Train,235.0,241.63208
HV_S1_XGB_seed42,HV,S1,XGB,865,Train,158.0,241.63208
HV_S1_XGB_seed42,HV,S1,XGB,866,Train,251.0,241.63208
HV_S1_XGB_seed42,HV,S1,XGB,868,Train,180.0,241.63208
HV_S1_XGB_seed42,HV,S1,XGB,869,Train,151.0,241.63208
HV_S1_XGB_seed42,HV,S1,XGB,870,Train,225.0,241.63208
HV_S1_XGB_seed42,HV,S1,XGB,871,Train,210.0,241.63208
HV_S1_XGB_seed42,HV,S1,XGB,873,Train,141.0,241.63208
HV_S1_XGB_seed42,HV,S1,XGB,874,Train,348.0,241.63208
HV_S1_XGB_seed42,HV,S1,XGB,875,Train,330.0,241.63208
HV_S1_XGB_seed42,HV,S1,XGB,877,Train,235.0,241.63208
HV_S1_XGB_seed42,HV,S1,XGB,879,Train,305.0,241.63208
HV_S1_XGB_seed42,HV,S1,XGB,880,Train,280.0,241.63208
HV_S1_XGB_seed42,HV,S1,XGB,881,Train,223.0,241.63208
HV_S1_XGB_seed42,HV,S1,XGB,882,Train,290.0,241.63208
HV_S1_XGB_seed42,HV,S1,XGB,884,Train,291.0,241.63208
HV_S1_XGB_seed42,HV,S1,XGB,885,Train,219.0,241.63208
HV_S1_XGB_seed42,HV,S1,XGB,886,Train,282.0,258.49838
HV_S1_XGB_seed42,HV,S1,XGB,887,Train,382.0,241.63208
HV_S1_XGB_seed42,HV,S1,XGB,889,Train,287.0,241.63208
HV_S1_XGB_seed42,HV,S1,XGB,890,Train,345.0,241.63208
HV_S1_XGB_seed42,HV,S1,XGB,891,Train,267.0,241.63208
HV_S1_XGB_seed42,HV,S1,XGB,892,Train,359.0,241.63208
HV_S1_XGB_seed42,HV,S1,XGB,894,Train,304.0,241.63208
HV_S1_XGB_seed42,HV,S1,XGB,895,Train,232.0,241.63208
HV_S1_XGB_seed42,HV,S1,XGB,896,Train,248.0,241.63208
HV_S1_XGB_seed42,HV,S1,XGB,897,Train,222.0,241.63208
HV_S1_XGB_seed42,HV,S1,XGB,898,Train,253.0,241.63208
HV_S1_XGB_seed42,HV,S1,XGB,899,Train,229.0,241.63208
HV_S1_XGB_seed42,HV,S1,XGB,900,Train,162.0,241.63208
HV_S1_XGB_seed42,HV,S1,XGB,901,Train,145.0,241.63208
HV_S1_XGB_seed42,HV,S1,XGB,902,Train,245.0,241.63208
HV_S1_XGB_seed42,HV,S1,XGB,903,Train,196.0,241.63208
HV_S1_XGB_seed42,HV,S1,XGB,905,Train,144.0,241.63208
HV_S1_XGB_seed42,HV,S1,XGB,906,Train,220.0,241.63208
HV_S1_XGB_seed42,HV,S1,XGB,907,Train,201.0,241.63208
HV_S1_XGB_seed42,HV,S1,XGB,908,Train,176.0,241.63208
HV_S1_XGB_seed42,HV,S1,XGB,909,Train,135.0,241.63208
HV_S1_XGB_seed42,HV,S1,XGB,911,Train,321.0,241.63208
HV_S1_XGB_seed42,HV,S1,XGB,913,Train,213.0,241.63208
HV_S1_XGB_seed42,HV,S1,XGB,916,Train,272.0,241.63208
HV_S1_XGB_seed42,HV,S1,XGB,917,Train,204.0,241.63208
HV_S1_XGB_seed42,HV,S1,XGB,918,Train,289.0,241.63208
HV_S1_XGB_seed42,HV,S1,XGB,919,Train,279.0,241.63208
HV_S1_XGB_seed42,HV,S1,XGB,920,Train,275.0,241.63208
HV_S1_XGB_seed42,HV,S1,XGB,921,Train,205.0,241.63208
HV_S1_XGB_seed42,HV,S1,XGB,923,Train,248.0,241.63208
HV_S1_XGB_seed42,HV,S1,XGB,924,Train,211.0,241.63208
HV_S1_XGB_seed42,HV,S1,XGB,925,Train,252.0,241.63208
HV_S1_XGB_seed42,HV,S1,XGB,926,Train,216.0,241.63208
HV_S1_XGB_seed42,HV,S1,XGB,928,Train,141.0,241.63208
HV_S1_XGB_seed42,HV,S1,XGB,929,Train,234.0,241.63208
HV_S1_XGB_seed42,HV,S1,XGB,930,Train,188.0,241.63208
HV_S1_XGB_seed42,HV,S1,XGB,931,Train,155.0,241.63208
HV_S1_XGB_seed42,HV,S1,XGB,932,Train,143.0,241.63208
HV_S1_XGB_seed42,HV,S1,XGB,933,Train,218.0,241.63208
HV_S1_XGB_seed42,HV,S1,XGB,934,Train,200.0,241.63208
HV_S1_XGB_seed42,HV,S1,XGB,935,Train,166.0,241.63208
HV_S1_XGB_seed42,HV,S1,XGB,936,Train,132.0,241.63208
HV_S1_XGB_seed42,HV,S1,XGB,937,Train,345.0,241.63208
HV_S1_XGB_seed42,HV,S1,XGB,938,Train,318.0,241.63208
HV_S1_XGB_seed42,HV,S1,XGB,939,Train,272.0,241.63208
HV_S1_XGB_seed42,HV,S1,XGB,940,Train,212.0,241.63208
HV_S1_XGB_seed42,HV,S1,XGB,941,Train,314.0,241.63208
HV_S1_XGB_seed42,HV,S1,XGB,942,Train,292.0,241.63208
HV_S1_XGB_seed42,HV,S1,XGB,944,Train,193.0,241.63208
HV_S1_XGB_seed42,HV,S1,XGB,946,Train,278.0,241.63208
HV_S1_XGB_seed42,HV,S1,XGB,947,Train,264.0,241.63208
HV_S1_XGB_seed42,HV,S1,XGB,948,Train,202.0,241.63208
HV_S1_XGB_seed42,HV,S1,XGB,949,Train,296.0,258.49838
HV_S1_XGB_seed42,HV,S1,XGB,950,Train,360.0,241.63208
HV_S1_XGB_seed42,HV,S1,XGB,951,Train,349.0,241.63208
HV_S1_XGB_seed42,HV,S1,XGB,952,Train,273.0,241.63208
HV_S1_XGB_seed42,HV,S1,XGB,953,Train,365.0,241.63208
HV_S1_XGB_seed42,HV,S1,XGB,954,Train,342.0,241.63208
HV_S1_XGB_seed42,HV,S1,XGB,956,Train,362.0,241.63208
HV_S1_XGB_seed42,HV,S1,XGB,959,Train,244.0,241.63208
HV_S1_XGB_seed42,HV,S1,XGB,960,Train,247.0,241.63208
HV_S1_XGB_seed42,HV,S1,XGB,961,Train,197.0,241.63208
HV_S1_XGB_seed42,HV,S1,XGB,962,Train,243.0,241.63208
HV_S1_XGB_seed42,HV,S1,XGB,963,Train,215.0,241.63208
HV_S1_XGB_seed42,HV,S1,XGB,967,Train,182.0,241.63208
HV_S1_XGB_seed42,HV,S1,XGB,968,Train,150.0,241.63208
HV_S1_XGB_seed42,HV,S1,XGB,969,Train,140.0,241.63208
HV_S1_XGB_seed42,HV,S1,XGB,970,Train,218.0,241.63208
HV_S1_XGB_seed42,HV,S1,XGB,971,Train,196.0,241.63208
HV_S1_XGB_seed42,HV,S1,XGB,972,Train,157.0,241.63208
HV_S1_XGB_seed42,HV,S1,XGB,973,Train,131.0,241.63208
HV_S1_XGB_seed42,HV,S1,XGB,974,Train,343.0,241.63208
HV_S1_XGB_seed42,HV,S1,XGB,975,Train,312.0,241.63208
HV_S1_XGB_seed42,HV,S1,XGB,976,Train,267.0,241.63208
HV_S1_XGB_seed42,HV,S1,XGB,977,Train,206.0,241.63208
HV_S1_XGB_seed42,HV,S1,XGB,978,Train,313.0,241.63208
HV_S1_XGB_seed42,HV,S1,XGB,979,Train,290.0,241.63208
HV_S1_XGB_seed42,HV,S1,XGB,981,Train,192.0,241.63208
HV_S1_XGB_seed42,HV,S1,XGB,982,Train,285.0,241.63208
HV_S1_XGB_seed42,HV,S1,XGB,983,Train,277.0,241.63208
HV_S1_XGB_seed42,HV,S1,XGB,985,Train,197.0,241.63208
HV_S1_XGB_seed42,HV,S1,XGB,990,Train,244.0,241.63208
HV_S1_XGB_seed42,HV,S1,XGB,991,Train,161.0,241.63208
HV_S1_XGB_seed42,HV,S1,XGB,992,Train,239.0,241.63208
HV_S1_XGB_seed42,HV,S1,XGB,993,Train,203.0,241.63208
HV_S1_XGB_seed42,HV,S1,XGB,994,Train,148.0,241.63208
HV_S1_XGB_seed42,HV,S1,XGB,996,Train,210.0,241.63208
HV_S1_XGB_seed42,HV,S1,XGB,997,Train,173.0,241.63208
HV_S1_XGB_seed42,HV,S1,XGB,998,Train,147.0,241.63208
HV_S1_XGB_seed42,HV,S1,XGB,999,Train,139.0,241.63208
HV_S1_XGB_seed42,HV,S1,XGB,1000,Train,214.0,241.63208
HV_S1_XGB_seed42,HV,S1,XGB,1004,Train,339.0,241.63208
HV_S1_XGB_seed42,HV,S1,XGB,1005,Train,309.0,241.63208
HV_S1_XGB_seed42,HV,S1,XGB,1006,Train,253.0,241.63208
HV_S1_XGB_seed42,HV,S1,XGB,1007,Train,198.0,241.63208
HV_S1_XGB_seed42,HV,S1,XGB,1008,Train,312.0,241.63208
HV_S1_XGB_seed42,HV,S1,XGB,1009,Train,284.0,241.63208
HV_S1_XGB_seed42,HV,S1,XGB,1011,Train,191.0,241.63208
HV_S1_XGB_seed42,HV,S1,XGB,1012,Train,281.0,241.63208
HV_S1_XGB_seed42,HV,S1,XGB,1013,Train,273.0,241.63208
HV_S1_XGB_seed42,HV,S1,XGB,1014,Train,241.0,241.63208
HV_S1_XGB_seed42,HV,S1,XGB,1015,Train,189.0,241.63208
HV_S1_XGB_seed42,HV,S1,XGB,1016,Train,353.0,241.63208
HV_S1_XGB_seed42,HV,S1,XGB,1017,Train,343.0,241.63208
HV_S1_XGB_seed42,HV,S1,XGB,1018,Train,259.0,241.63208
HV_S1_XGB_seed42,HV,S1,XGB,1020,Train,325.0,241.63208
HV_S1_XGB_seed42,HV,S1,XGB,1021,Train,219.0,241.63208
HV_S1_XGB_seed42,HV,S1,XGB,1022,Train,362.0,241.63208
HV_S1_XGB_seed42,HV,S1,XGB,1023,Train,342.0,241.63208
HV_S1_XGB_seed42,HV,S1,XGB,1024,Train,227.0,241.63208
HV_S1_XGB_seed42,HV,S1,XGB,1025,Train,243.0,241.63208
HV_S1_XGB_seed42,HV,S1,XGB,1028,Train,234.0,241.63208
HV_S1_XGB_seed42,HV,S1,XGB,1029,Train,195.0,241.63208
HV_S1_XGB_seed42,HV,S1,XGB,1030,Train,149.0,241.63208
HV_S1_XGB_seed42,HV,S1,XGB,1032,Train,200.0,241.63208
HV_S1_XGB_seed42,HV,S1,XGB,1033,Train,169.0,241.63208
HV_S1_XGB_seed42,HV,S1,XGB,1034,Train,145.0,241.63208
HV_S1_XGB_seed42,HV,S1,XGB,1035,Train,137.0,241.63208
HV_S1_XGB_seed42,HV,S1,XGB,1036,Train,214.0,241.63208
HV_S1_XGB_seed42,HV,S1,XGB,1037,Train,179.0,241.63208
HV_S1_XGB_seed42,HV,S1,XGB,1038,Train,140.0,241.63208
HV_S1_XGB_seed42,HV,S1,XGB,1039,Train,129.0,241.63208
HV_S1_XGB_seed42,HV,S1,XGB,1040,Train,336.0,241.63208
HV_S1_XGB_seed42,HV,S1,XGB,1042,Train,242.0,241.63208
HV_S1_XGB_seed42,HV,S1,XGB,1043,Train,185.0,241.63208
HV_S1_XGB_seed42,HV,S1,XGB,1044,Train,306.0,241.63208
HV_S1_XGB_seed42,HV,S1,XGB,1045,Train,280.0,241.63208
HV_S1_XGB_seed42,HV,S1,XGB,1046,Train,241.0,241.63208
HV_S1_XGB_seed42,HV,S1,XGB,1048,Train,283.0,241.63208
HV_S1_XGB_seed42,HV,S1,XGB,1049,Train,272.0,241.63208
HV_S1_XGB_seed42,HV,S1,XGB,1050,Train,229.0,241.63208
HV_S1_XGB_seed42,HV,S1,XGB,1051,Train,181.0,241.63208
HV_S1_XGB_seed42,HV,S1,XGB,1052,Train,278.0,258.49838
HV_S1_XGB_seed42,HV,S1,XGB,1053,Train,353.0,241.63208
HV_S1_XGB_seed42,HV,S1,XGB,1054,Train,311.0,241.63208
HV_S1_XGB_seed42,HV,S1,XGB,1055,Train,192.0,241.63208
HV_S1_XGB_seed42,HV,S1,XGB,1056,Train,244.0,241.63208
HV_S1_XGB_seed42,HV,S1,XGB,1057,Train,217.0,241.63208
HV_S1_XGB_seed42,HV,S1,XGB,1060,Train,180.0,241.63208
HV_S1_XGB_seed42,HV,S1,XGB,1061,Train,146.0,241.63208
HV_S1_XGB_seed42,HV,S1,XGB,1064,Train,160.0,241.63208
HV_S1_XGB_seed42,HV,S1,XGB,1065,Train,144.0,241.63208
HV_S1_XGB_seed42,HV,S1,XGB,1066,Train,136.0,241.63208
HV_S1_XGB_seed42,HV,S1,XGB,1068,Train,169.0,241.63208
HV_S1_XGB_seed42,HV,S1,XGB,1069,Train,137.0,241.63208
HV_S1_XGB_seed42,HV,S1,XGB,1070,Train,127.0,241.63208
HV_S1_XGB_seed42,HV,S1,XGB,1071,Train,336.0,241.63208
HV_S1_XGB_seed42,HV,S1,XGB,1073,Train,231.0,241.63208
HV_S1_XGB_seed42,HV,S1,XGB,1074,Train,177.0,241.63208
HV_S1_XGB_seed42,HV,S1,XGB,1076,Train,272.0,241.63208
HV_S1_XGB_seed42,HV,S1,XGB,1077,Train,233.0,241.63208
HV_S1_XGB_seed42,HV,S1,XGB,1078,Train,173.0,241.63208
HV_S1_XGB_seed42,HV,S1,XGB,1079,Train,279.0,241.63208
HV_S1_XGB_seed42,HV,S1,XGB,1080,Train,270.0,241.63208
HV_S1_XGB_seed42,HV,S1,XGB,1081,Train,216.0,241.63208
HV_S1_XGB_seed42,HV,S1,XGB,1082,Train,175.0,241.63208
HV_S1_XGB_seed42,HV,S1,XGB,1083,Train,241.0,241.63208
HV_S1_XGB_seed42,HV,S1,XGB,1084,Train,209.0,241.63208
HV_S1_XGB_seed42,HV,S1,XGB,1085,Train,136.0,241.63208
HV_S1_XGB_seed42,HV,S1,XGB,1086,Train,211.0,241.63208
HV_S1_XGB_seed42,HV,S1,XGB,1088,Train,144.0,241.63208
HV_S1_XGB_seed42,HV,S1,XGB,1089,Train,133.0,241.63208
HV_S1_XGB_seed42,HV,S1,XGB,1090,Train,183.0,241.63208
HV_S1_XGB_seed42,HV,S1,XGB,1091,Train,156.0,241.63208
HV_S1_XGB_seed42,HV,S1,XGB,1092,Train,141.0,241.63208
HV_S1_XGB_seed42,HV,S1,XGB,1093,Train,132.0,241.63208
HV_S1_XGB_seed42,HV,S1,XGB,1094,Train,206.0,241.63208
HV_S1_XGB_seed42,HV,S1,XGB,1095,Train,163.0,241.63208
HV_S1_XGB_seed42,HV,S1,XGB,1096,Train,136.0,241.63208
HV_S1_XGB_seed42,HV,S1,XGB,1097,Train,128.0,241.63208
HV_S1_XGB_seed42,HV,S1,XGB,1098,Train,332.0,241.63208
HV_S1_XGB_seed42,HV,S1,XGB,1099,Train,284.0,241.63208
HV_S1_XGB_seed42,HV,S1,XGB,1101,Train,169.0,241.63208
HV_S1_XGB_seed42,HV,S1,XGB,1102,Train,302.0,241.63208
HV_S1_XGB_seed42,HV,S1,XGB,1103,Train,262.0,241.63208
HV_S1_XGB_seed42,HV,S1,XGB,1104,Train,217.0,241.63208
HV_S1_XGB_seed42,HV,S1,XGB,1105,Train,170.0,241.63208
HV_S1_XGB_seed42,HV,S1,XGB,1108,Train,205.0,241.63208
HV_S1_XGB_seed42,HV,S1,XGB,1109,Train,170.0,241.63208
HV_S1_XGB_seed42,HV,S1,XGB,1110,Train,234.0,241.63208
HV_S1_XGB_seed42,HV,S1,XGB,1111,Train,204.0,241.63208
HV_S1_XGB_seed42,HV,S1,XGB,1113,Train,199.0,241.63208
HV_S1_XGB_seed42,HV,S1,XGB,1114,Train,157.0,241.63208
HV_S1_XGB_seed42,HV,S1,XGB,1115,Train,143.0,241.63208
HV_S1_XGB_seed42,HV,S1,XGB,1117,Train,175.0,241.63208
HV_S1_XGB_seed42,HV,S1,XGB,1118,Train,153.0,241.63208
HV_S1_XGB_seed42,HV,S1,XGB,1119,Train,140.0,241.63208
HV_S1_XGB_seed42,HV,S1,XGB,1120,Train,132.0,241.63208
HV_S1_XGB_seed42,HV,S1,XGB,1121,Train,202.0,241.63208
HV_S1_XGB_seed42,HV,S1,XGB,1122,Train,154.0,241.63208
HV_S1_XGB_seed42,HV,S1,XGB,1123,Train,134.0,241.63208
HV_S1_XGB_seed42,HV,S1,XGB,1124,Train,127.0,241.63208
HV_S1_XGB_seed42,HV,S1,XGB,1125,Train,329.0,241.63208
HV_S1_XGB_seed42,HV,S1,XGB,1126,Train,271.0,241.63208
HV_S1_XGB_seed42,HV,S1,XGB,1128,Train,166.0,241.63208
HV_S1_XGB_seed42,HV,S1,XGB,1130,Train,262.0,241.63208
HV_S1_XGB_seed42,HV,S1,XGB,1131,Train,205.0,241.63208
HV_S1_XGB_seed42,HV,S1,XGB,1132,Train,166.0,241.63208
HV_S1_XGB_seed42,HV,S1,XGB,1133,Train,277.0,241.63208
HV_S1_XGB_seed42,HV,S1,XGB,1134,Train,261.0,241.63208
HV_S1_XGB_seed42,HV,S1,XGB,1135,Train,193.0,241.63208
HV_S1_XGB_seed42,HV,S1,XGB,1136,Train,163.0,241.63208
HV_S1_XGB_seed42,HV,S1,XGB,1137,Train,258.0,258.49838
HV_S1_XGB_seed42,HV,S1,XGB,1139,Train,197.0,241.63208
HV_S1_XGB_seed42,HV,S1,XGB,1140,Train,132.0,241.63208
HV_S1_XGB_seed42,HV,S1,XGB,1141,Train,198.0,241.63208
HV_S1_XGB_seed42,HV,S1,XGB,1142,Train,151.0,241.63208
HV_S1_XGB_seed42,HV,S1,XGB,1143,Train,141.0,241.63208
HV_S1_XGB_seed42,HV,S1,XGB,1144,Train,130.0,241.63208
HV_S1_XGB_seed42,HV,S1,XGB,1145,Train,168.0,241.63208
HV_S1_XGB_seed42,HV,S1,XGB,1146,Train,150.0,241.63208
HV_S1_XGB_seed42,HV,S1,XGB,1147,Train,141.0,241.63208
HV_S1_XGB_seed42,HV,S1,XGB,1148,Train,131.0,241.63208
HV_S1_XGB_seed42,HV,S1,XGB,1149,Train,195.0,241.63208
HV_S1_XGB_seed42,HV,S1,XGB,1151,Train,133.0,241.63208
HV_S1_XGB_seed42,HV,S1,XGB,1152,Train,125.0,241.63208
HV_S1_XGB_seed42,HV,S1,XGB,1153,Train,323.0,241.63208
HV_S1_XGB_seed42,HV,S1,XGB,1154,Train,264.0,241.63208
HV_S1_XGB_seed42,HV,S1,XGB,1155,Train,192.0,241.63208
HV_S1_XGB_seed42,HV,S1,XGB,1157,Train,296.0,241.63208
HV_S1_XGB_seed42,HV,S1,XGB,1158,Train,256.0,241.63208
HV_S1_XGB_seed42,HV,S1,XGB,1160,Train,161.0,241.63208
HV_S1_XGB_seed42,HV,S1,XGB,1161,Train,276.0,241.63208
HV_S1_XGB_seed42,HV,S1,XGB,1162,Train,255.0,241.63208
HV_S1_XGB_seed42,HV,S1,XGB,1165,Train,177.0,258.49838
HV_S1_XGB_seed42,HV,S1,XGB,1166,Train,217.0,241.63208
HV_S1_XGB_seed42,HV,S1,XGB,1168,Train,130.0,241.63208
HV_S1_XGB_seed42,HV,S1,XGB,1169,Train,187.0,241.63208
HV_S1_XGB_seed42,HV,S1,XGB,1170,Train,148.0,241.63208
HV_S1_XGB_seed42,HV,S1,XGB,1171,Train,141.0,241.63208
HV_S1_XGB_seed42,HV,S1,XGB,1172,Train,130.0,241.63208
HV_S1_XGB_seed42,HV,S1,XGB,1173,Train,166.0,241.63208
HV_S1_XGB_seed42,HV,S1,XGB,1174,Train,148.0,241.63208
HV_S1_XGB_seed42,HV,S1,XGB,1175,Train,140.0,241.63208
HV_S1_XGB_seed42,HV,S1,XGB,1176,Train,127.0,241.63208
HV_S1_XGB_seed42,HV,S1,XGB,1178,Train,145.0,241.63208
HV_S1_XGB_seed42,HV,S1,XGB,1179,Train,135.0,241.63208
HV_S1_XGB_seed42,HV,S1,XGB,1180,Train,124.0,241.63208
HV_S1_XGB_seed42,HV,S1,XGB,1181,Train,320.0,241.63208
HV_S1_XGB_seed42,HV,S1,XGB,1182,Train,256.0,241.63208
HV_S1_XGB_seed42,HV,S1,XGB,1184,Train,155.0,241.63208
HV_S1_XGB_seed42,HV,S1,XGB,1185,Train,296.0,241.63208
HV_S1_XGB_seed42,HV,S1,XGB,1186,Train,248.0,241.63208
HV_S1_XGB_seed42,HV,S1,XGB,1187,Train,171.0,241.63208
HV_S1_XGB_seed42,HV,S1,XGB,1188,Train,157.0,241.63208
HV_S1_XGB_seed42,HV,S1,XGB,1189,Train,270.0,241.63208
HV_S1_XGB_seed42,HV,S1,XGB,1191,Train,164.0,241.63208
HV_S1_XGB_seed42,HV,S1,XGB,1194,Train,78.0,89.96955
HV_S1_XGB_seed42,HV,S1,XGB,1195,Train,78.0,89.96955
HV_S1_XGB_seed42,HV,S1,XGB,1196,Train,72.0,89.96955
HV_S1_XGB_seed42,HV,S1,XGB,1197,Train,78.0,89.96955
HV_S1_XGB_seed42,HV,S1,XGB,1199,Train,96.0,89.96955
HV_S1_XGB_seed42,HV,S1,XGB,1200,Train,112.0,89.96955
HV_S1_XGB_seed42,HV,S1,XGB,1201,Train,116.0,89.96955
HV_S1_XGB_seed42,HV,S1,XGB,1202,Train,76.0,105.63529
HV_S1_XGB_seed42,HV,S1,XGB,1203,Train,75.0,105.63529
HV_S1_XGB_seed42,HV,S1,XGB,1205,Train,79.0,105.63529
HV_S1_XGB_seed42,HV,S1,XGB,1208,Train,105.0,105.63529
HV_S1_XGB_seed42,HV,S1,XGB,1209,Train,155.0,105.63529
HV_S1_XGB_seed42,HV,S1,XGB,1210,Train,141.0,105.63529
HV_S1_XGB_seed42,HV,S1,XGB,1211,Train,86.0,101.55377
HV_S1_XGB_seed42,HV,S1,XGB,1212,Train,80.0,101.55377
HV_S1_XGB_seed42,HV,S1,XGB,1213,Train,81.0,101.55377
HV_S1_XGB_seed42,HV,S1,XGB,1214,Train,75.0,101.55377
HV_S1_XGB_seed42,HV,S1,XGB,1216,Train,92.0,101.55377
HV_S1_XGB_seed42,HV,S1,XGB,1217,Train,104.0,101.55377
HV_S1_XGB_seed42,HV,S1,XGB,1218,Train,148.0,101.55377
HV_S1_XGB_seed42,HV,S1,XGB,1219,Train,145.0,101.55377
HV_S1_XGB_seed42,HV,S1,XGB,1221,Train,84.0,104.720345
HV_S1_XGB_seed42,HV,S1,XGB,1222,Train,84.0,104.720345
HV_S1_XGB_seed42,HV,S1,XGB,1223,Train,86.0,104.720345
HV_S1_XGB_seed42,HV,S1,XGB,1224,Train,87.0,104.720345
HV_S1_XGB_seed42,HV,S1,XGB,1225,Train,88.0,104.720345
HV_S1_XGB_seed42,HV,S1,XGB,1226,Train,104.0,104.720345
HV_S1_XGB_seed42,HV,S1,XGB,1227,Train,157.0,104.720345
HV_S1_XGB_seed42,HV,S1,XGB,1228,Train,144.0,104.720345
HV_S1_XGB_seed42,HV,S1,XGB,8,Test,254.0,215.09787
HV_S1_XGB_seed42,HV,S1,XGB,16,Test,282.0,215.09787
HV_S1_XGB_seed42,HV,S1,XGB,33,Test,165.0,193.53561
HV_S1_XGB_seed42,HV,S1,XGB,40,Test,231.0,215.09787
HV_S1_XGB_seed42,HV,S1,XGB,41,Test,225.0,211.49864
HV_S1_XGB_seed42,HV,S1,XGB,49,Test,244.0,215.09787
HV_S1_XGB_seed42,HV,S1,XGB,55,Test,107.0,166.17761
HV_S1_XGB_seed42,HV,S1,XGB,60,Test,268.0,221.53749
HV_S1_XGB_seed42,HV,S1,XGB,62,Test,211.0,202.89342
HV_S1_XGB_seed42,HV,S1,XGB,65,Test,233.0,215.09787
HV_S1_XGB_seed42,HV,S1,XGB,67,Test,202.0,193.53561
HV_S1_XGB_seed42,HV,S1,XGB,69,Test,171.0,157.24625
HV_S1_XGB_seed42,HV,S1,XGB,70,Test,155.0,153.41179
HV_S1_XGB_seed42,HV,S1,XGB,74,Test,238.0,215.09787
HV_S1_XGB_seed42,HV,S1,XGB,77,Test,211.0,173.36127
HV_S1_XGB_seed42,HV,S1,XGB,78,Test,190.0,157.24625
HV_S1_XGB_seed42,HV,S1,XGB,81,Test,238.0,215.09787
HV_S1_XGB_seed42,HV,S1,XGB,87,Test,252.0,220.14159
HV_S1_XGB_seed42,HV,S1,XGB,90,Test,165.0,166.17761
HV_S1_XGB_seed42,HV,S1,XGB,95,Test,235.0,220.14159
HV_S1_XGB_seed42,HV,S1,XGB,98,Test,212.0,222.20348
HV_S1_XGB_seed42,HV,S1,XGB,100,Test,207.0,211.49864
HV_S1_XGB_seed42,HV,S1,XGB,108,Test,227.0,215.09787
HV_S1_XGB_seed42,HV,S1,XGB,112,Test,183.0,157.24625
HV_S1_XGB_seed42,HV,S1,XGB,113,Test,181.0,153.41179
HV_S1_XGB_seed42,HV,S1,XGB,119,Test,228.0,219.32547
HV_S1_XGB_seed42,HV,S1,XGB,122,Test,135.0,166.17761
HV_S1_XGB_seed42,HV,S1,XGB,126,Test,132.0,166.17761
HV_S1_XGB_seed42,HV,S1,XGB,143,Test,139.0,157.24625
HV_S1_XGB_seed42,HV,S1,XGB,151,Test,268.0,211.75415
HV_S1_XGB_seed42,HV,S1,XGB,153,Test,206.0,166.17761
HV_S1_XGB_seed42,HV,S1,XGB,154,Test,199.0,166.17761
HV_S1_XGB_seed42,HV,S1,XGB,155,Test,159.0,166.17761
HV_S1_XGB_seed42,HV,S1,XGB,156,Test,120.0,166.17761
HV_S1_XGB_seed42,HV,S1,XGB,171,Test,145.0,211.75415
HV_S1_XGB_seed42,HV,S1,XGB,173,Test,137.0,211.75415
HV_S1_XGB_seed42,HV,S1,XGB,204,Test,63.0,66.64538
HV_S1_XGB_seed42,HV,S1,XGB,210,Test,203.0,209.69804
HV_S1_XGB_seed42,HV,S1,XGB,214,Test,60.0,63.624687
HV_S1_XGB_seed42,HV,S1,XGB,228,Test,195.0,171.29216
HV_S1_XGB_seed42,HV,S1,XGB,234,Test,125.0,164.58415
HV_S1_XGB_seed42,HV,S1,XGB,235,Test,185.0,177.6366
HV_S1_XGB_seed42,HV,S1,XGB,244,Test,216.0,209.69804
HV_S1_XGB_seed42,HV,S1,XGB,245,Test,69.0,70.02687
HV_S1_XGB_seed42,HV,S1,XGB,246,Test,158.0,164.58415
HV_S1_XGB_seed42,HV,S1,XGB,254,Test,89.0,90.217926
HV_S1_XGB_seed42,HV,S1,XGB,257,Test,67.0,66.64538
HV_S1_XGB_seed42,HV,S1,XGB,275,Test,165.0,164.58415
HV_S1_XGB_seed42,HV,S1,XGB,284,Test,82.0,90.217926
HV_S1_XGB_seed42,HV,S1,XGB,295,Test,108.0,90.217926
HV_S1_XGB_seed42,HV,S1,XGB,296,Test,122.0,90.217926
HV_S1_XGB_seed42,HV,S1,XGB,301,Test,140.0,186.4413
HV_S1_XGB_seed42,HV,S1,XGB,321,Test,98.0,137.5711
HV_S1_XGB_seed42,HV,S1,XGB,326,Test,121.0,90.217926
HV_S1_XGB_seed42,HV,S1,XGB,338,Test,195.0,171.29216
HV_S1_XGB_seed42,HV,S1,XGB,341,Test,186.0,172.44356
HV_S1_XGB_seed42,HV,S1,XGB,342,Test,233.0,209.69804
HV_S1_XGB_seed42,HV,S1,XGB,343,Test,68.0,70.02687
HV_S1_XGB_seed42,HV,S1,XGB,360,Test,84.0,90.217926
HV_S1_XGB_seed42,HV,S1,XGB,361,Test,175.0,214.3928
HV_S1_XGB_seed42,HV,S1,XGB,362,Test,257.0,186.4413
HV_S1_XGB_seed42,HV,S1,XGB,364,Test,248.0,216.79497
HV_S1_XGB_seed42,HV,S1,XGB,366,Test,272.0,256.8307
HV_S1_XGB_seed42,HV,S1,XGB,368,Test,195.0,193.1451
HV_S1_XGB_seed42,HV,S1,XGB,370,Test,187.0,205.48679
HV_S1_XGB_seed42,HV,S1,XGB,371,Test,183.0,201.84445
HV_S1_XGB_seed42,HV,S1,XGB,386,Test,177.0,201.23335
HV_S1_XGB_seed42,HV,S1,XGB,397,Test,127.0,137.5711
HV_S1_XGB_seed42,HV,S1,XGB,399,Test,109.0,90.217926
HV_S1_XGB_seed42,HV,S1,XGB,401,Test,122.0,90.217926
HV_S1_XGB_seed42,HV,S1,XGB,411,Test,148.0,209.69804
HV_S1_XGB_seed42,HV,S1,XGB,415,Test,184.0,172.44356
HV_S1_XGB_seed42,HV,S1,XGB,416,Test,117.0,90.217926
HV_S1_XGB_seed42,HV,S1,XGB,417,Test,127.0,90.217926
HV_S1_XGB_seed42,HV,S1,XGB,427,Test,62.0,63.624687
HV_S1_XGB_seed42,HV,S1,XGB,429,Test,120.0,137.5711
HV_S1_XGB_seed42,HV,S1,XGB,431,Test,192.0,137.5711
HV_S1_XGB_seed42,HV,S1,XGB,437,Test,112.0,137.5711
HV_S1_XGB_seed42,HV,S1,XGB,439,Test,186.0,137.5711
HV_S1_XGB_seed42,HV,S1,XGB,444,Test,125.0,209.69804
HV_S1_XGB_seed42,HV,S1,XGB,447,Test,123.0,177.6366
HV_S1_XGB_seed42,HV,S1,XGB,448,Test,64.0,63.624687
HV_S1_XGB_seed42,HV,S1,XGB,467,Test,216.0,191.13574
HV_S1_XGB_seed42,HV,S1,XGB,480,Test,217.0,191.13574
HV_S1_XGB_seed42,HV,S1,XGB,490,Test,223.0,215.12318
HV_S1_XGB_seed42,HV,S1,XGB,497,Test,220.0,205.37077
HV_S1_XGB_seed42,HV,S1,XGB,499,Test,209.0,205.37077
HV_S1_XGB_seed42,HV,S1,XGB,508,Test,170.0,191.13574
HV_S1_XGB_seed42,HV,S1,XGB,513,Test,211.0,214.97728
HV_S1_XGB_seed42,HV,S1,XGB,514,Test,162.0,191.13574
HV_S1_XGB_seed42,HV,S1,XGB,515,Test,206.0,215.12318
HV_S1_XGB_seed42,HV,S1,XGB,519,Test,208.0,191.13574
HV_S1_XGB_seed42,HV,S1,XGB,522,Test,191.0,215.12318
HV_S1_XGB_seed42,HV,S1,XGB,525,Test,215.0,214.97728
HV_S1_XGB_seed42,HV,S1,XGB,531,Test,213.0,215.12318
HV_S1_XGB_seed42,HV,S1,XGB,534,Test,270.0,290.86075
HV_S1_XGB_seed42,HV,S1,XGB,535,Test,286.0,290.86075
HV_S1_XGB_seed42,HV,S1,XGB,537,Test,331.0,290.86075
HV_S1_XGB_seed42,HV,S1,XGB,539,Test,268.0,241.63208
HV_S1_XGB_seed42,HV,S1,XGB,546,Test,244.0,234.52296
HV_S1_XGB_seed42,HV,S1,XGB,551,Test,288.0,290.86075
HV_S1_XGB_seed42,HV,S1,XGB,553,Test,336.0,290.86075
HV_S1_XGB_seed42,HV,S1,XGB,564,Test,332.0,241.63208
HV_S1_XGB_seed42,HV,S1,XGB,576,Test,334.0,290.86075
HV_S1_XGB_seed42,HV,S1,XGB,579,Test,280.0,290.86075
HV_S1_XGB_seed42,HV,S1,XGB,587,Test,248.0,234.52296
HV_S1_XGB_seed42,HV,S1,XGB,611,Test,289.0,290.86075
HV_S1_XGB_seed42,HV,S1,XGB,612,Test,337.0,290.86075
HV_S1_XGB_seed42,HV,S1,XGB,613,Test,320.0,290.86075
HV_S1_XGB_seed42,HV,S1,XGB,616,Test,329.0,234.52296
HV_S1_XGB_seed42,HV,S1,XGB,617,Test,350.0,234.52296
HV_S1_XGB_seed42,HV,S1,XGB,618,Test,313.0,234.52296
HV_S1_XGB_seed42,HV,S1,XGB,620,Test,215.0,234.52296
HV_S1_XGB_seed42,HV,S1,XGB,625,Test,301.0,290.86075
HV_S1_XGB_seed42,HV,S1,XGB,629,Test,288.0,241.63208
HV_S1_XGB_seed42,HV,S1,XGB,631,Test,297.0,241.63208
HV_S1_XGB_seed42,HV,S1,XGB,634,Test,338.0,241.63208
HV_S1_XGB_seed42,HV,S1,XGB,635,Test,285.0,241.63208
HV_S1_XGB_seed42,HV,S1,XGB,637,Test,346.0,234.52296
HV_S1_XGB_seed42,HV,S1,XGB,640,Test,209.0,234.52296
HV_S1_XGB_seed42,HV,S1,XGB,643,Test,170.0,234.52296
HV_S1_XGB_seed42,HV,S1,XGB,644,Test,289.0,290.86075
HV_S1_XGB_seed42,HV,S1,XGB,646,Test,285.0,290.86075
HV_S1_XGB_seed42,HV,S1,XGB,647,Test,327.0,290.86075
HV_S1_XGB_seed42,HV,S1,XGB,654,Test,335.0,234.52296
HV_S1_XGB_seed42,HV,S1,XGB,664,Test,319.0,290.86075
HV_S1_XGB_seed42,HV,S1,XGB,668,Test,335.0,234.52296
HV_S1_XGB_seed42,HV,S1,XGB,673,Test,152.0,234.52296
HV_S1_XGB_seed42,HV,S1,XGB,676,Test,292.0,290.86075
HV_S1_XGB_seed42,HV,S1,XGB,680,Test,298.0,290.86075
HV_S1_XGB_seed42,HV,S1,XGB,682,Test,300.0,290.86075
HV_S1_XGB_seed42,HV,S1,XGB,684,Test,330.0,241.63208
HV_S1_XGB_seed42,HV,S1,XGB,691,Test,303.0,241.63208
HV_S1_XGB_seed42,HV,S1,XGB,699,Test,134.0,234.52296
HV_S1_XGB_seed42,HV,S1,XGB,721,Test,300.0,290.86075
HV_S1_XGB_seed42,HV,S1,XGB,733,Test,294.0,290.86075
HV_S1_XGB_seed42,HV,S1,XGB,749,Test,104.0,234.52296
HV_S1_XGB_seed42,HV,S1,XGB,750,Test,293.0,290.86075
HV_S1_XGB_seed42,HV,S1,XGB,757,Test,261.0,290.86075
HV_S1_XGB_seed42,HV,S1,XGB,764,Test,305.0,241.63208
HV_S1_XGB_seed42,HV,S1,XGB,783,Test,297.0,241.63208
HV_S1_XGB_seed42,HV,S1,XGB,784,Test,306.0,241.63208
HV_S1_XGB_seed42,HV,S1,XGB,785,Test,311.0,241.63208
HV_S1_XGB_seed42,HV,S1,XGB,791,Test,296.0,290.86075
HV_S1_XGB_seed42,HV,S1,XGB,794,Test,303.0,241.63208
HV_S1_XGB_seed42,HV,S1,XGB,803,Test,200.0,234.52296
HV_S1_XGB_seed42,HV,S1,XGB,811,Test,253.0,290.86075
HV_S1_XGB_seed42,HV,S1,XGB,812,Test,252.0,290.86075
HV_S1_XGB_seed42,HV,S1,XGB,826,Test,191.0,241.63208
HV_S1_XGB_seed42,HV,S1,XGB,829,Test,205.0,241.63208
HV_S1_XGB_seed42,HV,S1,XGB,835,Test,346.0,241.63208
HV_S1_XGB_seed42,HV,S1,XGB,840,Test,310.0,241.63208
HV_S1_XGB_seed42,HV,S1,XGB,842,Test,264.0,241.63208
HV_S1_XGB_seed42,HV,S1,XGB,844,Test,290.0,241.63208
HV_S1_XGB_seed42,HV,S1,XGB,847,Test,184.0,258.49838
HV_S1_XGB_seed42,HV,S1,XGB,852,Test,386.0,241.63208
HV_S1_XGB_seed42,HV,S1,XGB,854,Test,285.0,241.63208
HV_S1_XGB_seed42,HV,S1,XGB,857,Test,331.0,241.63208
HV_S1_XGB_seed42,HV,S1,XGB,864,Test,180.0,241.63208
HV_S1_XGB_seed42,HV,S1,XGB,867,Test,218.0,241.63208
HV_S1_XGB_seed42,HV,S1,XGB,872,Test,191.0,241.63208
HV_S1_XGB_seed42,HV,S1,XGB,876,Test,304.0,241.63208
HV_S1_XGB_seed42,HV,S1,XGB,878,Test,316.0,241.63208
HV_S1_XGB_seed42,HV,S1,XGB,883,Test,286.0,241.63208
HV_S1_XGB_seed42,HV,S1,XGB,888,Test,359.0,241.63208
HV_S1_XGB_seed42,HV,S1,XGB,893,Test,373.0,241.63208
HV_S1_XGB_seed42,HV,S1,XGB,904,Test,161.0,241.63208
HV_S1_XGB_seed42,HV,S1,XGB,910,Test,344.0,241.63208
HV_S1_XGB_seed42,HV,S1,XGB,912,Test,288.0,241.63208
HV_S1_XGB_seed42,HV,S1,XGB,914,Test,316.0,241.63208
HV_S1_XGB_seed42,HV,S1,XGB,915,Test,297.0,241.63208
HV_S1_XGB_seed42,HV,S1,XGB,922,Test,238.0,241.63208
HV_S1_XGB_seed42,HV,S1,XGB,927,Test,158.0,241.63208
HV_S1_XGB_seed42,HV,S1,XGB,943,Test,263.0,241.63208
HV_S1_XGB_seed42,HV,S1,XGB,945,Test,284.0,241.63208
HV_S1_XGB_seed42,HV,S1,XGB,955,Test,250.0,241.63208
HV_S1_XGB_seed42,HV,S1,XGB,957,Test,351.0,241.63208
HV_S1_XGB_seed42,HV,S1,XGB,958,Test,284.0,241.63208
HV_S1_XGB_seed42,HV,S1,XGB,964,Test,154.0,241.63208
HV_S1_XGB_seed42,HV,S1,XGB,965,Test,140.0,241.63208
HV_S1_XGB_seed42,HV,S1,XGB,966,Test,228.0,241.63208
HV_S1_XGB_seed42,HV,S1,XGB,980,Test,260.0,241.63208
HV_S1_XGB_seed42,HV,S1,XGB,984,Test,254.0,241.63208
HV_S1_XGB_seed42,HV,S1,XGB,989,Test,244.0,241.63208
HV_S1_XGB_seed42,HV,S1,XGB,995,Test,137.0,241.63208
HV_S1_XGB_seed42,HV,S1,XGB,1001,Test,189.0,241.63208
HV_S1_XGB_seed42,HV,S1,XGB,1002,Test,146.0,241.63208
HV_S1_XGB_seed42,HV,S1,XGB,1003,Test,130.0,241.63208
HV_S1_XGB_seed42,HV,S1,XGB,1010,Test,248.0,241.63208
HV_S1_XGB_seed42,HV,S1,XGB,1019,Test,363.0,241.63208
HV_S1_XGB_seed42,HV,S1,XGB,1026,Test,236.0,241.63208
HV_S1_XGB_seed42,HV,S1,XGB,1027,Test,151.0,241.63208
HV_S1_XGB_seed42,HV,S1,XGB,1031,Test,136.0,241.63208
HV_S1_XGB_seed42,HV,S1,XGB,1041,Test,302.0,241.63208
HV_S1_XGB_seed42,HV,S1,XGB,1047,Test,182.0,241.63208
HV_S1_XGB_seed42,HV,S1,XGB,1058,Test,141.0,241.63208
HV_S1_XGB_seed42,HV,S1,XGB,1059,Test,224.0,241.63208
HV_S1_XGB_seed42,HV,S1,XGB,1062,Test,135.0,241.63208
HV_S1_XGB_seed42,HV,S1,XGB,1063,Test,189.0,241.63208
HV_S1_XGB_seed42,HV,S1,XGB,1067,Test,211.0,241.63208
HV_S1_XGB_seed42,HV,S1,XGB,1072,Test,292.0,241.63208
HV_S1_XGB_seed42,HV,S1,XGB,1075,Test,301.0,241.63208
HV_S1_XGB_seed42,HV,S1,XGB,1087,Test,167.0,241.63208
HV_S1_XGB_seed42,HV,S1,XGB,1100,Test,215.0,241.63208
HV_S1_XGB_seed42,HV,S1,XGB,1106,Test,280.0,241.63208
HV_S1_XGB_seed42,HV,S1,XGB,1107,Test,264.0,241.63208
HV_S1_XGB_seed42,HV,S1,XGB,1112,Test,134.0,241.63208
HV_S1_XGB_seed42,HV,S1,XGB,1116,Test,131.0,241.63208
HV_S1_XGB_seed42,HV,S1,XGB,1127,Test,200.0,241.63208
HV_S1_XGB_seed42,HV,S1,XGB,1129,Test,300.0,241.63208
HV_S1_XGB_seed42,HV,S1,XGB,1138,Test,231.0,241.63208
HV_S1_XGB_seed42,HV,S1,XGB,1150,Test,149.0,241.63208
HV_S1_XGB_seed42,HV,S1,XGB,1156,Test,159.0,241.63208
HV_S1_XGB_seed42,HV,S1,XGB,1159,Test,196.0,241.63208
HV_S1_XGB_seed42,HV,S1,XGB,1163,Test,184.0,241.63208
HV_S1_XGB_seed42,HV,S1,XGB,1164,Test,158.0,241.63208
HV_S1_XGB_seed42,HV,S1,XGB,1167,Test,181.0,241.63208
HV_S1_XGB_seed42,HV,S1,XGB,1177,Test,184.0,241.63208
HV_S1_XGB_seed42,HV,S1,XGB,1183,Test,171.0,241.63208
HV_S1_XGB_seed42,HV,S1,XGB,1190,Test,244.0,241.63208
HV_S1_XGB_seed42,HV,S1,XGB,1192,Test,155.0,241.63208
HV_S1_XGB_seed42,HV,S1,XGB,1193,Test,68.0,89.96955
HV_S1_XGB_seed42,HV,S1,XGB,1198,Test,80.0,89.96955
HV_S1_XGB_seed42,HV,S1,XGB,1204,Test,75.0,105.63529
HV_S1_XGB_seed42,HV,S1,XGB,1206,Test,80.0,105.63529
HV_S1_XGB_seed42,HV,S1,XGB,1207,Test,76.0,105.63529
HV_S1_XGB_seed42,HV,S1,XGB,1215,Test,86.0,101.55377
HV_S1_XGB_seed42,HV,S1,XGB,1220,Test,83.0,104.720345
HV_S2_XGB_seed42,HV,S2,XGB,5,Train,137.0,152.51779
HV_S2_XGB_seed42,HV,S2,XGB,6,Train,161.0,160.01192
HV_S2_XGB_seed42,HV,S2,XGB,7,Train,246.0,242.15521
HV_S2_XGB_seed42,HV,S2,XGB,9,Train,280.0,280.03497
HV_S2_XGB_seed42,HV,S2,XGB,10,Train,201.0,204.48653
HV_S2_XGB_seed42,HV,S2,XGB,12,Train,151.0,208.27917
HV_S2_XGB_seed42,HV,S2,XGB,13,Train,205.0,204.61421
HV_S2_XGB_seed42,HV,S2,XGB,14,Train,255.0,239.4481
HV_S2_XGB_seed42,HV,S2,XGB,15,Train,246.0,233.27046
HV_S2_XGB_seed42,HV,S2,XGB,17,Train,214.0,213.8746
HV_S2_XGB_seed42,HV,S2,XGB,18,Train,210.0,219.11426
HV_S2_XGB_seed42,HV,S2,XGB,20,Train,93.0,98.63336
HV_S2_XGB_seed42,HV,S2,XGB,21,Train,126.0,124.11654
HV_S2_XGB_seed42,HV,S2,XGB,22,Train,157.0,186.52914
HV_S2_XGB_seed42,HV,S2,XGB,23,Train,207.0,186.52914
HV_S2_XGB_seed42,HV,S2,XGB,24,Train,191.0,186.47562
HV_S2_XGB_seed42,HV,S2,XGB,28,Train,185.0,190.7971
HV_S2_XGB_seed42,HV,S2,XGB,29,Train,211.0,210.86906
HV_S2_XGB_seed42,HV,S2,XGB,30,Train,218.0,221.6768
HV_S2_XGB_seed42,HV,S2,XGB,31,Train,227.0,213.40904
HV_S2_XGB_seed42,HV,S2,XGB,32,Train,199.0,187.42943
HV_S2_XGB_seed42,HV,S2,XGB,34,Train,148.0,155.91373
HV_S2_XGB_seed42,HV,S2,XGB,35,Train,139.0,137.79282
HV_S2_XGB_seed42,HV,S2,XGB,36,Train,132.0,138.07747
HV_S2_XGB_seed42,HV,S2,XGB,37,Train,221.0,212.0464
HV_S2_XGB_seed42,HV,S2,XGB,38,Train,224.0,220.5017
HV_S2_XGB_seed42,HV,S2,XGB,39,Train,233.0,221.6768
HV_S2_XGB_seed42,HV,S2,XGB,42,Train,192.0,203.0871
HV_S2_XGB_seed42,HV,S2,XGB,43,Train,182.0,185.92287
HV_S2_XGB_seed42,HV,S2,XGB,44,Train,175.0,176.6681
HV_S2_XGB_seed42,HV,S2,XGB,45,Train,174.0,174.23164
HV_S2_XGB_seed42,HV,S2,XGB,46,Train,172.0,173.02278
HV_S2_XGB_seed42,HV,S2,XGB,47,Train,234.0,203.85042
HV_S2_XGB_seed42,HV,S2,XGB,48,Train,260.0,239.4481
HV_S2_XGB_seed42,HV,S2,XGB,50,Train,290.0,280.40128
HV_S2_XGB_seed42,HV,S2,XGB,51,Train,236.0,229.43765
HV_S2_XGB_seed42,HV,S2,XGB,52,Train,216.0,222.10463
HV_S2_XGB_seed42,HV,S2,XGB,53,Train,238.0,228.86502
HV_S2_XGB_seed42,HV,S2,XGB,56,Train,143.0,170.40643
HV_S2_XGB_seed42,HV,S2,XGB,57,Train,191.0,192.92766
HV_S2_XGB_seed42,HV,S2,XGB,58,Train,200.0,191.88474
HV_S2_XGB_seed42,HV,S2,XGB,59,Train,176.0,168.34384
HV_S2_XGB_seed42,HV,S2,XGB,61,Train,300.0,295.25952
HV_S2_XGB_seed42,HV,S2,XGB,63,Train,222.0,224.27438
HV_S2_XGB_seed42,HV,S2,XGB,64,Train,226.0,224.51746
HV_S2_XGB_seed42,HV,S2,XGB,66,Train,217.0,219.10225
HV_S2_XGB_seed42,HV,S2,XGB,68,Train,188.0,184.59875
HV_S2_XGB_seed42,HV,S2,XGB,71,Train,225.0,204.41293
HV_S2_XGB_seed42,HV,S2,XGB,72,Train,230.0,224.27438
HV_S2_XGB_seed42,HV,S2,XGB,73,Train,234.0,226.82054
HV_S2_XGB_seed42,HV,S2,XGB,75,Train,228.0,225.50542
HV_S2_XGB_seed42,HV,S2,XGB,76,Train,217.0,212.78467
HV_S2_XGB_seed42,HV,S2,XGB,79,Train,186.0,174.23164
HV_S2_XGB_seed42,HV,S2,XGB,80,Train,199.0,199.85953
HV_S2_XGB_seed42,HV,S2,XGB,82,Train,244.0,239.4481
HV_S2_XGB_seed42,HV,S2,XGB,83,Train,214.0,207.07773
HV_S2_XGB_seed42,HV,S2,XGB,84,Train,282.0,286.01553
HV_S2_XGB_seed42,HV,S2,XGB,85,Train,237.0,222.20363
HV_S2_XGB_seed42,HV,S2,XGB,86,Train,237.0,229.37541
HV_S2_XGB_seed42,HV,S2,XGB,89,Train,120.0,124.11654
HV_S2_XGB_seed42,HV,S2,XGB,91,Train,204.0,186.52914
HV_S2_XGB_seed42,HV,S2,XGB,92,Train,189.0,187.41849
HV_S2_XGB_seed42,HV,S2,XGB,93,Train,153.0,148.04675
HV_S2_XGB_seed42,HV,S2,XGB,94,Train,245.0,234.611
HV_S2_XGB_seed42,HV,S2,XGB,96,Train,198.0,200.14723
HV_S2_XGB_seed42,HV,S2,XGB,97,Train,204.0,200.66153
HV_S2_XGB_seed42,HV,S2,XGB,99,Train,219.0,225.11777
HV_S2_XGB_seed42,HV,S2,XGB,101,Train,185.0,190.66321
HV_S2_XGB_seed42,HV,S2,XGB,102,Train,169.0,169.01857
HV_S2_XGB_seed42,HV,S2,XGB,103,Train,156.0,154.36263
HV_S2_XGB_seed42,HV,S2,XGB,104,Train,147.0,157.52017
HV_S2_XGB_seed42,HV,S2,XGB,105,Train,215.0,210.39787
HV_S2_XGB_seed42,HV,S2,XGB,106,Train,218.0,218.31773
HV_S2_XGB_seed42,HV,S2,XGB,107,Train,225.0,221.6768
HV_S2_XGB_seed42,HV,S2,XGB,109,Train,221.0,214.73427
HV_S2_XGB_seed42,HV,S2,XGB,110,Train,210.0,202.58516
HV_S2_XGB_seed42,HV,S2,XGB,111,Train,194.0,185.99738
HV_S2_XGB_seed42,HV,S2,XGB,114,Train,214.0,206.57315
HV_S2_XGB_seed42,HV,S2,XGB,115,Train,223.0,225.11777
HV_S2_XGB_seed42,HV,S2,XGB,116,Train,226.0,218.4793
HV_S2_XGB_seed42,HV,S2,XGB,117,Train,193.0,218.93994
HV_S2_XGB_seed42,HV,S2,XGB,118,Train,277.0,261.43945
HV_S2_XGB_seed42,HV,S2,XGB,120,Train,254.0,232.54466
HV_S2_XGB_seed42,HV,S2,XGB,123,Train,181.0,186.52914
HV_S2_XGB_seed42,HV,S2,XGB,124,Train,210.0,189.45407
HV_S2_XGB_seed42,HV,S2,XGB,125,Train,173.0,186.52914
HV_S2_XGB_seed42,HV,S2,XGB,127,Train,212.0,214.78993
HV_S2_XGB_seed42,HV,S2,XGB,129,Train,300.0,286.07718
HV_S2_XGB_seed42,HV,S2,XGB,130,Train,218.0,208.7611
HV_S2_XGB_seed42,HV,S2,XGB,131,Train,215.0,210.67935
HV_S2_XGB_seed42,HV,S2,XGB,132,Train,210.0,227.23615
HV_S2_XGB_seed42,HV,S2,XGB,133,Train,165.0,159.80983
HV_S2_XGB_seed42,HV,S2,XGB,134,Train,269.0,262.91754
HV_S2_XGB_seed42,HV,S2,XGB,136,Train,175.0,204.41293
HV_S2_XGB_seed42,HV,S2,XGB,137,Train,178.0,190.76433
HV_S2_XGB_seed42,HV,S2,XGB,138,Train,197.0,216.72554
HV_S2_XGB_seed42,HV,S2,XGB,139,Train,195.0,196.23528
HV_S2_XGB_seed42,HV,S2,XGB,140,Train,192.0,200.3465
HV_S2_XGB_seed42,HV,S2,XGB,141,Train,166.0,170.49222
HV_S2_XGB_seed42,HV,S2,XGB,142,Train,155.0,154.34291
HV_S2_XGB_seed42,HV,S2,XGB,144,Train,132.0,132.20683
HV_S2_XGB_seed42,HV,S2,XGB,145,Train,219.0,208.27917
HV_S2_XGB_seed42,HV,S2,XGB,146,Train,211.0,213.16814
HV_S2_XGB_seed42,HV,S2,XGB,147,Train,190.0,167.12987
HV_S2_XGB_seed42,HV,S2,XGB,148,Train,146.0,172.63197
HV_S2_XGB_seed42,HV,S2,XGB,149,Train,267.0,260.2351
HV_S2_XGB_seed42,HV,S2,XGB,150,Train,213.0,228.03412
HV_S2_XGB_seed42,HV,S2,XGB,152,Train,143.0,155.5179
HV_S2_XGB_seed42,HV,S2,XGB,157,Train,275.0,274.31534
HV_S2_XGB_seed42,HV,S2,XGB,158,Train,226.0,219.7436
HV_S2_XGB_seed42,HV,S2,XGB,159,Train,207.0,212.2607
HV_S2_XGB_seed42,HV,S2,XGB,160,Train,166.0,180.91833
HV_S2_XGB_seed42,HV,S2,XGB,161,Train,132.0,167.12987
HV_S2_XGB_seed42,HV,S2,XGB,162,Train,246.0,261.43945
HV_S2_XGB_seed42,HV,S2,XGB,163,Train,264.0,250.48895
HV_S2_XGB_seed42,HV,S2,XGB,164,Train,141.0,139.28642
HV_S2_XGB_seed42,HV,S2,XGB,165,Train,212.0,203.22159
HV_S2_XGB_seed42,HV,S2,XGB,166,Train,186.0,168.80656
HV_S2_XGB_seed42,HV,S2,XGB,167,Train,142.0,150.60692
HV_S2_XGB_seed42,HV,S2,XGB,168,Train,113.0,128.83641
HV_S2_XGB_seed42,HV,S2,XGB,169,Train,214.0,216.54024
HV_S2_XGB_seed42,HV,S2,XGB,170,Train,158.0,173.94527
HV_S2_XGB_seed42,HV,S2,XGB,172,Train,138.0,169.55345
HV_S2_XGB_seed42,HV,S2,XGB,195,Train,66.0,64.05197
HV_S2_XGB_seed42,HV,S2,XGB,196,Train,67.0,65.513504
HV_S2_XGB_seed42,HV,S2,XGB,197,Train,65.0,66.2276
HV_S2_XGB_seed42,HV,S2,XGB,198,Train,62.0,65.99332
HV_S2_XGB_seed42,HV,S2,XGB,199,Train,64.0,62.930748
HV_S2_XGB_seed42,HV,S2,XGB,200,Train,65.0,63.55897
HV_S2_XGB_seed42,HV,S2,XGB,201,Train,68.0,65.39439
HV_S2_XGB_seed42,HV,S2,XGB,202,Train,65.0,66.2276
HV_S2_XGB_seed42,HV,S2,XGB,203,Train,61.0,65.968834
HV_S2_XGB_seed42,HV,S2,XGB,205,Train,65.0,70.58462
HV_S2_XGB_seed42,HV,S2,XGB,206,Train,166.0,172.08688
HV_S2_XGB_seed42,HV,S2,XGB,207,Train,209.0,205.44038
HV_S2_XGB_seed42,HV,S2,XGB,208,Train,70.0,70.55346
HV_S2_XGB_seed42,HV,S2,XGB,209,Train,130.0,131.21722
HV_S2_XGB_seed42,HV,S2,XGB,211,Train,69.0,70.43525
HV_S2_XGB_seed42,HV,S2,XGB,212,Train,105.0,135.05014
HV_S2_XGB_seed42,HV,S2,XGB,213,Train,179.0,175.3326
HV_S2_XGB_seed42,HV,S2,XGB,215,Train,70.0,120.09334
HV_S2_XGB_seed42,HV,S2,XGB,216,Train,175.0,180.71849
HV_S2_XGB_seed42,HV,S2,XGB,217,Train,66.0,64.083015
HV_S2_XGB_seed42,HV,S2,XGB,218,Train,66.0,65.34309
HV_S2_XGB_seed42,HV,S2,XGB,219,Train,65.0,66.85585
HV_S2_XGB_seed42,HV,S2,XGB,220,Train,63.0,66.62157
HV_S2_XGB_seed42,HV,S2,XGB,221,Train,66.0,64.40037
HV_S2_XGB_seed42,HV,S2,XGB,222,Train,72.0,82.94856
HV_S2_XGB_seed42,HV,S2,XGB,223,Train,65.0,64.23105
HV_S2_XGB_seed42,HV,S2,XGB,224,Train,66.0,65.65899
HV_S2_XGB_seed42,HV,S2,XGB,225,Train,68.0,69.06338
HV_S2_XGB_seed42,HV,S2,XGB,226,Train,73.0,71.701805
HV_S2_XGB_seed42,HV,S2,XGB,227,Train,69.0,67.83484
HV_S2_XGB_seed42,HV,S2,XGB,229,Train,220.0,216.25615
HV_S2_XGB_seed42,HV,S2,XGB,230,Train,70.0,66.89327
HV_S2_XGB_seed42,HV,S2,XGB,231,Train,164.0,173.5182
HV_S2_XGB_seed42,HV,S2,XGB,232,Train,212.0,213.65665
HV_S2_XGB_seed42,HV,S2,XGB,233,Train,66.0,65.524895
HV_S2_XGB_seed42,HV,S2,XGB,236,Train,64.0,63.435326
HV_S2_XGB_seed42,HV,S2,XGB,237,Train,107.0,112.12603
HV_S2_XGB_seed42,HV,S2,XGB,238,Train,185.0,183.62776
HV_S2_XGB_seed42,HV,S2,XGB,239,Train,77.0,72.71341
HV_S2_XGB_seed42,HV,S2,XGB,240,Train,192.0,187.23343
HV_S2_XGB_seed42,HV,S2,XGB,241,Train,215.0,214.01892
HV_S2_XGB_seed42,HV,S2,XGB,242,Train,70.0,72.60993
HV_S2_XGB_seed42,HV,S2,XGB,243,Train,179.0,177.32089
HV_S2_XGB_seed42,HV,S2,XGB,247,Train,184.0,167.86308
HV_S2_XGB_seed42,HV,S2,XGB,248,Train,64.0,63.08992
HV_S2_XGB_seed42,HV,S2,XGB,249,Train,138.0,136.65329
HV_S2_XGB_seed42,HV,S2,XGB,250,Train,182.0,183.62776
HV_S2_XGB_seed42,HV,S2,XGB,251,Train,64.0,64.84209
HV_S2_XGB_seed42,HV,S2,XGB,252,Train,67.0,66.79585
HV_S2_XGB_seed42,HV,S2,XGB,253,Train,80.0,75.92942
HV_S2_XGB_seed42,HV,S2,XGB,255,Train,75.0,72.72392
HV_S2_XGB_seed42,HV,S2,XGB,258,Train,69.0,75.33257
HV_S2_XGB_seed42,HV,S2,XGB,259,Train,94.0,90.72466
HV_S2_XGB_seed42,HV,S2,XGB,260,Train,99.0,91.92218
HV_S2_XGB_seed42,HV,S2,XGB,261,Train,77.0,78.09366
HV_S2_XGB_seed42,HV,S2,XGB,269,Train,72.0,71.84564
HV_S2_XGB_seed42,HV,S2,XGB,270,Train,218.0,207.06697
HV_S2_XGB_seed42,HV,S2,XGB,271,Train,67.0,66.38761
HV_S2_XGB_seed42,HV,S2,XGB,272,Train,186.0,182.76949
HV_S2_XGB_seed42,HV,S2,XGB,273,Train,222.0,217.76399
HV_S2_XGB_seed42,HV,S2,XGB,274,Train,70.0,72.266426
HV_S2_XGB_seed42,HV,S2,XGB,276,Train,200.0,192.63312
HV_S2_XGB_seed42,HV,S2,XGB,277,Train,60.0,67.48506
HV_S2_XGB_seed42,HV,S2,XGB,278,Train,158.0,159.29227
HV_S2_XGB_seed42,HV,S2,XGB,279,Train,189.0,185.82288
HV_S2_XGB_seed42,HV,S2,XGB,280,Train,67.0,74.10846
HV_S2_XGB_seed42,HV,S2,XGB,281,Train,81.0,84.09423
HV_S2_XGB_seed42,HV,S2,XGB,282,Train,118.0,105.96162
HV_S2_XGB_seed42,HV,S2,XGB,283,Train,107.0,101.61961
HV_S2_XGB_seed42,HV,S2,XGB,293,Train,230.0,224.099
HV_S2_XGB_seed42,HV,S2,XGB,294,Train,77.0,78.40066
HV_S2_XGB_seed42,HV,S2,XGB,297,Train,111.0,111.01307
HV_S2_XGB_seed42,HV,S2,XGB,298,Train,86.0,92.85414
HV_S2_XGB_seed42,HV,S2,XGB,309,Train,74.0,80.15645
HV_S2_XGB_seed42,HV,S2,XGB,310,Train,197.0,188.40239
HV_S2_XGB_seed42,HV,S2,XGB,311,Train,212.0,206.36528
HV_S2_XGB_seed42,HV,S2,XGB,312,Train,66.0,67.284676
HV_S2_XGB_seed42,HV,S2,XGB,313,Train,185.0,181.14621
HV_S2_XGB_seed42,HV,S2,XGB,314,Train,228.0,216.67569
HV_S2_XGB_seed42,HV,S2,XGB,315,Train,70.0,68.226006
HV_S2_XGB_seed42,HV,S2,XGB,316,Train,170.0,169.43892
HV_S2_XGB_seed42,HV,S2,XGB,317,Train,192.0,202.20335
HV_S2_XGB_seed42,HV,S2,XGB,318,Train,70.0,69.04649
HV_S2_XGB_seed42,HV,S2,XGB,319,Train,165.0,120.09334
HV_S2_XGB_seed42,HV,S2,XGB,320,Train,192.0,181.86911
HV_S2_XGB_seed42,HV,S2,XGB,322,Train,102.0,108.08651
HV_S2_XGB_seed42,HV,S2,XGB,323,Train,125.0,128.18468
HV_S2_XGB_seed42,HV,S2,XGB,324,Train,98.0,100.997505
HV_S2_XGB_seed42,HV,S2,XGB,325,Train,119.0,116.928024
HV_S2_XGB_seed42,HV,S2,XGB,327,Train,112.0,110.01908
HV_S2_XGB_seed42,HV,S2,XGB,328,Train,86.0,88.94713
HV_S2_XGB_seed42,HV,S2,XGB,329,Train,224.0,227.05891
HV_S2_XGB_seed42,HV,S2,XGB,337,Train,86.0,80.15645
HV_S2_XGB_seed42,HV,S2,XGB,339,Train,209.0,207.4663
HV_S2_XGB_seed42,HV,S2,XGB,340,Train,68.0,71.78296
HV_S2_XGB_seed42,HV,S2,XGB,344,Train,181.0,169.99748
HV_S2_XGB_seed42,HV,S2,XGB,345,Train,203.0,196.73169
HV_S2_XGB_seed42,HV,S2,XGB,346,Train,61.0,61.531807
HV_S2_XGB_seed42,HV,S2,XGB,347,Train,175.0,174.05583
HV_S2_XGB_seed42,HV,S2,XGB,348,Train,205.0,205.08003
HV_S2_XGB_seed42,HV,S2,XGB,351,Train,237.0,220.52112
HV_S2_XGB_seed42,HV,S2,XGB,353,Train,106.0,109.97252
HV_S2_XGB_seed42,HV,S2,XGB,354,Train,129.0,129.88387
HV_S2_XGB_seed42,HV,S2,XGB,355,Train,175.0,161.86052
HV_S2_XGB_seed42,HV,S2,XGB,356,Train,109.0,111.170456
HV_S2_XGB_seed42,HV,S2,XGB,357,Train,124.0,120.17686
HV_S2_XGB_seed42,HV,S2,XGB,358,Train,122.0,121.95348
HV_S2_XGB_seed42,HV,S2,XGB,359,Train,107.0,109.65565
HV_S2_XGB_seed42,HV,S2,XGB,365,Train,261.0,245.09012
HV_S2_XGB_seed42,HV,S2,XGB,367,Train,201.0,197.36856
HV_S2_XGB_seed42,HV,S2,XGB,369,Train,193.0,187.93489
HV_S2_XGB_seed42,HV,S2,XGB,372,Train,176.0,188.25705
HV_S2_XGB_seed42,HV,S2,XGB,373,Train,169.0,166.7315
HV_S2_XGB_seed42,HV,S2,XGB,374,Train,161.0,165.6947
HV_S2_XGB_seed42,HV,S2,XGB,375,Train,216.0,210.73775
HV_S2_XGB_seed42,HV,S2,XGB,376,Train,191.0,184.95595
HV_S2_XGB_seed42,HV,S2,XGB,377,Train,172.0,169.44234
HV_S2_XGB_seed42,HV,S2,XGB,384,Train,116.0,111.92828
HV_S2_XGB_seed42,HV,S2,XGB,385,Train,175.0,174.82655
HV_S2_XGB_seed42,HV,S2,XGB,387,Train,69.0,66.641
HV_S2_XGB_seed42,HV,S2,XGB,388,Train,185.0,188.68492
HV_S2_XGB_seed42,HV,S2,XGB,389,Train,177.0,177.51912
HV_S2_XGB_seed42,HV,S2,XGB,390,Train,68.0,69.935936
HV_S2_XGB_seed42,HV,S2,XGB,391,Train,178.0,172.75987
HV_S2_XGB_seed42,HV,S2,XGB,392,Train,63.0,62.933002
HV_S2_XGB_seed42,HV,S2,XGB,393,Train,172.0,168.54292
HV_S2_XGB_seed42,HV,S2,XGB,394,Train,200.0,196.62883
HV_S2_XGB_seed42,HV,S2,XGB,395,Train,154.0,155.771
HV_S2_XGB_seed42,HV,S2,XGB,396,Train,107.0,109.97472
HV_S2_XGB_seed42,HV,S2,XGB,398,Train,167.0,158.78114
HV_S2_XGB_seed42,HV,S2,XGB,400,Train,124.0,121.642876
HV_S2_XGB_seed42,HV,S2,XGB,402,Train,107.0,109.099144
HV_S2_XGB_seed42,HV,S2,XGB,403,Train,89.0,89.20722
HV_S2_XGB_seed42,HV,S2,XGB,410,Train,172.0,187.27853
HV_S2_XGB_seed42,HV,S2,XGB,412,Train,72.0,70.476326
HV_S2_XGB_seed42,HV,S2,XGB,413,Train,167.0,166.86346
HV_S2_XGB_seed42,HV,S2,XGB,414,Train,162.0,158.16763
HV_S2_XGB_seed42,HV,S2,XGB,418,Train,123.0,121.633
HV_S2_XGB_seed42,HV,S2,XGB,419,Train,107.0,107.92554
HV_S2_XGB_seed42,HV,S2,XGB,420,Train,88.0,88.55063
HV_S2_XGB_seed42,HV,S2,XGB,421,Train,177.0,175.7346
HV_S2_XGB_seed42,HV,S2,XGB,423,Train,110.0,104.937126
HV_S2_XGB_seed42,HV,S2,XGB,424,Train,75.0,71.78296
HV_S2_XGB_seed42,HV,S2,XGB,425,Train,176.0,169.99748
HV_S2_XGB_seed42,HV,S2,XGB,426,Train,134.0,155.80869
HV_S2_XGB_seed42,HV,S2,XGB,428,Train,200.0,198.70589
HV_S2_XGB_seed42,HV,S2,XGB,430,Train,139.0,140.77263
HV_S2_XGB_seed42,HV,S2,XGB,432,Train,116.0,117.26426
HV_S2_XGB_seed42,HV,S2,XGB,433,Train,126.0,122.99704
HV_S2_XGB_seed42,HV,S2,XGB,434,Train,122.0,120.971886
HV_S2_XGB_seed42,HV,S2,XGB,435,Train,108.0,107.88337
HV_S2_XGB_seed42,HV,S2,XGB,436,Train,85.0,87.59687
HV_S2_XGB_seed42,HV,S2,XGB,438,Train,131.0,147.06223
HV_S2_XGB_seed42,HV,S2,XGB,440,Train,158.0,164.70665
HV_S2_XGB_seed42,HV,S2,XGB,441,Train,161.0,156.15714
HV_S2_XGB_seed42,HV,S2,XGB,442,Train,86.0,84.367905
HV_S2_XGB_seed42,HV,S2,XGB,443,Train,176.0,174.78072
HV_S2_XGB_seed42,HV,S2,XGB,445,Train,77.0,71.22282
HV_S2_XGB_seed42,HV,S2,XGB,446,Train,172.0,163.73166
HV_S2_XGB_seed42,HV,S2,XGB,449,Train,111.0,108.85308
HV_S2_XGB_seed42,HV,S2,XGB,450,Train,103.0,115.04464
HV_S2_XGB_seed42,HV,S2,XGB,452,Train,131.0,131.62306
HV_S2_XGB_seed42,HV,S2,XGB,453,Train,140.0,140.02869
HV_S2_XGB_seed42,HV,S2,XGB,454,Train,200.0,190.66821
HV_S2_XGB_seed42,HV,S2,XGB,455,Train,132.0,147.60283
HV_S2_XGB_seed42,HV,S2,XGB,456,Train,122.0,133.61923
HV_S2_XGB_seed42,HV,S2,XGB,457,Train,218.0,217.92738
HV_S2_XGB_seed42,HV,S2,XGB,458,Train,237.0,218.72827
HV_S2_XGB_seed42,HV,S2,XGB,459,Train,203.0,200.3987
HV_S2_XGB_seed42,HV,S2,XGB,460,Train,204.0,200.0518
HV_S2_XGB_seed42,HV,S2,XGB,461,Train,206.0,210.36708
HV_S2_XGB_seed42,HV,S2,XGB,462,Train,224.0,227.01259
HV_S2_XGB_seed42,HV,S2,XGB,463,Train,198.0,200.72473
HV_S2_XGB_seed42,HV,S2,XGB,464,Train,218.0,215.76631
HV_S2_XGB_seed42,HV,S2,XGB,465,Train,220.0,218.72827
HV_S2_XGB_seed42,HV,S2,XGB,466,Train,230.0,218.72827
HV_S2_XGB_seed42,HV,S2,XGB,468,Train,205.0,194.91992
HV_S2_XGB_seed42,HV,S2,XGB,469,Train,228.0,229.62512
HV_S2_XGB_seed42,HV,S2,XGB,470,Train,232.0,229.36028
HV_S2_XGB_seed42,HV,S2,XGB,471,Train,218.0,216.97417
HV_S2_XGB_seed42,HV,S2,XGB,472,Train,223.0,217.2727
HV_S2_XGB_seed42,HV,S2,XGB,473,Train,232.0,223.91554
HV_S2_XGB_seed42,HV,S2,XGB,474,Train,182.0,207.21434
HV_S2_XGB_seed42,HV,S2,XGB,475,Train,214.0,219.86057
HV_S2_XGB_seed42,HV,S2,XGB,476,Train,229.0,219.86057
HV_S2_XGB_seed42,HV,S2,XGB,477,Train,231.0,220.93478
HV_S2_XGB_seed42,HV,S2,XGB,478,Train,210.0,220.93478
HV_S2_XGB_seed42,HV,S2,XGB,479,Train,177.0,203.52817
HV_S2_XGB_seed42,HV,S2,XGB,481,Train,174.0,177.22185
HV_S2_XGB_seed42,HV,S2,XGB,482,Train,206.0,203.2169
HV_S2_XGB_seed42,HV,S2,XGB,483,Train,208.0,208.17883
HV_S2_XGB_seed42,HV,S2,XGB,484,Train,211.0,207.13669
HV_S2_XGB_seed42,HV,S2,XGB,485,Train,186.0,193.06946
HV_S2_XGB_seed42,HV,S2,XGB,486,Train,150.0,168.76741
HV_S2_XGB_seed42,HV,S2,XGB,487,Train,224.0,222.4083
HV_S2_XGB_seed42,HV,S2,XGB,488,Train,176.0,179.56223
HV_S2_XGB_seed42,HV,S2,XGB,489,Train,194.0,192.6772
HV_S2_XGB_seed42,HV,S2,XGB,491,Train,224.0,222.4617
HV_S2_XGB_seed42,HV,S2,XGB,492,Train,219.0,218.95634
HV_S2_XGB_seed42,HV,S2,XGB,493,Train,181.0,189.01303
HV_S2_XGB_seed42,HV,S2,XGB,494,Train,227.0,202.23145
HV_S2_XGB_seed42,HV,S2,XGB,495,Train,175.0,202.23145
HV_S2_XGB_seed42,HV,S2,XGB,496,Train,196.0,202.23145
HV_S2_XGB_seed42,HV,S2,XGB,498,Train,226.0,202.23145
HV_S2_XGB_seed42,HV,S2,XGB,500,Train,164.0,202.23145
HV_S2_XGB_seed42,HV,S2,XGB,501,Train,221.0,214.38698
HV_S2_XGB_seed42,HV,S2,XGB,502,Train,185.0,183.43608
HV_S2_XGB_seed42,HV,S2,XGB,503,Train,213.0,208.66853
HV_S2_XGB_seed42,HV,S2,XGB,504,Train,202.0,194.98305
HV_S2_XGB_seed42,HV,S2,XGB,505,Train,229.0,220.93478
HV_S2_XGB_seed42,HV,S2,XGB,506,Train,217.0,217.67172
HV_S2_XGB_seed42,HV,S2,XGB,507,Train,212.0,205.00813
HV_S2_XGB_seed42,HV,S2,XGB,509,Train,232.0,233.54951
HV_S2_XGB_seed42,HV,S2,XGB,510,Train,214.0,214.24847
HV_S2_XGB_seed42,HV,S2,XGB,511,Train,229.0,225.07948
HV_S2_XGB_seed42,HV,S2,XGB,512,Train,200.0,199.91112
HV_S2_XGB_seed42,HV,S2,XGB,516,Train,188.0,187.95778
HV_S2_XGB_seed42,HV,S2,XGB,517,Train,214.0,220.93478
HV_S2_XGB_seed42,HV,S2,XGB,518,Train,205.0,207.52844
HV_S2_XGB_seed42,HV,S2,XGB,520,Train,157.0,171.75851
HV_S2_XGB_seed42,HV,S2,XGB,521,Train,230.0,227.32353
HV_S2_XGB_seed42,HV,S2,XGB,523,Train,228.0,215.23378
HV_S2_XGB_seed42,HV,S2,XGB,524,Train,170.0,185.27979
HV_S2_XGB_seed42,HV,S2,XGB,526,Train,208.0,204.45079
HV_S2_XGB_seed42,HV,S2,XGB,527,Train,229.0,228.18542
HV_S2_XGB_seed42,HV,S2,XGB,528,Train,220.0,216.73883
HV_S2_XGB_seed42,HV,S2,XGB,529,Train,189.0,190.54857
HV_S2_XGB_seed42,HV,S2,XGB,530,Train,168.0,167.90608
HV_S2_XGB_seed42,HV,S2,XGB,532,Train,209.0,211.0593
HV_S2_XGB_seed42,HV,S2,XGB,533,Train,269.0,269.87247
HV_S2_XGB_seed42,HV,S2,XGB,536,Train,333.0,326.8007
HV_S2_XGB_seed42,HV,S2,XGB,538,Train,265.0,269.34778
HV_S2_XGB_seed42,HV,S2,XGB,540,Train,306.0,315.24896
HV_S2_XGB_seed42,HV,S2,XGB,541,Train,330.0,329.21008
HV_S2_XGB_seed42,HV,S2,XGB,542,Train,317.0,316.20697
HV_S2_XGB_seed42,HV,S2,XGB,543,Train,331.0,338.35883
HV_S2_XGB_seed42,HV,S2,XGB,544,Train,333.0,336.30835
HV_S2_XGB_seed42,HV,S2,XGB,545,Train,304.0,292.36517
HV_S2_XGB_seed42,HV,S2,XGB,547,Train,227.0,239.56506
HV_S2_XGB_seed42,HV,S2,XGB,548,Train,267.0,259.99237
HV_S2_XGB_seed42,HV,S2,XGB,549,Train,262.0,259.33066
HV_S2_XGB_seed42,HV,S2,XGB,550,Train,271.0,274.14175
HV_S2_XGB_seed42,HV,S2,XGB,552,Train,290.0,295.1024
HV_S2_XGB_seed42,HV,S2,XGB,554,Train,338.0,331.42538
HV_S2_XGB_seed42,HV,S2,XGB,555,Train,328.0,333.01224
HV_S2_XGB_seed42,HV,S2,XGB,556,Train,278.0,276.99634
HV_S2_XGB_seed42,HV,S2,XGB,557,Train,292.0,297.26205
HV_S2_XGB_seed42,HV,S2,XGB,558,Train,297.0,299.94565
HV_S2_XGB_seed42,HV,S2,XGB,559,Train,342.0,332.34637
HV_S2_XGB_seed42,HV,S2,XGB,560,Train,336.0,337.82315
HV_S2_XGB_seed42,HV,S2,XGB,561,Train,281.0,275.0696
HV_S2_XGB_seed42,HV,S2,XGB,562,Train,285.0,290.6171
HV_S2_XGB_seed42,HV,S2,XGB,563,Train,286.0,292.43137
HV_S2_XGB_seed42,HV,S2,XGB,565,Train,345.0,346.8713
HV_S2_XGB_seed42,HV,S2,XGB,566,Train,344.0,334.98993
HV_S2_XGB_seed42,HV,S2,XGB,567,Train,318.0,311.03088
HV_S2_XGB_seed42,HV,S2,XGB,568,Train,326.0,321.25137
HV_S2_XGB_seed42,HV,S2,XGB,569,Train,336.0,352.29196
HV_S2_XGB_seed42,HV,S2,XGB,570,Train,338.0,337.05283
HV_S2_XGB_seed42,HV,S2,XGB,571,Train,284.0,279.7489
HV_S2_XGB_seed42,HV,S2,XGB,572,Train,258.0,257.97232
HV_S2_XGB_seed42,HV,S2,XGB,573,Train,252.0,249.71661
HV_S2_XGB_seed42,HV,S2,XGB,574,Train,245.0,247.01277
HV_S2_XGB_seed42,HV,S2,XGB,575,Train,243.0,245.61963
HV_S2_XGB_seed42,HV,S2,XGB,577,Train,339.0,337.58908
HV_S2_XGB_seed42,HV,S2,XGB,578,Train,344.0,346.95615
HV_S2_XGB_seed42,HV,S2,XGB,580,Train,293.0,294.14862
HV_S2_XGB_seed42,HV,S2,XGB,581,Train,294.0,296.3527
HV_S2_XGB_seed42,HV,S2,XGB,582,Train,329.0,327.2645
HV_S2_XGB_seed42,HV,S2,XGB,583,Train,348.0,352.23312
HV_S2_XGB_seed42,HV,S2,XGB,584,Train,330.0,327.96564
HV_S2_XGB_seed42,HV,S2,XGB,585,Train,273.0,270.8712
HV_S2_XGB_seed42,HV,S2,XGB,586,Train,251.0,251.08278
HV_S2_XGB_seed42,HV,S2,XGB,588,Train,239.0,236.02966
HV_S2_XGB_seed42,HV,S2,XGB,589,Train,232.0,227.17963
HV_S2_XGB_seed42,HV,S2,XGB,590,Train,294.0,296.01544
HV_S2_XGB_seed42,HV,S2,XGB,591,Train,290.0,296.68323
HV_S2_XGB_seed42,HV,S2,XGB,592,Train,338.0,327.36124
HV_S2_XGB_seed42,HV,S2,XGB,593,Train,329.0,328.89157
HV_S2_XGB_seed42,HV,S2,XGB,594,Train,285.0,284.31113
HV_S2_XGB_seed42,HV,S2,XGB,595,Train,297.0,295.68127
HV_S2_XGB_seed42,HV,S2,XGB,596,Train,302.0,293.7482
HV_S2_XGB_seed42,HV,S2,XGB,597,Train,343.0,337.43723
HV_S2_XGB_seed42,HV,S2,XGB,598,Train,340.0,345.66943
HV_S2_XGB_seed42,HV,S2,XGB,599,Train,341.0,337.43723
HV_S2_XGB_seed42,HV,S2,XGB,600,Train,313.0,297.1899
HV_S2_XGB_seed42,HV,S2,XGB,601,Train,321.0,325.69238
HV_S2_XGB_seed42,HV,S2,XGB,602,Train,350.0,354.2
HV_S2_XGB_seed42,HV,S2,XGB,603,Train,313.0,321.3182
HV_S2_XGB_seed42,HV,S2,XGB,604,Train,253.0,256.97073
HV_S2_XGB_seed42,HV,S2,XGB,605,Train,234.0,235.14917
HV_S2_XGB_seed42,HV,S2,XGB,606,Train,231.0,228.1245
HV_S2_XGB_seed42,HV,S2,XGB,607,Train,227.0,223.68958
HV_S2_XGB_seed42,HV,S2,XGB,608,Train,210.0,210.97693
HV_S2_XGB_seed42,HV,S2,XGB,609,Train,284.0,283.48438
HV_S2_XGB_seed42,HV,S2,XGB,610,Train,296.0,299.63394
HV_S2_XGB_seed42,HV,S2,XGB,614,Train,337.0,335.15363
HV_S2_XGB_seed42,HV,S2,XGB,615,Train,338.0,342.75522
HV_S2_XGB_seed42,HV,S2,XGB,619,Train,238.0,251.34395
HV_S2_XGB_seed42,HV,S2,XGB,621,Train,213.0,218.36363
HV_S2_XGB_seed42,HV,S2,XGB,622,Train,210.0,215.51723
HV_S2_XGB_seed42,HV,S2,XGB,623,Train,201.0,191.56721
HV_S2_XGB_seed42,HV,S2,XGB,624,Train,287.0,287.62378
HV_S2_XGB_seed42,HV,S2,XGB,626,Train,287.0,298.58063
HV_S2_XGB_seed42,HV,S2,XGB,627,Train,335.0,326.01523
HV_S2_XGB_seed42,HV,S2,XGB,628,Train,316.0,322.91705
HV_S2_XGB_seed42,HV,S2,XGB,630,Train,310.0,299.84326
HV_S2_XGB_seed42,HV,S2,XGB,632,Train,335.0,334.09686
HV_S2_XGB_seed42,HV,S2,XGB,633,Train,337.0,341.47784
HV_S2_XGB_seed42,HV,S2,XGB,636,Train,329.0,324.58704
HV_S2_XGB_seed42,HV,S2,XGB,638,Train,309.0,305.45358
HV_S2_XGB_seed42,HV,S2,XGB,639,Train,233.0,228.07219
HV_S2_XGB_seed42,HV,S2,XGB,641,Train,190.0,187.89438
HV_S2_XGB_seed42,HV,S2,XGB,642,Train,179.0,184.59248
HV_S2_XGB_seed42,HV,S2,XGB,645,Train,302.0,302.8168
HV_S2_XGB_seed42,HV,S2,XGB,648,Train,311.0,312.25903
HV_S2_XGB_seed42,HV,S2,XGB,649,Train,293.0,294.3267
HV_S2_XGB_seed42,HV,S2,XGB,650,Train,306.0,300.66055
HV_S2_XGB_seed42,HV,S2,XGB,651,Train,295.0,291.73248
HV_S2_XGB_seed42,HV,S2,XGB,652,Train,333.0,331.1906
HV_S2_XGB_seed42,HV,S2,XGB,653,Train,336.0,334.29132
HV_S2_XGB_seed42,HV,S2,XGB,655,Train,352.0,353.67673
HV_S2_XGB_seed42,HV,S2,XGB,656,Train,289.0,285.81192
HV_S2_XGB_seed42,HV,S2,XGB,657,Train,233.0,222.78302
HV_S2_XGB_seed42,HV,S2,XGB,658,Train,179.0,186.4864
HV_S2_XGB_seed42,HV,S2,XGB,659,Train,168.0,169.3717
HV_S2_XGB_seed42,HV,S2,XGB,660,Train,159.0,159.32889
HV_S2_XGB_seed42,HV,S2,XGB,661,Train,148.0,148.8245
HV_S2_XGB_seed42,HV,S2,XGB,662,Train,299.0,299.1652
HV_S2_XGB_seed42,HV,S2,XGB,663,Train,282.0,272.17697
HV_S2_XGB_seed42,HV,S2,XGB,665,Train,303.0,304.65106
HV_S2_XGB_seed42,HV,S2,XGB,666,Train,331.0,327.64197
HV_S2_XGB_seed42,HV,S2,XGB,667,Train,333.0,327.23322
HV_S2_XGB_seed42,HV,S2,XGB,669,Train,349.0,349.44318
HV_S2_XGB_seed42,HV,S2,XGB,670,Train,264.0,265.5663
HV_S2_XGB_seed42,HV,S2,XGB,671,Train,202.0,206.30771
HV_S2_XGB_seed42,HV,S2,XGB,672,Train,172.0,177.6576
HV_S2_XGB_seed42,HV,S2,XGB,674,Train,142.0,139.94304
HV_S2_XGB_seed42,HV,S2,XGB,675,Train,136.0,136.60841
HV_S2_XGB_seed42,HV,S2,XGB,677,Train,295.0,293.0551
HV_S2_XGB_seed42,HV,S2,XGB,678,Train,305.0,293.5227
HV_S2_XGB_seed42,HV,S2,XGB,679,Train,293.0,286.0622
HV_S2_XGB_seed42,HV,S2,XGB,681,Train,313.0,317.5287
HV_S2_XGB_seed42,HV,S2,XGB,683,Train,326.0,326.76935
HV_S2_XGB_seed42,HV,S2,XGB,685,Train,334.0,326.76935
HV_S2_XGB_seed42,HV,S2,XGB,686,Train,266.0,261.5968
HV_S2_XGB_seed42,HV,S2,XGB,687,Train,295.0,293.85583
HV_S2_XGB_seed42,HV,S2,XGB,688,Train,295.0,299.49954
HV_S2_XGB_seed42,HV,S2,XGB,689,Train,277.0,269.15073
HV_S2_XGB_seed42,HV,S2,XGB,690,Train,297.0,290.68298
HV_S2_XGB_seed42,HV,S2,XGB,692,Train,290.0,276.743
HV_S2_XGB_seed42,HV,S2,XGB,693,Train,325.0,327.4254
HV_S2_XGB_seed42,HV,S2,XGB,694,Train,351.0,350.20026
HV_S2_XGB_seed42,HV,S2,XGB,695,Train,261.0,252.17413
HV_S2_XGB_seed42,HV,S2,XGB,696,Train,192.0,189.95267
HV_S2_XGB_seed42,HV,S2,XGB,697,Train,166.0,165.60852
HV_S2_XGB_seed42,HV,S2,XGB,698,Train,146.0,141.36781
HV_S2_XGB_seed42,HV,S2,XGB,700,Train,125.0,124.26544
HV_S2_XGB_seed42,HV,S2,XGB,701,Train,309.0,313.0115
HV_S2_XGB_seed42,HV,S2,XGB,702,Train,296.0,297.79587
HV_S2_XGB_seed42,HV,S2,XGB,703,Train,320.0,320.54922
HV_S2_XGB_seed42,HV,S2,XGB,704,Train,324.0,321.22607
HV_S2_XGB_seed42,HV,S2,XGB,705,Train,298.0,295.98926
HV_S2_XGB_seed42,HV,S2,XGB,706,Train,273.0,268.4586
HV_S2_XGB_seed42,HV,S2,XGB,707,Train,297.0,292.25378
HV_S2_XGB_seed42,HV,S2,XGB,708,Train,300.0,296.14328
HV_S2_XGB_seed42,HV,S2,XGB,709,Train,285.0,279.15952
HV_S2_XGB_seed42,HV,S2,XGB,710,Train,326.0,317.79352
HV_S2_XGB_seed42,HV,S2,XGB,712,Train,323.0,328.37643
HV_S2_XGB_seed42,HV,S2,XGB,713,Train,351.0,345.1446
HV_S2_XGB_seed42,HV,S2,XGB,714,Train,245.0,245.87392
HV_S2_XGB_seed42,HV,S2,XGB,715,Train,185.0,185.9007
HV_S2_XGB_seed42,HV,S2,XGB,716,Train,160.0,160.7803
HV_S2_XGB_seed42,HV,S2,XGB,717,Train,132.0,132.61737
HV_S2_XGB_seed42,HV,S2,XGB,718,Train,121.0,121.54949
HV_S2_XGB_seed42,HV,S2,XGB,719,Train,115.0,116.087494
HV_S2_XGB_seed42,HV,S2,XGB,720,Train,292.0,296.53287
HV_S2_XGB_seed42,HV,S2,XGB,722,Train,292.0,290.62314
HV_S2_XGB_seed42,HV,S2,XGB,723,Train,319.0,316.60712
HV_S2_XGB_seed42,HV,S2,XGB,724,Train,320.0,318.5572
HV_S2_XGB_seed42,HV,S2,XGB,727,Train,298.0,297.40524
HV_S2_XGB_seed42,HV,S2,XGB,728,Train,266.0,268.45312
HV_S2_XGB_seed42,HV,S2,XGB,729,Train,297.0,295.855
HV_S2_XGB_seed42,HV,S2,XGB,730,Train,297.0,296.52692
HV_S2_XGB_seed42,HV,S2,XGB,731,Train,279.0,279.07306
HV_S2_XGB_seed42,HV,S2,XGB,732,Train,292.0,295.20355
HV_S2_XGB_seed42,HV,S2,XGB,734,Train,283.0,283.56125
HV_S2_XGB_seed42,HV,S2,XGB,735,Train,315.0,314.38852
HV_S2_XGB_seed42,HV,S2,XGB,736,Train,319.0,315.66724
HV_S2_XGB_seed42,HV,S2,XGB,737,Train,298.0,297.8497
HV_S2_XGB_seed42,HV,S2,XGB,738,Train,265.0,265.48523
HV_S2_XGB_seed42,HV,S2,XGB,739,Train,298.0,298.48203
HV_S2_XGB_seed42,HV,S2,XGB,740,Train,293.0,297.2596
HV_S2_XGB_seed42,HV,S2,XGB,741,Train,276.0,272.76215
HV_S2_XGB_seed42,HV,S2,XGB,742,Train,323.0,326.5036
HV_S2_XGB_seed42,HV,S2,XGB,743,Train,341.0,339.65295
HV_S2_XGB_seed42,HV,S2,XGB,744,Train,216.0,224.00476
HV_S2_XGB_seed42,HV,S2,XGB,745,Train,179.0,179.75876
HV_S2_XGB_seed42,HV,S2,XGB,746,Train,158.0,155.42932
HV_S2_XGB_seed42,HV,S2,XGB,747,Train,125.0,126.43238
HV_S2_XGB_seed42,HV,S2,XGB,748,Train,111.0,116.34019
HV_S2_XGB_seed42,HV,S2,XGB,751,Train,290.0,289.69257
HV_S2_XGB_seed42,HV,S2,XGB,752,Train,276.0,277.25876
HV_S2_XGB_seed42,HV,S2,XGB,753,Train,311.0,309.23993
HV_S2_XGB_seed42,HV,S2,XGB,754,Train,315.0,312.18274
HV_S2_XGB_seed42,HV,S2,XGB,756,Train,298.0,297.9654
HV_S2_XGB_seed42,HV,S2,XGB,758,Train,298.0,298.4634
HV_S2_XGB_seed42,HV,S2,XGB,759,Train,289.0,293.07092
HV_S2_XGB_seed42,HV,S2,XGB,760,Train,274.0,273.15118
HV_S2_XGB_seed42,HV,S2,XGB,761,Train,291.0,287.2151
HV_S2_XGB_seed42,HV,S2,XGB,762,Train,278.0,281.19928
HV_S2_XGB_seed42,HV,S2,XGB,763,Train,269.0,270.12244
HV_S2_XGB_seed42,HV,S2,XGB,765,Train,313.0,308.09897
HV_S2_XGB_seed42,HV,S2,XGB,766,Train,179.0,195.89963
HV_S2_XGB_seed42,HV,S2,XGB,767,Train,300.0,299.0952
HV_S2_XGB_seed42,HV,S2,XGB,768,Train,259.0,257.5123
HV_S2_XGB_seed42,HV,S2,XGB,769,Train,300.0,298.92426
HV_S2_XGB_seed42,HV,S2,XGB,770,Train,288.0,292.9219
HV_S2_XGB_seed42,HV,S2,XGB,771,Train,273.0,267.47086
HV_S2_XGB_seed42,HV,S2,XGB,772,Train,329.0,328.04633
HV_S2_XGB_seed42,HV,S2,XGB,773,Train,335.0,330.45496
HV_S2_XGB_seed42,HV,S2,XGB,774,Train,215.0,210.00787
HV_S2_XGB_seed42,HV,S2,XGB,775,Train,181.0,177.24432
HV_S2_XGB_seed42,HV,S2,XGB,776,Train,156.0,155.28499
HV_S2_XGB_seed42,HV,S2,XGB,777,Train,124.0,121.68499
HV_S2_XGB_seed42,HV,S2,XGB,778,Train,106.0,103.82225
HV_S2_XGB_seed42,HV,S2,XGB,779,Train,95.0,97.15126
HV_S2_XGB_seed42,HV,S2,XGB,780,Train,290.0,283.42657
HV_S2_XGB_seed42,HV,S2,XGB,781,Train,268.0,272.48544
HV_S2_XGB_seed42,HV,S2,XGB,782,Train,264.0,261.9609
HV_S2_XGB_seed42,HV,S2,XGB,786,Train,299.0,297.81403
HV_S2_XGB_seed42,HV,S2,XGB,787,Train,301.0,299.10117
HV_S2_XGB_seed42,HV,S2,XGB,788,Train,287.0,289.23425
HV_S2_XGB_seed42,HV,S2,XGB,789,Train,272.0,269.64328
HV_S2_XGB_seed42,HV,S2,XGB,790,Train,286.0,283.17728
HV_S2_XGB_seed42,HV,S2,XGB,792,Train,258.0,270.26663
HV_S2_XGB_seed42,HV,S2,XGB,793,Train,259.0,260.168
HV_S2_XGB_seed42,HV,S2,XGB,795,Train,287.0,289.06345
HV_S2_XGB_seed42,HV,S2,XGB,796,Train,270.0,259.0089
HV_S2_XGB_seed42,HV,S2,XGB,797,Train,291.0,295.77774
HV_S2_XGB_seed42,HV,S2,XGB,798,Train,298.0,299.4361
HV_S2_XGB_seed42,HV,S2,XGB,799,Train,305.0,295.77774
HV_S2_XGB_seed42,HV,S2,XGB,800,Train,172.0,190.87508
HV_S2_XGB_seed42,HV,S2,XGB,801,Train,330.0,324.95328
HV_S2_XGB_seed42,HV,S2,XGB,802,Train,324.0,319.46466
HV_S2_XGB_seed42,HV,S2,XGB,804,Train,176.0,168.80894
HV_S2_XGB_seed42,HV,S2,XGB,805,Train,153.0,147.76683
HV_S2_XGB_seed42,HV,S2,XGB,806,Train,122.0,117.340996
HV_S2_XGB_seed42,HV,S2,XGB,807,Train,100.0,101.168
HV_S2_XGB_seed42,HV,S2,XGB,808,Train,91.0,98.126076
HV_S2_XGB_seed42,HV,S2,XGB,809,Train,286.0,281.7097
HV_S2_XGB_seed42,HV,S2,XGB,810,Train,282.0,278.04303
HV_S2_XGB_seed42,HV,S2,XGB,813,Train,288.0,289.84436
HV_S2_XGB_seed42,HV,S2,XGB,814,Train,293.0,295.50766
HV_S2_XGB_seed42,HV,S2,XGB,815,Train,248.0,243.45146
HV_S2_XGB_seed42,HV,S2,XGB,816,Train,251.0,252.07167
HV_S2_XGB_seed42,HV,S2,XGB,817,Train,285.0,287.9405
HV_S2_XGB_seed42,HV,S2,XGB,818,Train,291.0,291.25253
HV_S2_XGB_seed42,HV,S2,XGB,819,Train,238.0,241.09227
HV_S2_XGB_seed42,HV,S2,XGB,820,Train,208.0,210.38083
HV_S2_XGB_seed42,HV,S2,XGB,821,Train,227.0,228.94913
HV_S2_XGB_seed42,HV,S2,XGB,822,Train,247.0,240.05467
HV_S2_XGB_seed42,HV,S2,XGB,823,Train,255.0,268.9288
HV_S2_XGB_seed42,HV,S2,XGB,824,Train,244.0,256.9168
HV_S2_XGB_seed42,HV,S2,XGB,825,Train,216.0,263.8796
HV_S2_XGB_seed42,HV,S2,XGB,827,Train,254.0,268.9288
HV_S2_XGB_seed42,HV,S2,XGB,828,Train,240.0,256.9168
HV_S2_XGB_seed42,HV,S2,XGB,830,Train,169.0,210.39395
HV_S2_XGB_seed42,HV,S2,XGB,831,Train,226.0,268.9288
HV_S2_XGB_seed42,HV,S2,XGB,832,Train,220.0,256.9168
HV_S2_XGB_seed42,HV,S2,XGB,833,Train,196.0,263.8796
HV_S2_XGB_seed42,HV,S2,XGB,834,Train,155.0,210.39395
HV_S2_XGB_seed42,HV,S2,XGB,836,Train,336.0,256.9168
HV_S2_XGB_seed42,HV,S2,XGB,837,Train,320.0,263.8796
HV_S2_XGB_seed42,HV,S2,XGB,838,Train,265.0,210.39395
HV_S2_XGB_seed42,HV,S2,XGB,839,Train,320.0,268.9288
HV_S2_XGB_seed42,HV,S2,XGB,841,Train,286.0,263.8796
HV_S2_XGB_seed42,HV,S2,XGB,843,Train,289.0,268.9288
HV_S2_XGB_seed42,HV,S2,XGB,845,Train,302.0,263.8796
HV_S2_XGB_seed42,HV,S2,XGB,846,Train,254.0,210.39395
HV_S2_XGB_seed42,HV,S2,XGB,848,Train,370.0,366.83978
HV_S2_XGB_seed42,HV,S2,XGB,849,Train,299.0,301.75705
HV_S2_XGB_seed42,HV,S2,XGB,850,Train,371.0,373.56476
HV_S2_XGB_seed42,HV,S2,XGB,851,Train,373.0,370.1403
HV_S2_XGB_seed42,HV,S2,XGB,853,Train,351.0,357.42798
HV_S2_XGB_seed42,HV,S2,XGB,855,Train,357.0,361.0759
HV_S2_XGB_seed42,HV,S2,XGB,856,Train,361.0,357.42798
HV_S2_XGB_seed42,HV,S2,XGB,858,Train,381.0,376.55856
HV_S2_XGB_seed42,HV,S2,XGB,859,Train,222.0,226.09636
HV_S2_XGB_seed42,HV,S2,XGB,860,Train,239.0,238.72273
HV_S2_XGB_seed42,HV,S2,XGB,861,Train,242.0,232.3266
HV_S2_XGB_seed42,HV,S2,XGB,862,Train,259.0,271.38666
HV_S2_XGB_seed42,HV,S2,XGB,863,Train,235.0,269.902
HV_S2_XGB_seed42,HV,S2,XGB,865,Train,158.0,189.66475
HV_S2_XGB_seed42,HV,S2,XGB,866,Train,251.0,271.38666
HV_S2_XGB_seed42,HV,S2,XGB,868,Train,180.0,251.52663
HV_S2_XGB_seed42,HV,S2,XGB,869,Train,151.0,189.66475
HV_S2_XGB_seed42,HV,S2,XGB,870,Train,225.0,271.38666
HV_S2_XGB_seed42,HV,S2,XGB,871,Train,210.0,269.902
HV_S2_XGB_seed42,HV,S2,XGB,873,Train,141.0,189.66475
HV_S2_XGB_seed42,HV,S2,XGB,874,Train,348.0,271.38666
HV_S2_XGB_seed42,HV,S2,XGB,875,Train,330.0,269.902
HV_S2_XGB_seed42,HV,S2,XGB,877,Train,235.0,189.66475
HV_S2_XGB_seed42,HV,S2,XGB,879,Train,305.0,269.902
HV_S2_XGB_seed42,HV,S2,XGB,880,Train,280.0,251.52663
HV_S2_XGB_seed42,HV,S2,XGB,881,Train,223.0,189.66475
HV_S2_XGB_seed42,HV,S2,XGB,882,Train,290.0,271.38666
HV_S2_XGB_seed42,HV,S2,XGB,884,Train,291.0,251.52663
HV_S2_XGB_seed42,HV,S2,XGB,885,Train,219.0,189.66475
HV_S2_XGB_seed42,HV,S2,XGB,886,Train,282.0,273.89633
HV_S2_XGB_seed42,HV,S2,XGB,887,Train,382.0,366.2374
HV_S2_XGB_seed42,HV,S2,XGB,889,Train,287.0,286.99258
HV_S2_XGB_seed42,HV,S2,XGB,890,Train,345.0,343.87143
HV_S2_XGB_seed42,HV,S2,XGB,891,Train,267.0,280.0779
HV_S2_XGB_seed42,HV,S2,XGB,892,Train,359.0,359.27756
HV_S2_XGB_seed42,HV,S2,XGB,894,Train,304.0,280.0779
HV_S2_XGB_seed42,HV,S2,XGB,895,Train,232.0,231.53937
HV_S2_XGB_seed42,HV,S2,XGB,896,Train,248.0,240.85039
HV_S2_XGB_seed42,HV,S2,XGB,897,Train,222.0,219.95013
HV_S2_XGB_seed42,HV,S2,XGB,898,Train,253.0,258.17795
HV_S2_XGB_seed42,HV,S2,XGB,899,Train,229.0,247.0848
HV_S2_XGB_seed42,HV,S2,XGB,900,Train,162.0,224.90266
HV_S2_XGB_seed42,HV,S2,XGB,901,Train,145.0,175.71593
HV_S2_XGB_seed42,HV,S2,XGB,902,Train,245.0,258.17795
HV_S2_XGB_seed42,HV,S2,XGB,903,Train,196.0,247.0848
HV_S2_XGB_seed42,HV,S2,XGB,905,Train,144.0,175.71593
HV_S2_XGB_seed42,HV,S2,XGB,906,Train,220.0,258.17795
HV_S2_XGB_seed42,HV,S2,XGB,907,Train,201.0,247.0848
HV_S2_XGB_seed42,HV,S2,XGB,908,Train,176.0,224.90266
HV_S2_XGB_seed42,HV,S2,XGB,909,Train,135.0,175.71593
HV_S2_XGB_seed42,HV,S2,XGB,911,Train,321.0,247.0848
HV_S2_XGB_seed42,HV,S2,XGB,913,Train,213.0,175.71593
HV_S2_XGB_seed42,HV,S2,XGB,916,Train,272.0,224.90266
HV_S2_XGB_seed42,HV,S2,XGB,917,Train,204.0,175.71593
HV_S2_XGB_seed42,HV,S2,XGB,918,Train,289.0,258.17795
HV_S2_XGB_seed42,HV,S2,XGB,919,Train,279.0,247.0848
HV_S2_XGB_seed42,HV,S2,XGB,920,Train,275.0,224.90266
HV_S2_XGB_seed42,HV,S2,XGB,921,Train,205.0,175.71593
HV_S2_XGB_seed42,HV,S2,XGB,923,Train,248.0,243.92409
HV_S2_XGB_seed42,HV,S2,XGB,924,Train,211.0,205.6111
HV_S2_XGB_seed42,HV,S2,XGB,925,Train,252.0,273.2106
HV_S2_XGB_seed42,HV,S2,XGB,926,Train,216.0,248.33205
HV_S2_XGB_seed42,HV,S2,XGB,928,Train,141.0,170.3941
HV_S2_XGB_seed42,HV,S2,XGB,929,Train,234.0,273.2106
HV_S2_XGB_seed42,HV,S2,XGB,930,Train,188.0,248.33205
HV_S2_XGB_seed42,HV,S2,XGB,931,Train,155.0,212.89485
HV_S2_XGB_seed42,HV,S2,XGB,932,Train,143.0,170.3941
HV_S2_XGB_seed42,HV,S2,XGB,933,Train,218.0,273.2106
HV_S2_XGB_seed42,HV,S2,XGB,934,Train,200.0,248.33205
HV_S2_XGB_seed42,HV,S2,XGB,935,Train,166.0,212.89485
HV_S2_XGB_seed42,HV,S2,XGB,936,Train,132.0,170.3941
HV_S2_XGB_seed42,HV,S2,XGB,937,Train,345.0,273.2106
HV_S2_XGB_seed42,HV,S2,XGB,938,Train,318.0,248.33205
HV_S2_XGB_seed42,HV,S2,XGB,939,Train,272.0,212.89485
HV_S2_XGB_seed42,HV,S2,XGB,940,Train,212.0,170.3941
HV_S2_XGB_seed42,HV,S2,XGB,941,Train,314.0,273.2106
HV_S2_XGB_seed42,HV,S2,XGB,942,Train,292.0,248.33205
HV_S2_XGB_seed42,HV,S2,XGB,944,Train,193.0,170.3941
HV_S2_XGB_seed42,HV,S2,XGB,946,Train,278.0,248.33205
HV_S2_XGB_seed42,HV,S2,XGB,947,Train,264.0,212.89485
HV_S2_XGB_seed42,HV,S2,XGB,948,Train,202.0,170.3941
HV_S2_XGB_seed42,HV,S2,XGB,949,Train,296.0,293.3592
HV_S2_XGB_seed42,HV,S2,XGB,950,Train,360.0,365.06628
HV_S2_XGB_seed42,HV,S2,XGB,951,Train,349.0,347.4845
HV_S2_XGB_seed42,HV,S2,XGB,952,Train,273.0,259.97308
HV_S2_XGB_seed42,HV,S2,XGB,953,Train,365.0,365.23438
HV_S2_XGB_seed42,HV,S2,XGB,954,Train,342.0,342.36365
HV_S2_XGB_seed42,HV,S2,XGB,956,Train,362.0,365.23438
HV_S2_XGB_seed42,HV,S2,XGB,959,Train,244.0,243.97319
HV_S2_XGB_seed42,HV,S2,XGB,960,Train,247.0,243.93584
HV_S2_XGB_seed42,HV,S2,XGB,961,Train,197.0,195.94751
HV_S2_XGB_seed42,HV,S2,XGB,962,Train,243.0,277.58438
HV_S2_XGB_seed42,HV,S2,XGB,963,Train,215.0,247.23206
HV_S2_XGB_seed42,HV,S2,XGB,967,Train,182.0,247.23206
HV_S2_XGB_seed42,HV,S2,XGB,968,Train,150.0,198.43294
HV_S2_XGB_seed42,HV,S2,XGB,969,Train,140.0,174.8575
HV_S2_XGB_seed42,HV,S2,XGB,970,Train,218.0,277.58438
HV_S2_XGB_seed42,HV,S2,XGB,971,Train,196.0,247.23206
HV_S2_XGB_seed42,HV,S2,XGB,972,Train,157.0,198.43294
HV_S2_XGB_seed42,HV,S2,XGB,973,Train,131.0,174.8575
HV_S2_XGB_seed42,HV,S2,XGB,974,Train,343.0,277.58438
HV_S2_XGB_seed42,HV,S2,XGB,975,Train,312.0,247.23206
HV_S2_XGB_seed42,HV,S2,XGB,976,Train,267.0,198.43294
HV_S2_XGB_seed42,HV,S2,XGB,977,Train,206.0,174.8575
HV_S2_XGB_seed42,HV,S2,XGB,978,Train,313.0,277.58438
HV_S2_XGB_seed42,HV,S2,XGB,979,Train,290.0,247.23206
HV_S2_XGB_seed42,HV,S2,XGB,981,Train,192.0,174.8575
HV_S2_XGB_seed42,HV,S2,XGB,982,Train,285.0,277.58438
HV_S2_XGB_seed42,HV,S2,XGB,983,Train,277.0,247.23206
HV_S2_XGB_seed42,HV,S2,XGB,985,Train,197.0,174.8575
HV_S2_XGB_seed42,HV,S2,XGB,990,Train,244.0,240.4217
HV_S2_XGB_seed42,HV,S2,XGB,991,Train,161.0,169.99135
HV_S2_XGB_seed42,HV,S2,XGB,992,Train,239.0,265.9816
HV_S2_XGB_seed42,HV,S2,XGB,993,Train,203.0,246.00967
HV_S2_XGB_seed42,HV,S2,XGB,994,Train,148.0,195.08768
HV_S2_XGB_seed42,HV,S2,XGB,996,Train,210.0,265.9816
HV_S2_XGB_seed42,HV,S2,XGB,997,Train,173.0,246.00967
HV_S2_XGB_seed42,HV,S2,XGB,998,Train,147.0,195.08768
HV_S2_XGB_seed42,HV,S2,XGB,999,Train,139.0,175.54427
HV_S2_XGB_seed42,HV,S2,XGB,1000,Train,214.0,265.9816
HV_S2_XGB_seed42,HV,S2,XGB,1004,Train,339.0,265.9816
HV_S2_XGB_seed42,HV,S2,XGB,1005,Train,309.0,246.00967
HV_S2_XGB_seed42,HV,S2,XGB,1006,Train,253.0,195.08768
HV_S2_XGB_seed42,HV,S2,XGB,1007,Train,198.0,175.54427
HV_S2_XGB_seed42,HV,S2,XGB,1008,Train,312.0,265.9816
HV_S2_XGB_seed42,HV,S2,XGB,1009,Train,284.0,246.00967
HV_S2_XGB_seed42,HV,S2,XGB,1011,Train,191.0,175.54427
HV_S2_XGB_seed42,HV,S2,XGB,1012,Train,281.0,265.9816
HV_S2_XGB_seed42,HV,S2,XGB,1013,Train,273.0,246.00967
HV_S2_XGB_seed42,HV,S2,XGB,1014,Train,241.0,195.08768
HV_S2_XGB_seed42,HV,S2,XGB,1015,Train,189.0,175.54427
HV_S2_XGB_seed42,HV,S2,XGB,1016,Train,353.0,354.21924
HV_S2_XGB_seed42,HV,S2,XGB,1017,Train,343.0,336.55527
HV_S2_XGB_seed42,HV,S2,XGB,1018,Train,259.0,246.13062
HV_S2_XGB_seed42,HV,S2,XGB,1020,Train,325.0,331.95334
HV_S2_XGB_seed42,HV,S2,XGB,1021,Train,219.0,227.1382
HV_S2_XGB_seed42,HV,S2,XGB,1022,Train,362.0,358.14517
HV_S2_XGB_seed42,HV,S2,XGB,1023,Train,342.0,331.95334
HV_S2_XGB_seed42,HV,S2,XGB,1024,Train,227.0,227.1382
HV_S2_XGB_seed42,HV,S2,XGB,1025,Train,243.0,240.05457
HV_S2_XGB_seed42,HV,S2,XGB,1028,Train,234.0,261.52866
HV_S2_XGB_seed42,HV,S2,XGB,1029,Train,195.0,222.31224
HV_S2_XGB_seed42,HV,S2,XGB,1030,Train,149.0,192.09627
HV_S2_XGB_seed42,HV,S2,XGB,1032,Train,200.0,261.52866
HV_S2_XGB_seed42,HV,S2,XGB,1033,Train,169.0,222.31224
HV_S2_XGB_seed42,HV,S2,XGB,1034,Train,145.0,192.09627
HV_S2_XGB_seed42,HV,S2,XGB,1035,Train,137.0,157.84746
HV_S2_XGB_seed42,HV,S2,XGB,1036,Train,214.0,261.52866
HV_S2_XGB_seed42,HV,S2,XGB,1037,Train,179.0,222.31224
HV_S2_XGB_seed42,HV,S2,XGB,1038,Train,140.0,192.09627
HV_S2_XGB_seed42,HV,S2,XGB,1039,Train,129.0,157.84746
HV_S2_XGB_seed42,HV,S2,XGB,1040,Train,336.0,261.52866
HV_S2_XGB_seed42,HV,S2,XGB,1042,Train,242.0,192.09627
HV_S2_XGB_seed42,HV,S2,XGB,1043,Train,185.0,157.84746
HV_S2_XGB_seed42,HV,S2,XGB,1044,Train,306.0,261.52866
HV_S2_XGB_seed42,HV,S2,XGB,1045,Train,280.0,222.31224
HV_S2_XGB_seed42,HV,S2,XGB,1046,Train,241.0,192.09627
HV_S2_XGB_seed42,HV,S2,XGB,1048,Train,283.0,261.52866
HV_S2_XGB_seed42,HV,S2,XGB,1049,Train,272.0,222.31224
HV_S2_XGB_seed42,HV,S2,XGB,1050,Train,229.0,192.09627
HV_S2_XGB_seed42,HV,S2,XGB,1051,Train,181.0,157.84746
HV_S2_XGB_seed42,HV,S2,XGB,1052,Train,278.0,279.57327
HV_S2_XGB_seed42,HV,S2,XGB,1053,Train,353.0,358.84445
HV_S2_XGB_seed42,HV,S2,XGB,1054,Train,311.0,306.39737
HV_S2_XGB_seed42,HV,S2,XGB,1055,Train,192.0,199.01828
HV_S2_XGB_seed42,HV,S2,XGB,1056,Train,244.0,250.07718
HV_S2_XGB_seed42,HV,S2,XGB,1057,Train,217.0,225.7413
HV_S2_XGB_seed42,HV,S2,XGB,1060,Train,180.0,210.85875
HV_S2_XGB_seed42,HV,S2,XGB,1061,Train,146.0,184.0433
HV_S2_XGB_seed42,HV,S2,XGB,1064,Train,160.0,210.85875
HV_S2_XGB_seed42,HV,S2,XGB,1065,Train,144.0,184.0433
HV_S2_XGB_seed42,HV,S2,XGB,1066,Train,136.0,158.25427
HV_S2_XGB_seed42,HV,S2,XGB,1068,Train,169.0,210.85875
HV_S2_XGB_seed42,HV,S2,XGB,1069,Train,137.0,184.0433
HV_S2_XGB_seed42,HV,S2,XGB,1070,Train,127.0,158.25427
HV_S2_XGB_seed42,HV,S2,XGB,1071,Train,336.0,297.94006
HV_S2_XGB_seed42,HV,S2,XGB,1073,Train,231.0,184.0433
HV_S2_XGB_seed42,HV,S2,XGB,1074,Train,177.0,158.25427
HV_S2_XGB_seed42,HV,S2,XGB,1076,Train,272.0,210.85875
HV_S2_XGB_seed42,HV,S2,XGB,1077,Train,233.0,184.0433
HV_S2_XGB_seed42,HV,S2,XGB,1078,Train,173.0,158.25427
HV_S2_XGB_seed42,HV,S2,XGB,1079,Train,279.0,297.94006
HV_S2_XGB_seed42,HV,S2,XGB,1080,Train,270.0,210.85875
HV_S2_XGB_seed42,HV,S2,XGB,1081,Train,216.0,184.0433
HV_S2_XGB_seed42,HV,S2,XGB,1082,Train,175.0,158.25427
HV_S2_XGB_seed42,HV,S2,XGB,1083,Train,241.0,240.55292
HV_S2_XGB_seed42,HV,S2,XGB,1084,Train,209.0,217.37543
HV_S2_XGB_seed42,HV,S2,XGB,1085,Train,136.0,159.76627
HV_S2_XGB_seed42,HV,S2,XGB,1086,Train,211.0,248.19078
HV_S2_XGB_seed42,HV,S2,XGB,1088,Train,144.0,166.14224
HV_S2_XGB_seed42,HV,S2,XGB,1089,Train,133.0,151.10268
HV_S2_XGB_seed42,HV,S2,XGB,1090,Train,183.0,248.19078
HV_S2_XGB_seed42,HV,S2,XGB,1091,Train,156.0,215.5533
HV_S2_XGB_seed42,HV,S2,XGB,1092,Train,141.0,166.14224
HV_S2_XGB_seed42,HV,S2,XGB,1093,Train,132.0,151.10268
HV_S2_XGB_seed42,HV,S2,XGB,1094,Train,206.0,248.19078
HV_S2_XGB_seed42,HV,S2,XGB,1095,Train,163.0,215.5533
HV_S2_XGB_seed42,HV,S2,XGB,1096,Train,136.0,166.14224
HV_S2_XGB_seed42,HV,S2,XGB,1097,Train,128.0,151.10268
HV_S2_XGB_seed42,HV,S2,XGB,1098,Train,332.0,248.19078
HV_S2_XGB_seed42,HV,S2,XGB,1099,Train,284.0,215.5533
HV_S2_XGB_seed42,HV,S2,XGB,1101,Train,169.0,151.10268
HV_S2_XGB_seed42,HV,S2,XGB,1102,Train,302.0,248.19078
HV_S2_XGB_seed42,HV,S2,XGB,1103,Train,262.0,215.5533
HV_S2_XGB_seed42,HV,S2,XGB,1104,Train,217.0,166.14224
HV_S2_XGB_seed42,HV,S2,XGB,1105,Train,170.0,151.10268
HV_S2_XGB_seed42,HV,S2,XGB,1108,Train,205.0,166.14224
HV_S2_XGB_seed42,HV,S2,XGB,1109,Train,170.0,151.10268
HV_S2_XGB_seed42,HV,S2,XGB,1110,Train,234.0,230.64389
HV_S2_XGB_seed42,HV,S2,XGB,1111,Train,204.0,215.38454
HV_S2_XGB_seed42,HV,S2,XGB,1113,Train,199.0,237.68356
HV_S2_XGB_seed42,HV,S2,XGB,1114,Train,157.0,212.70119
HV_S2_XGB_seed42,HV,S2,XGB,1115,Train,143.0,164.42516
HV_S2_XGB_seed42,HV,S2,XGB,1117,Train,175.0,237.68356
HV_S2_XGB_seed42,HV,S2,XGB,1118,Train,153.0,212.70119
HV_S2_XGB_seed42,HV,S2,XGB,1119,Train,140.0,164.42516
HV_S2_XGB_seed42,HV,S2,XGB,1120,Train,132.0,150.60864
HV_S2_XGB_seed42,HV,S2,XGB,1121,Train,202.0,237.68356
HV_S2_XGB_seed42,HV,S2,XGB,1122,Train,154.0,212.70119
HV_S2_XGB_seed42,HV,S2,XGB,1123,Train,134.0,164.42516
HV_S2_XGB_seed42,HV,S2,XGB,1124,Train,127.0,150.60864
HV_S2_XGB_seed42,HV,S2,XGB,1125,Train,329.0,237.68356
HV_S2_XGB_seed42,HV,S2,XGB,1126,Train,271.0,212.70119
HV_S2_XGB_seed42,HV,S2,XGB,1128,Train,166.0,150.60864
HV_S2_XGB_seed42,HV,S2,XGB,1130,Train,262.0,212.70119
HV_S2_XGB_seed42,HV,S2,XGB,1131,Train,205.0,164.42516
HV_S2_XGB_seed42,HV,S2,XGB,1132,Train,166.0,150.60864
HV_S2_XGB_seed42,HV,S2,XGB,1133,Train,277.0,237.68356
HV_S2_XGB_seed42,HV,S2,XGB,1134,Train,261.0,212.70119
HV_S2_XGB_seed42,HV,S2,XGB,1135,Train,193.0,164.42516
HV_S2_XGB_seed42,HV,S2,XGB,1136,Train,163.0,150.60864
HV_S2_XGB_seed42,HV,S2,XGB,1137,Train,258.0,266.0292
HV_S2_XGB_seed42,HV,S2,XGB,1139,Train,197.0,212.10098
HV_S2_XGB_seed42,HV,S2,XGB,1140,Train,132.0,148.13458
HV_S2_XGB_seed42,HV,S2,XGB,1141,Train,198.0,244.35326
HV_S2_XGB_seed42,HV,S2,XGB,1142,Train,151.0,214.68181
HV_S2_XGB_seed42,HV,S2,XGB,1143,Train,141.0,151.36674
HV_S2_XGB_seed42,HV,S2,XGB,1144,Train,130.0,138.09425
HV_S2_XGB_seed42,HV,S2,XGB,1145,Train,168.0,244.35326
HV_S2_XGB_seed42,HV,S2,XGB,1146,Train,150.0,214.68181
HV_S2_XGB_seed42,HV,S2,XGB,1147,Train,141.0,151.36674
HV_S2_XGB_seed42,HV,S2,XGB,1148,Train,131.0,138.09425
HV_S2_XGB_seed42,HV,S2,XGB,1149,Train,195.0,244.35326
HV_S2_XGB_seed42,HV,S2,XGB,1151,Train,133.0,151.36674
HV_S2_XGB_seed42,HV,S2,XGB,1152,Train,125.0,138.09425
HV_S2_XGB_seed42,HV,S2,XGB,1153,Train,323.0,244.35326
HV_S2_XGB_seed42,HV,S2,XGB,1154,Train,264.0,214.68181
HV_S2_XGB_seed42,HV,S2,XGB,1155,Train,192.0,151.36674
HV_S2_XGB_seed42,HV,S2,XGB,1157,Train,296.0,244.35326
HV_S2_XGB_seed42,HV,S2,XGB,1158,Train,256.0,214.68181
HV_S2_XGB_seed42,HV,S2,XGB,1160,Train,161.0,138.09425
HV_S2_XGB_seed42,HV,S2,XGB,1161,Train,276.0,244.35326
HV_S2_XGB_seed42,HV,S2,XGB,1162,Train,255.0,214.68181
HV_S2_XGB_seed42,HV,S2,XGB,1165,Train,177.0,181.37589
HV_S2_XGB_seed42,HV,S2,XGB,1166,Train,217.0,222.85144
HV_S2_XGB_seed42,HV,S2,XGB,1168,Train,130.0,151.7751
HV_S2_XGB_seed42,HV,S2,XGB,1169,Train,187.0,248.55048
HV_S2_XGB_seed42,HV,S2,XGB,1170,Train,148.0,190.12013
HV_S2_XGB_seed42,HV,S2,XGB,1171,Train,141.0,147.61703
HV_S2_XGB_seed42,HV,S2,XGB,1172,Train,130.0,138.31136
HV_S2_XGB_seed42,HV,S2,XGB,1173,Train,166.0,248.55048
HV_S2_XGB_seed42,HV,S2,XGB,1174,Train,148.0,190.12013
HV_S2_XGB_seed42,HV,S2,XGB,1175,Train,140.0,147.61703
HV_S2_XGB_seed42,HV,S2,XGB,1176,Train,127.0,138.31136
HV_S2_XGB_seed42,HV,S2,XGB,1178,Train,145.0,190.12013
HV_S2_XGB_seed42,HV,S2,XGB,1179,Train,135.0,147.61703
HV_S2_XGB_seed42,HV,S2,XGB,1180,Train,124.0,138.31136
HV_S2_XGB_seed42,HV,S2,XGB,1181,Train,320.0,248.55048
HV_S2_XGB_seed42,HV,S2,XGB,1182,Train,256.0,190.12013
HV_S2_XGB_seed42,HV,S2,XGB,1184,Train,155.0,138.31136
HV_S2_XGB_seed42,HV,S2,XGB,1185,Train,296.0,248.55048
HV_S2_XGB_seed42,HV,S2,XGB,1186,Train,248.0,190.12013
HV_S2_XGB_seed42,HV,S2,XGB,1187,Train,171.0,147.61703
HV_S2_XGB_seed42,HV,S2,XGB,1188,Train,157.0,138.31136
HV_S2_XGB_seed42,HV,S2,XGB,1189,Train,270.0,248.55048
HV_S2_XGB_seed42,HV,S2,XGB,1191,Train,164.0,147.61703
HV_S2_XGB_seed42,HV,S2,XGB,1194,Train,78.0,75.84246
HV_S2_XGB_seed42,HV,S2,XGB,1195,Train,78.0,76.86081
HV_S2_XGB_seed42,HV,S2,XGB,1196,Train,72.0,73.84103
HV_S2_XGB_seed42,HV,S2,XGB,1197,Train,78.0,78.24743
HV_S2_XGB_seed42,HV,S2,XGB,1199,Train,96.0,96.6949
HV_S2_XGB_seed42,HV,S2,XGB,1200,Train,112.0,115.30321
HV_S2_XGB_seed42,HV,S2,XGB,1201,Train,116.0,112.34464
HV_S2_XGB_seed42,HV,S2,XGB,1202,Train,76.0,77.51043
HV_S2_XGB_seed42,HV,S2,XGB,1203,Train,75.0,77.109314
HV_S2_XGB_seed42,HV,S2,XGB,1205,Train,79.0,77.49684
HV_S2_XGB_seed42,HV,S2,XGB,1208,Train,105.0,105.06824
HV_S2_XGB_seed42,HV,S2,XGB,1209,Train,155.0,150.4593
HV_S2_XGB_seed42,HV,S2,XGB,1210,Train,141.0,142.89987
HV_S2_XGB_seed42,HV,S2,XGB,1211,Train,86.0,82.915016
HV_S2_XGB_seed42,HV,S2,XGB,1212,Train,80.0,80.32629
HV_S2_XGB_seed42,HV,S2,XGB,1213,Train,81.0,81.03837
HV_S2_XGB_seed42,HV,S2,XGB,1214,Train,75.0,78.59535
HV_S2_XGB_seed42,HV,S2,XGB,1216,Train,92.0,89.98147
HV_S2_XGB_seed42,HV,S2,XGB,1217,Train,104.0,106.08924
HV_S2_XGB_seed42,HV,S2,XGB,1218,Train,148.0,150.67307
HV_S2_XGB_seed42,HV,S2,XGB,1219,Train,145.0,142.41016
HV_S2_XGB_seed42,HV,S2,XGB,1221,Train,84.0,83.37557
HV_S2_XGB_seed42,HV,S2,XGB,1222,Train,84.0,82.28517
HV_S2_XGB_seed42,HV,S2,XGB,1223,Train,86.0,89.33094
HV_S2_XGB_seed42,HV,S2,XGB,1224,Train,87.0,85.62431
HV_S2_XGB_seed42,HV,S2,XGB,1225,Train,88.0,90.172195
HV_S2_XGB_seed42,HV,S2,XGB,1226,Train,104.0,104.71206
HV_S2_XGB_seed42,HV,S2,XGB,1227,Train,157.0,151.05534
HV_S2_XGB_seed42,HV,S2,XGB,1228,Train,144.0,138.19872
HV_S2_XGB_seed42,HV,S2,XGB,8,Test,254.0,209.91891
HV_S2_XGB_seed42,HV,S2,XGB,16,Test,282.0,194.48715
HV_S2_XGB_seed42,HV,S2,XGB,33,Test,165.0,195.79926
HV_S2_XGB_seed42,HV,S2,XGB,40,Test,231.0,216.66447
HV_S2_XGB_seed42,HV,S2,XGB,41,Test,225.0,187.42943
HV_S2_XGB_seed42,HV,S2,XGB,49,Test,244.0,233.72133
HV_S2_XGB_seed42,HV,S2,XGB,55,Test,107.0,140.79277
HV_S2_XGB_seed42,HV,S2,XGB,60,Test,268.0,198.90015
HV_S2_XGB_seed42,HV,S2,XGB,62,Test,211.0,210.24419
HV_S2_XGB_seed42,HV,S2,XGB,65,Test,233.0,210.67935
HV_S2_XGB_seed42,HV,S2,XGB,67,Test,202.0,175.96635
HV_S2_XGB_seed42,HV,S2,XGB,69,Test,171.0,162.20201
HV_S2_XGB_seed42,HV,S2,XGB,70,Test,155.0,140.66809
HV_S2_XGB_seed42,HV,S2,XGB,74,Test,238.0,225.11777
HV_S2_XGB_seed42,HV,S2,XGB,77,Test,211.0,180.64354
HV_S2_XGB_seed42,HV,S2,XGB,78,Test,190.0,150.9059
HV_S2_XGB_seed42,HV,S2,XGB,81,Test,238.0,213.40904
HV_S2_XGB_seed42,HV,S2,XGB,87,Test,252.0,226.2632
HV_S2_XGB_seed42,HV,S2,XGB,90,Test,165.0,166.7321
HV_S2_XGB_seed42,HV,S2,XGB,95,Test,235.0,224.34023
HV_S2_XGB_seed42,HV,S2,XGB,98,Test,212.0,222.09029
HV_S2_XGB_seed42,HV,S2,XGB,100,Test,207.0,210.98177
HV_S2_XGB_seed42,HV,S2,XGB,108,Test,227.0,219.01234
HV_S2_XGB_seed42,HV,S2,XGB,112,Test,183.0,177.51689
HV_S2_XGB_seed42,HV,S2,XGB,113,Test,181.0,149.70427
HV_S2_XGB_seed42,HV,S2,XGB,119,Test,228.0,227.74773
HV_S2_XGB_seed42,HV,S2,XGB,122,Test,135.0,156.70737
HV_S2_XGB_seed42,HV,S2,XGB,126,Test,132.0,153.33154
HV_S2_XGB_seed42,HV,S2,XGB,143,Test,139.0,154.30698
HV_S2_XGB_seed42,HV,S2,XGB,151,Test,268.0,220.86005
HV_S2_XGB_seed42,HV,S2,XGB,153,Test,206.0,189.45407
HV_S2_XGB_seed42,HV,S2,XGB,154,Test,199.0,149.68271
HV_S2_XGB_seed42,HV,S2,XGB,155,Test,159.0,139.34772
HV_S2_XGB_seed42,HV,S2,XGB,156,Test,120.0,186.47562
HV_S2_XGB_seed42,HV,S2,XGB,171,Test,145.0,162.55647
HV_S2_XGB_seed42,HV,S2,XGB,173,Test,137.0,156.94016
HV_S2_XGB_seed42,HV,S2,XGB,204,Test,63.0,63.050102
HV_S2_XGB_seed42,HV,S2,XGB,210,Test,203.0,188.1621
HV_S2_XGB_seed42,HV,S2,XGB,214,Test,60.0,60.102505
HV_S2_XGB_seed42,HV,S2,XGB,228,Test,195.0,172.1785
HV_S2_XGB_seed42,HV,S2,XGB,234,Test,125.0,156.30934
HV_S2_XGB_seed42,HV,S2,XGB,235,Test,185.0,186.29465
HV_S2_XGB_seed42,HV,S2,XGB,244,Test,216.0,218.7373
HV_S2_XGB_seed42,HV,S2,XGB,245,Test,69.0,62.865627
HV_S2_XGB_seed42,HV,S2,XGB,246,Test,158.0,185.63971
HV_S2_XGB_seed42,HV,S2,XGB,254,Test,89.0,77.27792
HV_S2_XGB_seed42,HV,S2,XGB,257,Test,67.0,69.85966
HV_S2_XGB_seed42,HV,S2,XGB,275,Test,165.0,143.35811
HV_S2_XGB_seed42,HV,S2,XGB,284,Test,82.0,84.21084
HV_S2_XGB_seed42,HV,S2,XGB,295,Test,108.0,102.4095
HV_S2_XGB_seed42,HV,S2,XGB,296,Test,122.0,113.292915
HV_S2_XGB_seed42,HV,S2,XGB,301,Test,140.0,216.45178
HV_S2_XGB_seed42,HV,S2,XGB,321,Test,98.0,160.48889
HV_S2_XGB_seed42,HV,S2,XGB,326,Test,121.0,121.28878
HV_S2_XGB_seed42,HV,S2,XGB,338,Test,195.0,191.24799
HV_S2_XGB_seed42,HV,S2,XGB,341,Test,186.0,188.68492
HV_S2_XGB_seed42,HV,S2,XGB,342,Test,233.0,226.42241
HV_S2_XGB_seed42,HV,S2,XGB,343,Test,68.0,90.137146
HV_S2_XGB_seed42,HV,S2,XGB,360,Test,84.0,93.690216
HV_S2_XGB_seed42,HV,S2,XGB,361,Test,175.0,187.90662
HV_S2_XGB_seed42,HV,S2,XGB,362,Test,257.0,198.73756
HV_S2_XGB_seed42,HV,S2,XGB,364,Test,248.0,240.79424
HV_S2_XGB_seed42,HV,S2,XGB,366,Test,272.0,254.54184
HV_S2_XGB_seed42,HV,S2,XGB,368,Test,195.0,190.91267
HV_S2_XGB_seed42,HV,S2,XGB,370,Test,187.0,170.57301
HV_S2_XGB_seed42,HV,S2,XGB,371,Test,183.0,191.01762
HV_S2_XGB_seed42,HV,S2,XGB,386,Test,177.0,193.50925
HV_S2_XGB_seed42,HV,S2,XGB,397,Test,127.0,141.63222
HV_S2_XGB_seed42,HV,S2,XGB,399,Test,109.0,116.635796
HV_S2_XGB_seed42,HV,S2,XGB,401,Test,122.0,124.71548
HV_S2_XGB_seed42,HV,S2,XGB,411,Test,148.0,190.44308
HV_S2_XGB_seed42,HV,S2,XGB,415,Test,184.0,178.86394
HV_S2_XGB_seed42,HV,S2,XGB,416,Test,117.0,113.46876
HV_S2_XGB_seed42,HV,S2,XGB,417,Test,127.0,122.397354
HV_S2_XGB_seed42,HV,S2,XGB,427,Test,62.0,63.326653
HV_S2_XGB_seed42,HV,S2,XGB,429,Test,120.0,133.92838
HV_S2_XGB_seed42,HV,S2,XGB,431,Test,192.0,134.11365
HV_S2_XGB_seed42,HV,S2,XGB,437,Test,112.0,159.56837
HV_S2_XGB_seed42,HV,S2,XGB,439,Test,186.0,161.86052
HV_S2_XGB_seed42,HV,S2,XGB,444,Test,125.0,216.21875
HV_S2_XGB_seed42,HV,S2,XGB,447,Test,123.0,163.93932
HV_S2_XGB_seed42,HV,S2,XGB,448,Test,64.0,58.260654
HV_S2_XGB_seed42,HV,S2,XGB,467,Test,216.0,202.68053
HV_S2_XGB_seed42,HV,S2,XGB,480,Test,217.0,203.71829
HV_S2_XGB_seed42,HV,S2,XGB,490,Test,223.0,212.22833
HV_S2_XGB_seed42,HV,S2,XGB,497,Test,220.0,202.23145
HV_S2_XGB_seed42,HV,S2,XGB,499,Test,209.0,202.23145
HV_S2_XGB_seed42,HV,S2,XGB,508,Test,170.0,172.66512
HV_S2_XGB_seed42,HV,S2,XGB,513,Test,211.0,194.85864
HV_S2_XGB_seed42,HV,S2,XGB,514,Test,162.0,154.41264
HV_S2_XGB_seed42,HV,S2,XGB,515,Test,206.0,207.32796
HV_S2_XGB_seed42,HV,S2,XGB,519,Test,208.0,196.1859
HV_S2_XGB_seed42,HV,S2,XGB,522,Test,191.0,207.84906
HV_S2_XGB_seed42,HV,S2,XGB,525,Test,215.0,198.35039
HV_S2_XGB_seed42,HV,S2,XGB,531,Test,213.0,201.41647
HV_S2_XGB_seed42,HV,S2,XGB,534,Test,270.0,287.49472
HV_S2_XGB_seed42,HV,S2,XGB,535,Test,286.0,300.05908
HV_S2_XGB_seed42,HV,S2,XGB,537,Test,331.0,331.49374
HV_S2_XGB_seed42,HV,S2,XGB,539,Test,268.0,291.1075
HV_S2_XGB_seed42,HV,S2,XGB,546,Test,244.0,259.67587
HV_S2_XGB_seed42,HV,S2,XGB,551,Test,288.0,290.59576
HV_S2_XGB_seed42,HV,S2,XGB,553,Test,336.0,326.6181
HV_S2_XGB_seed42,HV,S2,XGB,564,Test,332.0,334.98993
HV_S2_XGB_seed42,HV,S2,XGB,576,Test,334.0,330.5997
HV_S2_XGB_seed42,HV,S2,XGB,579,Test,280.0,281.53726
HV_S2_XGB_seed42,HV,S2,XGB,587,Test,248.0,242.70837
HV_S2_XGB_seed42,HV,S2,XGB,611,Test,289.0,283.99402
HV_S2_XGB_seed42,HV,S2,XGB,612,Test,337.0,325.5363
HV_S2_XGB_seed42,HV,S2,XGB,613,Test,320.0,323.69342
HV_S2_XGB_seed42,HV,S2,XGB,616,Test,329.0,325.95886
HV_S2_XGB_seed42,HV,S2,XGB,617,Test,350.0,352.613
HV_S2_XGB_seed42,HV,S2,XGB,618,Test,313.0,296.66763
HV_S2_XGB_seed42,HV,S2,XGB,620,Test,215.0,228.48517
HV_S2_XGB_seed42,HV,S2,XGB,625,Test,301.0,301.94016
HV_S2_XGB_seed42,HV,S2,XGB,629,Test,288.0,285.55212
HV_S2_XGB_seed42,HV,S2,XGB,631,Test,297.0,291.6288
HV_S2_XGB_seed42,HV,S2,XGB,634,Test,338.0,334.09686
HV_S2_XGB_seed42,HV,S2,XGB,635,Test,285.0,286.51038
HV_S2_XGB_seed42,HV,S2,XGB,637,Test,346.0,353.0607
HV_S2_XGB_seed42,HV,S2,XGB,640,Test,209.0,205.41745
HV_S2_XGB_seed42,HV,S2,XGB,643,Test,170.0,182.95314
HV_S2_XGB_seed42,HV,S2,XGB,644,Test,289.0,296.49326
HV_S2_XGB_seed42,HV,S2,XGB,646,Test,285.0,282.24158
HV_S2_XGB_seed42,HV,S2,XGB,647,Test,327.0,322.883
HV_S2_XGB_seed42,HV,S2,XGB,654,Test,335.0,344.95334
HV_S2_XGB_seed42,HV,S2,XGB,664,Test,319.0,318.60553
HV_S2_XGB_seed42,HV,S2,XGB,668,Test,335.0,330.76697
HV_S2_XGB_seed42,HV,S2,XGB,673,Test,152.0,153.3527
HV_S2_XGB_seed42,HV,S2,XGB,676,Test,292.0,296.24225
HV_S2_XGB_seed42,HV,S2,XGB,680,Test,298.0,299.73822
HV_S2_XGB_seed42,HV,S2,XGB,682,Test,300.0,300.12793
HV_S2_XGB_seed42,HV,S2,XGB,684,Test,330.0,323.86282
HV_S2_XGB_seed42,HV,S2,XGB,691,Test,303.0,289.2122
HV_S2_XGB_seed42,HV,S2,XGB,699,Test,134.0,132.35072
HV_S2_XGB_seed42,HV,S2,XGB,721,Test,300.0,303.64874
HV_S2_XGB_seed42,HV,S2,XGB,733,Test,294.0,298.38553
HV_S2_XGB_seed42,HV,S2,XGB,749,Test,104.0,114.55385
HV_S2_XGB_seed42,HV,S2,XGB,750,Test,293.0,290.51636
HV_S2_XGB_seed42,HV,S2,XGB,757,Test,261.0,263.66254
HV_S2_XGB_seed42,HV,S2,XGB,764,Test,305.0,303.7332
HV_S2_XGB_seed42,HV,S2,XGB,783,Test,297.0,295.59848
HV_S2_XGB_seed42,HV,S2,XGB,784,Test,306.0,299.25684
HV_S2_XGB_seed42,HV,S2,XGB,785,Test,311.0,295.59848
HV_S2_XGB_seed42,HV,S2,XGB,791,Test,296.0,294.72012
HV_S2_XGB_seed42,HV,S2,XGB,794,Test,303.0,296.95044
HV_S2_XGB_seed42,HV,S2,XGB,803,Test,200.0,199.46968
HV_S2_XGB_seed42,HV,S2,XGB,811,Test,253.0,267.40588
HV_S2_XGB_seed42,HV,S2,XGB,812,Test,252.0,258.8383
HV_S2_XGB_seed42,HV,S2,XGB,826,Test,191.0,210.39395
HV_S2_XGB_seed42,HV,S2,XGB,829,Test,205.0,263.8796
HV_S2_XGB_seed42,HV,S2,XGB,835,Test,346.0,268.9288
HV_S2_XGB_seed42,HV,S2,XGB,840,Test,310.0,256.9168
HV_S2_XGB_seed42,HV,S2,XGB,842,Test,264.0,210.39395
HV_S2_XGB_seed42,HV,S2,XGB,844,Test,290.0,256.9168
HV_S2_XGB_seed42,HV,S2,XGB,847,Test,184.0,257.3701
HV_S2_XGB_seed42,HV,S2,XGB,852,Test,386.0,361.0759
HV_S2_XGB_seed42,HV,S2,XGB,854,Test,285.0,292.87027
HV_S2_XGB_seed42,HV,S2,XGB,857,Test,331.0,292.87027
HV_S2_XGB_seed42,HV,S2,XGB,864,Test,180.0,251.52663
HV_S2_XGB_seed42,HV,S2,XGB,867,Test,218.0,269.902
HV_S2_XGB_seed42,HV,S2,XGB,872,Test,191.0,251.52663
HV_S2_XGB_seed42,HV,S2,XGB,876,Test,304.0,251.52663
HV_S2_XGB_seed42,HV,S2,XGB,878,Test,316.0,271.38666
HV_S2_XGB_seed42,HV,S2,XGB,883,Test,286.0,269.902
HV_S2_XGB_seed42,HV,S2,XGB,888,Test,359.0,349.15988
HV_S2_XGB_seed42,HV,S2,XGB,893,Test,373.0,343.87143
HV_S2_XGB_seed42,HV,S2,XGB,904,Test,161.0,224.90266
HV_S2_XGB_seed42,HV,S2,XGB,910,Test,344.0,258.17795
HV_S2_XGB_seed42,HV,S2,XGB,912,Test,288.0,224.90266
HV_S2_XGB_seed42,HV,S2,XGB,914,Test,316.0,258.17795
HV_S2_XGB_seed42,HV,S2,XGB,915,Test,297.0,247.0848
HV_S2_XGB_seed42,HV,S2,XGB,922,Test,238.0,243.61478
HV_S2_XGB_seed42,HV,S2,XGB,927,Test,158.0,212.89485
HV_S2_XGB_seed42,HV,S2,XGB,943,Test,263.0,212.89485
HV_S2_XGB_seed42,HV,S2,XGB,945,Test,284.0,273.2106
HV_S2_XGB_seed42,HV,S2,XGB,955,Test,250.0,244.41801
HV_S2_XGB_seed42,HV,S2,XGB,957,Test,351.0,342.36365
HV_S2_XGB_seed42,HV,S2,XGB,958,Test,284.0,244.41801
HV_S2_XGB_seed42,HV,S2,XGB,964,Test,154.0,198.43294
HV_S2_XGB_seed42,HV,S2,XGB,965,Test,140.0,174.8575
HV_S2_XGB_seed42,HV,S2,XGB,966,Test,228.0,277.58438
HV_S2_XGB_seed42,HV,S2,XGB,980,Test,260.0,198.43294
HV_S2_XGB_seed42,HV,S2,XGB,984,Test,254.0,198.43294
HV_S2_XGB_seed42,HV,S2,XGB,989,Test,244.0,242.54576
HV_S2_XGB_seed42,HV,S2,XGB,995,Test,137.0,175.54427
HV_S2_XGB_seed42,HV,S2,XGB,1001,Test,189.0,246.00967
HV_S2_XGB_seed42,HV,S2,XGB,1002,Test,146.0,195.08768
HV_S2_XGB_seed42,HV,S2,XGB,1003,Test,130.0,175.54427
HV_S2_XGB_seed42,HV,S2,XGB,1010,Test,248.0,195.08768
HV_S2_XGB_seed42,HV,S2,XGB,1019,Test,363.0,358.14517
HV_S2_XGB_seed42,HV,S2,XGB,1026,Test,236.0,233.60526
HV_S2_XGB_seed42,HV,S2,XGB,1027,Test,151.0,185.61995
HV_S2_XGB_seed42,HV,S2,XGB,1031,Test,136.0,157.84746
HV_S2_XGB_seed42,HV,S2,XGB,1041,Test,302.0,222.31224
HV_S2_XGB_seed42,HV,S2,XGB,1047,Test,182.0,157.84746
HV_S2_XGB_seed42,HV,S2,XGB,1058,Test,141.0,175.06525
HV_S2_XGB_seed42,HV,S2,XGB,1059,Test,224.0,297.94006
HV_S2_XGB_seed42,HV,S2,XGB,1062,Test,135.0,158.25427
HV_S2_XGB_seed42,HV,S2,XGB,1063,Test,189.0,297.94006
HV_S2_XGB_seed42,HV,S2,XGB,1067,Test,211.0,297.94006
HV_S2_XGB_seed42,HV,S2,XGB,1072,Test,292.0,210.85875
HV_S2_XGB_seed42,HV,S2,XGB,1075,Test,301.0,297.94006
HV_S2_XGB_seed42,HV,S2,XGB,1087,Test,167.0,215.5533
HV_S2_XGB_seed42,HV,S2,XGB,1100,Test,215.0,166.14224
HV_S2_XGB_seed42,HV,S2,XGB,1106,Test,280.0,248.19078
HV_S2_XGB_seed42,HV,S2,XGB,1107,Test,264.0,215.5533
HV_S2_XGB_seed42,HV,S2,XGB,1112,Test,134.0,159.60295
HV_S2_XGB_seed42,HV,S2,XGB,1116,Test,131.0,150.60864
HV_S2_XGB_seed42,HV,S2,XGB,1127,Test,200.0,164.42516
HV_S2_XGB_seed42,HV,S2,XGB,1129,Test,300.0,237.68356
HV_S2_XGB_seed42,HV,S2,XGB,1138,Test,231.0,232.12791
HV_S2_XGB_seed42,HV,S2,XGB,1150,Test,149.0,214.68181
HV_S2_XGB_seed42,HV,S2,XGB,1156,Test,159.0,138.09425
HV_S2_XGB_seed42,HV,S2,XGB,1159,Test,196.0,151.36674
HV_S2_XGB_seed42,HV,S2,XGB,1163,Test,184.0,151.36674
HV_S2_XGB_seed42,HV,S2,XGB,1164,Test,158.0,138.09425
HV_S2_XGB_seed42,HV,S2,XGB,1167,Test,181.0,221.80502
HV_S2_XGB_seed42,HV,S2,XGB,1177,Test,184.0,248.55048
HV_S2_XGB_seed42,HV,S2,XGB,1183,Test,171.0,147.61703
HV_S2_XGB_seed42,HV,S2,XGB,1190,Test,244.0,190.12013
HV_S2_XGB_seed42,HV,S2,XGB,1192,Test,155.0,138.31136
HV_S2_XGB_seed42,HV,S2,XGB,1193,Test,68.0,75.81721
HV_S2_XGB_seed42,HV,S2,XGB,1198,Test,80.0,82.83716
HV_S2_XGB_seed42,HV,S2,XGB,1204,Test,75.0,80.12142
HV_S2_XGB_seed42,HV,S2,XGB,1206,Test,80.0,81.86393
HV_S2_XGB_seed42,HV,S2,XGB,1207,Test,76.0,88.25081
HV_S2_XGB_seed42,HV,S2,XGB,1215,Test,86.0,83.042786
HV_S2_XGB_seed42,HV,S2,XGB,1220,Test,83.0,81.32431
HV_S3_XGB_seed42,HV,S3,XGB,5,Train,137.0,154.73561
HV_S3_XGB_seed42,HV,S3,XGB,6,Train,161.0,165.91498
HV_S3_XGB_seed42,HV,S3,XGB,7,Train,246.0,241.27867
HV_S3_XGB_seed42,HV,S3,XGB,9,Train,280.0,268.08002
HV_S3_XGB_seed42,HV,S3,XGB,10,Train,201.0,208.23315
HV_S3_XGB_seed42,HV,S3,XGB,12,Train,151.0,204.85191
HV_S3_XGB_seed42,HV,S3,XGB,13,Train,205.0,205.53712
HV_S3_XGB_seed42,HV,S3,XGB,14,Train,255.0,245.81343
HV_S3_XGB_seed42,HV,S3,XGB,15,Train,246.0,241.31137
HV_S3_XGB_seed42,HV,S3,XGB,17,Train,214.0,213.18745
HV_S3_XGB_seed42,HV,S3,XGB,18,Train,210.0,222.62906
HV_S3_XGB_seed42,HV,S3,XGB,20,Train,93.0,112.79704
HV_S3_XGB_seed42,HV,S3,XGB,21,Train,126.0,133.58263
HV_S3_XGB_seed42,HV,S3,XGB,22,Train,157.0,185.63176
HV_S3_XGB_seed42,HV,S3,XGB,23,Train,207.0,185.63176
HV_S3_XGB_seed42,HV,S3,XGB,24,Train,191.0,190.96382
HV_S3_XGB_seed42,HV,S3,XGB,28,Train,185.0,204.36833
HV_S3_XGB_seed42,HV,S3,XGB,29,Train,211.0,206.05392
HV_S3_XGB_seed42,HV,S3,XGB,30,Train,218.0,220.56448
HV_S3_XGB_seed42,HV,S3,XGB,31,Train,227.0,209.83716
HV_S3_XGB_seed42,HV,S3,XGB,32,Train,199.0,181.35931
HV_S3_XGB_seed42,HV,S3,XGB,34,Train,148.0,156.88643
HV_S3_XGB_seed42,HV,S3,XGB,35,Train,139.0,140.90244
HV_S3_XGB_seed42,HV,S3,XGB,36,Train,132.0,142.01454
HV_S3_XGB_seed42,HV,S3,XGB,37,Train,221.0,209.32921
HV_S3_XGB_seed42,HV,S3,XGB,38,Train,224.0,214.30724
HV_S3_XGB_seed42,HV,S3,XGB,39,Train,233.0,220.56448
HV_S3_XGB_seed42,HV,S3,XGB,42,Train,192.0,201.31868
HV_S3_XGB_seed42,HV,S3,XGB,43,Train,182.0,181.78253
HV_S3_XGB_seed42,HV,S3,XGB,44,Train,175.0,174.81238
HV_S3_XGB_seed42,HV,S3,XGB,45,Train,174.0,171.57066
HV_S3_XGB_seed42,HV,S3,XGB,46,Train,172.0,179.40642
HV_S3_XGB_seed42,HV,S3,XGB,47,Train,234.0,204.43112
HV_S3_XGB_seed42,HV,S3,XGB,48,Train,260.0,245.81343
HV_S3_XGB_seed42,HV,S3,XGB,50,Train,290.0,264.6008
HV_S3_XGB_seed42,HV,S3,XGB,51,Train,236.0,229.37209
HV_S3_XGB_seed42,HV,S3,XGB,52,Train,216.0,223.05815
HV_S3_XGB_seed42,HV,S3,XGB,53,Train,238.0,228.62686
HV_S3_XGB_seed42,HV,S3,XGB,56,Train,143.0,168.92802
HV_S3_XGB_seed42,HV,S3,XGB,57,Train,191.0,186.78313
HV_S3_XGB_seed42,HV,S3,XGB,58,Train,200.0,174.44719
HV_S3_XGB_seed42,HV,S3,XGB,59,Train,176.0,154.92422
HV_S3_XGB_seed42,HV,S3,XGB,61,Train,300.0,269.32465
HV_S3_XGB_seed42,HV,S3,XGB,63,Train,222.0,221.16185
HV_S3_XGB_seed42,HV,S3,XGB,64,Train,226.0,222.7119
HV_S3_XGB_seed42,HV,S3,XGB,66,Train,217.0,218.66895
HV_S3_XGB_seed42,HV,S3,XGB,68,Train,188.0,177.98195
HV_S3_XGB_seed42,HV,S3,XGB,71,Train,225.0,201.85811
HV_S3_XGB_seed42,HV,S3,XGB,72,Train,230.0,221.16185
HV_S3_XGB_seed42,HV,S3,XGB,73,Train,234.0,231.48097
HV_S3_XGB_seed42,HV,S3,XGB,75,Train,228.0,228.91708
HV_S3_XGB_seed42,HV,S3,XGB,76,Train,217.0,207.43315
HV_S3_XGB_seed42,HV,S3,XGB,79,Train,186.0,171.57066
HV_S3_XGB_seed42,HV,S3,XGB,80,Train,199.0,199.91551
HV_S3_XGB_seed42,HV,S3,XGB,82,Train,244.0,245.81343
HV_S3_XGB_seed42,HV,S3,XGB,83,Train,214.0,194.50475
HV_S3_XGB_seed42,HV,S3,XGB,84,Train,282.0,272.21548
HV_S3_XGB_seed42,HV,S3,XGB,85,Train,237.0,222.84772
HV_S3_XGB_seed42,HV,S3,XGB,86,Train,237.0,221.57903
HV_S3_XGB_seed42,HV,S3,XGB,89,Train,120.0,133.58263
HV_S3_XGB_seed42,HV,S3,XGB,91,Train,204.0,185.63176
HV_S3_XGB_seed42,HV,S3,XGB,92,Train,189.0,185.50224
HV_S3_XGB_seed42,HV,S3,XGB,93,Train,153.0,147.73401
HV_S3_XGB_seed42,HV,S3,XGB,94,Train,245.0,232.84526
HV_S3_XGB_seed42,HV,S3,XGB,96,Train,198.0,200.78702
HV_S3_XGB_seed42,HV,S3,XGB,97,Train,204.0,202.84804
HV_S3_XGB_seed42,HV,S3,XGB,99,Train,219.0,222.81596
HV_S3_XGB_seed42,HV,S3,XGB,101,Train,185.0,193.3918
HV_S3_XGB_seed42,HV,S3,XGB,102,Train,169.0,168.86806
HV_S3_XGB_seed42,HV,S3,XGB,103,Train,156.0,149.61691
HV_S3_XGB_seed42,HV,S3,XGB,104,Train,147.0,158.59981
HV_S3_XGB_seed42,HV,S3,XGB,105,Train,215.0,210.69513
HV_S3_XGB_seed42,HV,S3,XGB,106,Train,218.0,219.79391
HV_S3_XGB_seed42,HV,S3,XGB,107,Train,225.0,220.56448
HV_S3_XGB_seed42,HV,S3,XGB,109,Train,221.0,213.7484
HV_S3_XGB_seed42,HV,S3,XGB,110,Train,210.0,203.1466
HV_S3_XGB_seed42,HV,S3,XGB,111,Train,194.0,187.27394
HV_S3_XGB_seed42,HV,S3,XGB,114,Train,214.0,198.97917
HV_S3_XGB_seed42,HV,S3,XGB,115,Train,223.0,222.81596
HV_S3_XGB_seed42,HV,S3,XGB,116,Train,226.0,218.18192
HV_S3_XGB_seed42,HV,S3,XGB,117,Train,193.0,226.29457
HV_S3_XGB_seed42,HV,S3,XGB,118,Train,277.0,251.05829
HV_S3_XGB_seed42,HV,S3,XGB,120,Train,254.0,232.5516
HV_S3_XGB_seed42,HV,S3,XGB,123,Train,181.0,185.63176
HV_S3_XGB_seed42,HV,S3,XGB,124,Train,210.0,188.81744
HV_S3_XGB_seed42,HV,S3,XGB,125,Train,173.0,185.63176
HV_S3_XGB_seed42,HV,S3,XGB,127,Train,212.0,211.32805
HV_S3_XGB_seed42,HV,S3,XGB,129,Train,300.0,255.53326
HV_S3_XGB_seed42,HV,S3,XGB,130,Train,218.0,209.13786
HV_S3_XGB_seed42,HV,S3,XGB,131,Train,215.0,208.35066
HV_S3_XGB_seed42,HV,S3,XGB,132,Train,210.0,233.44339
HV_S3_XGB_seed42,HV,S3,XGB,133,Train,165.0,165.47597
HV_S3_XGB_seed42,HV,S3,XGB,134,Train,269.0,250.7993
HV_S3_XGB_seed42,HV,S3,XGB,136,Train,175.0,201.85811
HV_S3_XGB_seed42,HV,S3,XGB,137,Train,178.0,204.846
HV_S3_XGB_seed42,HV,S3,XGB,138,Train,197.0,219.13582
HV_S3_XGB_seed42,HV,S3,XGB,139,Train,195.0,202.3911
HV_S3_XGB_seed42,HV,S3,XGB,140,Train,192.0,203.91234
HV_S3_XGB_seed42,HV,S3,XGB,141,Train,166.0,172.4875
HV_S3_XGB_seed42,HV,S3,XGB,142,Train,155.0,163.16573
HV_S3_XGB_seed42,HV,S3,XGB,144,Train,132.0,134.04068
HV_S3_XGB_seed42,HV,S3,XGB,145,Train,219.0,204.85191
HV_S3_XGB_seed42,HV,S3,XGB,146,Train,211.0,210.71234
HV_S3_XGB_seed42,HV,S3,XGB,147,Train,190.0,167.33557
HV_S3_XGB_seed42,HV,S3,XGB,148,Train,146.0,200.61513
HV_S3_XGB_seed42,HV,S3,XGB,149,Train,267.0,238.37117
HV_S3_XGB_seed42,HV,S3,XGB,150,Train,213.0,230.19667
HV_S3_XGB_seed42,HV,S3,XGB,152,Train,143.0,159.53816
HV_S3_XGB_seed42,HV,S3,XGB,157,Train,275.0,264.8863
HV_S3_XGB_seed42,HV,S3,XGB,158,Train,226.0,219.1329
HV_S3_XGB_seed42,HV,S3,XGB,159,Train,207.0,210.3658
HV_S3_XGB_seed42,HV,S3,XGB,160,Train,166.0,192.16306
HV_S3_XGB_seed42,HV,S3,XGB,161,Train,132.0,167.33557
HV_S3_XGB_seed42,HV,S3,XGB,162,Train,246.0,251.05829
HV_S3_XGB_seed42,HV,S3,XGB,163,Train,264.0,248.80444
HV_S3_XGB_seed42,HV,S3,XGB,164,Train,141.0,147.1693
HV_S3_XGB_seed42,HV,S3,XGB,165,Train,212.0,201.75114
HV_S3_XGB_seed42,HV,S3,XGB,166,Train,186.0,172.16156
HV_S3_XGB_seed42,HV,S3,XGB,167,Train,142.0,152.7693
HV_S3_XGB_seed42,HV,S3,XGB,168,Train,113.0,139.86397
HV_S3_XGB_seed42,HV,S3,XGB,169,Train,214.0,219.21622
HV_S3_XGB_seed42,HV,S3,XGB,170,Train,158.0,177.62239
HV_S3_XGB_seed42,HV,S3,XGB,172,Train,138.0,176.44246
HV_S3_XGB_seed42,HV,S3,XGB,195,Train,66.0,62.017
HV_S3_XGB_seed42,HV,S3,XGB,196,Train,67.0,65.82255
HV_S3_XGB_seed42,HV,S3,XGB,197,Train,65.0,69.646454
HV_S3_XGB_seed42,HV,S3,XGB,198,Train,62.0,68.18237
HV_S3_XGB_seed42,HV,S3,XGB,199,Train,64.0,60.35633
HV_S3_XGB_seed42,HV,S3,XGB,200,Train,65.0,62.2017
HV_S3_XGB_seed42,HV,S3,XGB,201,Train,68.0,65.82255
HV_S3_XGB_seed42,HV,S3,XGB,202,Train,65.0,69.646454
HV_S3_XGB_seed42,HV,S3,XGB,203,Train,61.0,67.90337
HV_S3_XGB_seed42,HV,S3,XGB,205,Train,65.0,73.009865
HV_S3_XGB_seed42,HV,S3,XGB,206,Train,166.0,173.58838
HV_S3_XGB_seed42,HV,S3,XGB,207,Train,209.0,199.51822
HV_S3_XGB_seed42,HV,S3,XGB,208,Train,70.0,74.75217
HV_S3_XGB_seed42,HV,S3,XGB,209,Train,130.0,139.77695
HV_S3_XGB_seed42,HV,S3,XGB,211,Train,69.0,68.74722
HV_S3_XGB_seed42,HV,S3,XGB,212,Train,105.0,156.73123
HV_S3_XGB_seed42,HV,S3,XGB,213,Train,179.0,170.47649
HV_S3_XGB_seed42,HV,S3,XGB,215,Train,70.0,131.26918
HV_S3_XGB_seed42,HV,S3,XGB,216,Train,175.0,181.00998
HV_S3_XGB_seed42,HV,S3,XGB,217,Train,66.0,62.06736
HV_S3_XGB_seed42,HV,S3,XGB,218,Train,66.0,65.64628
HV_S3_XGB_seed42,HV,S3,XGB,219,Train,65.0,69.386635
HV_S3_XGB_seed42,HV,S3,XGB,220,Train,63.0,68.18179
HV_S3_XGB_seed42,HV,S3,XGB,221,Train,66.0,61.43632
HV_S3_XGB_seed42,HV,S3,XGB,222,Train,72.0,85.19483
HV_S3_XGB_seed42,HV,S3,XGB,223,Train,65.0,62.64323
HV_S3_XGB_seed42,HV,S3,XGB,224,Train,66.0,66.39286
HV_S3_XGB_seed42,HV,S3,XGB,225,Train,68.0,71.3231
HV_S3_XGB_seed42,HV,S3,XGB,226,Train,73.0,72.736496
HV_S3_XGB_seed42,HV,S3,XGB,227,Train,69.0,64.23447
HV_S3_XGB_seed42,HV,S3,XGB,229,Train,220.0,216.24884
HV_S3_XGB_seed42,HV,S3,XGB,230,Train,70.0,67.67628
HV_S3_XGB_seed42,HV,S3,XGB,231,Train,164.0,175.90367
HV_S3_XGB_seed42,HV,S3,XGB,232,Train,212.0,214.3463
HV_S3_XGB_seed42,HV,S3,XGB,233,Train,66.0,66.74494
HV_S3_XGB_seed42,HV,S3,XGB,236,Train,64.0,67.34566
HV_S3_XGB_seed42,HV,S3,XGB,237,Train,107.0,141.71658
HV_S3_XGB_seed42,HV,S3,XGB,238,Train,185.0,183.76804
HV_S3_XGB_seed42,HV,S3,XGB,239,Train,77.0,69.3112
HV_S3_XGB_seed42,HV,S3,XGB,240,Train,192.0,177.14737
HV_S3_XGB_seed42,HV,S3,XGB,241,Train,215.0,214.36087
HV_S3_XGB_seed42,HV,S3,XGB,242,Train,70.0,74.12326
HV_S3_XGB_seed42,HV,S3,XGB,243,Train,179.0,180.00874
HV_S3_XGB_seed42,HV,S3,XGB,247,Train,184.0,163.447
HV_S3_XGB_seed42,HV,S3,XGB,248,Train,64.0,63.355152
HV_S3_XGB_seed42,HV,S3,XGB,249,Train,138.0,133.83417
HV_S3_XGB_seed42,HV,S3,XGB,250,Train,182.0,183.76804
HV_S3_XGB_seed42,HV,S3,XGB,251,Train,64.0,63.83971
HV_S3_XGB_seed42,HV,S3,XGB,252,Train,67.0,67.81543
HV_S3_XGB_seed42,HV,S3,XGB,253,Train,80.0,77.434
HV_S3_XGB_seed42,HV,S3,XGB,255,Train,75.0,72.23397
HV_S3_XGB_seed42,HV,S3,XGB,258,Train,69.0,78.64591
HV_S3_XGB_seed42,HV,S3,XGB,259,Train,94.0,91.718254
HV_S3_XGB_seed42,HV,S3,XGB,260,Train,99.0,91.36124
HV_S3_XGB_seed42,HV,S3,XGB,261,Train,77.0,78.51672
HV_S3_XGB_seed42,HV,S3,XGB,269,Train,72.0,70.47455
HV_S3_XGB_seed42,HV,S3,XGB,270,Train,218.0,203.28824
HV_S3_XGB_seed42,HV,S3,XGB,271,Train,67.0,68.99093
HV_S3_XGB_seed42,HV,S3,XGB,272,Train,186.0,180.34795
HV_S3_XGB_seed42,HV,S3,XGB,273,Train,222.0,220.562
HV_S3_XGB_seed42,HV,S3,XGB,274,Train,70.0,70.62564
HV_S3_XGB_seed42,HV,S3,XGB,276,Train,200.0,191.5514
HV_S3_XGB_seed42,HV,S3,XGB,277,Train,60.0,70.27988
HV_S3_XGB_seed42,HV,S3,XGB,278,Train,158.0,156.11958
HV_S3_XGB_seed42,HV,S3,XGB,279,Train,189.0,174.30421
HV_S3_XGB_seed42,HV,S3,XGB,280,Train,67.0,75.57713
HV_S3_XGB_seed42,HV,S3,XGB,281,Train,81.0,87.32935
HV_S3_XGB_seed42,HV,S3,XGB,282,Train,118.0,104.43529
HV_S3_XGB_seed42,HV,S3,XGB,283,Train,107.0,99.60359
HV_S3_XGB_seed42,HV,S3,XGB,293,Train,230.0,216.3231
HV_S3_XGB_seed42,HV,S3,XGB,294,Train,77.0,78.32012
HV_S3_XGB_seed42,HV,S3,XGB,297,Train,111.0,111.31144
HV_S3_XGB_seed42,HV,S3,XGB,298,Train,86.0,96.306755
HV_S3_XGB_seed42,HV,S3,XGB,309,Train,74.0,83.44999
HV_S3_XGB_seed42,HV,S3,XGB,310,Train,197.0,186.62167
HV_S3_XGB_seed42,HV,S3,XGB,311,Train,212.0,204.67482
HV_S3_XGB_seed42,HV,S3,XGB,312,Train,66.0,63.852516
HV_S3_XGB_seed42,HV,S3,XGB,313,Train,185.0,178.36612
HV_S3_XGB_seed42,HV,S3,XGB,314,Train,228.0,216.38062
HV_S3_XGB_seed42,HV,S3,XGB,315,Train,70.0,61.927948
HV_S3_XGB_seed42,HV,S3,XGB,316,Train,170.0,165.2566
HV_S3_XGB_seed42,HV,S3,XGB,317,Train,192.0,200.11736
HV_S3_XGB_seed42,HV,S3,XGB,318,Train,70.0,69.324104
HV_S3_XGB_seed42,HV,S3,XGB,319,Train,165.0,131.26918
HV_S3_XGB_seed42,HV,S3,XGB,320,Train,192.0,185.9617
HV_S3_XGB_seed42,HV,S3,XGB,322,Train,102.0,123.18624
HV_S3_XGB_seed42,HV,S3,XGB,323,Train,125.0,139.97806
HV_S3_XGB_seed42,HV,S3,XGB,324,Train,98.0,103.55086
HV_S3_XGB_seed42,HV,S3,XGB,325,Train,119.0,116.02051
HV_S3_XGB_seed42,HV,S3,XGB,327,Train,112.0,106.6481
HV_S3_XGB_seed42,HV,S3,XGB,328,Train,86.0,87.510864
HV_S3_XGB_seed42,HV,S3,XGB,329,Train,224.0,218.17566
HV_S3_XGB_seed42,HV,S3,XGB,337,Train,86.0,83.44999
HV_S3_XGB_seed42,HV,S3,XGB,339,Train,209.0,198.64926
HV_S3_XGB_seed42,HV,S3,XGB,340,Train,68.0,71.25369
HV_S3_XGB_seed42,HV,S3,XGB,344,Train,181.0,165.58769
HV_S3_XGB_seed42,HV,S3,XGB,345,Train,203.0,194.11882
HV_S3_XGB_seed42,HV,S3,XGB,346,Train,61.0,60.242535
HV_S3_XGB_seed42,HV,S3,XGB,347,Train,175.0,163.97429
HV_S3_XGB_seed42,HV,S3,XGB,348,Train,205.0,205.41801
HV_S3_XGB_seed42,HV,S3,XGB,351,Train,237.0,211.8476
HV_S3_XGB_seed42,HV,S3,XGB,353,Train,106.0,120.34395
HV_S3_XGB_seed42,HV,S3,XGB,354,Train,129.0,137.7553
HV_S3_XGB_seed42,HV,S3,XGB,355,Train,175.0,159.36023
HV_S3_XGB_seed42,HV,S3,XGB,356,Train,109.0,109.035835
HV_S3_XGB_seed42,HV,S3,XGB,357,Train,124.0,118.759605
HV_S3_XGB_seed42,HV,S3,XGB,358,Train,122.0,122.24728
HV_S3_XGB_seed42,HV,S3,XGB,359,Train,107.0,107.61464
HV_S3_XGB_seed42,HV,S3,XGB,365,Train,261.0,241.53307
HV_S3_XGB_seed42,HV,S3,XGB,367,Train,201.0,185.536
HV_S3_XGB_seed42,HV,S3,XGB,369,Train,193.0,187.25766
HV_S3_XGB_seed42,HV,S3,XGB,372,Train,176.0,193.16676
HV_S3_XGB_seed42,HV,S3,XGB,373,Train,169.0,164.42134
HV_S3_XGB_seed42,HV,S3,XGB,374,Train,161.0,162.4666
HV_S3_XGB_seed42,HV,S3,XGB,375,Train,216.0,211.24905
HV_S3_XGB_seed42,HV,S3,XGB,376,Train,191.0,188.56793
HV_S3_XGB_seed42,HV,S3,XGB,377,Train,172.0,156.43214
HV_S3_XGB_seed42,HV,S3,XGB,384,Train,116.0,106.70965
HV_S3_XGB_seed42,HV,S3,XGB,385,Train,175.0,170.53331
HV_S3_XGB_seed42,HV,S3,XGB,387,Train,69.0,64.764946
HV_S3_XGB_seed42,HV,S3,XGB,388,Train,185.0,186.89563
HV_S3_XGB_seed42,HV,S3,XGB,389,Train,177.0,179.69395
HV_S3_XGB_seed42,HV,S3,XGB,390,Train,68.0,69.85493
HV_S3_XGB_seed42,HV,S3,XGB,391,Train,178.0,170.10857
HV_S3_XGB_seed42,HV,S3,XGB,392,Train,63.0,65.463554
HV_S3_XGB_seed42,HV,S3,XGB,393,Train,172.0,156.1118
HV_S3_XGB_seed42,HV,S3,XGB,394,Train,200.0,194.48471
HV_S3_XGB_seed42,HV,S3,XGB,395,Train,154.0,166.47092
HV_S3_XGB_seed42,HV,S3,XGB,396,Train,107.0,127.73402
HV_S3_XGB_seed42,HV,S3,XGB,398,Train,167.0,144.53156
HV_S3_XGB_seed42,HV,S3,XGB,400,Train,124.0,120.497795
HV_S3_XGB_seed42,HV,S3,XGB,402,Train,107.0,108.42602
HV_S3_XGB_seed42,HV,S3,XGB,403,Train,89.0,91.05862
HV_S3_XGB_seed42,HV,S3,XGB,410,Train,172.0,194.20721
HV_S3_XGB_seed42,HV,S3,XGB,412,Train,72.0,73.173904
HV_S3_XGB_seed42,HV,S3,XGB,413,Train,167.0,156.51758
HV_S3_XGB_seed42,HV,S3,XGB,414,Train,162.0,163.8878
HV_S3_XGB_seed42,HV,S3,XGB,418,Train,123.0,121.9069
HV_S3_XGB_seed42,HV,S3,XGB,419,Train,107.0,107.241875
HV_S3_XGB_seed42,HV,S3,XGB,420,Train,88.0,91.4602
HV_S3_XGB_seed42,HV,S3,XGB,421,Train,177.0,172.5278
HV_S3_XGB_seed42,HV,S3,XGB,423,Train,110.0,106.46919
HV_S3_XGB_seed42,HV,S3,XGB,424,Train,75.0,71.25369
HV_S3_XGB_seed42,HV,S3,XGB,425,Train,176.0,165.58769
HV_S3_XGB_seed42,HV,S3,XGB,426,Train,134.0,156.3623
HV_S3_XGB_seed42,HV,S3,XGB,428,Train,200.0,197.43816
HV_S3_XGB_seed42,HV,S3,XGB,430,Train,139.0,144.79297
HV_S3_XGB_seed42,HV,S3,XGB,432,Train,116.0,112.25525
HV_S3_XGB_seed42,HV,S3,XGB,433,Train,126.0,119.60978
HV_S3_XGB_seed42,HV,S3,XGB,434,Train,122.0,122.10204
HV_S3_XGB_seed42,HV,S3,XGB,435,Train,108.0,106.56879
HV_S3_XGB_seed42,HV,S3,XGB,436,Train,85.0,91.82101
HV_S3_XGB_seed42,HV,S3,XGB,438,Train,131.0,155.08531
HV_S3_XGB_seed42,HV,S3,XGB,440,Train,158.0,177.94345
HV_S3_XGB_seed42,HV,S3,XGB,441,Train,161.0,146.04878
HV_S3_XGB_seed42,HV,S3,XGB,442,Train,86.0,81.821236
HV_S3_XGB_seed42,HV,S3,XGB,443,Train,176.0,175.18903
HV_S3_XGB_seed42,HV,S3,XGB,445,Train,77.0,72.207275
HV_S3_XGB_seed42,HV,S3,XGB,446,Train,172.0,160.27773
HV_S3_XGB_seed42,HV,S3,XGB,449,Train,111.0,107.05463
HV_S3_XGB_seed42,HV,S3,XGB,450,Train,103.0,147.03964
HV_S3_XGB_seed42,HV,S3,XGB,452,Train,131.0,134.60582
HV_S3_XGB_seed42,HV,S3,XGB,453,Train,140.0,138.13518
HV_S3_XGB_seed42,HV,S3,XGB,454,Train,200.0,176.99754
HV_S3_XGB_seed42,HV,S3,XGB,455,Train,132.0,162.46237
HV_S3_XGB_seed42,HV,S3,XGB,456,Train,122.0,147.14764
HV_S3_XGB_seed42,HV,S3,XGB,457,Train,218.0,215.27368
HV_S3_XGB_seed42,HV,S3,XGB,458,Train,237.0,219.18149
HV_S3_XGB_seed42,HV,S3,XGB,459,Train,203.0,197.79352
HV_S3_XGB_seed42,HV,S3,XGB,460,Train,204.0,202.77649
HV_S3_XGB_seed42,HV,S3,XGB,461,Train,206.0,211.99333
HV_S3_XGB_seed42,HV,S3,XGB,462,Train,224.0,222.99026
HV_S3_XGB_seed42,HV,S3,XGB,463,Train,198.0,204.26503
HV_S3_XGB_seed42,HV,S3,XGB,464,Train,218.0,214.1278
HV_S3_XGB_seed42,HV,S3,XGB,465,Train,220.0,219.18149
HV_S3_XGB_seed42,HV,S3,XGB,466,Train,230.0,219.18149
HV_S3_XGB_seed42,HV,S3,XGB,468,Train,205.0,194.83035
HV_S3_XGB_seed42,HV,S3,XGB,469,Train,228.0,227.8517
HV_S3_XGB_seed42,HV,S3,XGB,470,Train,232.0,228.73387
HV_S3_XGB_seed42,HV,S3,XGB,471,Train,218.0,215.63643
HV_S3_XGB_seed42,HV,S3,XGB,472,Train,223.0,216.95728
HV_S3_XGB_seed42,HV,S3,XGB,473,Train,232.0,222.03586
HV_S3_XGB_seed42,HV,S3,XGB,474,Train,182.0,209.08304
HV_S3_XGB_seed42,HV,S3,XGB,475,Train,214.0,221.28072
HV_S3_XGB_seed42,HV,S3,XGB,476,Train,229.0,221.28072
HV_S3_XGB_seed42,HV,S3,XGB,477,Train,231.0,220.48627
HV_S3_XGB_seed42,HV,S3,XGB,478,Train,210.0,220.48627
HV_S3_XGB_seed42,HV,S3,XGB,479,Train,177.0,203.37471
HV_S3_XGB_seed42,HV,S3,XGB,481,Train,174.0,182.60599
HV_S3_XGB_seed42,HV,S3,XGB,482,Train,206.0,197.77623
HV_S3_XGB_seed42,HV,S3,XGB,483,Train,208.0,207.68198
HV_S3_XGB_seed42,HV,S3,XGB,484,Train,211.0,205.38634
HV_S3_XGB_seed42,HV,S3,XGB,485,Train,186.0,193.87161
HV_S3_XGB_seed42,HV,S3,XGB,486,Train,150.0,177.18695
HV_S3_XGB_seed42,HV,S3,XGB,487,Train,224.0,221.41422
HV_S3_XGB_seed42,HV,S3,XGB,488,Train,176.0,182.81133
HV_S3_XGB_seed42,HV,S3,XGB,489,Train,194.0,189.72641
HV_S3_XGB_seed42,HV,S3,XGB,491,Train,224.0,221.47058
HV_S3_XGB_seed42,HV,S3,XGB,492,Train,219.0,218.05826
HV_S3_XGB_seed42,HV,S3,XGB,493,Train,181.0,205.9713
HV_S3_XGB_seed42,HV,S3,XGB,494,Train,227.0,202.11061
HV_S3_XGB_seed42,HV,S3,XGB,495,Train,175.0,202.11061
HV_S3_XGB_seed42,HV,S3,XGB,496,Train,196.0,202.11061
HV_S3_XGB_seed42,HV,S3,XGB,498,Train,226.0,202.11061
HV_S3_XGB_seed42,HV,S3,XGB,500,Train,164.0,202.11061
HV_S3_XGB_seed42,HV,S3,XGB,501,Train,221.0,210.30948
HV_S3_XGB_seed42,HV,S3,XGB,502,Train,185.0,180.63335
HV_S3_XGB_seed42,HV,S3,XGB,503,Train,213.0,207.71109
HV_S3_XGB_seed42,HV,S3,XGB,504,Train,202.0,194.53575
HV_S3_XGB_seed42,HV,S3,XGB,505,Train,229.0,220.48627
HV_S3_XGB_seed42,HV,S3,XGB,506,Train,217.0,216.90353
HV_S3_XGB_seed42,HV,S3,XGB,507,Train,212.0,196.39902
HV_S3_XGB_seed42,HV,S3,XGB,509,Train,232.0,232.154
HV_S3_XGB_seed42,HV,S3,XGB,510,Train,214.0,211.27998
HV_S3_XGB_seed42,HV,S3,XGB,511,Train,229.0,221.67776
HV_S3_XGB_seed42,HV,S3,XGB,512,Train,200.0,199.22636
HV_S3_XGB_seed42,HV,S3,XGB,516,Train,188.0,189.31128
HV_S3_XGB_seed42,HV,S3,XGB,517,Train,214.0,220.48627
HV_S3_XGB_seed42,HV,S3,XGB,518,Train,205.0,201.65433
HV_S3_XGB_seed42,HV,S3,XGB,520,Train,157.0,175.02205
HV_S3_XGB_seed42,HV,S3,XGB,521,Train,230.0,223.82251
HV_S3_XGB_seed42,HV,S3,XGB,523,Train,228.0,213.96791
HV_S3_XGB_seed42,HV,S3,XGB,524,Train,170.0,188.54391
HV_S3_XGB_seed42,HV,S3,XGB,526,Train,208.0,196.90054
HV_S3_XGB_seed42,HV,S3,XGB,527,Train,229.0,229.18497
HV_S3_XGB_seed42,HV,S3,XGB,528,Train,220.0,216.98529
HV_S3_XGB_seed42,HV,S3,XGB,529,Train,189.0,198.9827
HV_S3_XGB_seed42,HV,S3,XGB,530,Train,168.0,168.96587
HV_S3_XGB_seed42,HV,S3,XGB,532,Train,209.0,210.01054
HV_S3_XGB_seed42,HV,S3,XGB,533,Train,269.0,273.1362
HV_S3_XGB_seed42,HV,S3,XGB,536,Train,333.0,321.75412
HV_S3_XGB_seed42,HV,S3,XGB,538,Train,265.0,272.91406
HV_S3_XGB_seed42,HV,S3,XGB,540,Train,306.0,325.14578
HV_S3_XGB_seed42,HV,S3,XGB,541,Train,330.0,337.09448
HV_S3_XGB_seed42,HV,S3,XGB,542,Train,317.0,319.89847
HV_S3_XGB_seed42,HV,S3,XGB,543,Train,331.0,344.59204
HV_S3_XGB_seed42,HV,S3,XGB,544,Train,333.0,331.5994
HV_S3_XGB_seed42,HV,S3,XGB,545,Train,304.0,283.2614
HV_S3_XGB_seed42,HV,S3,XGB,547,Train,227.0,249.94211
HV_S3_XGB_seed42,HV,S3,XGB,548,Train,267.0,256.47485
HV_S3_XGB_seed42,HV,S3,XGB,549,Train,262.0,251.85674
HV_S3_XGB_seed42,HV,S3,XGB,550,Train,271.0,276.66913
HV_S3_XGB_seed42,HV,S3,XGB,552,Train,290.0,291.9965
HV_S3_XGB_seed42,HV,S3,XGB,554,Train,338.0,327.8113
HV_S3_XGB_seed42,HV,S3,XGB,555,Train,328.0,340.18143
HV_S3_XGB_seed42,HV,S3,XGB,556,Train,278.0,280.6076
HV_S3_XGB_seed42,HV,S3,XGB,557,Train,292.0,296.58417
HV_S3_XGB_seed42,HV,S3,XGB,558,Train,297.0,298.09378
HV_S3_XGB_seed42,HV,S3,XGB,559,Train,342.0,331.26993
HV_S3_XGB_seed42,HV,S3,XGB,560,Train,336.0,333.5057
HV_S3_XGB_seed42,HV,S3,XGB,561,Train,281.0,271.9727
HV_S3_XGB_seed42,HV,S3,XGB,562,Train,285.0,288.03802
HV_S3_XGB_seed42,HV,S3,XGB,563,Train,286.0,288.83716
HV_S3_XGB_seed42,HV,S3,XGB,565,Train,345.0,347.5621
HV_S3_XGB_seed42,HV,S3,XGB,566,Train,344.0,332.82855
HV_S3_XGB_seed42,HV,S3,XGB,567,Train,318.0,303.97128
HV_S3_XGB_seed42,HV,S3,XGB,568,Train,326.0,321.4558
HV_S3_XGB_seed42,HV,S3,XGB,569,Train,336.0,349.37396
HV_S3_XGB_seed42,HV,S3,XGB,570,Train,338.0,330.91046
HV_S3_XGB_seed42,HV,S3,XGB,571,Train,284.0,282.08374
HV_S3_XGB_seed42,HV,S3,XGB,572,Train,258.0,259.85468
HV_S3_XGB_seed42,HV,S3,XGB,573,Train,252.0,250.92332
HV_S3_XGB_seed42,HV,S3,XGB,574,Train,245.0,247.83556
HV_S3_XGB_seed42,HV,S3,XGB,575,Train,243.0,241.22299
HV_S3_XGB_seed42,HV,S3,XGB,577,Train,339.0,335.47064
HV_S3_XGB_seed42,HV,S3,XGB,578,Train,344.0,344.8442
HV_S3_XGB_seed42,HV,S3,XGB,580,Train,293.0,295.9515
HV_S3_XGB_seed42,HV,S3,XGB,581,Train,294.0,294.68323
HV_S3_XGB_seed42,HV,S3,XGB,582,Train,329.0,328.0788
HV_S3_XGB_seed42,HV,S3,XGB,583,Train,348.0,350.41556
HV_S3_XGB_seed42,HV,S3,XGB,584,Train,330.0,324.46274
HV_S3_XGB_seed42,HV,S3,XGB,585,Train,273.0,274.18127
HV_S3_XGB_seed42,HV,S3,XGB,586,Train,251.0,251.14555
HV_S3_XGB_seed42,HV,S3,XGB,588,Train,239.0,234.70447
HV_S3_XGB_seed42,HV,S3,XGB,589,Train,232.0,222.80446
HV_S3_XGB_seed42,HV,S3,XGB,590,Train,294.0,297.84647
HV_S3_XGB_seed42,HV,S3,XGB,591,Train,290.0,291.7324
HV_S3_XGB_seed42,HV,S3,XGB,592,Train,338.0,330.80728
HV_S3_XGB_seed42,HV,S3,XGB,593,Train,329.0,327.841
HV_S3_XGB_seed42,HV,S3,XGB,594,Train,285.0,280.4715
HV_S3_XGB_seed42,HV,S3,XGB,595,Train,297.0,294.3005
HV_S3_XGB_seed42,HV,S3,XGB,596,Train,302.0,280.2288
HV_S3_XGB_seed42,HV,S3,XGB,597,Train,343.0,337.61194
HV_S3_XGB_seed42,HV,S3,XGB,598,Train,340.0,346.83688
HV_S3_XGB_seed42,HV,S3,XGB,599,Train,341.0,337.61194
HV_S3_XGB_seed42,HV,S3,XGB,600,Train,313.0,289.02548
HV_S3_XGB_seed42,HV,S3,XGB,601,Train,321.0,325.5913
HV_S3_XGB_seed42,HV,S3,XGB,602,Train,350.0,352.29623
HV_S3_XGB_seed42,HV,S3,XGB,603,Train,313.0,317.33557
HV_S3_XGB_seed42,HV,S3,XGB,604,Train,253.0,259.09067
HV_S3_XGB_seed42,HV,S3,XGB,605,Train,234.0,236.20544
HV_S3_XGB_seed42,HV,S3,XGB,606,Train,231.0,227.60747
HV_S3_XGB_seed42,HV,S3,XGB,607,Train,227.0,222.1937
HV_S3_XGB_seed42,HV,S3,XGB,608,Train,210.0,209.8083
HV_S3_XGB_seed42,HV,S3,XGB,609,Train,284.0,284.95438
HV_S3_XGB_seed42,HV,S3,XGB,610,Train,296.0,297.26166
HV_S3_XGB_seed42,HV,S3,XGB,614,Train,337.0,335.5524
HV_S3_XGB_seed42,HV,S3,XGB,615,Train,338.0,343.2318
HV_S3_XGB_seed42,HV,S3,XGB,619,Train,238.0,249.60403
HV_S3_XGB_seed42,HV,S3,XGB,621,Train,213.0,217.33316
HV_S3_XGB_seed42,HV,S3,XGB,622,Train,210.0,209.5987
HV_S3_XGB_seed42,HV,S3,XGB,623,Train,201.0,187.53185
HV_S3_XGB_seed42,HV,S3,XGB,624,Train,287.0,286.58725
HV_S3_XGB_seed42,HV,S3,XGB,626,Train,287.0,289.65793
HV_S3_XGB_seed42,HV,S3,XGB,627,Train,335.0,325.69202
HV_S3_XGB_seed42,HV,S3,XGB,628,Train,316.0,320.40198
HV_S3_XGB_seed42,HV,S3,XGB,630,Train,310.0,295.79303
HV_S3_XGB_seed42,HV,S3,XGB,632,Train,335.0,332.62982
HV_S3_XGB_seed42,HV,S3,XGB,633,Train,337.0,342.92798
HV_S3_XGB_seed42,HV,S3,XGB,636,Train,329.0,322.16046
HV_S3_XGB_seed42,HV,S3,XGB,638,Train,309.0,302.0848
HV_S3_XGB_seed42,HV,S3,XGB,639,Train,233.0,234.54805
HV_S3_XGB_seed42,HV,S3,XGB,641,Train,190.0,192.64944
HV_S3_XGB_seed42,HV,S3,XGB,642,Train,179.0,181.32954
HV_S3_XGB_seed42,HV,S3,XGB,645,Train,302.0,305.0027
HV_S3_XGB_seed42,HV,S3,XGB,648,Train,311.0,309.3358
HV_S3_XGB_seed42,HV,S3,XGB,649,Train,293.0,291.5858
HV_S3_XGB_seed42,HV,S3,XGB,650,Train,306.0,299.26193
HV_S3_XGB_seed42,HV,S3,XGB,651,Train,295.0,287.12753
HV_S3_XGB_seed42,HV,S3,XGB,652,Train,333.0,334.19855
HV_S3_XGB_seed42,HV,S3,XGB,653,Train,336.0,335.395
HV_S3_XGB_seed42,HV,S3,XGB,655,Train,352.0,352.60614
HV_S3_XGB_seed42,HV,S3,XGB,656,Train,289.0,285.31644
HV_S3_XGB_seed42,HV,S3,XGB,657,Train,233.0,223.74722
HV_S3_XGB_seed42,HV,S3,XGB,658,Train,179.0,185.61078
HV_S3_XGB_seed42,HV,S3,XGB,659,Train,168.0,169.41248
HV_S3_XGB_seed42,HV,S3,XGB,660,Train,159.0,155.30397
HV_S3_XGB_seed42,HV,S3,XGB,661,Train,148.0,154.17847
HV_S3_XGB_seed42,HV,S3,XGB,662,Train,299.0,300.1961
HV_S3_XGB_seed42,HV,S3,XGB,663,Train,282.0,278.00726
HV_S3_XGB_seed42,HV,S3,XGB,665,Train,303.0,301.9083
HV_S3_XGB_seed42,HV,S3,XGB,666,Train,331.0,331.6513
HV_S3_XGB_seed42,HV,S3,XGB,667,Train,333.0,328.9806
HV_S3_XGB_seed42,HV,S3,XGB,669,Train,349.0,350.14563
HV_S3_XGB_seed42,HV,S3,XGB,670,Train,264.0,268.22943
HV_S3_XGB_seed42,HV,S3,XGB,671,Train,202.0,206.07217
HV_S3_XGB_seed42,HV,S3,XGB,672,Train,172.0,179.4684
HV_S3_XGB_seed42,HV,S3,XGB,674,Train,142.0,139.39041
HV_S3_XGB_seed42,HV,S3,XGB,675,Train,136.0,137.75327
HV_S3_XGB_seed42,HV,S3,XGB,677,Train,295.0,285.32584
HV_S3_XGB_seed42,HV,S3,XGB,678,Train,305.0,287.69443
HV_S3_XGB_seed42,HV,S3,XGB,679,Train,293.0,282.0066
HV_S3_XGB_seed42,HV,S3,XGB,681,Train,313.0,316.4447
HV_S3_XGB_seed42,HV,S3,XGB,683,Train,326.0,328.68115
HV_S3_XGB_seed42,HV,S3,XGB,685,Train,334.0,328.68115
HV_S3_XGB_seed42,HV,S3,XGB,686,Train,266.0,253.89194
HV_S3_XGB_seed42,HV,S3,XGB,687,Train,295.0,295.2856
HV_S3_XGB_seed42,HV,S3,XGB,688,Train,295.0,296.47864
HV_S3_XGB_seed42,HV,S3,XGB,689,Train,277.0,274.39246
HV_S3_XGB_seed42,HV,S3,XGB,690,Train,297.0,283.66248
HV_S3_XGB_seed42,HV,S3,XGB,692,Train,290.0,267.99075
HV_S3_XGB_seed42,HV,S3,XGB,693,Train,325.0,325.48242
HV_S3_XGB_seed42,HV,S3,XGB,694,Train,351.0,347.42288
HV_S3_XGB_seed42,HV,S3,XGB,695,Train,261.0,255.80777
HV_S3_XGB_seed42,HV,S3,XGB,696,Train,192.0,192.67955
HV_S3_XGB_seed42,HV,S3,XGB,697,Train,166.0,168.38625
HV_S3_XGB_seed42,HV,S3,XGB,698,Train,146.0,142.02478
HV_S3_XGB_seed42,HV,S3,XGB,700,Train,125.0,129.15811
HV_S3_XGB_seed42,HV,S3,XGB,701,Train,309.0,311.42123
HV_S3_XGB_seed42,HV,S3,XGB,702,Train,296.0,293.3673
HV_S3_XGB_seed42,HV,S3,XGB,703,Train,320.0,323.9259
HV_S3_XGB_seed42,HV,S3,XGB,704,Train,324.0,322.85855
HV_S3_XGB_seed42,HV,S3,XGB,705,Train,298.0,296.55914
HV_S3_XGB_seed42,HV,S3,XGB,706,Train,273.0,272.91275
HV_S3_XGB_seed42,HV,S3,XGB,707,Train,297.0,284.04993
HV_S3_XGB_seed42,HV,S3,XGB,708,Train,300.0,290.043
HV_S3_XGB_seed42,HV,S3,XGB,709,Train,285.0,270.43073
HV_S3_XGB_seed42,HV,S3,XGB,710,Train,326.0,318.36078
HV_S3_XGB_seed42,HV,S3,XGB,712,Train,323.0,326.36887
HV_S3_XGB_seed42,HV,S3,XGB,713,Train,351.0,342.25555
HV_S3_XGB_seed42,HV,S3,XGB,714,Train,245.0,245.98978
HV_S3_XGB_seed42,HV,S3,XGB,715,Train,185.0,187.12971
HV_S3_XGB_seed42,HV,S3,XGB,716,Train,160.0,159.97084
HV_S3_XGB_seed42,HV,S3,XGB,717,Train,132.0,130.21405
HV_S3_XGB_seed42,HV,S3,XGB,718,Train,121.0,120.00614
HV_S3_XGB_seed42,HV,S3,XGB,719,Train,115.0,124.29878
HV_S3_XGB_seed42,HV,S3,XGB,720,Train,292.0,295.1253
HV_S3_XGB_seed42,HV,S3,XGB,722,Train,292.0,287.63306
HV_S3_XGB_seed42,HV,S3,XGB,723,Train,319.0,319.86087
HV_S3_XGB_seed42,HV,S3,XGB,724,Train,320.0,318.00797
HV_S3_XGB_seed42,HV,S3,XGB,727,Train,298.0,299.30496
HV_S3_XGB_seed42,HV,S3,XGB,728,Train,266.0,268.26486
HV_S3_XGB_seed42,HV,S3,XGB,729,Train,297.0,290.2912
HV_S3_XGB_seed42,HV,S3,XGB,730,Train,297.0,296.01175
HV_S3_XGB_seed42,HV,S3,XGB,731,Train,279.0,275.93604
HV_S3_XGB_seed42,HV,S3,XGB,732,Train,292.0,292.67914
HV_S3_XGB_seed42,HV,S3,XGB,734,Train,283.0,282.8594
HV_S3_XGB_seed42,HV,S3,XGB,735,Train,315.0,319.0218
HV_S3_XGB_seed42,HV,S3,XGB,736,Train,319.0,316.73825
HV_S3_XGB_seed42,HV,S3,XGB,737,Train,298.0,299.2252
HV_S3_XGB_seed42,HV,S3,XGB,738,Train,265.0,265.5048
HV_S3_XGB_seed42,HV,S3,XGB,739,Train,298.0,297.69083
HV_S3_XGB_seed42,HV,S3,XGB,740,Train,293.0,296.91418
HV_S3_XGB_seed42,HV,S3,XGB,741,Train,276.0,273.77188
HV_S3_XGB_seed42,HV,S3,XGB,742,Train,323.0,327.12347
HV_S3_XGB_seed42,HV,S3,XGB,743,Train,341.0,336.16492
HV_S3_XGB_seed42,HV,S3,XGB,744,Train,216.0,223.93706
HV_S3_XGB_seed42,HV,S3,XGB,745,Train,179.0,179.95444
HV_S3_XGB_seed42,HV,S3,XGB,746,Train,158.0,153.1052
HV_S3_XGB_seed42,HV,S3,XGB,747,Train,125.0,124.20136
HV_S3_XGB_seed42,HV,S3,XGB,748,Train,111.0,114.04994
HV_S3_XGB_seed42,HV,S3,XGB,751,Train,290.0,287.8417
HV_S3_XGB_seed42,HV,S3,XGB,752,Train,276.0,275.98038
HV_S3_XGB_seed42,HV,S3,XGB,753,Train,311.0,311.7276
HV_S3_XGB_seed42,HV,S3,XGB,754,Train,315.0,311.46057
HV_S3_XGB_seed42,HV,S3,XGB,756,Train,298.0,298.96262
HV_S3_XGB_seed42,HV,S3,XGB,758,Train,298.0,298.47906
HV_S3_XGB_seed42,HV,S3,XGB,759,Train,289.0,294.42636
HV_S3_XGB_seed42,HV,S3,XGB,760,Train,274.0,273.7289
HV_S3_XGB_seed42,HV,S3,XGB,761,Train,291.0,286.4756
HV_S3_XGB_seed42,HV,S3,XGB,762,Train,278.0,282.6198
HV_S3_XGB_seed42,HV,S3,XGB,763,Train,269.0,270.84866
HV_S3_XGB_seed42,HV,S3,XGB,765,Train,313.0,307.65552
HV_S3_XGB_seed42,HV,S3,XGB,766,Train,179.0,206.71341
HV_S3_XGB_seed42,HV,S3,XGB,767,Train,300.0,299.01697
HV_S3_XGB_seed42,HV,S3,XGB,768,Train,259.0,261.52768
HV_S3_XGB_seed42,HV,S3,XGB,769,Train,300.0,299.50436
HV_S3_XGB_seed42,HV,S3,XGB,770,Train,288.0,293.51038
HV_S3_XGB_seed42,HV,S3,XGB,771,Train,273.0,269.15906
HV_S3_XGB_seed42,HV,S3,XGB,772,Train,329.0,326.6069
HV_S3_XGB_seed42,HV,S3,XGB,773,Train,335.0,325.87524
HV_S3_XGB_seed42,HV,S3,XGB,774,Train,215.0,218.26315
HV_S3_XGB_seed42,HV,S3,XGB,775,Train,181.0,177.24692
HV_S3_XGB_seed42,HV,S3,XGB,776,Train,156.0,151.68578
HV_S3_XGB_seed42,HV,S3,XGB,777,Train,124.0,119.4612
HV_S3_XGB_seed42,HV,S3,XGB,778,Train,106.0,105.53578
HV_S3_XGB_seed42,HV,S3,XGB,779,Train,95.0,109.98159
HV_S3_XGB_seed42,HV,S3,XGB,780,Train,290.0,281.63
HV_S3_XGB_seed42,HV,S3,XGB,781,Train,268.0,273.20544
HV_S3_XGB_seed42,HV,S3,XGB,782,Train,264.0,263.1121
HV_S3_XGB_seed42,HV,S3,XGB,786,Train,299.0,298.0424
HV_S3_XGB_seed42,HV,S3,XGB,787,Train,301.0,299.14264
HV_S3_XGB_seed42,HV,S3,XGB,788,Train,287.0,288.8226
HV_S3_XGB_seed42,HV,S3,XGB,789,Train,272.0,269.25723
HV_S3_XGB_seed42,HV,S3,XGB,790,Train,286.0,280.84308
HV_S3_XGB_seed42,HV,S3,XGB,792,Train,258.0,271.64404
HV_S3_XGB_seed42,HV,S3,XGB,793,Train,259.0,262.14413
HV_S3_XGB_seed42,HV,S3,XGB,795,Train,287.0,288.10522
HV_S3_XGB_seed42,HV,S3,XGB,796,Train,270.0,263.86075
HV_S3_XGB_seed42,HV,S3,XGB,797,Train,291.0,295.59827
HV_S3_XGB_seed42,HV,S3,XGB,798,Train,298.0,296.90698
HV_S3_XGB_seed42,HV,S3,XGB,799,Train,305.0,295.59827
HV_S3_XGB_seed42,HV,S3,XGB,800,Train,172.0,202.71172
HV_S3_XGB_seed42,HV,S3,XGB,801,Train,330.0,322.6656
HV_S3_XGB_seed42,HV,S3,XGB,802,Train,324.0,315.2735
HV_S3_XGB_seed42,HV,S3,XGB,804,Train,176.0,167.31055
HV_S3_XGB_seed42,HV,S3,XGB,805,Train,153.0,142.78291
HV_S3_XGB_seed42,HV,S3,XGB,806,Train,122.0,114.92234
HV_S3_XGB_seed42,HV,S3,XGB,807,Train,100.0,105.568825
HV_S3_XGB_seed42,HV,S3,XGB,808,Train,91.0,110.397736
HV_S3_XGB_seed42,HV,S3,XGB,809,Train,286.0,280.2077
HV_S3_XGB_seed42,HV,S3,XGB,810,Train,282.0,277.08075
HV_S3_XGB_seed42,HV,S3,XGB,813,Train,288.0,291.30438
HV_S3_XGB_seed42,HV,S3,XGB,814,Train,293.0,292.46838
HV_S3_XGB_seed42,HV,S3,XGB,815,Train,248.0,247.51778
HV_S3_XGB_seed42,HV,S3,XGB,816,Train,251.0,257.75342
HV_S3_XGB_seed42,HV,S3,XGB,817,Train,285.0,280.23215
HV_S3_XGB_seed42,HV,S3,XGB,818,Train,291.0,280.14883
HV_S3_XGB_seed42,HV,S3,XGB,819,Train,238.0,247.66362
HV_S3_XGB_seed42,HV,S3,XGB,820,Train,208.0,226.9962
HV_S3_XGB_seed42,HV,S3,XGB,821,Train,227.0,230.8934
HV_S3_XGB_seed42,HV,S3,XGB,822,Train,247.0,222.85744
HV_S3_XGB_seed42,HV,S3,XGB,823,Train,255.0,265.8855
HV_S3_XGB_seed42,HV,S3,XGB,824,Train,244.0,261.94495
HV_S3_XGB_seed42,HV,S3,XGB,825,Train,216.0,260.9988
HV_S3_XGB_seed42,HV,S3,XGB,827,Train,254.0,265.8855
HV_S3_XGB_seed42,HV,S3,XGB,828,Train,240.0,261.94495
HV_S3_XGB_seed42,HV,S3,XGB,830,Train,169.0,209.7308
HV_S3_XGB_seed42,HV,S3,XGB,831,Train,226.0,265.8855
HV_S3_XGB_seed42,HV,S3,XGB,832,Train,220.0,261.94495
HV_S3_XGB_seed42,HV,S3,XGB,833,Train,196.0,260.9988
HV_S3_XGB_seed42,HV,S3,XGB,834,Train,155.0,209.7308
HV_S3_XGB_seed42,HV,S3,XGB,836,Train,336.0,261.94495
HV_S3_XGB_seed42,HV,S3,XGB,837,Train,320.0,260.9988
HV_S3_XGB_seed42,HV,S3,XGB,838,Train,265.0,209.7308
HV_S3_XGB_seed42,HV,S3,XGB,839,Train,320.0,265.8855
HV_S3_XGB_seed42,HV,S3,XGB,841,Train,286.0,260.9988
HV_S3_XGB_seed42,HV,S3,XGB,843,Train,289.0,265.8855
HV_S3_XGB_seed42,HV,S3,XGB,845,Train,302.0,260.9988
HV_S3_XGB_seed42,HV,S3,XGB,846,Train,254.0,209.7308
HV_S3_XGB_seed42,HV,S3,XGB,848,Train,370.0,368.55884
HV_S3_XGB_seed42,HV,S3,XGB,849,Train,299.0,296.76105
HV_S3_XGB_seed42,HV,S3,XGB,850,Train,371.0,362.65945
HV_S3_XGB_seed42,HV,S3,XGB,851,Train,373.0,360.2305
HV_S3_XGB_seed42,HV,S3,XGB,853,Train,351.0,360.23727
HV_S3_XGB_seed42,HV,S3,XGB,855,Train,357.0,369.67203
HV_S3_XGB_seed42,HV,S3,XGB,856,Train,361.0,360.23727
HV_S3_XGB_seed42,HV,S3,XGB,858,Train,381.0,363.9642
HV_S3_XGB_seed42,HV,S3,XGB,859,Train,222.0,232.23868
HV_S3_XGB_seed42,HV,S3,XGB,860,Train,239.0,237.02518
HV_S3_XGB_seed42,HV,S3,XGB,861,Train,242.0,223.68518
HV_S3_XGB_seed42,HV,S3,XGB,862,Train,259.0,274.05185
HV_S3_XGB_seed42,HV,S3,XGB,863,Train,235.0,266.64066
HV_S3_XGB_seed42,HV,S3,XGB,865,Train,158.0,190.38193
HV_S3_XGB_seed42,HV,S3,XGB,866,Train,251.0,274.05185
HV_S3_XGB_seed42,HV,S3,XGB,868,Train,180.0,250.70247
HV_S3_XGB_seed42,HV,S3,XGB,869,Train,151.0,190.38193
HV_S3_XGB_seed42,HV,S3,XGB,870,Train,225.0,274.05185
HV_S3_XGB_seed42,HV,S3,XGB,871,Train,210.0,266.64066
HV_S3_XGB_seed42,HV,S3,XGB,873,Train,141.0,190.38193
HV_S3_XGB_seed42,HV,S3,XGB,874,Train,348.0,274.05185
HV_S3_XGB_seed42,HV,S3,XGB,875,Train,330.0,266.64066
HV_S3_XGB_seed42,HV,S3,XGB,877,Train,235.0,190.38193
HV_S3_XGB_seed42,HV,S3,XGB,879,Train,305.0,266.64066
HV_S3_XGB_seed42,HV,S3,XGB,880,Train,280.0,250.70247
HV_S3_XGB_seed42,HV,S3,XGB,881,Train,223.0,190.38193
HV_S3_XGB_seed42,HV,S3,XGB,882,Train,290.0,274.05185
HV_S3_XGB_seed42,HV,S3,XGB,884,Train,291.0,250.70247
HV_S3_XGB_seed42,HV,S3,XGB,885,Train,219.0,190.38193
HV_S3_XGB_seed42,HV,S3,XGB,886,Train,282.0,271.3707
HV_S3_XGB_seed42,HV,S3,XGB,887,Train,382.0,348.27704
HV_S3_XGB_seed42,HV,S3,XGB,889,Train,287.0,281.75497
HV_S3_XGB_seed42,HV,S3,XGB,890,Train,345.0,343.25034
HV_S3_XGB_seed42,HV,S3,XGB,891,Train,267.0,274.0612
HV_S3_XGB_seed42,HV,S3,XGB,892,Train,359.0,362.47684
HV_S3_XGB_seed42,HV,S3,XGB,894,Train,304.0,274.0612
HV_S3_XGB_seed42,HV,S3,XGB,895,Train,232.0,235.50883
HV_S3_XGB_seed42,HV,S3,XGB,896,Train,248.0,241.81537
HV_S3_XGB_seed42,HV,S3,XGB,897,Train,222.0,223.63208
HV_S3_XGB_seed42,HV,S3,XGB,898,Train,253.0,259.52853
HV_S3_XGB_seed42,HV,S3,XGB,899,Train,229.0,248.41501
HV_S3_XGB_seed42,HV,S3,XGB,900,Train,162.0,232.06662
HV_S3_XGB_seed42,HV,S3,XGB,901,Train,145.0,175.9232
HV_S3_XGB_seed42,HV,S3,XGB,902,Train,245.0,259.52853
HV_S3_XGB_seed42,HV,S3,XGB,903,Train,196.0,248.41501
HV_S3_XGB_seed42,HV,S3,XGB,905,Train,144.0,175.9232
HV_S3_XGB_seed42,HV,S3,XGB,906,Train,220.0,259.52853
HV_S3_XGB_seed42,HV,S3,XGB,907,Train,201.0,248.41501
HV_S3_XGB_seed42,HV,S3,XGB,908,Train,176.0,232.06662
HV_S3_XGB_seed42,HV,S3,XGB,909,Train,135.0,175.9232
HV_S3_XGB_seed42,HV,S3,XGB,911,Train,321.0,248.41501
HV_S3_XGB_seed42,HV,S3,XGB,913,Train,213.0,175.9232
HV_S3_XGB_seed42,HV,S3,XGB,916,Train,272.0,232.06662
HV_S3_XGB_seed42,HV,S3,XGB,917,Train,204.0,175.9232
HV_S3_XGB_seed42,HV,S3,XGB,918,Train,289.0,259.52853
HV_S3_XGB_seed42,HV,S3,XGB,919,Train,279.0,248.41501
HV_S3_XGB_seed42,HV,S3,XGB,920,Train,275.0,232.06662
HV_S3_XGB_seed42,HV,S3,XGB,921,Train,205.0,175.9232
HV_S3_XGB_seed42,HV,S3,XGB,923,Train,248.0,240.56226
HV_S3_XGB_seed42,HV,S3,XGB,924,Train,211.0,208.34927
HV_S3_XGB_seed42,HV,S3,XGB,925,Train,252.0,270.8639
HV_S3_XGB_seed42,HV,S3,XGB,926,Train,216.0,248.42067
HV_S3_XGB_seed42,HV,S3,XGB,928,Train,141.0,171.68092
HV_S3_XGB_seed42,HV,S3,XGB,929,Train,234.0,270.8639
HV_S3_XGB_seed42,HV,S3,XGB,930,Train,188.0,248.42067
HV_S3_XGB_seed42,HV,S3,XGB,931,Train,155.0,214.16553
HV_S3_XGB_seed42,HV,S3,XGB,932,Train,143.0,171.68092
HV_S3_XGB_seed42,HV,S3,XGB,933,Train,218.0,270.8639
HV_S3_XGB_seed42,HV,S3,XGB,934,Train,200.0,248.42067
HV_S3_XGB_seed42,HV,S3,XGB,935,Train,166.0,214.16553
HV_S3_XGB_seed42,HV,S3,XGB,936,Train,132.0,171.68092
HV_S3_XGB_seed42,HV,S3,XGB,937,Train,345.0,270.8639
HV_S3_XGB_seed42,HV,S3,XGB,938,Train,318.0,248.42067
HV_S3_XGB_seed42,HV,S3,XGB,939,Train,272.0,214.16553
HV_S3_XGB_seed42,HV,S3,XGB,940,Train,212.0,171.68092
HV_S3_XGB_seed42,HV,S3,XGB,941,Train,314.0,270.8639
HV_S3_XGB_seed42,HV,S3,XGB,942,Train,292.0,248.42067
HV_S3_XGB_seed42,HV,S3,XGB,944,Train,193.0,171.68092
HV_S3_XGB_seed42,HV,S3,XGB,946,Train,278.0,248.42067
HV_S3_XGB_seed42,HV,S3,XGB,947,Train,264.0,214.16553
HV_S3_XGB_seed42,HV,S3,XGB,948,Train,202.0,171.68092
HV_S3_XGB_seed42,HV,S3,XGB,949,Train,296.0,290.34137
HV_S3_XGB_seed42,HV,S3,XGB,950,Train,360.0,351.16675
HV_S3_XGB_seed42,HV,S3,XGB,951,Train,349.0,332.6086
HV_S3_XGB_seed42,HV,S3,XGB,952,Train,273.0,254.62575
HV_S3_XGB_seed42,HV,S3,XGB,953,Train,365.0,364.6428
HV_S3_XGB_seed42,HV,S3,XGB,954,Train,342.0,342.32135
HV_S3_XGB_seed42,HV,S3,XGB,956,Train,362.0,364.6428
HV_S3_XGB_seed42,HV,S3,XGB,959,Train,244.0,249.15543
HV_S3_XGB_seed42,HV,S3,XGB,960,Train,247.0,246.40007
HV_S3_XGB_seed42,HV,S3,XGB,961,Train,197.0,202.91438
HV_S3_XGB_seed42,HV,S3,XGB,962,Train,243.0,278.8252
HV_S3_XGB_seed42,HV,S3,XGB,963,Train,215.0,248.48924
HV_S3_XGB_seed42,HV,S3,XGB,967,Train,182.0,248.48924
HV_S3_XGB_seed42,HV,S3,XGB,968,Train,150.0,202.88266
HV_S3_XGB_seed42,HV,S3,XGB,969,Train,140.0,175.37967
HV_S3_XGB_seed42,HV,S3,XGB,970,Train,218.0,278.8252
HV_S3_XGB_seed42,HV,S3,XGB,971,Train,196.0,248.48924
HV_S3_XGB_seed42,HV,S3,XGB,972,Train,157.0,202.88266
HV_S3_XGB_seed42,HV,S3,XGB,973,Train,131.0,175.37967
HV_S3_XGB_seed42,HV,S3,XGB,974,Train,343.0,278.8252
HV_S3_XGB_seed42,HV,S3,XGB,975,Train,312.0,248.48924
HV_S3_XGB_seed42,HV,S3,XGB,976,Train,267.0,202.88266
HV_S3_XGB_seed42,HV,S3,XGB,977,Train,206.0,175.37967
HV_S3_XGB_seed42,HV,S3,XGB,978,Train,313.0,278.8252
HV_S3_XGB_seed42,HV,S3,XGB,979,Train,290.0,248.48924
HV_S3_XGB_seed42,HV,S3,XGB,981,Train,192.0,175.37967
HV_S3_XGB_seed42,HV,S3,XGB,982,Train,285.0,278.8252
HV_S3_XGB_seed42,HV,S3,XGB,983,Train,277.0,248.48924
HV_S3_XGB_seed42,HV,S3,XGB,985,Train,197.0,175.37967
HV_S3_XGB_seed42,HV,S3,XGB,990,Train,244.0,240.0919
HV_S3_XGB_seed42,HV,S3,XGB,991,Train,161.0,183.86256
HV_S3_XGB_seed42,HV,S3,XGB,992,Train,239.0,267.05896
HV_S3_XGB_seed42,HV,S3,XGB,993,Train,203.0,245.53934
HV_S3_XGB_seed42,HV,S3,XGB,994,Train,148.0,194.50696
HV_S3_XGB_seed42,HV,S3,XGB,996,Train,210.0,267.05896
HV_S3_XGB_seed42,HV,S3,XGB,997,Train,173.0,245.53934
HV_S3_XGB_seed42,HV,S3,XGB,998,Train,147.0,194.50696
HV_S3_XGB_seed42,HV,S3,XGB,999,Train,139.0,177.12943
HV_S3_XGB_seed42,HV,S3,XGB,1000,Train,214.0,267.05896
HV_S3_XGB_seed42,HV,S3,XGB,1004,Train,339.0,267.05896
HV_S3_XGB_seed42,HV,S3,XGB,1005,Train,309.0,245.53934
HV_S3_XGB_seed42,HV,S3,XGB,1006,Train,253.0,194.50696
HV_S3_XGB_seed42,HV,S3,XGB,1007,Train,198.0,177.12943
HV_S3_XGB_seed42,HV,S3,XGB,1008,Train,312.0,267.05896
HV_S3_XGB_seed42,HV,S3,XGB,1009,Train,284.0,245.53934
HV_S3_XGB_seed42,HV,S3,XGB,1011,Train,191.0,177.12943
HV_S3_XGB_seed42,HV,S3,XGB,1012,Train,281.0,267.05896
HV_S3_XGB_seed42,HV,S3,XGB,1013,Train,273.0,245.53934
HV_S3_XGB_seed42,HV,S3,XGB,1014,Train,241.0,194.50696
HV_S3_XGB_seed42,HV,S3,XGB,1015,Train,189.0,177.12943
HV_S3_XGB_seed42,HV,S3,XGB,1016,Train,353.0,339.65466
HV_S3_XGB_seed42,HV,S3,XGB,1017,Train,343.0,323.05585
HV_S3_XGB_seed42,HV,S3,XGB,1018,Train,259.0,238.2942
HV_S3_XGB_seed42,HV,S3,XGB,1020,Train,325.0,331.87585
HV_S3_XGB_seed42,HV,S3,XGB,1021,Train,219.0,229.00996
HV_S3_XGB_seed42,HV,S3,XGB,1022,Train,362.0,358.28888
HV_S3_XGB_seed42,HV,S3,XGB,1023,Train,342.0,331.87585
HV_S3_XGB_seed42,HV,S3,XGB,1024,Train,227.0,229.00996
HV_S3_XGB_seed42,HV,S3,XGB,1025,Train,243.0,244.50562
HV_S3_XGB_seed42,HV,S3,XGB,1028,Train,234.0,265.93033
HV_S3_XGB_seed42,HV,S3,XGB,1029,Train,195.0,225.9924
HV_S3_XGB_seed42,HV,S3,XGB,1030,Train,149.0,194.47076
HV_S3_XGB_seed42,HV,S3,XGB,1032,Train,200.0,265.93033
HV_S3_XGB_seed42,HV,S3,XGB,1033,Train,169.0,225.9924
HV_S3_XGB_seed42,HV,S3,XGB,1034,Train,145.0,194.47076
HV_S3_XGB_seed42,HV,S3,XGB,1035,Train,137.0,161.86034
HV_S3_XGB_seed42,HV,S3,XGB,1036,Train,214.0,265.93033
HV_S3_XGB_seed42,HV,S3,XGB,1037,Train,179.0,225.9924
HV_S3_XGB_seed42,HV,S3,XGB,1038,Train,140.0,194.47076
HV_S3_XGB_seed42,HV,S3,XGB,1039,Train,129.0,161.86034
HV_S3_XGB_seed42,HV,S3,XGB,1040,Train,336.0,265.93033
HV_S3_XGB_seed42,HV,S3,XGB,1042,Train,242.0,194.47076
HV_S3_XGB_seed42,HV,S3,XGB,1043,Train,185.0,161.86034
HV_S3_XGB_seed42,HV,S3,XGB,1044,Train,306.0,265.93033
HV_S3_XGB_seed42,HV,S3,XGB,1045,Train,280.0,225.9924
HV_S3_XGB_seed42,HV,S3,XGB,1046,Train,241.0,194.47076
HV_S3_XGB_seed42,HV,S3,XGB,1048,Train,283.0,265.93033
HV_S3_XGB_seed42,HV,S3,XGB,1049,Train,272.0,225.9924
HV_S3_XGB_seed42,HV,S3,XGB,1050,Train,229.0,194.47076
HV_S3_XGB_seed42,HV,S3,XGB,1051,Train,181.0,161.86034
HV_S3_XGB_seed42,HV,S3,XGB,1052,Train,278.0,277.76978
HV_S3_XGB_seed42,HV,S3,XGB,1053,Train,353.0,353.10983
HV_S3_XGB_seed42,HV,S3,XGB,1054,Train,311.0,309.59662
HV_S3_XGB_seed42,HV,S3,XGB,1055,Train,192.0,205.32181
HV_S3_XGB_seed42,HV,S3,XGB,1056,Train,244.0,258.69006
HV_S3_XGB_seed42,HV,S3,XGB,1057,Train,217.0,227.52753
HV_S3_XGB_seed42,HV,S3,XGB,1060,Train,180.0,213.27145
HV_S3_XGB_seed42,HV,S3,XGB,1061,Train,146.0,182.74623
HV_S3_XGB_seed42,HV,S3,XGB,1064,Train,160.0,213.27145
HV_S3_XGB_seed42,HV,S3,XGB,1065,Train,144.0,182.74623
HV_S3_XGB_seed42,HV,S3,XGB,1066,Train,136.0,157.10187
HV_S3_XGB_seed42,HV,S3,XGB,1068,Train,169.0,213.27145
HV_S3_XGB_seed42,HV,S3,XGB,1069,Train,137.0,182.74623
HV_S3_XGB_seed42,HV,S3,XGB,1070,Train,127.0,157.10187
HV_S3_XGB_seed42,HV,S3,XGB,1071,Train,336.0,281.40677
HV_S3_XGB_seed42,HV,S3,XGB,1073,Train,231.0,182.74623
HV_S3_XGB_seed42,HV,S3,XGB,1074,Train,177.0,157.10187
HV_S3_XGB_seed42,HV,S3,XGB,1076,Train,272.0,213.27145
HV_S3_XGB_seed42,HV,S3,XGB,1077,Train,233.0,182.74623
HV_S3_XGB_seed42,HV,S3,XGB,1078,Train,173.0,157.10187
HV_S3_XGB_seed42,HV,S3,XGB,1079,Train,279.0,281.40677
HV_S3_XGB_seed42,HV,S3,XGB,1080,Train,270.0,213.27145
HV_S3_XGB_seed42,HV,S3,XGB,1081,Train,216.0,182.74623
HV_S3_XGB_seed42,HV,S3,XGB,1082,Train,175.0,157.10187
HV_S3_XGB_seed42,HV,S3,XGB,1083,Train,241.0,238.05635
HV_S3_XGB_seed42,HV,S3,XGB,1084,Train,209.0,217.70569
HV_S3_XGB_seed42,HV,S3,XGB,1085,Train,136.0,166.49257
HV_S3_XGB_seed42,HV,S3,XGB,1086,Train,211.0,247.39345
HV_S3_XGB_seed42,HV,S3,XGB,1088,Train,144.0,166.81621
HV_S3_XGB_seed42,HV,S3,XGB,1089,Train,133.0,150.55183
HV_S3_XGB_seed42,HV,S3,XGB,1090,Train,183.0,247.39345
HV_S3_XGB_seed42,HV,S3,XGB,1091,Train,156.0,211.9624
HV_S3_XGB_seed42,HV,S3,XGB,1092,Train,141.0,166.81621
HV_S3_XGB_seed42,HV,S3,XGB,1093,Train,132.0,150.55183
HV_S3_XGB_seed42,HV,S3,XGB,1094,Train,206.0,247.39345
HV_S3_XGB_seed42,HV,S3,XGB,1095,Train,163.0,211.9624
HV_S3_XGB_seed42,HV,S3,XGB,1096,Train,136.0,166.81621
HV_S3_XGB_seed42,HV,S3,XGB,1097,Train,128.0,150.55183
HV_S3_XGB_seed42,HV,S3,XGB,1098,Train,332.0,247.39345
HV_S3_XGB_seed42,HV,S3,XGB,1099,Train,284.0,211.9624
HV_S3_XGB_seed42,HV,S3,XGB,1101,Train,169.0,150.55183
HV_S3_XGB_seed42,HV,S3,XGB,1102,Train,302.0,247.39345
HV_S3_XGB_seed42,HV,S3,XGB,1103,Train,262.0,211.9624
HV_S3_XGB_seed42,HV,S3,XGB,1104,Train,217.0,166.81621
HV_S3_XGB_seed42,HV,S3,XGB,1105,Train,170.0,150.55183
HV_S3_XGB_seed42,HV,S3,XGB,1108,Train,205.0,166.81621
HV_S3_XGB_seed42,HV,S3,XGB,1109,Train,170.0,150.55183
HV_S3_XGB_seed42,HV,S3,XGB,1110,Train,234.0,227.10406
HV_S3_XGB_seed42,HV,S3,XGB,1111,Train,204.0,214.98106
HV_S3_XGB_seed42,HV,S3,XGB,1113,Train,199.0,238.66795
HV_S3_XGB_seed42,HV,S3,XGB,1114,Train,157.0,210.66937
HV_S3_XGB_seed42,HV,S3,XGB,1115,Train,143.0,165.29628
HV_S3_XGB_seed42,HV,S3,XGB,1117,Train,175.0,238.66795
HV_S3_XGB_seed42,HV,S3,XGB,1118,Train,153.0,210.66937
HV_S3_XGB_seed42,HV,S3,XGB,1119,Train,140.0,165.29628
HV_S3_XGB_seed42,HV,S3,XGB,1120,Train,132.0,150.61877
HV_S3_XGB_seed42,HV,S3,XGB,1121,Train,202.0,238.66795
HV_S3_XGB_seed42,HV,S3,XGB,1122,Train,154.0,210.66937
HV_S3_XGB_seed42,HV,S3,XGB,1123,Train,134.0,165.29628
HV_S3_XGB_seed42,HV,S3,XGB,1124,Train,127.0,150.61877
HV_S3_XGB_seed42,HV,S3,XGB,1125,Train,329.0,238.66795
HV_S3_XGB_seed42,HV,S3,XGB,1126,Train,271.0,210.66937
HV_S3_XGB_seed42,HV,S3,XGB,1128,Train,166.0,150.61877
HV_S3_XGB_seed42,HV,S3,XGB,1130,Train,262.0,210.66937
HV_S3_XGB_seed42,HV,S3,XGB,1131,Train,205.0,165.29628
HV_S3_XGB_seed42,HV,S3,XGB,1132,Train,166.0,150.61877
HV_S3_XGB_seed42,HV,S3,XGB,1133,Train,277.0,238.66795
HV_S3_XGB_seed42,HV,S3,XGB,1134,Train,261.0,210.66937
HV_S3_XGB_seed42,HV,S3,XGB,1135,Train,193.0,165.29628
HV_S3_XGB_seed42,HV,S3,XGB,1136,Train,163.0,150.61877
HV_S3_XGB_seed42,HV,S3,XGB,1137,Train,258.0,265.24222
HV_S3_XGB_seed42,HV,S3,XGB,1139,Train,197.0,213.01894
HV_S3_XGB_seed42,HV,S3,XGB,1140,Train,132.0,163.86742
HV_S3_XGB_seed42,HV,S3,XGB,1141,Train,198.0,244.83888
HV_S3_XGB_seed42,HV,S3,XGB,1142,Train,151.0,210.93762
HV_S3_XGB_seed42,HV,S3,XGB,1143,Train,141.0,151.78606
HV_S3_XGB_seed42,HV,S3,XGB,1144,Train,130.0,137.9445
HV_S3_XGB_seed42,HV,S3,XGB,1145,Train,168.0,244.83888
HV_S3_XGB_seed42,HV,S3,XGB,1146,Train,150.0,210.93762
HV_S3_XGB_seed42,HV,S3,XGB,1147,Train,141.0,151.78606
HV_S3_XGB_seed42,HV,S3,XGB,1148,Train,131.0,137.9445
HV_S3_XGB_seed42,HV,S3,XGB,1149,Train,195.0,244.83888
HV_S3_XGB_seed42,HV,S3,XGB,1151,Train,133.0,151.78606
HV_S3_XGB_seed42,HV,S3,XGB,1152,Train,125.0,137.9445
HV_S3_XGB_seed42,HV,S3,XGB,1153,Train,323.0,244.83888
HV_S3_XGB_seed42,HV,S3,XGB,1154,Train,264.0,210.93762
HV_S3_XGB_seed42,HV,S3,XGB,1155,Train,192.0,151.78606
HV_S3_XGB_seed42,HV,S3,XGB,1157,Train,296.0,244.83888
HV_S3_XGB_seed42,HV,S3,XGB,1158,Train,256.0,210.93762
HV_S3_XGB_seed42,HV,S3,XGB,1160,Train,161.0,137.9445
HV_S3_XGB_seed42,HV,S3,XGB,1161,Train,276.0,244.83888
HV_S3_XGB_seed42,HV,S3,XGB,1162,Train,255.0,210.93762
HV_S3_XGB_seed42,HV,S3,XGB,1165,Train,177.0,194.77905
HV_S3_XGB_seed42,HV,S3,XGB,1166,Train,217.0,237.39159
HV_S3_XGB_seed42,HV,S3,XGB,1168,Train,130.0,169.0213
HV_S3_XGB_seed42,HV,S3,XGB,1169,Train,187.0,243.63724
HV_S3_XGB_seed42,HV,S3,XGB,1170,Train,148.0,195.10979
HV_S3_XGB_seed42,HV,S3,XGB,1171,Train,141.0,144.02647
HV_S3_XGB_seed42,HV,S3,XGB,1172,Train,130.0,137.64384
HV_S3_XGB_seed42,HV,S3,XGB,1173,Train,166.0,243.63724
HV_S3_XGB_seed42,HV,S3,XGB,1174,Train,148.0,195.10979
HV_S3_XGB_seed42,HV,S3,XGB,1175,Train,140.0,144.02647
HV_S3_XGB_seed42,HV,S3,XGB,1176,Train,127.0,137.64384
HV_S3_XGB_seed42,HV,S3,XGB,1178,Train,145.0,195.10979
HV_S3_XGB_seed42,HV,S3,XGB,1179,Train,135.0,144.02647
HV_S3_XGB_seed42,HV,S3,XGB,1180,Train,124.0,137.64384
HV_S3_XGB_seed42,HV,S3,XGB,1181,Train,320.0,243.63724
HV_S3_XGB_seed42,HV,S3,XGB,1182,Train,256.0,195.10979
HV_S3_XGB_seed42,HV,S3,XGB,1184,Train,155.0,137.64384
HV_S3_XGB_seed42,HV,S3,XGB,1185,Train,296.0,243.63724
HV_S3_XGB_seed42,HV,S3,XGB,1186,Train,248.0,195.10979
HV_S3_XGB_seed42,HV,S3,XGB,1187,Train,171.0,144.02647
HV_S3_XGB_seed42,HV,S3,XGB,1188,Train,157.0,137.64384
HV_S3_XGB_seed42,HV,S3,XGB,1189,Train,270.0,243.63724
HV_S3_XGB_seed42,HV,S3,XGB,1191,Train,164.0,144.02647
HV_S3_XGB_seed42,HV,S3,XGB,1194,Train,78.0,73.73476
HV_S3_XGB_seed42,HV,S3,XGB,1195,Train,78.0,74.90256
HV_S3_XGB_seed42,HV,S3,XGB,1196,Train,72.0,73.36903
HV_S3_XGB_seed42,HV,S3,XGB,1197,Train,78.0,74.24576
HV_S3_XGB_seed42,HV,S3,XGB,1199,Train,96.0,95.69242
HV_S3_XGB_seed42,HV,S3,XGB,1200,Train,112.0,122.85412
HV_S3_XGB_seed42,HV,S3,XGB,1201,Train,116.0,115.6282
HV_S3_XGB_seed42,HV,S3,XGB,1202,Train,76.0,78.39015
HV_S3_XGB_seed42,HV,S3,XGB,1203,Train,75.0,78.87404
HV_S3_XGB_seed42,HV,S3,XGB,1205,Train,79.0,80.32638
HV_S3_XGB_seed42,HV,S3,XGB,1208,Train,105.0,108.311264
HV_S3_XGB_seed42,HV,S3,XGB,1209,Train,155.0,144.65009
HV_S3_XGB_seed42,HV,S3,XGB,1210,Train,141.0,136.45601
HV_S3_XGB_seed42,HV,S3,XGB,1211,Train,86.0,80.37573
HV_S3_XGB_seed42,HV,S3,XGB,1212,Train,80.0,80.34269
HV_S3_XGB_seed42,HV,S3,XGB,1213,Train,81.0,82.52448
HV_S3_XGB_seed42,HV,S3,XGB,1214,Train,75.0,81.08727
HV_S3_XGB_seed42,HV,S3,XGB,1216,Train,92.0,88.27565
HV_S3_XGB_seed42,HV,S3,XGB,1217,Train,104.0,109.27537
HV_S3_XGB_seed42,HV,S3,XGB,1218,Train,148.0,146.36092
HV_S3_XGB_seed42,HV,S3,XGB,1219,Train,145.0,138.7157
HV_S3_XGB_seed42,HV,S3,XGB,1221,Train,84.0,81.36262
HV_S3_XGB_seed42,HV,S3,XGB,1222,Train,84.0,82.340805
HV_S3_XGB_seed42,HV,S3,XGB,1223,Train,86.0,106.01927
HV_S3_XGB_seed42,HV,S3,XGB,1224,Train,87.0,85.34173
HV_S3_XGB_seed42,HV,S3,XGB,1225,Train,88.0,90.32229
HV_S3_XGB_seed42,HV,S3,XGB,1226,Train,104.0,109.08185
HV_S3_XGB_seed42,HV,S3,XGB,1227,Train,157.0,143.7846
HV_S3_XGB_seed42,HV,S3,XGB,1228,Train,144.0,133.90295
HV_S3_XGB_seed42,HV,S3,XGB,8,Test,254.0,213.45811
HV_S3_XGB_seed42,HV,S3,XGB,16,Test,282.0,181.55763
HV_S3_XGB_seed42,HV,S3,XGB,33,Test,165.0,193.17972
HV_S3_XGB_seed42,HV,S3,XGB,40,Test,231.0,222.17702
HV_S3_XGB_seed42,HV,S3,XGB,41,Test,225.0,181.35931
HV_S3_XGB_seed42,HV,S3,XGB,49,Test,244.0,243.73567
HV_S3_XGB_seed42,HV,S3,XGB,55,Test,107.0,134.15988
HV_S3_XGB_seed42,HV,S3,XGB,60,Test,268.0,198.57388
HV_S3_XGB_seed42,HV,S3,XGB,62,Test,211.0,203.95975
HV_S3_XGB_seed42,HV,S3,XGB,65,Test,233.0,208.35066
HV_S3_XGB_seed42,HV,S3,XGB,67,Test,202.0,170.36009
HV_S3_XGB_seed42,HV,S3,XGB,69,Test,171.0,161.15408
HV_S3_XGB_seed42,HV,S3,XGB,70,Test,155.0,136.71089
HV_S3_XGB_seed42,HV,S3,XGB,74,Test,238.0,222.81596
HV_S3_XGB_seed42,HV,S3,XGB,77,Test,211.0,177.27783
HV_S3_XGB_seed42,HV,S3,XGB,78,Test,190.0,148.92386
HV_S3_XGB_seed42,HV,S3,XGB,81,Test,238.0,209.83716
HV_S3_XGB_seed42,HV,S3,XGB,87,Test,252.0,226.82147
HV_S3_XGB_seed42,HV,S3,XGB,90,Test,165.0,153.965
HV_S3_XGB_seed42,HV,S3,XGB,95,Test,235.0,213.46858
HV_S3_XGB_seed42,HV,S3,XGB,98,Test,212.0,219.68326
HV_S3_XGB_seed42,HV,S3,XGB,100,Test,207.0,204.10332
HV_S3_XGB_seed42,HV,S3,XGB,108,Test,227.0,217.67944
HV_S3_XGB_seed42,HV,S3,XGB,112,Test,183.0,178.45374
HV_S3_XGB_seed42,HV,S3,XGB,113,Test,181.0,146.35944
HV_S3_XGB_seed42,HV,S3,XGB,119,Test,228.0,226.4593
HV_S3_XGB_seed42,HV,S3,XGB,122,Test,135.0,159.5069
HV_S3_XGB_seed42,HV,S3,XGB,126,Test,132.0,163.84804
HV_S3_XGB_seed42,HV,S3,XGB,143,Test,139.0,157.9529
HV_S3_XGB_seed42,HV,S3,XGB,151,Test,268.0,215.94266
HV_S3_XGB_seed42,HV,S3,XGB,153,Test,206.0,188.81744
HV_S3_XGB_seed42,HV,S3,XGB,154,Test,199.0,143.42828
HV_S3_XGB_seed42,HV,S3,XGB,155,Test,159.0,153.19728
HV_S3_XGB_seed42,HV,S3,XGB,156,Test,120.0,190.96382
HV_S3_XGB_seed42,HV,S3,XGB,171,Test,145.0,170.40605
HV_S3_XGB_seed42,HV,S3,XGB,173,Test,137.0,170.8724
HV_S3_XGB_seed42,HV,S3,XGB,204,Test,63.0,60.163273
HV_S3_XGB_seed42,HV,S3,XGB,210,Test,203.0,185.91122
HV_S3_XGB_seed42,HV,S3,XGB,214,Test,60.0,62.816948
HV_S3_XGB_seed42,HV,S3,XGB,228,Test,195.0,167.62355
HV_S3_XGB_seed42,HV,S3,XGB,234,Test,125.0,150.38622
HV_S3_XGB_seed42,HV,S3,XGB,235,Test,185.0,191.36935
HV_S3_XGB_seed42,HV,S3,XGB,244,Test,216.0,220.79663
HV_S3_XGB_seed42,HV,S3,XGB,245,Test,69.0,63.551964
HV_S3_XGB_seed42,HV,S3,XGB,246,Test,158.0,170.17473
HV_S3_XGB_seed42,HV,S3,XGB,254,Test,89.0,78.74952
HV_S3_XGB_seed42,HV,S3,XGB,257,Test,67.0,70.407486
HV_S3_XGB_seed42,HV,S3,XGB,275,Test,165.0,157.22409
HV_S3_XGB_seed42,HV,S3,XGB,284,Test,82.0,84.974945
HV_S3_XGB_seed42,HV,S3,XGB,295,Test,108.0,104.60535
HV_S3_XGB_seed42,HV,S3,XGB,296,Test,122.0,113.59721
HV_S3_XGB_seed42,HV,S3,XGB,301,Test,140.0,206.03874
HV_S3_XGB_seed42,HV,S3,XGB,321,Test,98.0,152.87192
HV_S3_XGB_seed42,HV,S3,XGB,326,Test,121.0,121.40484
HV_S3_XGB_seed42,HV,S3,XGB,338,Test,195.0,186.91605
HV_S3_XGB_seed42,HV,S3,XGB,341,Test,186.0,186.89563
HV_S3_XGB_seed42,HV,S3,XGB,342,Test,233.0,227.86272
HV_S3_XGB_seed42,HV,S3,XGB,343,Test,68.0,78.45338
HV_S3_XGB_seed42,HV,S3,XGB,360,Test,84.0,93.30546
HV_S3_XGB_seed42,HV,S3,XGB,361,Test,175.0,177.14424
HV_S3_XGB_seed42,HV,S3,XGB,362,Test,257.0,193.24718
HV_S3_XGB_seed42,HV,S3,XGB,364,Test,248.0,237.48618
HV_S3_XGB_seed42,HV,S3,XGB,366,Test,272.0,248.18207
HV_S3_XGB_seed42,HV,S3,XGB,368,Test,195.0,189.30151
HV_S3_XGB_seed42,HV,S3,XGB,370,Test,187.0,174.81862
HV_S3_XGB_seed42,HV,S3,XGB,371,Test,183.0,182.35376
HV_S3_XGB_seed42,HV,S3,XGB,386,Test,177.0,189.31363
HV_S3_XGB_seed42,HV,S3,XGB,397,Test,127.0,148.67197
HV_S3_XGB_seed42,HV,S3,XGB,399,Test,109.0,111.99651
HV_S3_XGB_seed42,HV,S3,XGB,401,Test,122.0,124.401695
HV_S3_XGB_seed42,HV,S3,XGB,411,Test,148.0,190.54823
HV_S3_XGB_seed42,HV,S3,XGB,415,Test,184.0,182.02948
HV_S3_XGB_seed42,HV,S3,XGB,416,Test,117.0,110.014244
HV_S3_XGB_seed42,HV,S3,XGB,417,Test,127.0,118.17797
HV_S3_XGB_seed42,HV,S3,XGB,427,Test,62.0,55.948315
HV_S3_XGB_seed42,HV,S3,XGB,429,Test,120.0,143.02115
HV_S3_XGB_seed42,HV,S3,XGB,431,Test,192.0,144.13318
HV_S3_XGB_seed42,HV,S3,XGB,437,Test,112.0,155.37071
HV_S3_XGB_seed42,HV,S3,XGB,439,Test,186.0,159.36023
HV_S3_XGB_seed42,HV,S3,XGB,444,Test,125.0,212.93633
HV_S3_XGB_seed42,HV,S3,XGB,447,Test,123.0,163.7025
HV_S3_XGB_seed42,HV,S3,XGB,448,Test,64.0,55.955723
HV_S3_XGB_seed42,HV,S3,XGB,467,Test,216.0,201.41707
HV_S3_XGB_seed42,HV,S3,XGB,480,Test,217.0,203.35553
HV_S3_XGB_seed42,HV,S3,XGB,490,Test,223.0,200.95195
HV_S3_XGB_seed42,HV,S3,XGB,497,Test,220.0,202.11061
HV_S3_XGB_seed42,HV,S3,XGB,499,Test,209.0,202.11061
HV_S3_XGB_seed42,HV,S3,XGB,508,Test,170.0,174.13219
HV_S3_XGB_seed42,HV,S3,XGB,513,Test,211.0,198.18341
HV_S3_XGB_seed42,HV,S3,XGB,514,Test,162.0,166.95413
HV_S3_XGB_seed42,HV,S3,XGB,515,Test,206.0,203.24237
HV_S3_XGB_seed42,HV,S3,XGB,519,Test,208.0,201.11003
HV_S3_XGB_seed42,HV,S3,XGB,522,Test,191.0,204.94772
HV_S3_XGB_seed42,HV,S3,XGB,525,Test,215.0,200.46384
HV_S3_XGB_seed42,HV,S3,XGB,531,Test,213.0,197.56212
HV_S3_XGB_seed42,HV,S3,XGB,534,Test,270.0,283.837
HV_S3_XGB_seed42,HV,S3,XGB,535,Test,286.0,290.15466
HV_S3_XGB_seed42,HV,S3,XGB,537,Test,331.0,321.92593
HV_S3_XGB_seed42,HV,S3,XGB,539,Test,268.0,282.0685
HV_S3_XGB_seed42,HV,S3,XGB,546,Test,244.0,258.11246
HV_S3_XGB_seed42,HV,S3,XGB,551,Test,288.0,290.2788
HV_S3_XGB_seed42,HV,S3,XGB,553,Test,336.0,327.03137
HV_S3_XGB_seed42,HV,S3,XGB,564,Test,332.0,332.82855
HV_S3_XGB_seed42,HV,S3,XGB,576,Test,334.0,329.37393
HV_S3_XGB_seed42,HV,S3,XGB,579,Test,280.0,286.04187
HV_S3_XGB_seed42,HV,S3,XGB,587,Test,248.0,239.21996
HV_S3_XGB_seed42,HV,S3,XGB,611,Test,289.0,278.9433
HV_S3_XGB_seed42,HV,S3,XGB,612,Test,337.0,327.4838
HV_S3_XGB_seed42,HV,S3,XGB,613,Test,320.0,321.42615
HV_S3_XGB_seed42,HV,S3,XGB,616,Test,329.0,322.8551
HV_S3_XGB_seed42,HV,S3,XGB,617,Test,350.0,350.74326
HV_S3_XGB_seed42,HV,S3,XGB,618,Test,313.0,300.01453
HV_S3_XGB_seed42,HV,S3,XGB,620,Test,215.0,227.51118
HV_S3_XGB_seed42,HV,S3,XGB,625,Test,301.0,302.11362
HV_S3_XGB_seed42,HV,S3,XGB,629,Test,288.0,277.52023
HV_S3_XGB_seed42,HV,S3,XGB,631,Test,297.0,276.71066
HV_S3_XGB_seed42,HV,S3,XGB,634,Test,338.0,332.62982
HV_S3_XGB_seed42,HV,S3,XGB,635,Test,285.0,271.30563
HV_S3_XGB_seed42,HV,S3,XGB,637,Test,346.0,350.51645
HV_S3_XGB_seed42,HV,S3,XGB,640,Test,209.0,208.7795
HV_S3_XGB_seed42,HV,S3,XGB,643,Test,170.0,178.36496
HV_S3_XGB_seed42,HV,S3,XGB,644,Test,289.0,298.7071
HV_S3_XGB_seed42,HV,S3,XGB,646,Test,285.0,289.4378
HV_S3_XGB_seed42,HV,S3,XGB,647,Test,327.0,325.2594
HV_S3_XGB_seed42,HV,S3,XGB,654,Test,335.0,334.2123
HV_S3_XGB_seed42,HV,S3,XGB,664,Test,319.0,321.95493
HV_S3_XGB_seed42,HV,S3,XGB,668,Test,335.0,326.81107
HV_S3_XGB_seed42,HV,S3,XGB,673,Test,152.0,156.07288
HV_S3_XGB_seed42,HV,S3,XGB,676,Test,292.0,297.33475
HV_S3_XGB_seed42,HV,S3,XGB,680,Test,298.0,296.6162
HV_S3_XGB_seed42,HV,S3,XGB,682,Test,300.0,295.32767
HV_S3_XGB_seed42,HV,S3,XGB,684,Test,330.0,323.93314
HV_S3_XGB_seed42,HV,S3,XGB,691,Test,303.0,286.4145
HV_S3_XGB_seed42,HV,S3,XGB,699,Test,134.0,125.63867
HV_S3_XGB_seed42,HV,S3,XGB,721,Test,300.0,302.51904
HV_S3_XGB_seed42,HV,S3,XGB,733,Test,294.0,297.73523
HV_S3_XGB_seed42,HV,S3,XGB,749,Test,104.0,121.73494
HV_S3_XGB_seed42,HV,S3,XGB,750,Test,293.0,287.90277
HV_S3_XGB_seed42,HV,S3,XGB,757,Test,261.0,264.68494
HV_S3_XGB_seed42,HV,S3,XGB,764,Test,305.0,308.3539
HV_S3_XGB_seed42,HV,S3,XGB,783,Test,297.0,297.27875
HV_S3_XGB_seed42,HV,S3,XGB,784,Test,306.0,297.9821
HV_S3_XGB_seed42,HV,S3,XGB,785,Test,311.0,297.27875
HV_S3_XGB_seed42,HV,S3,XGB,791,Test,296.0,295.09955
HV_S3_XGB_seed42,HV,S3,XGB,794,Test,303.0,295.42865
HV_S3_XGB_seed42,HV,S3,XGB,803,Test,200.0,213.95518
HV_S3_XGB_seed42,HV,S3,XGB,811,Test,253.0,269.21158
HV_S3_XGB_seed42,HV,S3,XGB,812,Test,252.0,259.5953
HV_S3_XGB_seed42,HV,S3,XGB,826,Test,191.0,209.7308
HV_S3_XGB_seed42,HV,S3,XGB,829,Test,205.0,260.9988
HV_S3_XGB_seed42,HV,S3,XGB,835,Test,346.0,265.8855
HV_S3_XGB_seed42,HV,S3,XGB,840,Test,310.0,261.94495
HV_S3_XGB_seed42,HV,S3,XGB,842,Test,264.0,209.7308
HV_S3_XGB_seed42,HV,S3,XGB,844,Test,290.0,261.94495
HV_S3_XGB_seed42,HV,S3,XGB,847,Test,184.0,250.11993
HV_S3_XGB_seed42,HV,S3,XGB,852,Test,386.0,369.67203
HV_S3_XGB_seed42,HV,S3,XGB,854,Test,285.0,288.17633
HV_S3_XGB_seed42,HV,S3,XGB,857,Test,331.0,288.17633
HV_S3_XGB_seed42,HV,S3,XGB,864,Test,180.0,250.70247
HV_S3_XGB_seed42,HV,S3,XGB,867,Test,218.0,266.64066
HV_S3_XGB_seed42,HV,S3,XGB,872,Test,191.0,250.70247
HV_S3_XGB_seed42,HV,S3,XGB,876,Test,304.0,250.70247
HV_S3_XGB_seed42,HV,S3,XGB,878,Test,316.0,274.05185
HV_S3_XGB_seed42,HV,S3,XGB,883,Test,286.0,266.64066
HV_S3_XGB_seed42,HV,S3,XGB,888,Test,359.0,332.56534
HV_S3_XGB_seed42,HV,S3,XGB,893,Test,373.0,343.25034
HV_S3_XGB_seed42,HV,S3,XGB,904,Test,161.0,232.06662
HV_S3_XGB_seed42,HV,S3,XGB,910,Test,344.0,259.52853
HV_S3_XGB_seed42,HV,S3,XGB,912,Test,288.0,232.06662
HV_S3_XGB_seed42,HV,S3,XGB,914,Test,316.0,259.52853
HV_S3_XGB_seed42,HV,S3,XGB,915,Test,297.0,248.41501
HV_S3_XGB_seed42,HV,S3,XGB,922,Test,238.0,245.0201
HV_S3_XGB_seed42,HV,S3,XGB,927,Test,158.0,214.16553
HV_S3_XGB_seed42,HV,S3,XGB,943,Test,263.0,214.16553
HV_S3_XGB_seed42,HV,S3,XGB,945,Test,284.0,270.8639
HV_S3_XGB_seed42,HV,S3,XGB,955,Test,250.0,245.64644
HV_S3_XGB_seed42,HV,S3,XGB,957,Test,351.0,342.32135
HV_S3_XGB_seed42,HV,S3,XGB,958,Test,284.0,245.64644
HV_S3_XGB_seed42,HV,S3,XGB,964,Test,154.0,202.88266
HV_S3_XGB_seed42,HV,S3,XGB,965,Test,140.0,175.37967
HV_S3_XGB_seed42,HV,S3,XGB,966,Test,228.0,278.8252
HV_S3_XGB_seed42,HV,S3,XGB,980,Test,260.0,202.88266
HV_S3_XGB_seed42,HV,S3,XGB,984,Test,254.0,202.88266
HV_S3_XGB_seed42,HV,S3,XGB,989,Test,244.0,245.2766
HV_S3_XGB_seed42,HV,S3,XGB,995,Test,137.0,177.12943
HV_S3_XGB_seed42,HV,S3,XGB,1001,Test,189.0,245.53934
HV_S3_XGB_seed42,HV,S3,XGB,1002,Test,146.0,194.50696
HV_S3_XGB_seed42,HV,S3,XGB,1003,Test,130.0,177.12943
HV_S3_XGB_seed42,HV,S3,XGB,1010,Test,248.0,194.50696
HV_S3_XGB_seed42,HV,S3,XGB,1019,Test,363.0,358.28888
HV_S3_XGB_seed42,HV,S3,XGB,1026,Test,236.0,233.82793
HV_S3_XGB_seed42,HV,S3,XGB,1027,Test,151.0,197.32881
HV_S3_XGB_seed42,HV,S3,XGB,1031,Test,136.0,161.86034
HV_S3_XGB_seed42,HV,S3,XGB,1041,Test,302.0,225.9924
HV_S3_XGB_seed42,HV,S3,XGB,1047,Test,182.0,161.86034
HV_S3_XGB_seed42,HV,S3,XGB,1058,Test,141.0,190.96915
HV_S3_XGB_seed42,HV,S3,XGB,1059,Test,224.0,281.40677
HV_S3_XGB_seed42,HV,S3,XGB,1062,Test,135.0,157.10187
HV_S3_XGB_seed42,HV,S3,XGB,1063,Test,189.0,281.40677
HV_S3_XGB_seed42,HV,S3,XGB,1067,Test,211.0,281.40677
HV_S3_XGB_seed42,HV,S3,XGB,1072,Test,292.0,213.27145
HV_S3_XGB_seed42,HV,S3,XGB,1075,Test,301.0,281.40677
HV_S3_XGB_seed42,HV,S3,XGB,1087,Test,167.0,211.9624
HV_S3_XGB_seed42,HV,S3,XGB,1100,Test,215.0,166.81621
HV_S3_XGB_seed42,HV,S3,XGB,1106,Test,280.0,247.39345
HV_S3_XGB_seed42,HV,S3,XGB,1107,Test,264.0,211.9624
HV_S3_XGB_seed42,HV,S3,XGB,1112,Test,134.0,172.4244
HV_S3_XGB_seed42,HV,S3,XGB,1116,Test,131.0,150.61877
HV_S3_XGB_seed42,HV,S3,XGB,1127,Test,200.0,165.29628
HV_S3_XGB_seed42,HV,S3,XGB,1129,Test,300.0,238.66795
HV_S3_XGB_seed42,HV,S3,XGB,1138,Test,231.0,235.96786
HV_S3_XGB_seed42,HV,S3,XGB,1150,Test,149.0,210.93762
HV_S3_XGB_seed42,HV,S3,XGB,1156,Test,159.0,137.9445
HV_S3_XGB_seed42,HV,S3,XGB,1159,Test,196.0,151.78606
HV_S3_XGB_seed42,HV,S3,XGB,1163,Test,184.0,151.78606
HV_S3_XGB_seed42,HV,S3,XGB,1164,Test,158.0,137.9445
HV_S3_XGB_seed42,HV,S3,XGB,1167,Test,181.0,218.61516
HV_S3_XGB_seed42,HV,S3,XGB,1177,Test,184.0,243.63724
HV_S3_XGB_seed42,HV,S3,XGB,1183,Test,171.0,144.02647
HV_S3_XGB_seed42,HV,S3,XGB,1190,Test,244.0,195.10979
HV_S3_XGB_seed42,HV,S3,XGB,1192,Test,155.0,137.64384
HV_S3_XGB_seed42,HV,S3,XGB,1193,Test,68.0,72.268364
HV_S3_XGB_seed42,HV,S3,XGB,1198,Test,80.0,78.50168
HV_S3_XGB_seed42,HV,S3,XGB,1204,Test,75.0,81.65875
HV_S3_XGB_seed42,HV,S3,XGB,1206,Test,80.0,81.719574
HV_S3_XGB_seed42,HV,S3,XGB,1207,Test,76.0,87.3545
HV_S3_XGB_seed42,HV,S3,XGB,1215,Test,86.0,82.627815
HV_S3_XGB_seed42,HV,S3,XGB,1220,Test,83.0,83.86469
EC_S0_XGB_seed42,EC,S0,XGB,5,Train,27.0,39.049416
EC_S0_XGB_seed42,EC,S0,XGB,6,Train,28.0,39.049416
EC_S0_XGB_seed42,EC,S0,XGB,7,Train,29.0,39.049416
EC_S0_XGB_seed42,EC,S0,XGB,9,Train,37.0,39.049416
EC_S0_XGB_seed42,EC,S0,XGB,10,Train,31.0,36.55374
EC_S0_XGB_seed42,EC,S0,XGB,12,Train,28.0,39.049416
EC_S0_XGB_seed42,EC,S0,XGB,13,Train,32.0,39.049416
EC_S0_XGB_seed42,EC,S0,XGB,14,Train,38.0,39.049416
EC_S0_XGB_seed42,EC,S0,XGB,15,Train,34.0,39.049416
EC_S0_XGB_seed42,EC,S0,XGB,17,Train,35.0,36.55374
EC_S0_XGB_seed42,EC,S0,XGB,18,Train,31.0,38.157337
EC_S0_XGB_seed42,EC,S0,XGB,20,Train,24.0,37.73397
EC_S0_XGB_seed42,EC,S0,XGB,21,Train,29.0,37.73397
EC_S0_XGB_seed42,EC,S0,XGB,22,Train,33.0,37.73397
EC_S0_XGB_seed42,EC,S0,XGB,23,Train,38.0,37.73397
EC_S0_XGB_seed42,EC,S0,XGB,24,Train,38.0,37.73397
EC_S0_XGB_seed42,EC,S0,XGB,28,Train,19.0,19.134727
EC_S0_XGB_seed42,EC,S0,XGB,29,Train,24.0,25.948376
EC_S0_XGB_seed42,EC,S0,XGB,30,Train,31.0,32.074413
EC_S0_XGB_seed42,EC,S0,XGB,31,Train,37.0,39.049416
EC_S0_XGB_seed42,EC,S0,XGB,32,Train,40.0,42.685394
EC_S0_XGB_seed42,EC,S0,XGB,34,Train,37.0,39.70152
EC_S0_XGB_seed42,EC,S0,XGB,35,Train,35.0,35.9825
EC_S0_XGB_seed42,EC,S0,XGB,36,Train,33.0,35.687817
EC_S0_XGB_seed42,EC,S0,XGB,37,Train,18.0,19.134727
EC_S0_XGB_seed42,EC,S0,XGB,38,Train,25.0,25.948376
EC_S0_XGB_seed42,EC,S0,XGB,39,Train,30.0,32.074413
EC_S0_XGB_seed42,EC,S0,XGB,42,Train,38.0,42.24051
EC_S0_XGB_seed42,EC,S0,XGB,43,Train,37.0,39.70152
EC_S0_XGB_seed42,EC,S0,XGB,44,Train,35.0,35.9825
EC_S0_XGB_seed42,EC,S0,XGB,45,Train,35.0,35.687817
EC_S0_XGB_seed42,EC,S0,XGB,46,Train,31.0,39.049416
EC_S0_XGB_seed42,EC,S0,XGB,47,Train,36.0,39.049416
EC_S0_XGB_seed42,EC,S0,XGB,48,Train,38.0,39.049416
EC_S0_XGB_seed42,EC,S0,XGB,50,Train,38.0,39.049416
EC_S0_XGB_seed42,EC,S0,XGB,51,Train,37.0,36.55374
EC_S0_XGB_seed42,EC,S0,XGB,52,Train,27.0,38.493595
EC_S0_XGB_seed42,EC,S0,XGB,53,Train,37.0,38.157337
EC_S0_XGB_seed42,EC,S0,XGB,56,Train,31.0,37.73397
EC_S0_XGB_seed42,EC,S0,XGB,57,Train,36.0,37.73397
EC_S0_XGB_seed42,EC,S0,XGB,58,Train,39.0,37.73397
EC_S0_XGB_seed42,EC,S0,XGB,59,Train,39.0,37.73397
EC_S0_XGB_seed42,EC,S0,XGB,61,Train,19.0,20.557474
EC_S0_XGB_seed42,EC,S0,XGB,63,Train,25.0,25.948376
EC_S0_XGB_seed42,EC,S0,XGB,64,Train,31.0,32.074413
EC_S0_XGB_seed42,EC,S0,XGB,66,Train,42.0,42.685394
EC_S0_XGB_seed42,EC,S0,XGB,68,Train,39.0,39.70152
EC_S0_XGB_seed42,EC,S0,XGB,71,Train,19.0,19.134727
EC_S0_XGB_seed42,EC,S0,XGB,72,Train,26.0,25.948376
EC_S0_XGB_seed42,EC,S0,XGB,73,Train,32.0,32.074413
EC_S0_XGB_seed42,EC,S0,XGB,75,Train,41.0,42.685394
EC_S0_XGB_seed42,EC,S0,XGB,76,Train,41.0,42.24051
EC_S0_XGB_seed42,EC,S0,XGB,79,Train,38.0,35.687817
EC_S0_XGB_seed42,EC,S0,XGB,80,Train,33.0,39.049416
EC_S0_XGB_seed42,EC,S0,XGB,82,Train,41.0,39.049416
EC_S0_XGB_seed42,EC,S0,XGB,83,Train,41.0,39.049416
EC_S0_XGB_seed42,EC,S0,XGB,84,Train,39.0,39.049416
EC_S0_XGB_seed42,EC,S0,XGB,85,Train,39.0,36.55374
EC_S0_XGB_seed42,EC,S0,XGB,86,Train,29.0,38.493595
EC_S0_XGB_seed42,EC,S0,XGB,89,Train,30.0,37.73397
EC_S0_XGB_seed42,EC,S0,XGB,91,Train,40.0,37.73397
EC_S0_XGB_seed42,EC,S0,XGB,92,Train,42.0,37.73397
EC_S0_XGB_seed42,EC,S0,XGB,93,Train,39.0,37.73397
EC_S0_XGB_seed42,EC,S0,XGB,94,Train,48.0,46.03483
EC_S0_XGB_seed42,EC,S0,XGB,96,Train,19.0,19.134727
EC_S0_XGB_seed42,EC,S0,XGB,97,Train,26.0,25.948376
EC_S0_XGB_seed42,EC,S0,XGB,99,Train,39.0,39.049416
EC_S0_XGB_seed42,EC,S0,XGB,101,Train,42.0,42.24051
EC_S0_XGB_seed42,EC,S0,XGB,102,Train,40.0,39.70152
EC_S0_XGB_seed42,EC,S0,XGB,103,Train,38.0,35.9825
EC_S0_XGB_seed42,EC,S0,XGB,104,Train,35.0,35.687817
EC_S0_XGB_seed42,EC,S0,XGB,105,Train,20.0,19.134727
EC_S0_XGB_seed42,EC,S0,XGB,106,Train,27.0,25.948376
EC_S0_XGB_seed42,EC,S0,XGB,107,Train,34.0,32.074413
EC_S0_XGB_seed42,EC,S0,XGB,109,Train,45.0,42.685394
EC_S0_XGB_seed42,EC,S0,XGB,110,Train,44.0,42.24051
EC_S0_XGB_seed42,EC,S0,XGB,111,Train,42.0,39.70152
EC_S0_XGB_seed42,EC,S0,XGB,114,Train,36.0,39.049416
EC_S0_XGB_seed42,EC,S0,XGB,115,Train,40.0,39.049416
EC_S0_XGB_seed42,EC,S0,XGB,116,Train,47.0,39.049416
EC_S0_XGB_seed42,EC,S0,XGB,117,Train,44.0,39.049416
EC_S0_XGB_seed42,EC,S0,XGB,118,Train,40.0,39.049416
EC_S0_XGB_seed42,EC,S0,XGB,120,Train,32.0,38.493595
EC_S0_XGB_seed42,EC,S0,XGB,123,Train,37.0,37.73397
EC_S0_XGB_seed42,EC,S0,XGB,124,Train,43.0,37.73397
EC_S0_XGB_seed42,EC,S0,XGB,125,Train,42.0,37.73397
EC_S0_XGB_seed42,EC,S0,XGB,127,Train,48.0,38.157337
EC_S0_XGB_seed42,EC,S0,XGB,129,Train,27.0,30.360243
EC_S0_XGB_seed42,EC,S0,XGB,130,Train,37.0,39.049416
EC_S0_XGB_seed42,EC,S0,XGB,131,Train,41.0,39.049416
EC_S0_XGB_seed42,EC,S0,XGB,132,Train,47.0,39.049416
EC_S0_XGB_seed42,EC,S0,XGB,133,Train,45.0,39.049416
EC_S0_XGB_seed42,EC,S0,XGB,134,Train,41.0,39.049416
EC_S0_XGB_seed42,EC,S0,XGB,136,Train,19.0,19.134727
EC_S0_XGB_seed42,EC,S0,XGB,137,Train,27.0,25.948376
EC_S0_XGB_seed42,EC,S0,XGB,138,Train,33.0,32.074413
EC_S0_XGB_seed42,EC,S0,XGB,139,Train,41.0,39.049416
EC_S0_XGB_seed42,EC,S0,XGB,140,Train,47.0,42.685394
EC_S0_XGB_seed42,EC,S0,XGB,141,Train,46.0,42.24051
EC_S0_XGB_seed42,EC,S0,XGB,142,Train,43.0,39.70152
EC_S0_XGB_seed42,EC,S0,XGB,144,Train,37.0,35.687817
EC_S0_XGB_seed42,EC,S0,XGB,145,Train,38.0,39.049416
EC_S0_XGB_seed42,EC,S0,XGB,146,Train,42.0,39.049416
EC_S0_XGB_seed42,EC,S0,XGB,147,Train,48.0,39.049416
EC_S0_XGB_seed42,EC,S0,XGB,148,Train,47.0,39.049416
EC_S0_XGB_seed42,EC,S0,XGB,149,Train,42.0,39.049416
EC_S0_XGB_seed42,EC,S0,XGB,150,Train,40.0,36.55374
EC_S0_XGB_seed42,EC,S0,XGB,152,Train,34.0,37.73397
EC_S0_XGB_seed42,EC,S0,XGB,157,Train,29.0,29.842913
EC_S0_XGB_seed42,EC,S0,XGB,158,Train,39.0,39.049416
EC_S0_XGB_seed42,EC,S0,XGB,159,Train,42.0,39.049416
EC_S0_XGB_seed42,EC,S0,XGB,160,Train,48.0,39.049416
EC_S0_XGB_seed42,EC,S0,XGB,161,Train,48.0,39.049416
EC_S0_XGB_seed42,EC,S0,XGB,162,Train,43.0,39.049416
EC_S0_XGB_seed42,EC,S0,XGB,163,Train,38.0,38.493595
EC_S0_XGB_seed42,EC,S0,XGB,164,Train,35.0,37.73397
EC_S0_XGB_seed42,EC,S0,XGB,165,Train,44.0,37.73397
EC_S0_XGB_seed42,EC,S0,XGB,166,Train,47.0,37.73397
EC_S0_XGB_seed42,EC,S0,XGB,167,Train,46.0,37.73397
EC_S0_XGB_seed42,EC,S0,XGB,168,Train,43.0,37.73397
EC_S0_XGB_seed42,EC,S0,XGB,169,Train,43.0,38.493595
EC_S0_XGB_seed42,EC,S0,XGB,170,Train,46.0,38.493595
EC_S0_XGB_seed42,EC,S0,XGB,172,Train,52.0,38.493595
EC_S0_XGB_seed42,EC,S0,XGB,195,Train,48.0,62.766502
EC_S0_XGB_seed42,EC,S0,XGB,196,Train,47.0,62.766502
EC_S0_XGB_seed42,EC,S0,XGB,197,Train,47.0,62.766502
EC_S0_XGB_seed42,EC,S0,XGB,198,Train,45.0,62.766502
EC_S0_XGB_seed42,EC,S0,XGB,199,Train,46.0,62.766502
EC_S0_XGB_seed42,EC,S0,XGB,200,Train,48.0,62.766502
EC_S0_XGB_seed42,EC,S0,XGB,201,Train,47.0,62.766502
EC_S0_XGB_seed42,EC,S0,XGB,202,Train,47.0,62.766502
EC_S0_XGB_seed42,EC,S0,XGB,203,Train,47.0,62.766502
EC_S0_XGB_seed42,EC,S0,XGB,205,Train,21.0,24.556822
EC_S0_XGB_seed42,EC,S0,XGB,206,Train,19.0,22.042435
EC_S0_XGB_seed42,EC,S0,XGB,207,Train,16.0,16.395676
EC_S0_XGB_seed42,EC,S0,XGB,208,Train,30.0,31.243788
EC_S0_XGB_seed42,EC,S0,XGB,209,Train,67.0,46.33215
EC_S0_XGB_seed42,EC,S0,XGB,211,Train,32.0,32.14874
EC_S0_XGB_seed42,EC,S0,XGB,212,Train,26.0,43.089947
EC_S0_XGB_seed42,EC,S0,XGB,213,Train,30.0,37.67634
EC_S0_XGB_seed42,EC,S0,XGB,215,Train,26.0,40.234604
EC_S0_XGB_seed42,EC,S0,XGB,216,Train,29.0,35.536
EC_S0_XGB_seed42,EC,S0,XGB,217,Train,48.0,62.766502
EC_S0_XGB_seed42,EC,S0,XGB,218,Train,48.0,62.766502
EC_S0_XGB_seed42,EC,S0,XGB,219,Train,47.0,62.766502
EC_S0_XGB_seed42,EC,S0,XGB,220,Train,46.0,62.766502
EC_S0_XGB_seed42,EC,S0,XGB,221,Train,47.0,62.766502
EC_S0_XGB_seed42,EC,S0,XGB,222,Train,22.0,24.556822
EC_S0_XGB_seed42,EC,S0,XGB,223,Train,48.0,62.766502
EC_S0_XGB_seed42,EC,S0,XGB,224,Train,47.0,62.766502
EC_S0_XGB_seed42,EC,S0,XGB,225,Train,48.0,62.766502
EC_S0_XGB_seed42,EC,S0,XGB,226,Train,48.0,62.766502
EC_S0_XGB_seed42,EC,S0,XGB,227,Train,49.0,62.766502
EC_S0_XGB_seed42,EC,S0,XGB,229,Train,16.0,16.395676
EC_S0_XGB_seed42,EC,S0,XGB,230,Train,31.0,31.243788
EC_S0_XGB_seed42,EC,S0,XGB,231,Train,51.0,46.33215
EC_S0_XGB_seed42,EC,S0,XGB,232,Train,34.0,38.410976
EC_S0_XGB_seed42,EC,S0,XGB,233,Train,31.0,32.14874
EC_S0_XGB_seed42,EC,S0,XGB,236,Train,36.0,36.47738
EC_S0_XGB_seed42,EC,S0,XGB,237,Train,29.0,40.234604
EC_S0_XGB_seed42,EC,S0,XGB,238,Train,31.0,35.536
EC_S0_XGB_seed42,EC,S0,XGB,239,Train,21.0,24.556822
EC_S0_XGB_seed42,EC,S0,XGB,240,Train,21.0,22.042435
EC_S0_XGB_seed42,EC,S0,XGB,241,Train,16.0,16.395676
EC_S0_XGB_seed42,EC,S0,XGB,242,Train,31.0,31.243788
EC_S0_XGB_seed42,EC,S0,XGB,243,Train,45.0,46.33215
EC_S0_XGB_seed42,EC,S0,XGB,247,Train,34.0,37.67634
EC_S0_XGB_seed42,EC,S0,XGB,248,Train,36.0,36.47738
EC_S0_XGB_seed42,EC,S0,XGB,249,Train,33.0,40.234604
EC_S0_XGB_seed42,EC,S0,XGB,250,Train,31.0,35.536
EC_S0_XGB_seed42,EC,S0,XGB,251,Train,48.0,62.766502
EC_S0_XGB_seed42,EC,S0,XGB,252,Train,48.0,62.766502
EC_S0_XGB_seed42,EC,S0,XGB,253,Train,50.0,62.766502
EC_S0_XGB_seed42,EC,S0,XGB,255,Train,51.0,62.766502
EC_S0_XGB_seed42,EC,S0,XGB,258,Train,49.0,62.766502
EC_S0_XGB_seed42,EC,S0,XGB,259,Train,54.0,62.766502
EC_S0_XGB_seed42,EC,S0,XGB,260,Train,62.0,62.766502
EC_S0_XGB_seed42,EC,S0,XGB,261,Train,54.0,62.766502
EC_S0_XGB_seed42,EC,S0,XGB,269,Train,21.0,24.556822
EC_S0_XGB_seed42,EC,S0,XGB,270,Train,16.0,16.395676
EC_S0_XGB_seed42,EC,S0,XGB,271,Train,30.0,31.243788
EC_S0_XGB_seed42,EC,S0,XGB,272,Train,44.0,46.33215
EC_S0_XGB_seed42,EC,S0,XGB,273,Train,35.0,38.410976
EC_S0_XGB_seed42,EC,S0,XGB,274,Train,32.0,32.14874
EC_S0_XGB_seed42,EC,S0,XGB,276,Train,35.0,37.67634
EC_S0_XGB_seed42,EC,S0,XGB,277,Train,36.0,36.47738
EC_S0_XGB_seed42,EC,S0,XGB,278,Train,39.0,40.234604
EC_S0_XGB_seed42,EC,S0,XGB,279,Train,32.0,35.536
EC_S0_XGB_seed42,EC,S0,XGB,280,Train,50.0,62.766502
EC_S0_XGB_seed42,EC,S0,XGB,281,Train,53.0,62.766502
EC_S0_XGB_seed42,EC,S0,XGB,282,Train,71.0,62.766502
EC_S0_XGB_seed42,EC,S0,XGB,283,Train,76.0,62.766502
EC_S0_XGB_seed42,EC,S0,XGB,293,Train,34.0,34.038074
EC_S0_XGB_seed42,EC,S0,XGB,294,Train,55.0,62.766502
EC_S0_XGB_seed42,EC,S0,XGB,297,Train,82.0,62.766502
EC_S0_XGB_seed42,EC,S0,XGB,298,Train,78.0,62.766502
EC_S0_XGB_seed42,EC,S0,XGB,309,Train,22.0,24.556822
EC_S0_XGB_seed42,EC,S0,XGB,310,Train,23.0,22.042435
EC_S0_XGB_seed42,EC,S0,XGB,311,Train,16.0,16.395676
EC_S0_XGB_seed42,EC,S0,XGB,312,Train,30.0,31.243788
EC_S0_XGB_seed42,EC,S0,XGB,313,Train,43.0,46.33215
EC_S0_XGB_seed42,EC,S0,XGB,314,Train,36.0,38.410976
EC_S0_XGB_seed42,EC,S0,XGB,315,Train,32.0,32.14874
EC_S0_XGB_seed42,EC,S0,XGB,316,Train,42.0,43.089947
EC_S0_XGB_seed42,EC,S0,XGB,317,Train,35.0,37.67634
EC_S0_XGB_seed42,EC,S0,XGB,318,Train,38.0,36.47738
EC_S0_XGB_seed42,EC,S0,XGB,319,Train,44.0,40.234604
EC_S0_XGB_seed42,EC,S0,XGB,320,Train,34.0,35.536
EC_S0_XGB_seed42,EC,S0,XGB,322,Train,28.0,33.057125
EC_S0_XGB_seed42,EC,S0,XGB,323,Train,27.0,33.057125
EC_S0_XGB_seed42,EC,S0,XGB,324,Train,65.0,62.766502
EC_S0_XGB_seed42,EC,S0,XGB,325,Train,76.0,62.766502
EC_S0_XGB_seed42,EC,S0,XGB,327,Train,82.0,62.766502
EC_S0_XGB_seed42,EC,S0,XGB,328,Train,86.0,62.766502
EC_S0_XGB_seed42,EC,S0,XGB,329,Train,33.0,35.76647
EC_S0_XGB_seed42,EC,S0,XGB,337,Train,23.0,24.556822
EC_S0_XGB_seed42,EC,S0,XGB,339,Train,17.0,16.395676
EC_S0_XGB_seed42,EC,S0,XGB,340,Train,30.0,31.243788
EC_S0_XGB_seed42,EC,S0,XGB,344,Train,45.0,43.089947
EC_S0_XGB_seed42,EC,S0,XGB,345,Train,37.0,37.67634
EC_S0_XGB_seed42,EC,S0,XGB,346,Train,37.0,36.47738
EC_S0_XGB_seed42,EC,S0,XGB,347,Train,47.0,40.234604
EC_S0_XGB_seed42,EC,S0,XGB,348,Train,39.0,35.536
EC_S0_XGB_seed42,EC,S0,XGB,351,Train,36.0,35.76647
EC_S0_XGB_seed42,EC,S0,XGB,353,Train,28.0,33.057125
EC_S0_XGB_seed42,EC,S0,XGB,354,Train,28.0,33.057125
EC_S0_XGB_seed42,EC,S0,XGB,355,Train,35.0,33.057125
EC_S0_XGB_seed42,EC,S0,XGB,356,Train,71.0,62.766502
EC_S0_XGB_seed42,EC,S0,XGB,357,Train,79.0,62.766502
EC_S0_XGB_seed42,EC,S0,XGB,358,Train,83.0,62.766502
EC_S0_XGB_seed42,EC,S0,XGB,359,Train,85.0,62.766502
EC_S0_XGB_seed42,EC,S0,XGB,365,Train,36.0,34.157925
EC_S0_XGB_seed42,EC,S0,XGB,367,Train,49.0,48.768047
EC_S0_XGB_seed42,EC,S0,XGB,369,Train,51.0,48.959
EC_S0_XGB_seed42,EC,S0,XGB,372,Train,51.0,47.33084
EC_S0_XGB_seed42,EC,S0,XGB,373,Train,50.0,45.68565
EC_S0_XGB_seed42,EC,S0,XGB,374,Train,51.0,48.684395
EC_S0_XGB_seed42,EC,S0,XGB,375,Train,39.0,38.296055
EC_S0_XGB_seed42,EC,S0,XGB,376,Train,40.0,39.708286
EC_S0_XGB_seed42,EC,S0,XGB,377,Train,48.0,45.046062
EC_S0_XGB_seed42,EC,S0,XGB,384,Train,28.0,24.556822
EC_S0_XGB_seed42,EC,S0,XGB,385,Train,23.0,22.042435
EC_S0_XGB_seed42,EC,S0,XGB,387,Train,31.0,31.243788
EC_S0_XGB_seed42,EC,S0,XGB,388,Train,40.0,46.33215
EC_S0_XGB_seed42,EC,S0,XGB,389,Train,48.0,38.410976
EC_S0_XGB_seed42,EC,S0,XGB,390,Train,32.0,32.14874
EC_S0_XGB_seed42,EC,S0,XGB,391,Train,45.0,43.089947
EC_S0_XGB_seed42,EC,S0,XGB,392,Train,36.0,36.47738
EC_S0_XGB_seed42,EC,S0,XGB,393,Train,47.0,40.234604
EC_S0_XGB_seed42,EC,S0,XGB,394,Train,38.0,35.536
EC_S0_XGB_seed42,EC,S0,XGB,395,Train,41.0,37.67634
EC_S0_XGB_seed42,EC,S0,XGB,396,Train,29.0,33.057125
EC_S0_XGB_seed42,EC,S0,XGB,398,Train,36.0,33.057125
EC_S0_XGB_seed42,EC,S0,XGB,400,Train,79.0,62.766502
EC_S0_XGB_seed42,EC,S0,XGB,402,Train,85.0,62.766502
EC_S0_XGB_seed42,EC,S0,XGB,403,Train,88.0,62.766502
EC_S0_XGB_seed42,EC,S0,XGB,410,Train,17.0,16.395676
EC_S0_XGB_seed42,EC,S0,XGB,412,Train,32.0,32.14874
EC_S0_XGB_seed42,EC,S0,XGB,413,Train,47.0,40.234604
EC_S0_XGB_seed42,EC,S0,XGB,414,Train,23.0,22.042435
EC_S0_XGB_seed42,EC,S0,XGB,418,Train,83.0,62.766502
EC_S0_XGB_seed42,EC,S0,XGB,419,Train,84.0,62.766502
EC_S0_XGB_seed42,EC,S0,XGB,420,Train,87.0,62.766502
EC_S0_XGB_seed42,EC,S0,XGB,421,Train,37.0,35.76647
EC_S0_XGB_seed42,EC,S0,XGB,423,Train,31.0,24.556822
EC_S0_XGB_seed42,EC,S0,XGB,424,Train,32.0,31.243788
EC_S0_XGB_seed42,EC,S0,XGB,425,Train,47.0,43.089947
EC_S0_XGB_seed42,EC,S0,XGB,426,Train,51.0,37.67634
EC_S0_XGB_seed42,EC,S0,XGB,428,Train,37.0,35.536
EC_S0_XGB_seed42,EC,S0,XGB,430,Train,34.0,33.057125
EC_S0_XGB_seed42,EC,S0,XGB,432,Train,77.0,62.766502
EC_S0_XGB_seed42,EC,S0,XGB,433,Train,82.0,62.766502
EC_S0_XGB_seed42,EC,S0,XGB,434,Train,83.0,62.766502
EC_S0_XGB_seed42,EC,S0,XGB,435,Train,85.0,62.766502
EC_S0_XGB_seed42,EC,S0,XGB,436,Train,87.0,62.766502
EC_S0_XGB_seed42,EC,S0,XGB,438,Train,38.0,33.057125
EC_S0_XGB_seed42,EC,S0,XGB,440,Train,17.0,16.395676
EC_S0_XGB_seed42,EC,S0,XGB,441,Train,48.0,40.234604
EC_S0_XGB_seed42,EC,S0,XGB,442,Train,35.0,31.243788
EC_S0_XGB_seed42,EC,S0,XGB,443,Train,36.0,46.33215
EC_S0_XGB_seed42,EC,S0,XGB,445,Train,35.0,32.14874
EC_S0_XGB_seed42,EC,S0,XGB,446,Train,51.0,43.089947
EC_S0_XGB_seed42,EC,S0,XGB,449,Train,32.0,24.556822
EC_S0_XGB_seed42,EC,S0,XGB,450,Train,37.0,35.76647
EC_S0_XGB_seed42,EC,S0,XGB,452,Train,35.0,33.057125
EC_S0_XGB_seed42,EC,S0,XGB,453,Train,39.0,33.057125
EC_S0_XGB_seed42,EC,S0,XGB,454,Train,41.0,33.057125
EC_S0_XGB_seed42,EC,S0,XGB,455,Train,24.0,22.042435
EC_S0_XGB_seed42,EC,S0,XGB,456,Train,47.0,35.536
EC_S0_XGB_seed42,EC,S0,XGB,457,Train,29.0,39.07659
EC_S0_XGB_seed42,EC,S0,XGB,458,Train,37.0,39.07659
EC_S0_XGB_seed42,EC,S0,XGB,459,Train,32.0,40.993183
EC_S0_XGB_seed42,EC,S0,XGB,460,Train,37.0,40.993183
EC_S0_XGB_seed42,EC,S0,XGB,461,Train,31.0,40.28619
EC_S0_XGB_seed42,EC,S0,XGB,462,Train,37.0,40.28619
EC_S0_XGB_seed42,EC,S0,XGB,463,Train,31.0,40.97547
EC_S0_XGB_seed42,EC,S0,XGB,464,Train,37.0,40.97547
EC_S0_XGB_seed42,EC,S0,XGB,465,Train,36.0,39.07659
EC_S0_XGB_seed42,EC,S0,XGB,466,Train,39.0,39.07659
EC_S0_XGB_seed42,EC,S0,XGB,468,Train,42.0,40.993183
EC_S0_XGB_seed42,EC,S0,XGB,469,Train,36.0,40.28619
EC_S0_XGB_seed42,EC,S0,XGB,470,Train,42.0,40.28619
EC_S0_XGB_seed42,EC,S0,XGB,471,Train,36.0,40.97547
EC_S0_XGB_seed42,EC,S0,XGB,472,Train,41.0,40.97547
EC_S0_XGB_seed42,EC,S0,XGB,473,Train,38.0,39.07659
EC_S0_XGB_seed42,EC,S0,XGB,474,Train,25.0,39.07659
EC_S0_XGB_seed42,EC,S0,XGB,475,Train,32.0,39.07659
EC_S0_XGB_seed42,EC,S0,XGB,476,Train,35.0,39.07659
EC_S0_XGB_seed42,EC,S0,XGB,477,Train,40.0,39.07659
EC_S0_XGB_seed42,EC,S0,XGB,478,Train,42.0,39.07659
EC_S0_XGB_seed42,EC,S0,XGB,479,Train,42.0,39.07659
EC_S0_XGB_seed42,EC,S0,XGB,481,Train,26.0,40.993183
EC_S0_XGB_seed42,EC,S0,XGB,482,Train,33.0,40.993183
EC_S0_XGB_seed42,EC,S0,XGB,483,Train,37.0,40.993183
EC_S0_XGB_seed42,EC,S0,XGB,484,Train,42.0,40.993183
EC_S0_XGB_seed42,EC,S0,XGB,485,Train,44.0,40.993183
EC_S0_XGB_seed42,EC,S0,XGB,486,Train,45.0,40.993183
EC_S0_XGB_seed42,EC,S0,XGB,487,Train,39.0,40.28619
EC_S0_XGB_seed42,EC,S0,XGB,488,Train,25.0,40.28619
EC_S0_XGB_seed42,EC,S0,XGB,489,Train,32.0,40.28619
EC_S0_XGB_seed42,EC,S0,XGB,491,Train,42.0,40.28619
EC_S0_XGB_seed42,EC,S0,XGB,492,Train,44.0,40.28619
EC_S0_XGB_seed42,EC,S0,XGB,493,Train,46.0,40.28619
EC_S0_XGB_seed42,EC,S0,XGB,494,Train,38.0,40.97547
EC_S0_XGB_seed42,EC,S0,XGB,495,Train,26.0,40.97547
EC_S0_XGB_seed42,EC,S0,XGB,496,Train,32.0,40.97547
EC_S0_XGB_seed42,EC,S0,XGB,498,Train,41.0,40.97547
EC_S0_XGB_seed42,EC,S0,XGB,500,Train,44.0,40.97547
EC_S0_XGB_seed42,EC,S0,XGB,501,Train,44.0,39.07659
EC_S0_XGB_seed42,EC,S0,XGB,502,Train,46.0,40.993183
EC_S0_XGB_seed42,EC,S0,XGB,503,Train,47.0,40.28619
EC_S0_XGB_seed42,EC,S0,XGB,504,Train,45.0,40.97547
EC_S0_XGB_seed42,EC,S0,XGB,505,Train,41.0,39.07659
EC_S0_XGB_seed42,EC,S0,XGB,506,Train,46.0,39.07659
EC_S0_XGB_seed42,EC,S0,XGB,507,Train,44.0,40.993183
EC_S0_XGB_seed42,EC,S0,XGB,509,Train,43.0,40.28619
EC_S0_XGB_seed42,EC,S0,XGB,510,Train,48.0,40.28619
EC_S0_XGB_seed42,EC,S0,XGB,511,Train,42.0,40.97547
EC_S0_XGB_seed42,EC,S0,XGB,512,Train,47.0,40.97547
EC_S0_XGB_seed42,EC,S0,XGB,516,Train,48.0,40.97547
EC_S0_XGB_seed42,EC,S0,XGB,517,Train,44.0,39.07659
EC_S0_XGB_seed42,EC,S0,XGB,518,Train,47.0,39.07659
EC_S0_XGB_seed42,EC,S0,XGB,520,Train,49.0,40.993183
EC_S0_XGB_seed42,EC,S0,XGB,521,Train,45.0,40.28619
EC_S0_XGB_seed42,EC,S0,XGB,523,Train,45.0,40.97547
EC_S0_XGB_seed42,EC,S0,XGB,524,Train,49.0,40.97547
EC_S0_XGB_seed42,EC,S0,XGB,526,Train,47.0,40.993183
EC_S0_XGB_seed42,EC,S0,XGB,527,Train,47.0,40.28619
EC_S0_XGB_seed42,EC,S0,XGB,528,Train,46.0,40.97547
EC_S0_XGB_seed42,EC,S0,XGB,529,Train,47.0,39.07659
EC_S0_XGB_seed42,EC,S0,XGB,530,Train,48.0,40.993183
EC_S0_XGB_seed42,EC,S0,XGB,532,Train,48.0,40.97547
EC_S0_XGB_seed42,EC,S0,XGB,533,Train,23.0,36.478252
EC_S0_XGB_seed42,EC,S0,XGB,536,Train,26.0,36.478252
EC_S0_XGB_seed42,EC,S0,XGB,538,Train,19.0,39.463593
EC_S0_XGB_seed42,EC,S0,XGB,540,Train,20.0,39.463593
EC_S0_XGB_seed42,EC,S0,XGB,541,Train,24.0,39.463593
EC_S0_XGB_seed42,EC,S0,XGB,542,Train,20.0,34.390533
EC_S0_XGB_seed42,EC,S0,XGB,543,Train,23.0,34.390533
EC_S0_XGB_seed42,EC,S0,XGB,544,Train,28.0,34.390533
EC_S0_XGB_seed42,EC,S0,XGB,545,Train,29.0,34.390533
EC_S0_XGB_seed42,EC,S0,XGB,547,Train,27.0,34.390533
EC_S0_XGB_seed42,EC,S0,XGB,548,Train,30.0,34.390533
EC_S0_XGB_seed42,EC,S0,XGB,549,Train,24.0,34.390533
EC_S0_XGB_seed42,EC,S0,XGB,550,Train,24.0,36.478252
EC_S0_XGB_seed42,EC,S0,XGB,552,Train,32.0,36.478252
EC_S0_XGB_seed42,EC,S0,XGB,554,Train,32.0,36.478252
EC_S0_XGB_seed42,EC,S0,XGB,555,Train,27.0,39.463593
EC_S0_XGB_seed42,EC,S0,XGB,556,Train,25.0,36.478252
EC_S0_XGB_seed42,EC,S0,XGB,557,Train,31.0,36.478252
EC_S0_XGB_seed42,EC,S0,XGB,558,Train,33.0,36.478252
EC_S0_XGB_seed42,EC,S0,XGB,559,Train,29.0,36.478252
EC_S0_XGB_seed42,EC,S0,XGB,560,Train,33.0,36.478252
EC_S0_XGB_seed42,EC,S0,XGB,561,Train,20.0,39.463593
EC_S0_XGB_seed42,EC,S0,XGB,562,Train,23.0,39.463593
EC_S0_XGB_seed42,EC,S0,XGB,563,Train,27.0,39.463593
EC_S0_XGB_seed42,EC,S0,XGB,565,Train,28.0,39.463593
EC_S0_XGB_seed42,EC,S0,XGB,566,Train,24.0,39.463593
EC_S0_XGB_seed42,EC,S0,XGB,567,Train,26.0,39.463593
EC_S0_XGB_seed42,EC,S0,XGB,568,Train,22.0,34.390533
EC_S0_XGB_seed42,EC,S0,XGB,569,Train,25.0,34.390533
EC_S0_XGB_seed42,EC,S0,XGB,570,Train,29.0,34.390533
EC_S0_XGB_seed42,EC,S0,XGB,571,Train,32.0,34.390533
EC_S0_XGB_seed42,EC,S0,XGB,572,Train,31.0,34.390533
EC_S0_XGB_seed42,EC,S0,XGB,573,Train,31.0,34.390533
EC_S0_XGB_seed42,EC,S0,XGB,574,Train,32.0,34.390533
EC_S0_XGB_seed42,EC,S0,XGB,575,Train,27.0,34.390533
EC_S0_XGB_seed42,EC,S0,XGB,577,Train,26.0,39.463593
EC_S0_XGB_seed42,EC,S0,XGB,578,Train,29.0,39.463593
EC_S0_XGB_seed42,EC,S0,XGB,580,Train,32.0,36.478252
EC_S0_XGB_seed42,EC,S0,XGB,581,Train,34.0,36.478252
EC_S0_XGB_seed42,EC,S0,XGB,582,Train,22.0,34.390533
EC_S0_XGB_seed42,EC,S0,XGB,583,Train,26.0,34.390533
EC_S0_XGB_seed42,EC,S0,XGB,584,Train,30.0,34.390533
EC_S0_XGB_seed42,EC,S0,XGB,585,Train,32.0,34.390533
EC_S0_XGB_seed42,EC,S0,XGB,586,Train,30.0,34.390533
EC_S0_XGB_seed42,EC,S0,XGB,588,Train,33.0,34.390533
EC_S0_XGB_seed42,EC,S0,XGB,589,Train,35.0,34.390533
EC_S0_XGB_seed42,EC,S0,XGB,590,Train,33.0,36.478252
EC_S0_XGB_seed42,EC,S0,XGB,591,Train,34.0,36.478252
EC_S0_XGB_seed42,EC,S0,XGB,592,Train,29.0,36.478252
EC_S0_XGB_seed42,EC,S0,XGB,593,Train,35.0,36.478252
EC_S0_XGB_seed42,EC,S0,XGB,594,Train,23.0,39.463593
EC_S0_XGB_seed42,EC,S0,XGB,595,Train,26.0,39.463593
EC_S0_XGB_seed42,EC,S0,XGB,596,Train,31.0,39.463593
EC_S0_XGB_seed42,EC,S0,XGB,597,Train,28.0,39.463593
EC_S0_XGB_seed42,EC,S0,XGB,598,Train,29.0,39.463593
EC_S0_XGB_seed42,EC,S0,XGB,599,Train,26.0,39.463593
EC_S0_XGB_seed42,EC,S0,XGB,600,Train,28.0,39.463593
EC_S0_XGB_seed42,EC,S0,XGB,601,Train,23.0,34.390533
EC_S0_XGB_seed42,EC,S0,XGB,602,Train,27.0,34.390533
EC_S0_XGB_seed42,EC,S0,XGB,603,Train,31.0,34.390533
EC_S0_XGB_seed42,EC,S0,XGB,604,Train,33.0,34.390533
EC_S0_XGB_seed42,EC,S0,XGB,605,Train,35.0,34.390533
EC_S0_XGB_seed42,EC,S0,XGB,606,Train,35.0,34.390533
EC_S0_XGB_seed42,EC,S0,XGB,607,Train,36.0,34.390533
EC_S0_XGB_seed42,EC,S0,XGB,608,Train,36.0,34.390533
EC_S0_XGB_seed42,EC,S0,XGB,609,Train,28.0,36.478252
EC_S0_XGB_seed42,EC,S0,XGB,610,Train,33.0,36.478252
EC_S0_XGB_seed42,EC,S0,XGB,614,Train,29.0,39.463593
EC_S0_XGB_seed42,EC,S0,XGB,615,Train,30.0,39.463593
EC_S0_XGB_seed42,EC,S0,XGB,619,Train,34.0,34.390533
EC_S0_XGB_seed42,EC,S0,XGB,621,Train,36.0,34.390533
EC_S0_XGB_seed42,EC,S0,XGB,622,Train,37.0,34.390533
EC_S0_XGB_seed42,EC,S0,XGB,623,Train,38.0,34.390533
EC_S0_XGB_seed42,EC,S0,XGB,624,Train,30.0,36.478252
EC_S0_XGB_seed42,EC,S0,XGB,626,Train,36.0,36.478252
EC_S0_XGB_seed42,EC,S0,XGB,627,Train,33.0,36.478252
EC_S0_XGB_seed42,EC,S0,XGB,628,Train,37.0,36.478252
EC_S0_XGB_seed42,EC,S0,XGB,630,Train,28.0,39.463593
EC_S0_XGB_seed42,EC,S0,XGB,632,Train,29.0,39.463593
EC_S0_XGB_seed42,EC,S0,XGB,633,Train,31.0,39.463593
EC_S0_XGB_seed42,EC,S0,XGB,636,Train,24.0,34.390533
EC_S0_XGB_seed42,EC,S0,XGB,638,Train,33.0,34.390533
EC_S0_XGB_seed42,EC,S0,XGB,639,Train,35.0,34.390533
EC_S0_XGB_seed42,EC,S0,XGB,641,Train,37.0,34.390533
EC_S0_XGB_seed42,EC,S0,XGB,642,Train,38.0,34.390533
EC_S0_XGB_seed42,EC,S0,XGB,645,Train,35.0,36.478252
EC_S0_XGB_seed42,EC,S0,XGB,648,Train,38.0,36.478252
EC_S0_XGB_seed42,EC,S0,XGB,649,Train,26.0,39.463593
EC_S0_XGB_seed42,EC,S0,XGB,650,Train,30.0,39.463593
EC_S0_XGB_seed42,EC,S0,XGB,651,Train,34.0,39.463593
EC_S0_XGB_seed42,EC,S0,XGB,652,Train,30.0,39.463593
EC_S0_XGB_seed42,EC,S0,XGB,653,Train,31.0,39.463593
EC_S0_XGB_seed42,EC,S0,XGB,655,Train,29.0,34.390533
EC_S0_XGB_seed42,EC,S0,XGB,656,Train,34.0,34.390533
EC_S0_XGB_seed42,EC,S0,XGB,657,Train,36.0,34.390533
EC_S0_XGB_seed42,EC,S0,XGB,658,Train,38.0,34.390533
EC_S0_XGB_seed42,EC,S0,XGB,659,Train,38.0,34.390533
EC_S0_XGB_seed42,EC,S0,XGB,660,Train,39.0,34.390533
EC_S0_XGB_seed42,EC,S0,XGB,661,Train,39.0,34.390533
EC_S0_XGB_seed42,EC,S0,XGB,662,Train,36.0,36.478252
EC_S0_XGB_seed42,EC,S0,XGB,663,Train,38.0,36.478252
EC_S0_XGB_seed42,EC,S0,XGB,665,Train,40.0,36.478252
EC_S0_XGB_seed42,EC,S0,XGB,666,Train,30.0,39.463593
EC_S0_XGB_seed42,EC,S0,XGB,667,Train,32.0,39.463593
EC_S0_XGB_seed42,EC,S0,XGB,669,Train,31.0,34.390533
EC_S0_XGB_seed42,EC,S0,XGB,670,Train,36.0,34.390533
EC_S0_XGB_seed42,EC,S0,XGB,671,Train,37.0,34.390533
EC_S0_XGB_seed42,EC,S0,XGB,672,Train,39.0,34.390533
EC_S0_XGB_seed42,EC,S0,XGB,674,Train,39.0,34.390533
EC_S0_XGB_seed42,EC,S0,XGB,675,Train,40.0,34.390533
EC_S0_XGB_seed42,EC,S0,XGB,677,Train,27.0,39.463593
EC_S0_XGB_seed42,EC,S0,XGB,678,Train,31.0,39.463593
EC_S0_XGB_seed42,EC,S0,XGB,679,Train,34.0,39.463593
EC_S0_XGB_seed42,EC,S0,XGB,681,Train,37.0,36.478252
EC_S0_XGB_seed42,EC,S0,XGB,683,Train,31.0,39.463593
EC_S0_XGB_seed42,EC,S0,XGB,685,Train,29.0,39.463593
EC_S0_XGB_seed42,EC,S0,XGB,686,Train,31.0,39.463593
EC_S0_XGB_seed42,EC,S0,XGB,687,Train,33.0,36.478252
EC_S0_XGB_seed42,EC,S0,XGB,688,Train,37.0,36.478252
EC_S0_XGB_seed42,EC,S0,XGB,689,Train,38.0,36.478252
EC_S0_XGB_seed42,EC,S0,XGB,690,Train,28.0,39.463593
EC_S0_XGB_seed42,EC,S0,XGB,692,Train,35.0,39.463593
EC_S0_XGB_seed42,EC,S0,XGB,693,Train,26.0,34.390533
EC_S0_XGB_seed42,EC,S0,XGB,694,Train,32.0,34.390533
EC_S0_XGB_seed42,EC,S0,XGB,695,Train,37.0,34.390533
EC_S0_XGB_seed42,EC,S0,XGB,696,Train,37.0,34.390533
EC_S0_XGB_seed42,EC,S0,XGB,697,Train,39.0,34.390533
EC_S0_XGB_seed42,EC,S0,XGB,698,Train,39.0,34.390533
EC_S0_XGB_seed42,EC,S0,XGB,700,Train,40.0,34.390533
EC_S0_XGB_seed42,EC,S0,XGB,701,Train,38.0,36.478252
EC_S0_XGB_seed42,EC,S0,XGB,702,Train,41.0,36.478252
EC_S0_XGB_seed42,EC,S0,XGB,703,Train,31.0,39.463593
EC_S0_XGB_seed42,EC,S0,XGB,704,Train,33.0,39.463593
EC_S0_XGB_seed42,EC,S0,XGB,705,Train,34.0,36.478252
EC_S0_XGB_seed42,EC,S0,XGB,706,Train,38.0,36.478252
EC_S0_XGB_seed42,EC,S0,XGB,707,Train,28.0,39.463593
EC_S0_XGB_seed42,EC,S0,XGB,708,Train,33.0,39.463593
EC_S0_XGB_seed42,EC,S0,XGB,709,Train,35.0,39.463593
EC_S0_XGB_seed42,EC,S0,XGB,710,Train,30.0,39.463593
EC_S0_XGB_seed42,EC,S0,XGB,712,Train,27.0,34.390533
EC_S0_XGB_seed42,EC,S0,XGB,713,Train,35.0,34.390533
EC_S0_XGB_seed42,EC,S0,XGB,714,Train,38.0,34.390533
EC_S0_XGB_seed42,EC,S0,XGB,715,Train,38.0,34.390533
EC_S0_XGB_seed42,EC,S0,XGB,716,Train,40.0,34.390533
EC_S0_XGB_seed42,EC,S0,XGB,717,Train,40.0,34.390533
EC_S0_XGB_seed42,EC,S0,XGB,718,Train,40.0,34.390533
EC_S0_XGB_seed42,EC,S0,XGB,719,Train,40.0,34.390533
EC_S0_XGB_seed42,EC,S0,XGB,720,Train,38.0,36.478252
EC_S0_XGB_seed42,EC,S0,XGB,722,Train,43.0,36.478252
EC_S0_XGB_seed42,EC,S0,XGB,723,Train,31.0,39.463593
EC_S0_XGB_seed42,EC,S0,XGB,724,Train,33.0,39.463593
EC_S0_XGB_seed42,EC,S0,XGB,727,Train,34.0,36.478252
EC_S0_XGB_seed42,EC,S0,XGB,728,Train,39.0,36.478252
EC_S0_XGB_seed42,EC,S0,XGB,729,Train,29.0,39.463593
EC_S0_XGB_seed42,EC,S0,XGB,730,Train,34.0,39.463593
EC_S0_XGB_seed42,EC,S0,XGB,731,Train,35.0,39.463593
EC_S0_XGB_seed42,EC,S0,XGB,732,Train,38.0,36.478252
EC_S0_XGB_seed42,EC,S0,XGB,734,Train,44.0,36.478252
EC_S0_XGB_seed42,EC,S0,XGB,735,Train,32.0,39.463593
EC_S0_XGB_seed42,EC,S0,XGB,736,Train,34.0,39.463593
EC_S0_XGB_seed42,EC,S0,XGB,737,Train,34.0,36.478252
EC_S0_XGB_seed42,EC,S0,XGB,738,Train,39.0,36.478252
EC_S0_XGB_seed42,EC,S0,XGB,739,Train,29.0,39.463593
EC_S0_XGB_seed42,EC,S0,XGB,740,Train,34.0,39.463593
EC_S0_XGB_seed42,EC,S0,XGB,741,Train,36.0,39.463593
EC_S0_XGB_seed42,EC,S0,XGB,742,Train,29.0,34.390533
EC_S0_XGB_seed42,EC,S0,XGB,743,Train,37.0,34.390533
EC_S0_XGB_seed42,EC,S0,XGB,744,Train,39.0,34.390533
EC_S0_XGB_seed42,EC,S0,XGB,745,Train,39.0,34.390533
EC_S0_XGB_seed42,EC,S0,XGB,746,Train,40.0,34.390533
EC_S0_XGB_seed42,EC,S0,XGB,747,Train,40.0,34.390533
EC_S0_XGB_seed42,EC,S0,XGB,748,Train,40.0,34.390533
EC_S0_XGB_seed42,EC,S0,XGB,751,Train,40.0,36.478252
EC_S0_XGB_seed42,EC,S0,XGB,752,Train,44.0,36.478252
EC_S0_XGB_seed42,EC,S0,XGB,753,Train,33.0,39.463593
EC_S0_XGB_seed42,EC,S0,XGB,754,Train,34.0,39.463593
EC_S0_XGB_seed42,EC,S0,XGB,756,Train,34.0,36.478252
EC_S0_XGB_seed42,EC,S0,XGB,758,Train,30.0,39.463593
EC_S0_XGB_seed42,EC,S0,XGB,759,Train,34.0,39.463593
EC_S0_XGB_seed42,EC,S0,XGB,760,Train,37.0,39.463593
EC_S0_XGB_seed42,EC,S0,XGB,761,Train,38.0,36.478252
EC_S0_XGB_seed42,EC,S0,XGB,762,Train,41.0,36.478252
EC_S0_XGB_seed42,EC,S0,XGB,763,Train,45.0,36.478252
EC_S0_XGB_seed42,EC,S0,XGB,765,Train,35.0,39.463593
EC_S0_XGB_seed42,EC,S0,XGB,766,Train,33.0,39.463593
EC_S0_XGB_seed42,EC,S0,XGB,767,Train,35.0,36.478252
EC_S0_XGB_seed42,EC,S0,XGB,768,Train,40.0,36.478252
EC_S0_XGB_seed42,EC,S0,XGB,769,Train,31.0,39.463593
EC_S0_XGB_seed42,EC,S0,XGB,770,Train,35.0,39.463593
EC_S0_XGB_seed42,EC,S0,XGB,771,Train,37.0,39.463593
EC_S0_XGB_seed42,EC,S0,XGB,772,Train,31.0,34.390533
EC_S0_XGB_seed42,EC,S0,XGB,773,Train,38.0,34.390533
EC_S0_XGB_seed42,EC,S0,XGB,774,Train,39.0,34.390533
EC_S0_XGB_seed42,EC,S0,XGB,775,Train,40.0,34.390533
EC_S0_XGB_seed42,EC,S0,XGB,776,Train,41.0,34.390533
EC_S0_XGB_seed42,EC,S0,XGB,777,Train,41.0,34.390533
EC_S0_XGB_seed42,EC,S0,XGB,778,Train,41.0,34.390533
EC_S0_XGB_seed42,EC,S0,XGB,779,Train,41.0,34.390533
EC_S0_XGB_seed42,EC,S0,XGB,780,Train,38.0,36.478252
EC_S0_XGB_seed42,EC,S0,XGB,781,Train,42.0,36.478252
EC_S0_XGB_seed42,EC,S0,XGB,782,Train,46.0,36.478252
EC_S0_XGB_seed42,EC,S0,XGB,786,Train,35.0,36.478252
EC_S0_XGB_seed42,EC,S0,XGB,787,Train,31.0,39.463593
EC_S0_XGB_seed42,EC,S0,XGB,788,Train,35.0,39.463593
EC_S0_XGB_seed42,EC,S0,XGB,789,Train,38.0,39.463593
EC_S0_XGB_seed42,EC,S0,XGB,790,Train,39.0,36.478252
EC_S0_XGB_seed42,EC,S0,XGB,792,Train,43.0,36.478252
EC_S0_XGB_seed42,EC,S0,XGB,793,Train,46.0,36.478252
EC_S0_XGB_seed42,EC,S0,XGB,795,Train,35.0,39.463593
EC_S0_XGB_seed42,EC,S0,XGB,796,Train,38.0,39.463593
EC_S0_XGB_seed42,EC,S0,XGB,797,Train,33.0,39.463593
EC_S0_XGB_seed42,EC,S0,XGB,798,Train,35.0,39.463593
EC_S0_XGB_seed42,EC,S0,XGB,799,Train,31.0,39.463593
EC_S0_XGB_seed42,EC,S0,XGB,800,Train,33.0,39.463593
EC_S0_XGB_seed42,EC,S0,XGB,801,Train,32.0,34.390533
EC_S0_XGB_seed42,EC,S0,XGB,802,Train,39.0,34.390533
EC_S0_XGB_seed42,EC,S0,XGB,804,Train,40.0,34.390533
EC_S0_XGB_seed42,EC,S0,XGB,805,Train,41.0,34.390533
EC_S0_XGB_seed42,EC,S0,XGB,806,Train,41.0,34.390533
EC_S0_XGB_seed42,EC,S0,XGB,807,Train,42.0,34.390533
EC_S0_XGB_seed42,EC,S0,XGB,808,Train,42.0,34.390533
EC_S0_XGB_seed42,EC,S0,XGB,809,Train,39.0,36.478252
EC_S0_XGB_seed42,EC,S0,XGB,810,Train,39.0,36.478252
EC_S0_XGB_seed42,EC,S0,XGB,813,Train,33.0,39.463593
EC_S0_XGB_seed42,EC,S0,XGB,814,Train,35.0,39.463593
EC_S0_XGB_seed42,EC,S0,XGB,815,Train,47.0,36.478252
EC_S0_XGB_seed42,EC,S0,XGB,816,Train,43.0,36.478252
EC_S0_XGB_seed42,EC,S0,XGB,817,Train,34.0,39.463593
EC_S0_XGB_seed42,EC,S0,XGB,818,Train,36.0,39.463593
EC_S0_XGB_seed42,EC,S0,XGB,819,Train,47.0,36.478252
EC_S0_XGB_seed42,EC,S0,XGB,820,Train,23.0,39.463593
EC_S0_XGB_seed42,EC,S0,XGB,821,Train,27.0,39.463593
EC_S0_XGB_seed42,EC,S0,XGB,822,Train,32.0,39.463593
EC_S0_XGB_seed42,EC,S0,XGB,823,Train,33.0,39.463593
EC_S0_XGB_seed42,EC,S0,XGB,824,Train,36.0,39.463593
EC_S0_XGB_seed42,EC,S0,XGB,825,Train,43.0,39.463593
EC_S0_XGB_seed42,EC,S0,XGB,827,Train,41.0,39.463593
EC_S0_XGB_seed42,EC,S0,XGB,828,Train,43.0,39.463593
EC_S0_XGB_seed42,EC,S0,XGB,830,Train,44.0,39.463593
EC_S0_XGB_seed42,EC,S0,XGB,831,Train,47.0,39.463593
EC_S0_XGB_seed42,EC,S0,XGB,832,Train,49.0,39.463593
EC_S0_XGB_seed42,EC,S0,XGB,833,Train,52.0,39.463593
EC_S0_XGB_seed42,EC,S0,XGB,834,Train,48.0,39.463593
EC_S0_XGB_seed42,EC,S0,XGB,836,Train,26.0,39.463593
EC_S0_XGB_seed42,EC,S0,XGB,837,Train,25.0,39.463593
EC_S0_XGB_seed42,EC,S0,XGB,838,Train,28.0,39.463593
EC_S0_XGB_seed42,EC,S0,XGB,839,Train,32.0,39.463593
EC_S0_XGB_seed42,EC,S0,XGB,841,Train,33.0,39.463593
EC_S0_XGB_seed42,EC,S0,XGB,843,Train,34.0,39.463593
EC_S0_XGB_seed42,EC,S0,XGB,845,Train,31.0,39.463593
EC_S0_XGB_seed42,EC,S0,XGB,846,Train,34.0,39.463593
EC_S0_XGB_seed42,EC,S0,XGB,848,Train,13.0,39.463593
EC_S0_XGB_seed42,EC,S0,XGB,849,Train,28.0,39.463593
EC_S0_XGB_seed42,EC,S0,XGB,850,Train,21.0,39.463593
EC_S0_XGB_seed42,EC,S0,XGB,851,Train,25.0,39.463593
EC_S0_XGB_seed42,EC,S0,XGB,853,Train,18.0,39.463593
EC_S0_XGB_seed42,EC,S0,XGB,855,Train,21.0,39.463593
EC_S0_XGB_seed42,EC,S0,XGB,856,Train,25.0,39.463593
EC_S0_XGB_seed42,EC,S0,XGB,858,Train,25.0,39.463593
EC_S0_XGB_seed42,EC,S0,XGB,859,Train,25.0,39.463593
EC_S0_XGB_seed42,EC,S0,XGB,860,Train,32.0,39.463593
EC_S0_XGB_seed42,EC,S0,XGB,861,Train,38.0,39.463593
EC_S0_XGB_seed42,EC,S0,XGB,862,Train,36.0,39.463593
EC_S0_XGB_seed42,EC,S0,XGB,863,Train,41.0,39.463593
EC_S0_XGB_seed42,EC,S0,XGB,865,Train,46.0,39.463593
EC_S0_XGB_seed42,EC,S0,XGB,866,Train,44.0,39.463593
EC_S0_XGB_seed42,EC,S0,XGB,868,Train,52.0,39.463593
EC_S0_XGB_seed42,EC,S0,XGB,869,Train,47.0,39.463593
EC_S0_XGB_seed42,EC,S0,XGB,870,Train,48.0,39.463593
EC_S0_XGB_seed42,EC,S0,XGB,871,Train,51.0,39.463593
EC_S0_XGB_seed42,EC,S0,XGB,873,Train,49.0,39.463593
EC_S0_XGB_seed42,EC,S0,XGB,874,Train,26.0,39.463593
EC_S0_XGB_seed42,EC,S0,XGB,875,Train,27.0,39.463593
EC_S0_XGB_seed42,EC,S0,XGB,877,Train,31.0,39.463593
EC_S0_XGB_seed42,EC,S0,XGB,879,Train,35.0,39.463593
EC_S0_XGB_seed42,EC,S0,XGB,880,Train,35.0,39.463593
EC_S0_XGB_seed42,EC,S0,XGB,881,Train,34.0,39.463593
EC_S0_XGB_seed42,EC,S0,XGB,882,Train,35.0,39.463593
EC_S0_XGB_seed42,EC,S0,XGB,884,Train,32.0,39.463593
EC_S0_XGB_seed42,EC,S0,XGB,885,Train,35.0,39.463593
EC_S0_XGB_seed42,EC,S0,XGB,886,Train,28.0,34.05684
EC_S0_XGB_seed42,EC,S0,XGB,887,Train,23.0,39.463593
EC_S0_XGB_seed42,EC,S0,XGB,889,Train,28.0,39.463593
EC_S0_XGB_seed42,EC,S0,XGB,890,Train,18.0,39.463593
EC_S0_XGB_seed42,EC,S0,XGB,891,Train,17.0,39.463593
EC_S0_XGB_seed42,EC,S0,XGB,892,Train,23.0,39.463593
EC_S0_XGB_seed42,EC,S0,XGB,894,Train,29.0,39.463593
EC_S0_XGB_seed42,EC,S0,XGB,895,Train,28.0,39.463593
EC_S0_XGB_seed42,EC,S0,XGB,896,Train,36.0,39.463593
EC_S0_XGB_seed42,EC,S0,XGB,897,Train,41.0,39.463593
EC_S0_XGB_seed42,EC,S0,XGB,898,Train,39.0,39.463593
EC_S0_XGB_seed42,EC,S0,XGB,899,Train,46.0,39.463593
EC_S0_XGB_seed42,EC,S0,XGB,900,Train,52.0,39.463593
EC_S0_XGB_seed42,EC,S0,XGB,901,Train,48.0,39.463593
EC_S0_XGB_seed42,EC,S0,XGB,902,Train,47.0,39.463593
EC_S0_XGB_seed42,EC,S0,XGB,903,Train,52.0,39.463593
EC_S0_XGB_seed42,EC,S0,XGB,905,Train,48.0,39.463593
EC_S0_XGB_seed42,EC,S0,XGB,906,Train,50.0,39.463593
EC_S0_XGB_seed42,EC,S0,XGB,907,Train,52.0,39.463593
EC_S0_XGB_seed42,EC,S0,XGB,908,Train,55.0,39.463593
EC_S0_XGB_seed42,EC,S0,XGB,909,Train,49.0,39.463593
EC_S0_XGB_seed42,EC,S0,XGB,911,Train,29.0,39.463593
EC_S0_XGB_seed42,EC,S0,XGB,913,Train,32.0,39.463593
EC_S0_XGB_seed42,EC,S0,XGB,916,Train,35.0,39.463593
EC_S0_XGB_seed42,EC,S0,XGB,917,Train,36.0,39.463593
EC_S0_XGB_seed42,EC,S0,XGB,918,Train,36.0,39.463593
EC_S0_XGB_seed42,EC,S0,XGB,919,Train,36.0,39.463593
EC_S0_XGB_seed42,EC,S0,XGB,920,Train,34.0,39.463593
EC_S0_XGB_seed42,EC,S0,XGB,921,Train,36.0,39.463593
EC_S0_XGB_seed42,EC,S0,XGB,923,Train,38.0,39.463593
EC_S0_XGB_seed42,EC,S0,XGB,924,Train,45.0,39.463593
EC_S0_XGB_seed42,EC,S0,XGB,925,Train,41.0,39.463593
EC_S0_XGB_seed42,EC,S0,XGB,926,Train,49.0,39.463593
EC_S0_XGB_seed42,EC,S0,XGB,928,Train,48.0,39.463593
EC_S0_XGB_seed42,EC,S0,XGB,929,Train,50.0,39.463593
EC_S0_XGB_seed42,EC,S0,XGB,930,Train,55.0,39.463593
EC_S0_XGB_seed42,EC,S0,XGB,931,Train,54.0,39.463593
EC_S0_XGB_seed42,EC,S0,XGB,932,Train,48.0,39.463593
EC_S0_XGB_seed42,EC,S0,XGB,933,Train,50.0,39.463593
EC_S0_XGB_seed42,EC,S0,XGB,934,Train,54.0,39.463593
EC_S0_XGB_seed42,EC,S0,XGB,935,Train,55.0,39.463593
EC_S0_XGB_seed42,EC,S0,XGB,936,Train,49.0,39.463593
EC_S0_XGB_seed42,EC,S0,XGB,937,Train,27.0,39.463593
EC_S0_XGB_seed42,EC,S0,XGB,938,Train,30.0,39.463593
EC_S0_XGB_seed42,EC,S0,XGB,939,Train,30.0,39.463593
EC_S0_XGB_seed42,EC,S0,XGB,940,Train,34.0,39.463593
EC_S0_XGB_seed42,EC,S0,XGB,941,Train,34.0,39.463593
EC_S0_XGB_seed42,EC,S0,XGB,942,Train,36.0,39.463593
EC_S0_XGB_seed42,EC,S0,XGB,944,Train,36.0,39.463593
EC_S0_XGB_seed42,EC,S0,XGB,946,Train,36.0,39.463593
EC_S0_XGB_seed42,EC,S0,XGB,947,Train,35.0,39.463593
EC_S0_XGB_seed42,EC,S0,XGB,948,Train,37.0,39.463593
EC_S0_XGB_seed42,EC,S0,XGB,949,Train,29.0,34.05684
EC_S0_XGB_seed42,EC,S0,XGB,950,Train,23.0,39.463593
EC_S0_XGB_seed42,EC,S0,XGB,951,Train,28.0,39.463593
EC_S0_XGB_seed42,EC,S0,XGB,952,Train,29.0,39.463593
EC_S0_XGB_seed42,EC,S0,XGB,953,Train,13.0,39.463593
EC_S0_XGB_seed42,EC,S0,XGB,954,Train,19.0,39.463593
EC_S0_XGB_seed42,EC,S0,XGB,956,Train,24.0,39.463593
EC_S0_XGB_seed42,EC,S0,XGB,959,Train,31.0,39.463593
EC_S0_XGB_seed42,EC,S0,XGB,960,Train,39.0,39.463593
EC_S0_XGB_seed42,EC,S0,XGB,961,Train,47.0,39.463593
EC_S0_XGB_seed42,EC,S0,XGB,962,Train,42.0,39.463593
EC_S0_XGB_seed42,EC,S0,XGB,963,Train,50.0,39.463593
EC_S0_XGB_seed42,EC,S0,XGB,967,Train,56.0,39.463593
EC_S0_XGB_seed42,EC,S0,XGB,968,Train,54.0,39.463593
EC_S0_XGB_seed42,EC,S0,XGB,969,Train,49.0,39.463593
EC_S0_XGB_seed42,EC,S0,XGB,970,Train,52.0,39.463593
EC_S0_XGB_seed42,EC,S0,XGB,971,Train,55.0,39.463593
EC_S0_XGB_seed42,EC,S0,XGB,972,Train,56.0,39.463593
EC_S0_XGB_seed42,EC,S0,XGB,973,Train,49.0,39.463593
EC_S0_XGB_seed42,EC,S0,XGB,974,Train,27.0,39.463593
EC_S0_XGB_seed42,EC,S0,XGB,975,Train,30.0,39.463593
EC_S0_XGB_seed42,EC,S0,XGB,976,Train,31.0,39.463593
EC_S0_XGB_seed42,EC,S0,XGB,977,Train,35.0,39.463593
EC_S0_XGB_seed42,EC,S0,XGB,978,Train,34.0,39.463593
EC_S0_XGB_seed42,EC,S0,XGB,979,Train,36.0,39.463593
EC_S0_XGB_seed42,EC,S0,XGB,981,Train,37.0,39.463593
EC_S0_XGB_seed42,EC,S0,XGB,982,Train,37.0,39.463593
EC_S0_XGB_seed42,EC,S0,XGB,983,Train,37.0,39.463593
EC_S0_XGB_seed42,EC,S0,XGB,985,Train,37.0,39.463593
EC_S0_XGB_seed42,EC,S0,XGB,990,Train,42.0,39.463593
EC_S0_XGB_seed42,EC,S0,XGB,991,Train,51.0,39.463593
EC_S0_XGB_seed42,EC,S0,XGB,992,Train,47.0,39.463593
EC_S0_XGB_seed42,EC,S0,XGB,993,Train,54.0,39.463593
EC_S0_XGB_seed42,EC,S0,XGB,994,Train,55.0,39.463593
EC_S0_XGB_seed42,EC,S0,XGB,996,Train,54.0,39.463593
EC_S0_XGB_seed42,EC,S0,XGB,997,Train,58.0,39.463593
EC_S0_XGB_seed42,EC,S0,XGB,998,Train,56.0,39.463593
EC_S0_XGB_seed42,EC,S0,XGB,999,Train,49.0,39.463593
EC_S0_XGB_seed42,EC,S0,XGB,1000,Train,54.0,39.463593
EC_S0_XGB_seed42,EC,S0,XGB,1004,Train,28.0,39.463593
EC_S0_XGB_seed42,EC,S0,XGB,1005,Train,31.0,39.463593
EC_S0_XGB_seed42,EC,S0,XGB,1006,Train,33.0,39.463593
EC_S0_XGB_seed42,EC,S0,XGB,1007,Train,36.0,39.463593
EC_S0_XGB_seed42,EC,S0,XGB,1008,Train,35.0,39.463593
EC_S0_XGB_seed42,EC,S0,XGB,1009,Train,36.0,39.463593
EC_S0_XGB_seed42,EC,S0,XGB,1011,Train,38.0,39.463593
EC_S0_XGB_seed42,EC,S0,XGB,1012,Train,37.0,39.463593
EC_S0_XGB_seed42,EC,S0,XGB,1013,Train,37.0,39.463593
EC_S0_XGB_seed42,EC,S0,XGB,1014,Train,37.0,39.463593
EC_S0_XGB_seed42,EC,S0,XGB,1015,Train,38.0,39.463593
EC_S0_XGB_seed42,EC,S0,XGB,1016,Train,24.0,39.463593
EC_S0_XGB_seed42,EC,S0,XGB,1017,Train,29.0,39.463593
EC_S0_XGB_seed42,EC,S0,XGB,1018,Train,30.0,39.463593
EC_S0_XGB_seed42,EC,S0,XGB,1020,Train,20.0,39.463593
EC_S0_XGB_seed42,EC,S0,XGB,1021,Train,18.0,39.463593
EC_S0_XGB_seed42,EC,S0,XGB,1022,Train,24.0,39.463593
EC_S0_XGB_seed42,EC,S0,XGB,1023,Train,29.0,39.463593
EC_S0_XGB_seed42,EC,S0,XGB,1024,Train,32.0,39.463593
EC_S0_XGB_seed42,EC,S0,XGB,1025,Train,35.0,39.463593
EC_S0_XGB_seed42,EC,S0,XGB,1028,Train,49.0,39.463593
EC_S0_XGB_seed42,EC,S0,XGB,1029,Train,56.0,39.463593
EC_S0_XGB_seed42,EC,S0,XGB,1030,Train,55.0,39.463593
EC_S0_XGB_seed42,EC,S0,XGB,1032,Train,57.0,39.463593
EC_S0_XGB_seed42,EC,S0,XGB,1033,Train,59.0,39.463593
EC_S0_XGB_seed42,EC,S0,XGB,1034,Train,56.0,39.463593
EC_S0_XGB_seed42,EC,S0,XGB,1035,Train,49.0,39.463593
EC_S0_XGB_seed42,EC,S0,XGB,1036,Train,55.0,39.463593
EC_S0_XGB_seed42,EC,S0,XGB,1037,Train,59.0,39.463593
EC_S0_XGB_seed42,EC,S0,XGB,1038,Train,57.0,39.463593
EC_S0_XGB_seed42,EC,S0,XGB,1039,Train,49.0,39.463593
EC_S0_XGB_seed42,EC,S0,XGB,1040,Train,28.0,39.463593
EC_S0_XGB_seed42,EC,S0,XGB,1042,Train,33.0,39.463593
EC_S0_XGB_seed42,EC,S0,XGB,1043,Train,36.0,39.463593
EC_S0_XGB_seed42,EC,S0,XGB,1044,Train,35.0,39.463593
EC_S0_XGB_seed42,EC,S0,XGB,1045,Train,37.0,39.463593
EC_S0_XGB_seed42,EC,S0,XGB,1046,Train,37.0,39.463593
EC_S0_XGB_seed42,EC,S0,XGB,1048,Train,37.0,39.463593
EC_S0_XGB_seed42,EC,S0,XGB,1049,Train,38.0,39.463593
EC_S0_XGB_seed42,EC,S0,XGB,1050,Train,38.0,39.463593
EC_S0_XGB_seed42,EC,S0,XGB,1051,Train,38.0,39.463593
EC_S0_XGB_seed42,EC,S0,XGB,1052,Train,34.0,34.05684
EC_S0_XGB_seed42,EC,S0,XGB,1053,Train,25.0,39.463593
EC_S0_XGB_seed42,EC,S0,XGB,1054,Train,29.0,39.463593
EC_S0_XGB_seed42,EC,S0,XGB,1055,Train,32.0,39.463593
EC_S0_XGB_seed42,EC,S0,XGB,1056,Train,37.0,39.463593
EC_S0_XGB_seed42,EC,S0,XGB,1057,Train,46.0,39.463593
EC_S0_XGB_seed42,EC,S0,XGB,1060,Train,58.0,39.463593
EC_S0_XGB_seed42,EC,S0,XGB,1061,Train,55.0,39.463593
EC_S0_XGB_seed42,EC,S0,XGB,1064,Train,60.0,39.463593
EC_S0_XGB_seed42,EC,S0,XGB,1065,Train,56.0,39.463593
EC_S0_XGB_seed42,EC,S0,XGB,1066,Train,50.0,39.463593
EC_S0_XGB_seed42,EC,S0,XGB,1068,Train,61.0,39.463593
EC_S0_XGB_seed42,EC,S0,XGB,1069,Train,57.0,39.463593
EC_S0_XGB_seed42,EC,S0,XGB,1070,Train,49.0,39.463593
EC_S0_XGB_seed42,EC,S0,XGB,1071,Train,29.0,39.463593
EC_S0_XGB_seed42,EC,S0,XGB,1073,Train,34.0,39.463593
EC_S0_XGB_seed42,EC,S0,XGB,1074,Train,36.0,39.463593
EC_S0_XGB_seed42,EC,S0,XGB,1076,Train,38.0,39.463593
EC_S0_XGB_seed42,EC,S0,XGB,1077,Train,38.0,39.463593
EC_S0_XGB_seed42,EC,S0,XGB,1078,Train,38.0,39.463593
EC_S0_XGB_seed42,EC,S0,XGB,1079,Train,38.0,39.463593
EC_S0_XGB_seed42,EC,S0,XGB,1080,Train,38.0,39.463593
EC_S0_XGB_seed42,EC,S0,XGB,1081,Train,40.0,39.463593
EC_S0_XGB_seed42,EC,S0,XGB,1082,Train,39.0,39.463593
EC_S0_XGB_seed42,EC,S0,XGB,1083,Train,39.0,39.463593
EC_S0_XGB_seed42,EC,S0,XGB,1084,Train,49.0,39.463593
EC_S0_XGB_seed42,EC,S0,XGB,1085,Train,55.0,39.463593
EC_S0_XGB_seed42,EC,S0,XGB,1086,Train,55.0,39.463593
EC_S0_XGB_seed42,EC,S0,XGB,1088,Train,56.0,39.463593
EC_S0_XGB_seed42,EC,S0,XGB,1089,Train,49.0,39.463593
EC_S0_XGB_seed42,EC,S0,XGB,1090,Train,61.0,39.463593
EC_S0_XGB_seed42,EC,S0,XGB,1091,Train,61.0,39.463593
EC_S0_XGB_seed42,EC,S0,XGB,1092,Train,56.0,39.463593
EC_S0_XGB_seed42,EC,S0,XGB,1093,Train,50.0,39.463593
EC_S0_XGB_seed42,EC,S0,XGB,1094,Train,58.0,39.463593
EC_S0_XGB_seed42,EC,S0,XGB,1095,Train,61.0,39.463593
EC_S0_XGB_seed42,EC,S0,XGB,1096,Train,57.0,39.463593
EC_S0_XGB_seed42,EC,S0,XGB,1097,Train,49.0,39.463593
EC_S0_XGB_seed42,EC,S0,XGB,1098,Train,30.0,39.463593
EC_S0_XGB_seed42,EC,S0,XGB,1099,Train,34.0,39.463593
EC_S0_XGB_seed42,EC,S0,XGB,1101,Train,37.0,39.463593
EC_S0_XGB_seed42,EC,S0,XGB,1102,Train,37.0,39.463593
EC_S0_XGB_seed42,EC,S0,XGB,1103,Train,38.0,39.463593
EC_S0_XGB_seed42,EC,S0,XGB,1104,Train,40.0,39.463593
EC_S0_XGB_seed42,EC,S0,XGB,1105,Train,38.0,39.463593
EC_S0_XGB_seed42,EC,S0,XGB,1108,Train,41.0,39.463593
EC_S0_XGB_seed42,EC,S0,XGB,1109,Train,39.0,39.463593
EC_S0_XGB_seed42,EC,S0,XGB,1110,Train,40.0,39.463593
EC_S0_XGB_seed42,EC,S0,XGB,1111,Train,50.0,39.463593
EC_S0_XGB_seed42,EC,S0,XGB,1113,Train,57.0,39.463593
EC_S0_XGB_seed42,EC,S0,XGB,1114,Train,59.0,39.463593
EC_S0_XGB_seed42,EC,S0,XGB,1115,Train,56.0,39.463593
EC_S0_XGB_seed42,EC,S0,XGB,1117,Train,62.0,39.463593
EC_S0_XGB_seed42,EC,S0,XGB,1118,Train,60.0,39.463593
EC_S0_XGB_seed42,EC,S0,XGB,1119,Train,57.0,39.463593
EC_S0_XGB_seed42,EC,S0,XGB,1120,Train,50.0,39.463593
EC_S0_XGB_seed42,EC,S0,XGB,1121,Train,59.0,39.463593
EC_S0_XGB_seed42,EC,S0,XGB,1122,Train,62.0,39.463593
EC_S0_XGB_seed42,EC,S0,XGB,1123,Train,57.0,39.463593
EC_S0_XGB_seed42,EC,S0,XGB,1124,Train,49.0,39.463593
EC_S0_XGB_seed42,EC,S0,XGB,1125,Train,30.0,39.463593
EC_S0_XGB_seed42,EC,S0,XGB,1126,Train,35.0,39.463593
EC_S0_XGB_seed42,EC,S0,XGB,1128,Train,36.0,39.463593
EC_S0_XGB_seed42,EC,S0,XGB,1130,Train,39.0,39.463593
EC_S0_XGB_seed42,EC,S0,XGB,1131,Train,41.0,39.463593
EC_S0_XGB_seed42,EC,S0,XGB,1132,Train,38.0,39.463593
EC_S0_XGB_seed42,EC,S0,XGB,1133,Train,39.0,39.463593
EC_S0_XGB_seed42,EC,S0,XGB,1134,Train,40.0,39.463593
EC_S0_XGB_seed42,EC,S0,XGB,1135,Train,41.0,39.463593
EC_S0_XGB_seed42,EC,S0,XGB,1136,Train,39.0,39.463593
EC_S0_XGB_seed42,EC,S0,XGB,1137,Train,35.0,34.05684
EC_S0_XGB_seed42,EC,S0,XGB,1139,Train,52.0,39.463593
EC_S0_XGB_seed42,EC,S0,XGB,1140,Train,57.0,39.463593
EC_S0_XGB_seed42,EC,S0,XGB,1141,Train,59.0,39.463593
EC_S0_XGB_seed42,EC,S0,XGB,1142,Train,60.0,39.463593
EC_S0_XGB_seed42,EC,S0,XGB,1143,Train,56.0,39.463593
EC_S0_XGB_seed42,EC,S0,XGB,1144,Train,50.0,39.463593
EC_S0_XGB_seed42,EC,S0,XGB,1145,Train,62.0,39.463593
EC_S0_XGB_seed42,EC,S0,XGB,1146,Train,61.0,39.463593
EC_S0_XGB_seed42,EC,S0,XGB,1147,Train,56.0,39.463593
EC_S0_XGB_seed42,EC,S0,XGB,1148,Train,51.0,39.463593
EC_S0_XGB_seed42,EC,S0,XGB,1149,Train,61.0,39.463593
EC_S0_XGB_seed42,EC,S0,XGB,1151,Train,57.0,39.463593
EC_S0_XGB_seed42,EC,S0,XGB,1152,Train,50.0,39.463593
EC_S0_XGB_seed42,EC,S0,XGB,1153,Train,30.0,39.463593
EC_S0_XGB_seed42,EC,S0,XGB,1154,Train,36.0,39.463593
EC_S0_XGB_seed42,EC,S0,XGB,1155,Train,37.0,39.463593
EC_S0_XGB_seed42,EC,S0,XGB,1157,Train,37.0,39.463593
EC_S0_XGB_seed42,EC,S0,XGB,1158,Train,40.0,39.463593
EC_S0_XGB_seed42,EC,S0,XGB,1160,Train,38.0,39.463593
EC_S0_XGB_seed42,EC,S0,XGB,1161,Train,39.0,39.463593
EC_S0_XGB_seed42,EC,S0,XGB,1162,Train,40.0,39.463593
EC_S0_XGB_seed42,EC,S0,XGB,1165,Train,46.0,34.05684
EC_S0_XGB_seed42,EC,S0,XGB,1166,Train,46.0,39.463593
EC_S0_XGB_seed42,EC,S0,XGB,1168,Train,56.0,39.463593
EC_S0_XGB_seed42,EC,S0,XGB,1169,Train,61.0,39.463593
EC_S0_XGB_seed42,EC,S0,XGB,1170,Train,61.0,39.463593
EC_S0_XGB_seed42,EC,S0,XGB,1171,Train,56.0,39.463593
EC_S0_XGB_seed42,EC,S0,XGB,1172,Train,50.0,39.463593
EC_S0_XGB_seed42,EC,S0,XGB,1173,Train,64.0,39.463593
EC_S0_XGB_seed42,EC,S0,XGB,1174,Train,62.0,39.463593
EC_S0_XGB_seed42,EC,S0,XGB,1175,Train,57.0,39.463593
EC_S0_XGB_seed42,EC,S0,XGB,1176,Train,51.0,39.463593
EC_S0_XGB_seed42,EC,S0,XGB,1178,Train,63.0,39.463593
EC_S0_XGB_seed42,EC,S0,XGB,1179,Train,56.0,39.463593
EC_S0_XGB_seed42,EC,S0,XGB,1180,Train,50.0,39.463593
EC_S0_XGB_seed42,EC,S0,XGB,1181,Train,32.0,39.463593
EC_S0_XGB_seed42,EC,S0,XGB,1182,Train,37.0,39.463593
EC_S0_XGB_seed42,EC,S0,XGB,1184,Train,36.0,39.463593
EC_S0_XGB_seed42,EC,S0,XGB,1185,Train,38.0,39.463593
EC_S0_XGB_seed42,EC,S0,XGB,1186,Train,41.0,39.463593
EC_S0_XGB_seed42,EC,S0,XGB,1187,Train,43.0,39.463593
EC_S0_XGB_seed42,EC,S0,XGB,1188,Train,38.0,39.463593
EC_S0_XGB_seed42,EC,S0,XGB,1189,Train,40.0,39.463593
EC_S0_XGB_seed42,EC,S0,XGB,1191,Train,42.0,39.463593
EC_S0_XGB_seed42,EC,S0,XGB,1194,Train,59.0,67.78164
EC_S0_XGB_seed42,EC,S0,XGB,1195,Train,59.0,67.78164
EC_S0_XGB_seed42,EC,S0,XGB,1196,Train,59.0,67.78164
EC_S0_XGB_seed42,EC,S0,XGB,1197,Train,61.0,67.78164
EC_S0_XGB_seed42,EC,S0,XGB,1199,Train,67.0,67.78164
EC_S0_XGB_seed42,EC,S0,XGB,1200,Train,78.0,67.78164
EC_S0_XGB_seed42,EC,S0,XGB,1201,Train,92.0,67.78164
EC_S0_XGB_seed42,EC,S0,XGB,1202,Train,38.0,55.624805
EC_S0_XGB_seed42,EC,S0,XGB,1203,Train,37.0,55.624805
EC_S0_XGB_seed42,EC,S0,XGB,1205,Train,38.0,55.624805
EC_S0_XGB_seed42,EC,S0,XGB,1208,Train,61.0,55.624805
EC_S0_XGB_seed42,EC,S0,XGB,1209,Train,74.0,55.624805
EC_S0_XGB_seed42,EC,S0,XGB,1210,Train,85.0,55.624805
EC_S0_XGB_seed42,EC,S0,XGB,1211,Train,37.0,51.080105
EC_S0_XGB_seed42,EC,S0,XGB,1212,Train,38.0,51.080105
EC_S0_XGB_seed42,EC,S0,XGB,1213,Train,38.0,51.080105
EC_S0_XGB_seed42,EC,S0,XGB,1214,Train,39.0,51.080105
EC_S0_XGB_seed42,EC,S0,XGB,1216,Train,42.0,51.080105
EC_S0_XGB_seed42,EC,S0,XGB,1217,Train,57.0,51.080105
EC_S0_XGB_seed42,EC,S0,XGB,1218,Train,73.0,51.080105
EC_S0_XGB_seed42,EC,S0,XGB,1219,Train,83.0,51.080105
EC_S0_XGB_seed42,EC,S0,XGB,1221,Train,32.0,44.700657
EC_S0_XGB_seed42,EC,S0,XGB,1222,Train,32.0,44.700657
EC_S0_XGB_seed42,EC,S0,XGB,1223,Train,33.0,44.700657
EC_S0_XGB_seed42,EC,S0,XGB,1224,Train,36.0,44.700657
EC_S0_XGB_seed42,EC,S0,XGB,1225,Train,37.0,44.700657
EC_S0_XGB_seed42,EC,S0,XGB,1226,Train,43.0,44.700657
EC_S0_XGB_seed42,EC,S0,XGB,1227,Train,65.0,44.700657
EC_S0_XGB_seed42,EC,S0,XGB,1228,Train,77.0,44.700657
EC_S0_XGB_seed42,EC,S0,XGB,8,Test,32.0,39.049416
EC_S0_XGB_seed42,EC,S0,XGB,16,Test,37.0,39.049416
EC_S0_XGB_seed42,EC,S0,XGB,33,Test,39.0,42.24051
EC_S0_XGB_seed42,EC,S0,XGB,40,Test,36.0,39.049416
EC_S0_XGB_seed42,EC,S0,XGB,41,Test,39.0,42.685394
EC_S0_XGB_seed42,EC,S0,XGB,49,Test,37.0,39.049416
EC_S0_XGB_seed42,EC,S0,XGB,55,Test,27.0,37.73397
EC_S0_XGB_seed42,EC,S0,XGB,60,Test,43.0,36.55374
EC_S0_XGB_seed42,EC,S0,XGB,62,Test,19.0,19.134727
EC_S0_XGB_seed42,EC,S0,XGB,65,Test,38.0,39.049416
EC_S0_XGB_seed42,EC,S0,XGB,67,Test,40.0,42.24051
EC_S0_XGB_seed42,EC,S0,XGB,69,Test,37.0,35.9825
EC_S0_XGB_seed42,EC,S0,XGB,70,Test,35.0,35.687817
EC_S0_XGB_seed42,EC,S0,XGB,74,Test,38.0,39.049416
EC_S0_XGB_seed42,EC,S0,XGB,77,Test,39.0,39.70152
EC_S0_XGB_seed42,EC,S0,XGB,78,Test,38.0,35.9825
EC_S0_XGB_seed42,EC,S0,XGB,81,Test,38.0,39.049416
EC_S0_XGB_seed42,EC,S0,XGB,87,Test,43.0,38.157337
EC_S0_XGB_seed42,EC,S0,XGB,90,Test,34.0,37.73397
EC_S0_XGB_seed42,EC,S0,XGB,95,Test,47.0,38.157337
EC_S0_XGB_seed42,EC,S0,XGB,98,Test,32.0,32.074413
EC_S0_XGB_seed42,EC,S0,XGB,100,Test,44.0,42.685394
EC_S0_XGB_seed42,EC,S0,XGB,108,Test,41.0,39.049416
EC_S0_XGB_seed42,EC,S0,XGB,112,Test,40.0,35.9825
EC_S0_XGB_seed42,EC,S0,XGB,113,Test,40.0,35.687817
EC_S0_XGB_seed42,EC,S0,XGB,119,Test,40.0,36.55374
EC_S0_XGB_seed42,EC,S0,XGB,122,Test,32.0,37.73397
EC_S0_XGB_seed42,EC,S0,XGB,126,Test,40.0,37.73397
EC_S0_XGB_seed42,EC,S0,XGB,143,Test,40.0,35.9825
EC_S0_XGB_seed42,EC,S0,XGB,151,Test,34.0,38.493595
EC_S0_XGB_seed42,EC,S0,XGB,153,Test,41.0,37.73397
EC_S0_XGB_seed42,EC,S0,XGB,154,Test,45.0,37.73397
EC_S0_XGB_seed42,EC,S0,XGB,155,Test,44.0,37.73397
EC_S0_XGB_seed42,EC,S0,XGB,156,Test,41.0,37.73397
EC_S0_XGB_seed42,EC,S0,XGB,171,Test,50.0,38.493595
EC_S0_XGB_seed42,EC,S0,XGB,173,Test,52.0,38.493595
EC_S0_XGB_seed42,EC,S0,XGB,204,Test,47.0,62.766502
EC_S0_XGB_seed42,EC,S0,XGB,210,Test,32.0,38.410976
EC_S0_XGB_seed42,EC,S0,XGB,214,Test,36.0,36.47738
EC_S0_XGB_seed42,EC,S0,XGB,228,Test,21.0,22.042435
EC_S0_XGB_seed42,EC,S0,XGB,234,Test,30.0,43.089947
EC_S0_XGB_seed42,EC,S0,XGB,235,Test,33.0,37.67634
EC_S0_XGB_seed42,EC,S0,XGB,244,Test,34.0,38.410976
EC_S0_XGB_seed42,EC,S0,XGB,245,Test,31.0,32.14874
EC_S0_XGB_seed42,EC,S0,XGB,246,Test,38.0,43.089947
EC_S0_XGB_seed42,EC,S0,XGB,254,Test,53.0,62.766502
EC_S0_XGB_seed42,EC,S0,XGB,257,Test,48.0,62.766502
EC_S0_XGB_seed42,EC,S0,XGB,275,Test,40.0,43.089947
EC_S0_XGB_seed42,EC,S0,XGB,284,Test,62.0,62.766502
EC_S0_XGB_seed42,EC,S0,XGB,295,Test,66.0,62.766502
EC_S0_XGB_seed42,EC,S0,XGB,296,Test,80.0,62.766502
EC_S0_XGB_seed42,EC,S0,XGB,301,Test,32.0,35.76647
EC_S0_XGB_seed42,EC,S0,XGB,321,Test,28.0,33.057125
EC_S0_XGB_seed42,EC,S0,XGB,326,Test,80.0,62.766502
EC_S0_XGB_seed42,EC,S0,XGB,338,Test,23.0,22.042435
EC_S0_XGB_seed42,EC,S0,XGB,341,Test,40.0,46.33215
EC_S0_XGB_seed42,EC,S0,XGB,342,Test,38.0,38.410976
EC_S0_XGB_seed42,EC,S0,XGB,343,Test,32.0,32.14874
EC_S0_XGB_seed42,EC,S0,XGB,360,Test,87.0,62.766502
EC_S0_XGB_seed42,EC,S0,XGB,361,Test,52.0,38.811382
EC_S0_XGB_seed42,EC,S0,XGB,362,Test,36.0,35.76647
EC_S0_XGB_seed42,EC,S0,XGB,364,Test,37.0,35.35394
EC_S0_XGB_seed42,EC,S0,XGB,366,Test,35.0,34.157925
EC_S0_XGB_seed42,EC,S0,XGB,368,Test,51.0,48.8238
EC_S0_XGB_seed42,EC,S0,XGB,370,Test,51.0,36.945137
EC_S0_XGB_seed42,EC,S0,XGB,371,Test,52.0,43.89347
EC_S0_XGB_seed42,EC,S0,XGB,386,Test,17.0,16.395676
EC_S0_XGB_seed42,EC,S0,XGB,397,Test,29.0,33.057125
EC_S0_XGB_seed42,EC,S0,XGB,399,Test,76.0,62.766502
EC_S0_XGB_seed42,EC,S0,XGB,401,Test,84.0,62.766502
EC_S0_XGB_seed42,EC,S0,XGB,411,Test,53.0,38.410976
EC_S0_XGB_seed42,EC,S0,XGB,415,Test,37.0,46.33215
EC_S0_XGB_seed42,EC,S0,XGB,416,Test,76.0,62.766502
EC_S0_XGB_seed42,EC,S0,XGB,417,Test,80.0,62.766502
EC_S0_XGB_seed42,EC,S0,XGB,427,Test,36.0,36.47738
EC_S0_XGB_seed42,EC,S0,XGB,429,Test,32.0,33.057125
EC_S0_XGB_seed42,EC,S0,XGB,431,Test,40.0,33.057125
EC_S0_XGB_seed42,EC,S0,XGB,437,Test,31.0,33.057125
EC_S0_XGB_seed42,EC,S0,XGB,439,Test,39.0,33.057125
EC_S0_XGB_seed42,EC,S0,XGB,444,Test,55.0,38.410976
EC_S0_XGB_seed42,EC,S0,XGB,447,Test,55.0,37.67634
EC_S0_XGB_seed42,EC,S0,XGB,448,Test,36.0,36.47738
EC_S0_XGB_seed42,EC,S0,XGB,467,Test,39.0,40.993183
EC_S0_XGB_seed42,EC,S0,XGB,480,Test,41.0,40.993183
EC_S0_XGB_seed42,EC,S0,XGB,490,Test,36.0,40.28619
EC_S0_XGB_seed42,EC,S0,XGB,497,Test,36.0,40.97547
EC_S0_XGB_seed42,EC,S0,XGB,499,Test,43.0,40.97547
EC_S0_XGB_seed42,EC,S0,XGB,508,Test,47.0,40.993183
EC_S0_XGB_seed42,EC,S0,XGB,513,Test,47.0,39.07659
EC_S0_XGB_seed42,EC,S0,XGB,514,Test,49.0,40.993183
EC_S0_XGB_seed42,EC,S0,XGB,515,Test,50.0,40.28619
EC_S0_XGB_seed42,EC,S0,XGB,519,Test,46.0,40.993183
EC_S0_XGB_seed42,EC,S0,XGB,522,Test,50.0,40.28619
EC_S0_XGB_seed42,EC,S0,XGB,525,Test,45.0,39.07659
EC_S0_XGB_seed42,EC,S0,XGB,531,Test,50.0,40.28619
EC_S0_XGB_seed42,EC,S0,XGB,534,Test,27.0,36.478252
EC_S0_XGB_seed42,EC,S0,XGB,535,Test,30.0,36.478252
EC_S0_XGB_seed42,EC,S0,XGB,537,Test,30.0,36.478252
EC_S0_XGB_seed42,EC,S0,XGB,539,Test,20.0,39.463593
EC_S0_XGB_seed42,EC,S0,XGB,546,Test,30.0,34.390533
EC_S0_XGB_seed42,EC,S0,XGB,551,Test,30.0,36.478252
EC_S0_XGB_seed42,EC,S0,XGB,553,Test,27.0,36.478252
EC_S0_XGB_seed42,EC,S0,XGB,564,Test,23.0,39.463593
EC_S0_XGB_seed42,EC,S0,XGB,576,Test,34.0,36.478252
EC_S0_XGB_seed42,EC,S0,XGB,579,Test,26.0,36.478252
EC_S0_XGB_seed42,EC,S0,XGB,587,Test,32.0,34.390533
EC_S0_XGB_seed42,EC,S0,XGB,611,Test,35.0,36.478252
EC_S0_XGB_seed42,EC,S0,XGB,612,Test,32.0,36.478252
EC_S0_XGB_seed42,EC,S0,XGB,613,Test,36.0,36.478252
EC_S0_XGB_seed42,EC,S0,XGB,616,Test,23.0,34.390533
EC_S0_XGB_seed42,EC,S0,XGB,617,Test,28.0,34.390533
EC_S0_XGB_seed42,EC,S0,XGB,618,Test,33.0,34.390533
EC_S0_XGB_seed42,EC,S0,XGB,620,Test,36.0,34.390533
EC_S0_XGB_seed42,EC,S0,XGB,625,Test,35.0,36.478252
EC_S0_XGB_seed42,EC,S0,XGB,629,Test,25.0,39.463593
EC_S0_XGB_seed42,EC,S0,XGB,631,Test,32.0,39.463593
EC_S0_XGB_seed42,EC,S0,XGB,634,Test,27.0,39.463593
EC_S0_XGB_seed42,EC,S0,XGB,635,Test,30.0,39.463593
EC_S0_XGB_seed42,EC,S0,XGB,637,Test,28.0,34.390533
EC_S0_XGB_seed42,EC,S0,XGB,640,Test,37.0,34.390533
EC_S0_XGB_seed42,EC,S0,XGB,643,Test,38.0,34.390533
EC_S0_XGB_seed42,EC,S0,XGB,644,Test,31.0,36.478252
EC_S0_XGB_seed42,EC,S0,XGB,646,Test,37.0,36.478252
EC_S0_XGB_seed42,EC,S0,XGB,647,Test,34.0,36.478252
EC_S0_XGB_seed42,EC,S0,XGB,654,Test,25.0,34.390533
EC_S0_XGB_seed42,EC,S0,XGB,664,Test,35.0,36.478252
EC_S0_XGB_seed42,EC,S0,XGB,668,Test,25.0,34.390533
EC_S0_XGB_seed42,EC,S0,XGB,673,Test,39.0,34.390533
EC_S0_XGB_seed42,EC,S0,XGB,676,Test,33.0,36.478252
EC_S0_XGB_seed42,EC,S0,XGB,680,Test,36.0,36.478252
EC_S0_XGB_seed42,EC,S0,XGB,682,Test,41.0,36.478252
EC_S0_XGB_seed42,EC,S0,XGB,684,Test,32.0,39.463593
EC_S0_XGB_seed42,EC,S0,XGB,691,Test,32.0,39.463593
EC_S0_XGB_seed42,EC,S0,XGB,699,Test,39.0,34.390533
EC_S0_XGB_seed42,EC,S0,XGB,721,Test,39.0,36.478252
EC_S0_XGB_seed42,EC,S0,XGB,733,Test,40.0,36.478252
EC_S0_XGB_seed42,EC,S0,XGB,749,Test,41.0,34.390533
EC_S0_XGB_seed42,EC,S0,XGB,750,Test,38.0,36.478252
EC_S0_XGB_seed42,EC,S0,XGB,757,Test,40.0,36.478252
EC_S0_XGB_seed42,EC,S0,XGB,764,Test,33.0,39.463593
EC_S0_XGB_seed42,EC,S0,XGB,783,Test,33.0,39.463593
EC_S0_XGB_seed42,EC,S0,XGB,784,Test,35.0,39.463593
EC_S0_XGB_seed42,EC,S0,XGB,785,Test,31.0,39.463593
EC_S0_XGB_seed42,EC,S0,XGB,791,Test,35.0,36.478252
EC_S0_XGB_seed42,EC,S0,XGB,794,Test,31.0,39.463593
EC_S0_XGB_seed42,EC,S0,XGB,803,Test,40.0,34.390533
EC_S0_XGB_seed42,EC,S0,XGB,811,Test,43.0,36.478252
EC_S0_XGB_seed42,EC,S0,XGB,812,Test,47.0,36.478252
EC_S0_XGB_seed42,EC,S0,XGB,826,Test,42.0,39.463593
EC_S0_XGB_seed42,EC,S0,XGB,829,Test,46.0,39.463593
EC_S0_XGB_seed42,EC,S0,XGB,835,Test,26.0,39.463593
EC_S0_XGB_seed42,EC,S0,XGB,840,Test,34.0,39.463593
EC_S0_XGB_seed42,EC,S0,XGB,842,Test,33.0,39.463593
EC_S0_XGB_seed42,EC,S0,XGB,844,Test,34.0,39.463593
EC_S0_XGB_seed42,EC,S0,XGB,847,Test,24.0,34.05684
EC_S0_XGB_seed42,EC,S0,XGB,852,Test,12.0,39.463593
EC_S0_XGB_seed42,EC,S0,XGB,854,Test,17.0,39.463593
EC_S0_XGB_seed42,EC,S0,XGB,857,Test,27.0,39.463593
EC_S0_XGB_seed42,EC,S0,XGB,864,Test,49.0,39.463593
EC_S0_XGB_seed42,EC,S0,XGB,867,Test,48.0,39.463593
EC_S0_XGB_seed42,EC,S0,XGB,872,Test,55.0,39.463593
EC_S0_XGB_seed42,EC,S0,XGB,876,Test,27.0,39.463593
EC_S0_XGB_seed42,EC,S0,XGB,878,Test,33.0,39.463593
EC_S0_XGB_seed42,EC,S0,XGB,883,Test,36.0,39.463593
EC_S0_XGB_seed42,EC,S0,XGB,888,Test,26.0,39.463593
EC_S0_XGB_seed42,EC,S0,XGB,893,Test,27.0,39.463593
EC_S0_XGB_seed42,EC,S0,XGB,904,Test,53.0,39.463593
EC_S0_XGB_seed42,EC,S0,XGB,910,Test,27.0,39.463593
EC_S0_XGB_seed42,EC,S0,XGB,912,Test,29.0,39.463593
EC_S0_XGB_seed42,EC,S0,XGB,914,Test,34.0,39.463593
EC_S0_XGB_seed42,EC,S0,XGB,915,Test,35.0,39.463593
EC_S0_XGB_seed42,EC,S0,XGB,922,Test,30.0,39.463593
EC_S0_XGB_seed42,EC,S0,XGB,927,Test,53.0,39.463593
EC_S0_XGB_seed42,EC,S0,XGB,943,Test,35.0,39.463593
EC_S0_XGB_seed42,EC,S0,XGB,945,Test,36.0,39.463593
EC_S0_XGB_seed42,EC,S0,XGB,955,Test,18.0,39.463593
EC_S0_XGB_seed42,EC,S0,XGB,957,Test,28.0,39.463593
EC_S0_XGB_seed42,EC,S0,XGB,958,Test,30.0,39.463593
EC_S0_XGB_seed42,EC,S0,XGB,964,Test,54.0,39.463593
EC_S0_XGB_seed42,EC,S0,XGB,965,Test,48.0,39.463593
EC_S0_XGB_seed42,EC,S0,XGB,966,Test,51.0,39.463593
EC_S0_XGB_seed42,EC,S0,XGB,980,Test,36.0,39.463593
EC_S0_XGB_seed42,EC,S0,XGB,984,Test,36.0,39.463593
EC_S0_XGB_seed42,EC,S0,XGB,989,Test,33.0,39.463593
EC_S0_XGB_seed42,EC,S0,XGB,995,Test,48.0,39.463593
EC_S0_XGB_seed42,EC,S0,XGB,1001,Test,58.0,39.463593
EC_S0_XGB_seed42,EC,S0,XGB,1002,Test,57.0,39.463593
EC_S0_XGB_seed42,EC,S0,XGB,1003,Test,49.0,39.463593
EC_S0_XGB_seed42,EC,S0,XGB,1010,Test,37.0,39.463593
EC_S0_XGB_seed42,EC,S0,XGB,1019,Test,14.0,39.463593
EC_S0_XGB_seed42,EC,S0,XGB,1026,Test,43.0,39.463593
EC_S0_XGB_seed42,EC,S0,XGB,1027,Test,53.0,39.463593
EC_S0_XGB_seed42,EC,S0,XGB,1031,Test,49.0,39.463593
EC_S0_XGB_seed42,EC,S0,XGB,1041,Test,32.0,39.463593
EC_S0_XGB_seed42,EC,S0,XGB,1047,Test,38.0,39.463593
EC_S0_XGB_seed42,EC,S0,XGB,1058,Test,55.0,39.463593
EC_S0_XGB_seed42,EC,S0,XGB,1059,Test,53.0,39.463593
EC_S0_XGB_seed42,EC,S0,XGB,1062,Test,49.0,39.463593
EC_S0_XGB_seed42,EC,S0,XGB,1063,Test,60.0,39.463593
EC_S0_XGB_seed42,EC,S0,XGB,1067,Test,57.0,39.463593
EC_S0_XGB_seed42,EC,S0,XGB,1072,Test,33.0,39.463593
EC_S0_XGB_seed42,EC,S0,XGB,1075,Test,36.0,39.463593
EC_S0_XGB_seed42,EC,S0,XGB,1087,Test,59.0,39.463593
EC_S0_XGB_seed42,EC,S0,XGB,1100,Test,36.0,39.463593
EC_S0_XGB_seed42,EC,S0,XGB,1106,Test,39.0,39.463593
EC_S0_XGB_seed42,EC,S0,XGB,1107,Test,39.0,39.463593
EC_S0_XGB_seed42,EC,S0,XGB,1112,Test,56.0,39.463593
EC_S0_XGB_seed42,EC,S0,XGB,1116,Test,49.0,39.463593
EC_S0_XGB_seed42,EC,S0,XGB,1127,Test,37.0,39.463593
EC_S0_XGB_seed42,EC,S0,XGB,1129,Test,37.0,39.463593
EC_S0_XGB_seed42,EC,S0,XGB,1138,Test,42.0,39.463593
EC_S0_XGB_seed42,EC,S0,XGB,1150,Test,62.0,39.463593
EC_S0_XGB_seed42,EC,S0,XGB,1156,Test,36.0,39.463593
EC_S0_XGB_seed42,EC,S0,XGB,1159,Test,42.0,39.463593
EC_S0_XGB_seed42,EC,S0,XGB,1163,Test,42.0,39.463593
EC_S0_XGB_seed42,EC,S0,XGB,1164,Test,39.0,39.463593
EC_S0_XGB_seed42,EC,S0,XGB,1167,Test,55.0,39.463593
EC_S0_XGB_seed42,EC,S0,XGB,1177,Test,63.0,39.463593
EC_S0_XGB_seed42,EC,S0,XGB,1183,Test,38.0,39.463593
EC_S0_XGB_seed42,EC,S0,XGB,1190,Test,41.0,39.463593
EC_S0_XGB_seed42,EC,S0,XGB,1192,Test,39.0,39.463593
EC_S0_XGB_seed42,EC,S0,XGB,1193,Test,58.0,67.78164
EC_S0_XGB_seed42,EC,S0,XGB,1198,Test,63.0,67.78164
EC_S0_XGB_seed42,EC,S0,XGB,1204,Test,37.0,55.624805
EC_S0_XGB_seed42,EC,S0,XGB,1206,Test,39.0,55.624805
EC_S0_XGB_seed42,EC,S0,XGB,1207,Test,40.0,55.624805
EC_S0_XGB_seed42,EC,S0,XGB,1215,Test,40.0,51.080105
EC_S0_XGB_seed42,EC,S0,XGB,1220,Test,32.0,44.700657
EC_S1_XGB_seed42,EC,S1,XGB,5,Train,27.0,39.02143
EC_S1_XGB_seed42,EC,S1,XGB,6,Train,28.0,39.02143
EC_S1_XGB_seed42,EC,S1,XGB,7,Train,29.0,39.02143
EC_S1_XGB_seed42,EC,S1,XGB,9,Train,37.0,39.02143
EC_S1_XGB_seed42,EC,S1,XGB,10,Train,31.0,36.800007
EC_S1_XGB_seed42,EC,S1,XGB,12,Train,28.0,39.02143
EC_S1_XGB_seed42,EC,S1,XGB,13,Train,32.0,39.02143
EC_S1_XGB_seed42,EC,S1,XGB,14,Train,38.0,39.02143
EC_S1_XGB_seed42,EC,S1,XGB,15,Train,34.0,39.02143
EC_S1_XGB_seed42,EC,S1,XGB,17,Train,35.0,36.800007
EC_S1_XGB_seed42,EC,S1,XGB,18,Train,31.0,38.146145
EC_S1_XGB_seed42,EC,S1,XGB,20,Train,24.0,37.679398
EC_S1_XGB_seed42,EC,S1,XGB,21,Train,29.0,37.679398
EC_S1_XGB_seed42,EC,S1,XGB,22,Train,33.0,37.679398
EC_S1_XGB_seed42,EC,S1,XGB,23,Train,38.0,37.679398
EC_S1_XGB_seed42,EC,S1,XGB,24,Train,38.0,37.679398
EC_S1_XGB_seed42,EC,S1,XGB,28,Train,19.0,19.060015
EC_S1_XGB_seed42,EC,S1,XGB,29,Train,24.0,25.928919
EC_S1_XGB_seed42,EC,S1,XGB,30,Train,31.0,32.093586
EC_S1_XGB_seed42,EC,S1,XGB,31,Train,37.0,39.02143
EC_S1_XGB_seed42,EC,S1,XGB,32,Train,40.0,42.789185
EC_S1_XGB_seed42,EC,S1,XGB,34,Train,37.0,39.66434
EC_S1_XGB_seed42,EC,S1,XGB,35,Train,35.0,35.903656
EC_S1_XGB_seed42,EC,S1,XGB,36,Train,33.0,35.625454
EC_S1_XGB_seed42,EC,S1,XGB,37,Train,18.0,19.060015
EC_S1_XGB_seed42,EC,S1,XGB,38,Train,25.0,25.928919
EC_S1_XGB_seed42,EC,S1,XGB,39,Train,30.0,32.093586
EC_S1_XGB_seed42,EC,S1,XGB,42,Train,38.0,42.288197
EC_S1_XGB_seed42,EC,S1,XGB,43,Train,37.0,39.66434
EC_S1_XGB_seed42,EC,S1,XGB,44,Train,35.0,35.903656
EC_S1_XGB_seed42,EC,S1,XGB,45,Train,35.0,35.625454
EC_S1_XGB_seed42,EC,S1,XGB,46,Train,31.0,39.02143
EC_S1_XGB_seed42,EC,S1,XGB,47,Train,36.0,39.02143
EC_S1_XGB_seed42,EC,S1,XGB,48,Train,38.0,39.02143
EC_S1_XGB_seed42,EC,S1,XGB,50,Train,38.0,39.02143
EC_S1_XGB_seed42,EC,S1,XGB,51,Train,37.0,36.800007
EC_S1_XGB_seed42,EC,S1,XGB,52,Train,27.0,38.240906
EC_S1_XGB_seed42,EC,S1,XGB,53,Train,37.0,38.146145
EC_S1_XGB_seed42,EC,S1,XGB,56,Train,31.0,37.679398
EC_S1_XGB_seed42,EC,S1,XGB,57,Train,36.0,37.679398
EC_S1_XGB_seed42,EC,S1,XGB,58,Train,39.0,37.679398
EC_S1_XGB_seed42,EC,S1,XGB,59,Train,39.0,37.679398
EC_S1_XGB_seed42,EC,S1,XGB,61,Train,19.0,20.38067
EC_S1_XGB_seed42,EC,S1,XGB,63,Train,25.0,25.928919
EC_S1_XGB_seed42,EC,S1,XGB,64,Train,31.0,32.093586
EC_S1_XGB_seed42,EC,S1,XGB,66,Train,42.0,42.789185
EC_S1_XGB_seed42,EC,S1,XGB,68,Train,39.0,39.66434
EC_S1_XGB_seed42,EC,S1,XGB,71,Train,19.0,19.060015
EC_S1_XGB_seed42,EC,S1,XGB,72,Train,26.0,25.928919
EC_S1_XGB_seed42,EC,S1,XGB,73,Train,32.0,32.093586
EC_S1_XGB_seed42,EC,S1,XGB,75,Train,41.0,42.789185
EC_S1_XGB_seed42,EC,S1,XGB,76,Train,41.0,42.288197
EC_S1_XGB_seed42,EC,S1,XGB,79,Train,38.0,35.625454
EC_S1_XGB_seed42,EC,S1,XGB,80,Train,33.0,39.02143
EC_S1_XGB_seed42,EC,S1,XGB,82,Train,41.0,39.02143
EC_S1_XGB_seed42,EC,S1,XGB,83,Train,41.0,39.02143
EC_S1_XGB_seed42,EC,S1,XGB,84,Train,39.0,39.02143
EC_S1_XGB_seed42,EC,S1,XGB,85,Train,39.0,36.800007
EC_S1_XGB_seed42,EC,S1,XGB,86,Train,29.0,38.240906
EC_S1_XGB_seed42,EC,S1,XGB,89,Train,30.0,37.679398
EC_S1_XGB_seed42,EC,S1,XGB,91,Train,40.0,37.679398
EC_S1_XGB_seed42,EC,S1,XGB,92,Train,42.0,37.679398
EC_S1_XGB_seed42,EC,S1,XGB,93,Train,39.0,37.679398
EC_S1_XGB_seed42,EC,S1,XGB,94,Train,48.0,47.49392
EC_S1_XGB_seed42,EC,S1,XGB,96,Train,19.0,19.060015
EC_S1_XGB_seed42,EC,S1,XGB,97,Train,26.0,25.928919
EC_S1_XGB_seed42,EC,S1,XGB,99,Train,39.0,39.02143
EC_S1_XGB_seed42,EC,S1,XGB,101,Train,42.0,42.288197
EC_S1_XGB_seed42,EC,S1,XGB,102,Train,40.0,39.66434
EC_S1_XGB_seed42,EC,S1,XGB,103,Train,38.0,35.903656
EC_S1_XGB_seed42,EC,S1,XGB,104,Train,35.0,35.625454
EC_S1_XGB_seed42,EC,S1,XGB,105,Train,20.0,19.060015
EC_S1_XGB_seed42,EC,S1,XGB,106,Train,27.0,25.928919
EC_S1_XGB_seed42,EC,S1,XGB,107,Train,34.0,32.093586
EC_S1_XGB_seed42,EC,S1,XGB,109,Train,45.0,42.789185
EC_S1_XGB_seed42,EC,S1,XGB,110,Train,44.0,42.288197
EC_S1_XGB_seed42,EC,S1,XGB,111,Train,42.0,39.66434
EC_S1_XGB_seed42,EC,S1,XGB,114,Train,36.0,39.02143
EC_S1_XGB_seed42,EC,S1,XGB,115,Train,40.0,39.02143
EC_S1_XGB_seed42,EC,S1,XGB,116,Train,47.0,39.02143
EC_S1_XGB_seed42,EC,S1,XGB,117,Train,44.0,39.02143
EC_S1_XGB_seed42,EC,S1,XGB,118,Train,40.0,39.02143
EC_S1_XGB_seed42,EC,S1,XGB,120,Train,32.0,38.240906
EC_S1_XGB_seed42,EC,S1,XGB,123,Train,37.0,37.679398
EC_S1_XGB_seed42,EC,S1,XGB,124,Train,43.0,37.679398
EC_S1_XGB_seed42,EC,S1,XGB,125,Train,42.0,37.679398
EC_S1_XGB_seed42,EC,S1,XGB,127,Train,48.0,38.146145
EC_S1_XGB_seed42,EC,S1,XGB,129,Train,27.0,29.141134
EC_S1_XGB_seed42,EC,S1,XGB,130,Train,37.0,39.02143
EC_S1_XGB_seed42,EC,S1,XGB,131,Train,41.0,39.02143
EC_S1_XGB_seed42,EC,S1,XGB,132,Train,47.0,39.02143
EC_S1_XGB_seed42,EC,S1,XGB,133,Train,45.0,39.02143
EC_S1_XGB_seed42,EC,S1,XGB,134,Train,41.0,39.02143
EC_S1_XGB_seed42,EC,S1,XGB,136,Train,19.0,19.060015
EC_S1_XGB_seed42,EC,S1,XGB,137,Train,27.0,25.928919
EC_S1_XGB_seed42,EC,S1,XGB,138,Train,33.0,32.093586
EC_S1_XGB_seed42,EC,S1,XGB,139,Train,41.0,39.02143
EC_S1_XGB_seed42,EC,S1,XGB,140,Train,47.0,42.789185
EC_S1_XGB_seed42,EC,S1,XGB,141,Train,46.0,42.288197
EC_S1_XGB_seed42,EC,S1,XGB,142,Train,43.0,39.66434
EC_S1_XGB_seed42,EC,S1,XGB,144,Train,37.0,35.625454
EC_S1_XGB_seed42,EC,S1,XGB,145,Train,38.0,39.02143
EC_S1_XGB_seed42,EC,S1,XGB,146,Train,42.0,39.02143
EC_S1_XGB_seed42,EC,S1,XGB,147,Train,48.0,39.02143
EC_S1_XGB_seed42,EC,S1,XGB,148,Train,47.0,39.02143
EC_S1_XGB_seed42,EC,S1,XGB,149,Train,42.0,39.02143
EC_S1_XGB_seed42,EC,S1,XGB,150,Train,40.0,36.800007
EC_S1_XGB_seed42,EC,S1,XGB,152,Train,34.0,37.679398
EC_S1_XGB_seed42,EC,S1,XGB,157,Train,29.0,28.85596
EC_S1_XGB_seed42,EC,S1,XGB,158,Train,39.0,39.02143
EC_S1_XGB_seed42,EC,S1,XGB,159,Train,42.0,39.02143
EC_S1_XGB_seed42,EC,S1,XGB,160,Train,48.0,39.02143
EC_S1_XGB_seed42,EC,S1,XGB,161,Train,48.0,39.02143
EC_S1_XGB_seed42,EC,S1,XGB,162,Train,43.0,39.02143
EC_S1_XGB_seed42,EC,S1,XGB,163,Train,38.0,38.240906
EC_S1_XGB_seed42,EC,S1,XGB,164,Train,35.0,37.679398
EC_S1_XGB_seed42,EC,S1,XGB,165,Train,44.0,37.679398
EC_S1_XGB_seed42,EC,S1,XGB,166,Train,47.0,37.679398
EC_S1_XGB_seed42,EC,S1,XGB,167,Train,46.0,37.679398
EC_S1_XGB_seed42,EC,S1,XGB,168,Train,43.0,37.679398
EC_S1_XGB_seed42,EC,S1,XGB,169,Train,43.0,38.240906
EC_S1_XGB_seed42,EC,S1,XGB,170,Train,46.0,38.240906
EC_S1_XGB_seed42,EC,S1,XGB,172,Train,52.0,38.240906
EC_S1_XGB_seed42,EC,S1,XGB,195,Train,48.0,62.751774
EC_S1_XGB_seed42,EC,S1,XGB,196,Train,47.0,62.751774
EC_S1_XGB_seed42,EC,S1,XGB,197,Train,47.0,62.751774
EC_S1_XGB_seed42,EC,S1,XGB,198,Train,45.0,62.751774
EC_S1_XGB_seed42,EC,S1,XGB,199,Train,46.0,62.751774
EC_S1_XGB_seed42,EC,S1,XGB,200,Train,48.0,62.751774
EC_S1_XGB_seed42,EC,S1,XGB,201,Train,47.0,62.751774
EC_S1_XGB_seed42,EC,S1,XGB,202,Train,47.0,62.751774
EC_S1_XGB_seed42,EC,S1,XGB,203,Train,47.0,62.751774
EC_S1_XGB_seed42,EC,S1,XGB,205,Train,21.0,24.542515
EC_S1_XGB_seed42,EC,S1,XGB,206,Train,19.0,22.148703
EC_S1_XGB_seed42,EC,S1,XGB,207,Train,16.0,16.422758
EC_S1_XGB_seed42,EC,S1,XGB,208,Train,30.0,31.151905
EC_S1_XGB_seed42,EC,S1,XGB,209,Train,67.0,46.312817
EC_S1_XGB_seed42,EC,S1,XGB,211,Train,32.0,32.249878
EC_S1_XGB_seed42,EC,S1,XGB,212,Train,26.0,43.101273
EC_S1_XGB_seed42,EC,S1,XGB,213,Train,30.0,37.58028
EC_S1_XGB_seed42,EC,S1,XGB,215,Train,26.0,40.274788
EC_S1_XGB_seed42,EC,S1,XGB,216,Train,29.0,35.498074
EC_S1_XGB_seed42,EC,S1,XGB,217,Train,48.0,62.751774
EC_S1_XGB_seed42,EC,S1,XGB,218,Train,48.0,62.751774
EC_S1_XGB_seed42,EC,S1,XGB,219,Train,47.0,62.751774
EC_S1_XGB_seed42,EC,S1,XGB,220,Train,46.0,62.751774
EC_S1_XGB_seed42,EC,S1,XGB,221,Train,47.0,62.751774
EC_S1_XGB_seed42,EC,S1,XGB,222,Train,22.0,24.542515
EC_S1_XGB_seed42,EC,S1,XGB,223,Train,48.0,62.751774
EC_S1_XGB_seed42,EC,S1,XGB,224,Train,47.0,62.751774
EC_S1_XGB_seed42,EC,S1,XGB,225,Train,48.0,62.751774
EC_S1_XGB_seed42,EC,S1,XGB,226,Train,48.0,62.751774
EC_S1_XGB_seed42,EC,S1,XGB,227,Train,49.0,62.751774
EC_S1_XGB_seed42,EC,S1,XGB,229,Train,16.0,16.422758
EC_S1_XGB_seed42,EC,S1,XGB,230,Train,31.0,31.151905
EC_S1_XGB_seed42,EC,S1,XGB,231,Train,51.0,46.312817
EC_S1_XGB_seed42,EC,S1,XGB,232,Train,34.0,38.390728
EC_S1_XGB_seed42,EC,S1,XGB,233,Train,31.0,32.249878
EC_S1_XGB_seed42,EC,S1,XGB,236,Train,36.0,36.42547
EC_S1_XGB_seed42,EC,S1,XGB,237,Train,29.0,40.274788
EC_S1_XGB_seed42,EC,S1,XGB,238,Train,31.0,35.498074
EC_S1_XGB_seed42,EC,S1,XGB,239,Train,21.0,24.542515
EC_S1_XGB_seed42,EC,S1,XGB,240,Train,21.0,22.148703
EC_S1_XGB_seed42,EC,S1,XGB,241,Train,16.0,16.422758
EC_S1_XGB_seed42,EC,S1,XGB,242,Train,31.0,31.151905
EC_S1_XGB_seed42,EC,S1,XGB,243,Train,45.0,46.312817
EC_S1_XGB_seed42,EC,S1,XGB,247,Train,34.0,37.58028
EC_S1_XGB_seed42,EC,S1,XGB,248,Train,36.0,36.42547
EC_S1_XGB_seed42,EC,S1,XGB,249,Train,33.0,40.274788
EC_S1_XGB_seed42,EC,S1,XGB,250,Train,31.0,35.498074
EC_S1_XGB_seed42,EC,S1,XGB,251,Train,48.0,62.751774
EC_S1_XGB_seed42,EC,S1,XGB,252,Train,48.0,62.751774
EC_S1_XGB_seed42,EC,S1,XGB,253,Train,50.0,62.751774
EC_S1_XGB_seed42,EC,S1,XGB,255,Train,51.0,62.751774
EC_S1_XGB_seed42,EC,S1,XGB,258,Train,49.0,62.751774
EC_S1_XGB_seed42,EC,S1,XGB,259,Train,54.0,62.751774
EC_S1_XGB_seed42,EC,S1,XGB,260,Train,62.0,62.751774
EC_S1_XGB_seed42,EC,S1,XGB,261,Train,54.0,62.751774
EC_S1_XGB_seed42,EC,S1,XGB,269,Train,21.0,24.542515
EC_S1_XGB_seed42,EC,S1,XGB,270,Train,16.0,16.422758
EC_S1_XGB_seed42,EC,S1,XGB,271,Train,30.0,31.151905
EC_S1_XGB_seed42,EC,S1,XGB,272,Train,44.0,46.312817
EC_S1_XGB_seed42,EC,S1,XGB,273,Train,35.0,38.390728
EC_S1_XGB_seed42,EC,S1,XGB,274,Train,32.0,32.249878
EC_S1_XGB_seed42,EC,S1,XGB,276,Train,35.0,37.58028
EC_S1_XGB_seed42,EC,S1,XGB,277,Train,36.0,36.42547
EC_S1_XGB_seed42,EC,S1,XGB,278,Train,39.0,40.274788
EC_S1_XGB_seed42,EC,S1,XGB,279,Train,32.0,35.498074
EC_S1_XGB_seed42,EC,S1,XGB,280,Train,50.0,62.751774
EC_S1_XGB_seed42,EC,S1,XGB,281,Train,53.0,62.751774
EC_S1_XGB_seed42,EC,S1,XGB,282,Train,71.0,62.751774
EC_S1_XGB_seed42,EC,S1,XGB,283,Train,76.0,62.751774
EC_S1_XGB_seed42,EC,S1,XGB,293,Train,34.0,34.455894
EC_S1_XGB_seed42,EC,S1,XGB,294,Train,55.0,62.751774
EC_S1_XGB_seed42,EC,S1,XGB,297,Train,82.0,62.751774
EC_S1_XGB_seed42,EC,S1,XGB,298,Train,78.0,62.751774
EC_S1_XGB_seed42,EC,S1,XGB,309,Train,22.0,24.542515
EC_S1_XGB_seed42,EC,S1,XGB,310,Train,23.0,22.148703
EC_S1_XGB_seed42,EC,S1,XGB,311,Train,16.0,16.422758
EC_S1_XGB_seed42,EC,S1,XGB,312,Train,30.0,31.151905
EC_S1_XGB_seed42,EC,S1,XGB,313,Train,43.0,46.312817
EC_S1_XGB_seed42,EC,S1,XGB,314,Train,36.0,38.390728
EC_S1_XGB_seed42,EC,S1,XGB,315,Train,32.0,32.249878
EC_S1_XGB_seed42,EC,S1,XGB,316,Train,42.0,43.101273
EC_S1_XGB_seed42,EC,S1,XGB,317,Train,35.0,37.58028
EC_S1_XGB_seed42,EC,S1,XGB,318,Train,38.0,36.42547
EC_S1_XGB_seed42,EC,S1,XGB,319,Train,44.0,40.274788
EC_S1_XGB_seed42,EC,S1,XGB,320,Train,34.0,35.498074
EC_S1_XGB_seed42,EC,S1,XGB,322,Train,28.0,33.198185
EC_S1_XGB_seed42,EC,S1,XGB,323,Train,27.0,33.198185
EC_S1_XGB_seed42,EC,S1,XGB,324,Train,65.0,62.751774
EC_S1_XGB_seed42,EC,S1,XGB,325,Train,76.0,62.751774
EC_S1_XGB_seed42,EC,S1,XGB,327,Train,82.0,62.751774
EC_S1_XGB_seed42,EC,S1,XGB,328,Train,86.0,62.751774
EC_S1_XGB_seed42,EC,S1,XGB,329,Train,33.0,35.792572
EC_S1_XGB_seed42,EC,S1,XGB,337,Train,23.0,24.542515
EC_S1_XGB_seed42,EC,S1,XGB,339,Train,17.0,16.422758
EC_S1_XGB_seed42,EC,S1,XGB,340,Train,30.0,31.151905
EC_S1_XGB_seed42,EC,S1,XGB,344,Train,45.0,43.101273
EC_S1_XGB_seed42,EC,S1,XGB,345,Train,37.0,37.58028
EC_S1_XGB_seed42,EC,S1,XGB,346,Train,37.0,36.42547
EC_S1_XGB_seed42,EC,S1,XGB,347,Train,47.0,40.274788
EC_S1_XGB_seed42,EC,S1,XGB,348,Train,39.0,35.498074
EC_S1_XGB_seed42,EC,S1,XGB,351,Train,36.0,35.792572
EC_S1_XGB_seed42,EC,S1,XGB,353,Train,28.0,33.198185
EC_S1_XGB_seed42,EC,S1,XGB,354,Train,28.0,33.198185
EC_S1_XGB_seed42,EC,S1,XGB,355,Train,35.0,33.198185
EC_S1_XGB_seed42,EC,S1,XGB,356,Train,71.0,62.751774
EC_S1_XGB_seed42,EC,S1,XGB,357,Train,79.0,62.751774
EC_S1_XGB_seed42,EC,S1,XGB,358,Train,83.0,62.751774
EC_S1_XGB_seed42,EC,S1,XGB,359,Train,85.0,62.751774
EC_S1_XGB_seed42,EC,S1,XGB,365,Train,36.0,34.358963
EC_S1_XGB_seed42,EC,S1,XGB,367,Train,49.0,48.949375
EC_S1_XGB_seed42,EC,S1,XGB,369,Train,51.0,49.003437
EC_S1_XGB_seed42,EC,S1,XGB,372,Train,51.0,47.427025
EC_S1_XGB_seed42,EC,S1,XGB,373,Train,50.0,46.97023
EC_S1_XGB_seed42,EC,S1,XGB,374,Train,51.0,48.62436
EC_S1_XGB_seed42,EC,S1,XGB,375,Train,39.0,38.659847
EC_S1_XGB_seed42,EC,S1,XGB,376,Train,40.0,39.682686
EC_S1_XGB_seed42,EC,S1,XGB,377,Train,48.0,46.062435
EC_S1_XGB_seed42,EC,S1,XGB,384,Train,28.0,24.542515
EC_S1_XGB_seed42,EC,S1,XGB,385,Train,23.0,22.148703
EC_S1_XGB_seed42,EC,S1,XGB,387,Train,31.0,31.151905
EC_S1_XGB_seed42,EC,S1,XGB,388,Train,40.0,46.312817
EC_S1_XGB_seed42,EC,S1,XGB,389,Train,48.0,38.390728
EC_S1_XGB_seed42,EC,S1,XGB,390,Train,32.0,32.249878
EC_S1_XGB_seed42,EC,S1,XGB,391,Train,45.0,43.101273
EC_S1_XGB_seed42,EC,S1,XGB,392,Train,36.0,36.42547
EC_S1_XGB_seed42,EC,S1,XGB,393,Train,47.0,40.274788
EC_S1_XGB_seed42,EC,S1,XGB,394,Train,38.0,35.498074
EC_S1_XGB_seed42,EC,S1,XGB,395,Train,41.0,37.58028
EC_S1_XGB_seed42,EC,S1,XGB,396,Train,29.0,33.198185
EC_S1_XGB_seed42,EC,S1,XGB,398,Train,36.0,33.198185
EC_S1_XGB_seed42,EC,S1,XGB,400,Train,79.0,62.751774
EC_S1_XGB_seed42,EC,S1,XGB,402,Train,85.0,62.751774
EC_S1_XGB_seed42,EC,S1,XGB,403,Train,88.0,62.751774
EC_S1_XGB_seed42,EC,S1,XGB,410,Train,17.0,16.422758
EC_S1_XGB_seed42,EC,S1,XGB,412,Train,32.0,32.249878
EC_S1_XGB_seed42,EC,S1,XGB,413,Train,47.0,40.274788
EC_S1_XGB_seed42,EC,S1,XGB,414,Train,23.0,22.148703
EC_S1_XGB_seed42,EC,S1,XGB,418,Train,83.0,62.751774
EC_S1_XGB_seed42,EC,S1,XGB,419,Train,84.0,62.751774
EC_S1_XGB_seed42,EC,S1,XGB,420,Train,87.0,62.751774
EC_S1_XGB_seed42,EC,S1,XGB,421,Train,37.0,35.792572
EC_S1_XGB_seed42,EC,S1,XGB,423,Train,31.0,24.542515
EC_S1_XGB_seed42,EC,S1,XGB,424,Train,32.0,31.151905
EC_S1_XGB_seed42,EC,S1,XGB,425,Train,47.0,43.101273
EC_S1_XGB_seed42,EC,S1,XGB,426,Train,51.0,37.58028
EC_S1_XGB_seed42,EC,S1,XGB,428,Train,37.0,35.498074
EC_S1_XGB_seed42,EC,S1,XGB,430,Train,34.0,33.198185
EC_S1_XGB_seed42,EC,S1,XGB,432,Train,77.0,62.751774
EC_S1_XGB_seed42,EC,S1,XGB,433,Train,82.0,62.751774
EC_S1_XGB_seed42,EC,S1,XGB,434,Train,83.0,62.751774
EC_S1_XGB_seed42,EC,S1,XGB,435,Train,85.0,62.751774
EC_S1_XGB_seed42,EC,S1,XGB,436,Train,87.0,62.751774
EC_S1_XGB_seed42,EC,S1,XGB,438,Train,38.0,33.198185
EC_S1_XGB_seed42,EC,S1,XGB,440,Train,17.0,16.422758
EC_S1_XGB_seed42,EC,S1,XGB,441,Train,48.0,40.274788
EC_S1_XGB_seed42,EC,S1,XGB,442,Train,35.0,31.151905
EC_S1_XGB_seed42,EC,S1,XGB,443,Train,36.0,46.312817
EC_S1_XGB_seed42,EC,S1,XGB,445,Train,35.0,32.249878
EC_S1_XGB_seed42,EC,S1,XGB,446,Train,51.0,43.101273
EC_S1_XGB_seed42,EC,S1,XGB,449,Train,32.0,24.542515
EC_S1_XGB_seed42,EC,S1,XGB,450,Train,37.0,35.792572
EC_S1_XGB_seed42,EC,S1,XGB,452,Train,35.0,33.198185
EC_S1_XGB_seed42,EC,S1,XGB,453,Train,39.0,33.198185
EC_S1_XGB_seed42,EC,S1,XGB,454,Train,41.0,33.198185
EC_S1_XGB_seed42,EC,S1,XGB,455,Train,24.0,22.148703
EC_S1_XGB_seed42,EC,S1,XGB,456,Train,47.0,35.498074
EC_S1_XGB_seed42,EC,S1,XGB,457,Train,29.0,39.065758
EC_S1_XGB_seed42,EC,S1,XGB,458,Train,37.0,39.065758
EC_S1_XGB_seed42,EC,S1,XGB,459,Train,32.0,41.026745
EC_S1_XGB_seed42,EC,S1,XGB,460,Train,37.0,41.026745
EC_S1_XGB_seed42,EC,S1,XGB,461,Train,31.0,40.24081
EC_S1_XGB_seed42,EC,S1,XGB,462,Train,37.0,40.24081
EC_S1_XGB_seed42,EC,S1,XGB,463,Train,31.0,40.983444
EC_S1_XGB_seed42,EC,S1,XGB,464,Train,37.0,40.983444
EC_S1_XGB_seed42,EC,S1,XGB,465,Train,36.0,39.065758
EC_S1_XGB_seed42,EC,S1,XGB,466,Train,39.0,39.065758
EC_S1_XGB_seed42,EC,S1,XGB,468,Train,42.0,41.026745
EC_S1_XGB_seed42,EC,S1,XGB,469,Train,36.0,40.24081
EC_S1_XGB_seed42,EC,S1,XGB,470,Train,42.0,40.24081
EC_S1_XGB_seed42,EC,S1,XGB,471,Train,36.0,40.983444
EC_S1_XGB_seed42,EC,S1,XGB,472,Train,41.0,40.983444
EC_S1_XGB_seed42,EC,S1,XGB,473,Train,38.0,39.065758
EC_S1_XGB_seed42,EC,S1,XGB,474,Train,25.0,39.065758
EC_S1_XGB_seed42,EC,S1,XGB,475,Train,32.0,39.065758
EC_S1_XGB_seed42,EC,S1,XGB,476,Train,35.0,39.065758
EC_S1_XGB_seed42,EC,S1,XGB,477,Train,40.0,39.065758
EC_S1_XGB_seed42,EC,S1,XGB,478,Train,42.0,39.065758
EC_S1_XGB_seed42,EC,S1,XGB,479,Train,42.0,39.065758
EC_S1_XGB_seed42,EC,S1,XGB,481,Train,26.0,41.026745
EC_S1_XGB_seed42,EC,S1,XGB,482,Train,33.0,41.026745
EC_S1_XGB_seed42,EC,S1,XGB,483,Train,37.0,41.026745
EC_S1_XGB_seed42,EC,S1,XGB,484,Train,42.0,41.026745
EC_S1_XGB_seed42,EC,S1,XGB,485,Train,44.0,41.026745
EC_S1_XGB_seed42,EC,S1,XGB,486,Train,45.0,41.026745
EC_S1_XGB_seed42,EC,S1,XGB,487,Train,39.0,40.24081
EC_S1_XGB_seed42,EC,S1,XGB,488,Train,25.0,40.24081
EC_S1_XGB_seed42,EC,S1,XGB,489,Train,32.0,40.24081
EC_S1_XGB_seed42,EC,S1,XGB,491,Train,42.0,40.24081
EC_S1_XGB_seed42,EC,S1,XGB,492,Train,44.0,40.24081
EC_S1_XGB_seed42,EC,S1,XGB,493,Train,46.0,40.24081
EC_S1_XGB_seed42,EC,S1,XGB,494,Train,38.0,40.983444
EC_S1_XGB_seed42,EC,S1,XGB,495,Train,26.0,40.983444
EC_S1_XGB_seed42,EC,S1,XGB,496,Train,32.0,40.983444
EC_S1_XGB_seed42,EC,S1,XGB,498,Train,41.0,40.983444
EC_S1_XGB_seed42,EC,S1,XGB,500,Train,44.0,40.983444
EC_S1_XGB_seed42,EC,S1,XGB,501,Train,44.0,39.065758
EC_S1_XGB_seed42,EC,S1,XGB,502,Train,46.0,41.026745
EC_S1_XGB_seed42,EC,S1,XGB,503,Train,47.0,40.24081
EC_S1_XGB_seed42,EC,S1,XGB,504,Train,45.0,40.983444
EC_S1_XGB_seed42,EC,S1,XGB,505,Train,41.0,39.065758
EC_S1_XGB_seed42,EC,S1,XGB,506,Train,46.0,39.065758
EC_S1_XGB_seed42,EC,S1,XGB,507,Train,44.0,41.026745
EC_S1_XGB_seed42,EC,S1,XGB,509,Train,43.0,40.24081
EC_S1_XGB_seed42,EC,S1,XGB,510,Train,48.0,40.24081
EC_S1_XGB_seed42,EC,S1,XGB,511,Train,42.0,40.983444
EC_S1_XGB_seed42,EC,S1,XGB,512,Train,47.0,40.983444
EC_S1_XGB_seed42,EC,S1,XGB,516,Train,48.0,40.983444
EC_S1_XGB_seed42,EC,S1,XGB,517,Train,44.0,39.065758
EC_S1_XGB_seed42,EC,S1,XGB,518,Train,47.0,39.065758
EC_S1_XGB_seed42,EC,S1,XGB,520,Train,49.0,41.026745
EC_S1_XGB_seed42,EC,S1,XGB,521,Train,45.0,40.24081
EC_S1_XGB_seed42,EC,S1,XGB,523,Train,45.0,40.983444
EC_S1_XGB_seed42,EC,S1,XGB,524,Train,49.0,40.983444
EC_S1_XGB_seed42,EC,S1,XGB,526,Train,47.0,41.026745
EC_S1_XGB_seed42,EC,S1,XGB,527,Train,47.0,40.24081
EC_S1_XGB_seed42,EC,S1,XGB,528,Train,46.0,40.983444
EC_S1_XGB_seed42,EC,S1,XGB,529,Train,47.0,39.065758
EC_S1_XGB_seed42,EC,S1,XGB,530,Train,48.0,41.026745
EC_S1_XGB_seed42,EC,S1,XGB,532,Train,48.0,40.983444
EC_S1_XGB_seed42,EC,S1,XGB,533,Train,23.0,36.459286
EC_S1_XGB_seed42,EC,S1,XGB,536,Train,26.0,36.459286
EC_S1_XGB_seed42,EC,S1,XGB,538,Train,19.0,39.461536
EC_S1_XGB_seed42,EC,S1,XGB,540,Train,20.0,39.461536
EC_S1_XGB_seed42,EC,S1,XGB,541,Train,24.0,39.461536
EC_S1_XGB_seed42,EC,S1,XGB,542,Train,20.0,34.40064
EC_S1_XGB_seed42,EC,S1,XGB,543,Train,23.0,34.40064
EC_S1_XGB_seed42,EC,S1,XGB,544,Train,28.0,34.40064
EC_S1_XGB_seed42,EC,S1,XGB,545,Train,29.0,34.40064
EC_S1_XGB_seed42,EC,S1,XGB,547,Train,27.0,34.40064
EC_S1_XGB_seed42,EC,S1,XGB,548,Train,30.0,34.40064
EC_S1_XGB_seed42,EC,S1,XGB,549,Train,24.0,34.40064
EC_S1_XGB_seed42,EC,S1,XGB,550,Train,24.0,36.459286
EC_S1_XGB_seed42,EC,S1,XGB,552,Train,32.0,36.459286
EC_S1_XGB_seed42,EC,S1,XGB,554,Train,32.0,36.459286
EC_S1_XGB_seed42,EC,S1,XGB,555,Train,27.0,39.461536
EC_S1_XGB_seed42,EC,S1,XGB,556,Train,25.0,36.459286
EC_S1_XGB_seed42,EC,S1,XGB,557,Train,31.0,36.459286
EC_S1_XGB_seed42,EC,S1,XGB,558,Train,33.0,36.459286
EC_S1_XGB_seed42,EC,S1,XGB,559,Train,29.0,36.459286
EC_S1_XGB_seed42,EC,S1,XGB,560,Train,33.0,36.459286
EC_S1_XGB_seed42,EC,S1,XGB,561,Train,20.0,39.461536
EC_S1_XGB_seed42,EC,S1,XGB,562,Train,23.0,39.461536
EC_S1_XGB_seed42,EC,S1,XGB,563,Train,27.0,39.461536
EC_S1_XGB_seed42,EC,S1,XGB,565,Train,28.0,39.461536
EC_S1_XGB_seed42,EC,S1,XGB,566,Train,24.0,39.461536
EC_S1_XGB_seed42,EC,S1,XGB,567,Train,26.0,39.461536
EC_S1_XGB_seed42,EC,S1,XGB,568,Train,22.0,34.40064
EC_S1_XGB_seed42,EC,S1,XGB,569,Train,25.0,34.40064
EC_S1_XGB_seed42,EC,S1,XGB,570,Train,29.0,34.40064
EC_S1_XGB_seed42,EC,S1,XGB,571,Train,32.0,34.40064
EC_S1_XGB_seed42,EC,S1,XGB,572,Train,31.0,34.40064
EC_S1_XGB_seed42,EC,S1,XGB,573,Train,31.0,34.40064
EC_S1_XGB_seed42,EC,S1,XGB,574,Train,32.0,34.40064
EC_S1_XGB_seed42,EC,S1,XGB,575,Train,27.0,34.40064
EC_S1_XGB_seed42,EC,S1,XGB,577,Train,26.0,39.461536
EC_S1_XGB_seed42,EC,S1,XGB,578,Train,29.0,39.461536
EC_S1_XGB_seed42,EC,S1,XGB,580,Train,32.0,36.459286
EC_S1_XGB_seed42,EC,S1,XGB,581,Train,34.0,36.459286
EC_S1_XGB_seed42,EC,S1,XGB,582,Train,22.0,34.40064
EC_S1_XGB_seed42,EC,S1,XGB,583,Train,26.0,34.40064
EC_S1_XGB_seed42,EC,S1,XGB,584,Train,30.0,34.40064
EC_S1_XGB_seed42,EC,S1,XGB,585,Train,32.0,34.40064
EC_S1_XGB_seed42,EC,S1,XGB,586,Train,30.0,34.40064
EC_S1_XGB_seed42,EC,S1,XGB,588,Train,33.0,34.40064
EC_S1_XGB_seed42,EC,S1,XGB,589,Train,35.0,34.40064
EC_S1_XGB_seed42,EC,S1,XGB,590,Train,33.0,36.459286
EC_S1_XGB_seed42,EC,S1,XGB,591,Train,34.0,36.459286
EC_S1_XGB_seed42,EC,S1,XGB,592,Train,29.0,36.459286
EC_S1_XGB_seed42,EC,S1,XGB,593,Train,35.0,36.459286
EC_S1_XGB_seed42,EC,S1,XGB,594,Train,23.0,39.461536
EC_S1_XGB_seed42,EC,S1,XGB,595,Train,26.0,39.461536
EC_S1_XGB_seed42,EC,S1,XGB,596,Train,31.0,39.461536
EC_S1_XGB_seed42,EC,S1,XGB,597,Train,28.0,39.461536
EC_S1_XGB_seed42,EC,S1,XGB,598,Train,29.0,39.461536
EC_S1_XGB_seed42,EC,S1,XGB,599,Train,26.0,39.461536
EC_S1_XGB_seed42,EC,S1,XGB,600,Train,28.0,39.461536
EC_S1_XGB_seed42,EC,S1,XGB,601,Train,23.0,34.40064
EC_S1_XGB_seed42,EC,S1,XGB,602,Train,27.0,34.40064
EC_S1_XGB_seed42,EC,S1,XGB,603,Train,31.0,34.40064
EC_S1_XGB_seed42,EC,S1,XGB,604,Train,33.0,34.40064
EC_S1_XGB_seed42,EC,S1,XGB,605,Train,35.0,34.40064
EC_S1_XGB_seed42,EC,S1,XGB,606,Train,35.0,34.40064
EC_S1_XGB_seed42,EC,S1,XGB,607,Train,36.0,34.40064
EC_S1_XGB_seed42,EC,S1,XGB,608,Train,36.0,34.40064
EC_S1_XGB_seed42,EC,S1,XGB,609,Train,28.0,36.459286
EC_S1_XGB_seed42,EC,S1,XGB,610,Train,33.0,36.459286
EC_S1_XGB_seed42,EC,S1,XGB,614,Train,29.0,39.461536
EC_S1_XGB_seed42,EC,S1,XGB,615,Train,30.0,39.461536
EC_S1_XGB_seed42,EC,S1,XGB,619,Train,34.0,34.40064
EC_S1_XGB_seed42,EC,S1,XGB,621,Train,36.0,34.40064
EC_S1_XGB_seed42,EC,S1,XGB,622,Train,37.0,34.40064
EC_S1_XGB_seed42,EC,S1,XGB,623,Train,38.0,34.40064
EC_S1_XGB_seed42,EC,S1,XGB,624,Train,30.0,36.459286
EC_S1_XGB_seed42,EC,S1,XGB,626,Train,36.0,36.459286
EC_S1_XGB_seed42,EC,S1,XGB,627,Train,33.0,36.459286
EC_S1_XGB_seed42,EC,S1,XGB,628,Train,37.0,36.459286
EC_S1_XGB_seed42,EC,S1,XGB,630,Train,28.0,39.461536
EC_S1_XGB_seed42,EC,S1,XGB,632,Train,29.0,39.461536
EC_S1_XGB_seed42,EC,S1,XGB,633,Train,31.0,39.461536
EC_S1_XGB_seed42,EC,S1,XGB,636,Train,24.0,34.40064
EC_S1_XGB_seed42,EC,S1,XGB,638,Train,33.0,34.40064
EC_S1_XGB_seed42,EC,S1,XGB,639,Train,35.0,34.40064
EC_S1_XGB_seed42,EC,S1,XGB,641,Train,37.0,34.40064
EC_S1_XGB_seed42,EC,S1,XGB,642,Train,38.0,34.40064
EC_S1_XGB_seed42,EC,S1,XGB,645,Train,35.0,36.459286
EC_S1_XGB_seed42,EC,S1,XGB,648,Train,38.0,36.459286
EC_S1_XGB_seed42,EC,S1,XGB,649,Train,26.0,39.461536
EC_S1_XGB_seed42,EC,S1,XGB,650,Train,30.0,39.461536
EC_S1_XGB_seed42,EC,S1,XGB,651,Train,34.0,39.461536
EC_S1_XGB_seed42,EC,S1,XGB,652,Train,30.0,39.461536
EC_S1_XGB_seed42,EC,S1,XGB,653,Train,31.0,39.461536
EC_S1_XGB_seed42,EC,S1,XGB,655,Train,29.0,34.40064
EC_S1_XGB_seed42,EC,S1,XGB,656,Train,34.0,34.40064
EC_S1_XGB_seed42,EC,S1,XGB,657,Train,36.0,34.40064
EC_S1_XGB_seed42,EC,S1,XGB,658,Train,38.0,34.40064
EC_S1_XGB_seed42,EC,S1,XGB,659,Train,38.0,34.40064
EC_S1_XGB_seed42,EC,S1,XGB,660,Train,39.0,34.40064
EC_S1_XGB_seed42,EC,S1,XGB,661,Train,39.0,34.40064
EC_S1_XGB_seed42,EC,S1,XGB,662,Train,36.0,36.459286
EC_S1_XGB_seed42,EC,S1,XGB,663,Train,38.0,36.459286
EC_S1_XGB_seed42,EC,S1,XGB,665,Train,40.0,36.459286
EC_S1_XGB_seed42,EC,S1,XGB,666,Train,30.0,39.461536
EC_S1_XGB_seed42,EC,S1,XGB,667,Train,32.0,39.461536
EC_S1_XGB_seed42,EC,S1,XGB,669,Train,31.0,34.40064
EC_S1_XGB_seed42,EC,S1,XGB,670,Train,36.0,34.40064
EC_S1_XGB_seed42,EC,S1,XGB,671,Train,37.0,34.40064
EC_S1_XGB_seed42,EC,S1,XGB,672,Train,39.0,34.40064
EC_S1_XGB_seed42,EC,S1,XGB,674,Train,39.0,34.40064
EC_S1_XGB_seed42,EC,S1,XGB,675,Train,40.0,34.40064
EC_S1_XGB_seed42,EC,S1,XGB,677,Train,27.0,39.461536
EC_S1_XGB_seed42,EC,S1,XGB,678,Train,31.0,39.461536
EC_S1_XGB_seed42,EC,S1,XGB,679,Train,34.0,39.461536
EC_S1_XGB_seed42,EC,S1,XGB,681,Train,37.0,36.459286
EC_S1_XGB_seed42,EC,S1,XGB,683,Train,31.0,39.461536
EC_S1_XGB_seed42,EC,S1,XGB,685,Train,29.0,39.461536
EC_S1_XGB_seed42,EC,S1,XGB,686,Train,31.0,39.461536
EC_S1_XGB_seed42,EC,S1,XGB,687,Train,33.0,36.459286
EC_S1_XGB_seed42,EC,S1,XGB,688,Train,37.0,36.459286
EC_S1_XGB_seed42,EC,S1,XGB,689,Train,38.0,36.459286
EC_S1_XGB_seed42,EC,S1,XGB,690,Train,28.0,39.461536
EC_S1_XGB_seed42,EC,S1,XGB,692,Train,35.0,39.461536
EC_S1_XGB_seed42,EC,S1,XGB,693,Train,26.0,34.40064
EC_S1_XGB_seed42,EC,S1,XGB,694,Train,32.0,34.40064
EC_S1_XGB_seed42,EC,S1,XGB,695,Train,37.0,34.40064
EC_S1_XGB_seed42,EC,S1,XGB,696,Train,37.0,34.40064
EC_S1_XGB_seed42,EC,S1,XGB,697,Train,39.0,34.40064
EC_S1_XGB_seed42,EC,S1,XGB,698,Train,39.0,34.40064
EC_S1_XGB_seed42,EC,S1,XGB,700,Train,40.0,34.40064
EC_S1_XGB_seed42,EC,S1,XGB,701,Train,38.0,36.459286
EC_S1_XGB_seed42,EC,S1,XGB,702,Train,41.0,36.459286
EC_S1_XGB_seed42,EC,S1,XGB,703,Train,31.0,39.461536
EC_S1_XGB_seed42,EC,S1,XGB,704,Train,33.0,39.461536
EC_S1_XGB_seed42,EC,S1,XGB,705,Train,34.0,36.459286
EC_S1_XGB_seed42,EC,S1,XGB,706,Train,38.0,36.459286
EC_S1_XGB_seed42,EC,S1,XGB,707,Train,28.0,39.461536
EC_S1_XGB_seed42,EC,S1,XGB,708,Train,33.0,39.461536
EC_S1_XGB_seed42,EC,S1,XGB,709,Train,35.0,39.461536
EC_S1_XGB_seed42,EC,S1,XGB,710,Train,30.0,39.461536
EC_S1_XGB_seed42,EC,S1,XGB,712,Train,27.0,34.40064
EC_S1_XGB_seed42,EC,S1,XGB,713,Train,35.0,34.40064
EC_S1_XGB_seed42,EC,S1,XGB,714,Train,38.0,34.40064
EC_S1_XGB_seed42,EC,S1,XGB,715,Train,38.0,34.40064
EC_S1_XGB_seed42,EC,S1,XGB,716,Train,40.0,34.40064
EC_S1_XGB_seed42,EC,S1,XGB,717,Train,40.0,34.40064
EC_S1_XGB_seed42,EC,S1,XGB,718,Train,40.0,34.40064
EC_S1_XGB_seed42,EC,S1,XGB,719,Train,40.0,34.40064
EC_S1_XGB_seed42,EC,S1,XGB,720,Train,38.0,36.459286
EC_S1_XGB_seed42,EC,S1,XGB,722,Train,43.0,36.459286
EC_S1_XGB_seed42,EC,S1,XGB,723,Train,31.0,39.461536
EC_S1_XGB_seed42,EC,S1,XGB,724,Train,33.0,39.461536
EC_S1_XGB_seed42,EC,S1,XGB,727,Train,34.0,36.459286
EC_S1_XGB_seed42,EC,S1,XGB,728,Train,39.0,36.459286
EC_S1_XGB_seed42,EC,S1,XGB,729,Train,29.0,39.461536
EC_S1_XGB_seed42,EC,S1,XGB,730,Train,34.0,39.461536
EC_S1_XGB_seed42,EC,S1,XGB,731,Train,35.0,39.461536
EC_S1_XGB_seed42,EC,S1,XGB,732,Train,38.0,36.459286
EC_S1_XGB_seed42,EC,S1,XGB,734,Train,44.0,36.459286
EC_S1_XGB_seed42,EC,S1,XGB,735,Train,32.0,39.461536
EC_S1_XGB_seed42,EC,S1,XGB,736,Train,34.0,39.461536
EC_S1_XGB_seed42,EC,S1,XGB,737,Train,34.0,36.459286
EC_S1_XGB_seed42,EC,S1,XGB,738,Train,39.0,36.459286
EC_S1_XGB_seed42,EC,S1,XGB,739,Train,29.0,39.461536
EC_S1_XGB_seed42,EC,S1,XGB,740,Train,34.0,39.461536
EC_S1_XGB_seed42,EC,S1,XGB,741,Train,36.0,39.461536
EC_S1_XGB_seed42,EC,S1,XGB,742,Train,29.0,34.40064
EC_S1_XGB_seed42,EC,S1,XGB,743,Train,37.0,34.40064
EC_S1_XGB_seed42,EC,S1,XGB,744,Train,39.0,34.40064
EC_S1_XGB_seed42,EC,S1,XGB,745,Train,39.0,34.40064
EC_S1_XGB_seed42,EC,S1,XGB,746,Train,40.0,34.40064
EC_S1_XGB_seed42,EC,S1,XGB,747,Train,40.0,34.40064
EC_S1_XGB_seed42,EC,S1,XGB,748,Train,40.0,34.40064
EC_S1_XGB_seed42,EC,S1,XGB,751,Train,40.0,36.459286
EC_S1_XGB_seed42,EC,S1,XGB,752,Train,44.0,36.459286
EC_S1_XGB_seed42,EC,S1,XGB,753,Train,33.0,39.461536
EC_S1_XGB_seed42,EC,S1,XGB,754,Train,34.0,39.461536
EC_S1_XGB_seed42,EC,S1,XGB,756,Train,34.0,36.459286
EC_S1_XGB_seed42,EC,S1,XGB,758,Train,30.0,39.461536
EC_S1_XGB_seed42,EC,S1,XGB,759,Train,34.0,39.461536
EC_S1_XGB_seed42,EC,S1,XGB,760,Train,37.0,39.461536
EC_S1_XGB_seed42,EC,S1,XGB,761,Train,38.0,36.459286
EC_S1_XGB_seed42,EC,S1,XGB,762,Train,41.0,36.459286
EC_S1_XGB_seed42,EC,S1,XGB,763,Train,45.0,36.459286
EC_S1_XGB_seed42,EC,S1,XGB,765,Train,35.0,39.461536
EC_S1_XGB_seed42,EC,S1,XGB,766,Train,33.0,39.461536
EC_S1_XGB_seed42,EC,S1,XGB,767,Train,35.0,36.459286
EC_S1_XGB_seed42,EC,S1,XGB,768,Train,40.0,36.459286
EC_S1_XGB_seed42,EC,S1,XGB,769,Train,31.0,39.461536
EC_S1_XGB_seed42,EC,S1,XGB,770,Train,35.0,39.461536
EC_S1_XGB_seed42,EC,S1,XGB,771,Train,37.0,39.461536
EC_S1_XGB_seed42,EC,S1,XGB,772,Train,31.0,34.40064
EC_S1_XGB_seed42,EC,S1,XGB,773,Train,38.0,34.40064
EC_S1_XGB_seed42,EC,S1,XGB,774,Train,39.0,34.40064
EC_S1_XGB_seed42,EC,S1,XGB,775,Train,40.0,34.40064
EC_S1_XGB_seed42,EC,S1,XGB,776,Train,41.0,34.40064
EC_S1_XGB_seed42,EC,S1,XGB,777,Train,41.0,34.40064
EC_S1_XGB_seed42,EC,S1,XGB,778,Train,41.0,34.40064
EC_S1_XGB_seed42,EC,S1,XGB,779,Train,41.0,34.40064
EC_S1_XGB_seed42,EC,S1,XGB,780,Train,38.0,36.459286
EC_S1_XGB_seed42,EC,S1,XGB,781,Train,42.0,36.459286
EC_S1_XGB_seed42,EC,S1,XGB,782,Train,46.0,36.459286
EC_S1_XGB_seed42,EC,S1,XGB,786,Train,35.0,36.459286
EC_S1_XGB_seed42,EC,S1,XGB,787,Train,31.0,39.461536
EC_S1_XGB_seed42,EC,S1,XGB,788,Train,35.0,39.461536
EC_S1_XGB_seed42,EC,S1,XGB,789,Train,38.0,39.461536
EC_S1_XGB_seed42,EC,S1,XGB,790,Train,39.0,36.459286
EC_S1_XGB_seed42,EC,S1,XGB,792,Train,43.0,36.459286
EC_S1_XGB_seed42,EC,S1,XGB,793,Train,46.0,36.459286
EC_S1_XGB_seed42,EC,S1,XGB,795,Train,35.0,39.461536
EC_S1_XGB_seed42,EC,S1,XGB,796,Train,38.0,39.461536
EC_S1_XGB_seed42,EC,S1,XGB,797,Train,33.0,39.461536
EC_S1_XGB_seed42,EC,S1,XGB,798,Train,35.0,39.461536
EC_S1_XGB_seed42,EC,S1,XGB,799,Train,31.0,39.461536
EC_S1_XGB_seed42,EC,S1,XGB,800,Train,33.0,39.461536
EC_S1_XGB_seed42,EC,S1,XGB,801,Train,32.0,34.40064
EC_S1_XGB_seed42,EC,S1,XGB,802,Train,39.0,34.40064
EC_S1_XGB_seed42,EC,S1,XGB,804,Train,40.0,34.40064
EC_S1_XGB_seed42,EC,S1,XGB,805,Train,41.0,34.40064
EC_S1_XGB_seed42,EC,S1,XGB,806,Train,41.0,34.40064
EC_S1_XGB_seed42,EC,S1,XGB,807,Train,42.0,34.40064
EC_S1_XGB_seed42,EC,S1,XGB,808,Train,42.0,34.40064
EC_S1_XGB_seed42,EC,S1,XGB,809,Train,39.0,36.459286
EC_S1_XGB_seed42,EC,S1,XGB,810,Train,39.0,36.459286
EC_S1_XGB_seed42,EC,S1,XGB,813,Train,33.0,39.461536
EC_S1_XGB_seed42,EC,S1,XGB,814,Train,35.0,39.461536
EC_S1_XGB_seed42,EC,S1,XGB,815,Train,47.0,36.459286
EC_S1_XGB_seed42,EC,S1,XGB,816,Train,43.0,36.459286
EC_S1_XGB_seed42,EC,S1,XGB,817,Train,34.0,39.461536
EC_S1_XGB_seed42,EC,S1,XGB,818,Train,36.0,39.461536
EC_S1_XGB_seed42,EC,S1,XGB,819,Train,47.0,36.459286
EC_S1_XGB_seed42,EC,S1,XGB,820,Train,23.0,39.461536
EC_S1_XGB_seed42,EC,S1,XGB,821,Train,27.0,39.461536
EC_S1_XGB_seed42,EC,S1,XGB,822,Train,32.0,39.461536
EC_S1_XGB_seed42,EC,S1,XGB,823,Train,33.0,39.461536
EC_S1_XGB_seed42,EC,S1,XGB,824,Train,36.0,39.461536
EC_S1_XGB_seed42,EC,S1,XGB,825,Train,43.0,39.461536
EC_S1_XGB_seed42,EC,S1,XGB,827,Train,41.0,39.461536
EC_S1_XGB_seed42,EC,S1,XGB,828,Train,43.0,39.461536
EC_S1_XGB_seed42,EC,S1,XGB,830,Train,44.0,39.461536
EC_S1_XGB_seed42,EC,S1,XGB,831,Train,47.0,39.461536
EC_S1_XGB_seed42,EC,S1,XGB,832,Train,49.0,39.461536
EC_S1_XGB_seed42,EC,S1,XGB,833,Train,52.0,39.461536
EC_S1_XGB_seed42,EC,S1,XGB,834,Train,48.0,39.461536
EC_S1_XGB_seed42,EC,S1,XGB,836,Train,26.0,39.461536
EC_S1_XGB_seed42,EC,S1,XGB,837,Train,25.0,39.461536
EC_S1_XGB_seed42,EC,S1,XGB,838,Train,28.0,39.461536
EC_S1_XGB_seed42,EC,S1,XGB,839,Train,32.0,39.461536
EC_S1_XGB_seed42,EC,S1,XGB,841,Train,33.0,39.461536
EC_S1_XGB_seed42,EC,S1,XGB,843,Train,34.0,39.461536
EC_S1_XGB_seed42,EC,S1,XGB,845,Train,31.0,39.461536
EC_S1_XGB_seed42,EC,S1,XGB,846,Train,34.0,39.461536
EC_S1_XGB_seed42,EC,S1,XGB,848,Train,13.0,39.461536
EC_S1_XGB_seed42,EC,S1,XGB,849,Train,28.0,39.461536
EC_S1_XGB_seed42,EC,S1,XGB,850,Train,21.0,39.461536
EC_S1_XGB_seed42,EC,S1,XGB,851,Train,25.0,39.461536
EC_S1_XGB_seed42,EC,S1,XGB,853,Train,18.0,39.461536
EC_S1_XGB_seed42,EC,S1,XGB,855,Train,21.0,39.461536
EC_S1_XGB_seed42,EC,S1,XGB,856,Train,25.0,39.461536
EC_S1_XGB_seed42,EC,S1,XGB,858,Train,25.0,39.461536
EC_S1_XGB_seed42,EC,S1,XGB,859,Train,25.0,39.461536
EC_S1_XGB_seed42,EC,S1,XGB,860,Train,32.0,39.461536
EC_S1_XGB_seed42,EC,S1,XGB,861,Train,38.0,39.461536
EC_S1_XGB_seed42,EC,S1,XGB,862,Train,36.0,39.461536
EC_S1_XGB_seed42,EC,S1,XGB,863,Train,41.0,39.461536
EC_S1_XGB_seed42,EC,S1,XGB,865,Train,46.0,39.461536
EC_S1_XGB_seed42,EC,S1,XGB,866,Train,44.0,39.461536
EC_S1_XGB_seed42,EC,S1,XGB,868,Train,52.0,39.461536
EC_S1_XGB_seed42,EC,S1,XGB,869,Train,47.0,39.461536
EC_S1_XGB_seed42,EC,S1,XGB,870,Train,48.0,39.461536
EC_S1_XGB_seed42,EC,S1,XGB,871,Train,51.0,39.461536
EC_S1_XGB_seed42,EC,S1,XGB,873,Train,49.0,39.461536
EC_S1_XGB_seed42,EC,S1,XGB,874,Train,26.0,39.461536
EC_S1_XGB_seed42,EC,S1,XGB,875,Train,27.0,39.461536
EC_S1_XGB_seed42,EC,S1,XGB,877,Train,31.0,39.461536
EC_S1_XGB_seed42,EC,S1,XGB,879,Train,35.0,39.461536
EC_S1_XGB_seed42,EC,S1,XGB,880,Train,35.0,39.461536
EC_S1_XGB_seed42,EC,S1,XGB,881,Train,34.0,39.461536
EC_S1_XGB_seed42,EC,S1,XGB,882,Train,35.0,39.461536
EC_S1_XGB_seed42,EC,S1,XGB,884,Train,32.0,39.461536
EC_S1_XGB_seed42,EC,S1,XGB,885,Train,35.0,39.461536
EC_S1_XGB_seed42,EC,S1,XGB,886,Train,28.0,34.24209
EC_S1_XGB_seed42,EC,S1,XGB,887,Train,23.0,39.461536
EC_S1_XGB_seed42,EC,S1,XGB,889,Train,28.0,39.461536
EC_S1_XGB_seed42,EC,S1,XGB,890,Train,18.0,39.461536
EC_S1_XGB_seed42,EC,S1,XGB,891,Train,17.0,39.461536
EC_S1_XGB_seed42,EC,S1,XGB,892,Train,23.0,39.461536
EC_S1_XGB_seed42,EC,S1,XGB,894,Train,29.0,39.461536
EC_S1_XGB_seed42,EC,S1,XGB,895,Train,28.0,39.461536
EC_S1_XGB_seed42,EC,S1,XGB,896,Train,36.0,39.461536
EC_S1_XGB_seed42,EC,S1,XGB,897,Train,41.0,39.461536
EC_S1_XGB_seed42,EC,S1,XGB,898,Train,39.0,39.461536
EC_S1_XGB_seed42,EC,S1,XGB,899,Train,46.0,39.461536
EC_S1_XGB_seed42,EC,S1,XGB,900,Train,52.0,39.461536
EC_S1_XGB_seed42,EC,S1,XGB,901,Train,48.0,39.461536
EC_S1_XGB_seed42,EC,S1,XGB,902,Train,47.0,39.461536
EC_S1_XGB_seed42,EC,S1,XGB,903,Train,52.0,39.461536
EC_S1_XGB_seed42,EC,S1,XGB,905,Train,48.0,39.461536
EC_S1_XGB_seed42,EC,S1,XGB,906,Train,50.0,39.461536
EC_S1_XGB_seed42,EC,S1,XGB,907,Train,52.0,39.461536
EC_S1_XGB_seed42,EC,S1,XGB,908,Train,55.0,39.461536
EC_S1_XGB_seed42,EC,S1,XGB,909,Train,49.0,39.461536
EC_S1_XGB_seed42,EC,S1,XGB,911,Train,29.0,39.461536
EC_S1_XGB_seed42,EC,S1,XGB,913,Train,32.0,39.461536
EC_S1_XGB_seed42,EC,S1,XGB,916,Train,35.0,39.461536
EC_S1_XGB_seed42,EC,S1,XGB,917,Train,36.0,39.461536
EC_S1_XGB_seed42,EC,S1,XGB,918,Train,36.0,39.461536
EC_S1_XGB_seed42,EC,S1,XGB,919,Train,36.0,39.461536
EC_S1_XGB_seed42,EC,S1,XGB,920,Train,34.0,39.461536
EC_S1_XGB_seed42,EC,S1,XGB,921,Train,36.0,39.461536
EC_S1_XGB_seed42,EC,S1,XGB,923,Train,38.0,39.461536
EC_S1_XGB_seed42,EC,S1,XGB,924,Train,45.0,39.461536
EC_S1_XGB_seed42,EC,S1,XGB,925,Train,41.0,39.461536
EC_S1_XGB_seed42,EC,S1,XGB,926,Train,49.0,39.461536
EC_S1_XGB_seed42,EC,S1,XGB,928,Train,48.0,39.461536
EC_S1_XGB_seed42,EC,S1,XGB,929,Train,50.0,39.461536
EC_S1_XGB_seed42,EC,S1,XGB,930,Train,55.0,39.461536
EC_S1_XGB_seed42,EC,S1,XGB,931,Train,54.0,39.461536
EC_S1_XGB_seed42,EC,S1,XGB,932,Train,48.0,39.461536
EC_S1_XGB_seed42,EC,S1,XGB,933,Train,50.0,39.461536
EC_S1_XGB_seed42,EC,S1,XGB,934,Train,54.0,39.461536
EC_S1_XGB_seed42,EC,S1,XGB,935,Train,55.0,39.461536
EC_S1_XGB_seed42,EC,S1,XGB,936,Train,49.0,39.461536
EC_S1_XGB_seed42,EC,S1,XGB,937,Train,27.0,39.461536
EC_S1_XGB_seed42,EC,S1,XGB,938,Train,30.0,39.461536
EC_S1_XGB_seed42,EC,S1,XGB,939,Train,30.0,39.461536
EC_S1_XGB_seed42,EC,S1,XGB,940,Train,34.0,39.461536
EC_S1_XGB_seed42,EC,S1,XGB,941,Train,34.0,39.461536
EC_S1_XGB_seed42,EC,S1,XGB,942,Train,36.0,39.461536
EC_S1_XGB_seed42,EC,S1,XGB,944,Train,36.0,39.461536
EC_S1_XGB_seed42,EC,S1,XGB,946,Train,36.0,39.461536
EC_S1_XGB_seed42,EC,S1,XGB,947,Train,35.0,39.461536
EC_S1_XGB_seed42,EC,S1,XGB,948,Train,37.0,39.461536
EC_S1_XGB_seed42,EC,S1,XGB,949,Train,29.0,34.24209
EC_S1_XGB_seed42,EC,S1,XGB,950,Train,23.0,39.461536
EC_S1_XGB_seed42,EC,S1,XGB,951,Train,28.0,39.461536
EC_S1_XGB_seed42,EC,S1,XGB,952,Train,29.0,39.461536
EC_S1_XGB_seed42,EC,S1,XGB,953,Train,13.0,39.461536
EC_S1_XGB_seed42,EC,S1,XGB,954,Train,19.0,39.461536
EC_S1_XGB_seed42,EC,S1,XGB,956,Train,24.0,39.461536
EC_S1_XGB_seed42,EC,S1,XGB,959,Train,31.0,39.461536
EC_S1_XGB_seed42,EC,S1,XGB,960,Train,39.0,39.461536
EC_S1_XGB_seed42,EC,S1,XGB,961,Train,47.0,39.461536
EC_S1_XGB_seed42,EC,S1,XGB,962,Train,42.0,39.461536
EC_S1_XGB_seed42,EC,S1,XGB,963,Train,50.0,39.461536
EC_S1_XGB_seed42,EC,S1,XGB,967,Train,56.0,39.461536
EC_S1_XGB_seed42,EC,S1,XGB,968,Train,54.0,39.461536
EC_S1_XGB_seed42,EC,S1,XGB,969,Train,49.0,39.461536
EC_S1_XGB_seed42,EC,S1,XGB,970,Train,52.0,39.461536
EC_S1_XGB_seed42,EC,S1,XGB,971,Train,55.0,39.461536
EC_S1_XGB_seed42,EC,S1,XGB,972,Train,56.0,39.461536
EC_S1_XGB_seed42,EC,S1,XGB,973,Train,49.0,39.461536
EC_S1_XGB_seed42,EC,S1,XGB,974,Train,27.0,39.461536
EC_S1_XGB_seed42,EC,S1,XGB,975,Train,30.0,39.461536
EC_S1_XGB_seed42,EC,S1,XGB,976,Train,31.0,39.461536
EC_S1_XGB_seed42,EC,S1,XGB,977,Train,35.0,39.461536
EC_S1_XGB_seed42,EC,S1,XGB,978,Train,34.0,39.461536
EC_S1_XGB_seed42,EC,S1,XGB,979,Train,36.0,39.461536
EC_S1_XGB_seed42,EC,S1,XGB,981,Train,37.0,39.461536
EC_S1_XGB_seed42,EC,S1,XGB,982,Train,37.0,39.461536
EC_S1_XGB_seed42,EC,S1,XGB,983,Train,37.0,39.461536
EC_S1_XGB_seed42,EC,S1,XGB,985,Train,37.0,39.461536
EC_S1_XGB_seed42,EC,S1,XGB,990,Train,42.0,39.461536
EC_S1_XGB_seed42,EC,S1,XGB,991,Train,51.0,39.461536
EC_S1_XGB_seed42,EC,S1,XGB,992,Train,47.0,39.461536
EC_S1_XGB_seed42,EC,S1,XGB,993,Train,54.0,39.461536
EC_S1_XGB_seed42,EC,S1,XGB,994,Train,55.0,39.461536
EC_S1_XGB_seed42,EC,S1,XGB,996,Train,54.0,39.461536
EC_S1_XGB_seed42,EC,S1,XGB,997,Train,58.0,39.461536
EC_S1_XGB_seed42,EC,S1,XGB,998,Train,56.0,39.461536
EC_S1_XGB_seed42,EC,S1,XGB,999,Train,49.0,39.461536
EC_S1_XGB_seed42,EC,S1,XGB,1000,Train,54.0,39.461536
EC_S1_XGB_seed42,EC,S1,XGB,1004,Train,28.0,39.461536
EC_S1_XGB_seed42,EC,S1,XGB,1005,Train,31.0,39.461536
EC_S1_XGB_seed42,EC,S1,XGB,1006,Train,33.0,39.461536
EC_S1_XGB_seed42,EC,S1,XGB,1007,Train,36.0,39.461536
EC_S1_XGB_seed42,EC,S1,XGB,1008,Train,35.0,39.461536
EC_S1_XGB_seed42,EC,S1,XGB,1009,Train,36.0,39.461536
EC_S1_XGB_seed42,EC,S1,XGB,1011,Train,38.0,39.461536
EC_S1_XGB_seed42,EC,S1,XGB,1012,Train,37.0,39.461536
EC_S1_XGB_seed42,EC,S1,XGB,1013,Train,37.0,39.461536
EC_S1_XGB_seed42,EC,S1,XGB,1014,Train,37.0,39.461536
EC_S1_XGB_seed42,EC,S1,XGB,1015,Train,38.0,39.461536
EC_S1_XGB_seed42,EC,S1,XGB,1016,Train,24.0,39.461536
EC_S1_XGB_seed42,EC,S1,XGB,1017,Train,29.0,39.461536
EC_S1_XGB_seed42,EC,S1,XGB,1018,Train,30.0,39.461536
EC_S1_XGB_seed42,EC,S1,XGB,1020,Train,20.0,39.461536
EC_S1_XGB_seed42,EC,S1,XGB,1021,Train,18.0,39.461536
EC_S1_XGB_seed42,EC,S1,XGB,1022,Train,24.0,39.461536
EC_S1_XGB_seed42,EC,S1,XGB,1023,Train,29.0,39.461536
EC_S1_XGB_seed42,EC,S1,XGB,1024,Train,32.0,39.461536
EC_S1_XGB_seed42,EC,S1,XGB,1025,Train,35.0,39.461536
EC_S1_XGB_seed42,EC,S1,XGB,1028,Train,49.0,39.461536
EC_S1_XGB_seed42,EC,S1,XGB,1029,Train,56.0,39.461536
EC_S1_XGB_seed42,EC,S1,XGB,1030,Train,55.0,39.461536
EC_S1_XGB_seed42,EC,S1,XGB,1032,Train,57.0,39.461536
EC_S1_XGB_seed42,EC,S1,XGB,1033,Train,59.0,39.461536
EC_S1_XGB_seed42,EC,S1,XGB,1034,Train,56.0,39.461536
EC_S1_XGB_seed42,EC,S1,XGB,1035,Train,49.0,39.461536
EC_S1_XGB_seed42,EC,S1,XGB,1036,Train,55.0,39.461536
EC_S1_XGB_seed42,EC,S1,XGB,1037,Train,59.0,39.461536
EC_S1_XGB_seed42,EC,S1,XGB,1038,Train,57.0,39.461536
EC_S1_XGB_seed42,EC,S1,XGB,1039,Train,49.0,39.461536
EC_S1_XGB_seed42,EC,S1,XGB,1040,Train,28.0,39.461536
EC_S1_XGB_seed42,EC,S1,XGB,1042,Train,33.0,39.461536
EC_S1_XGB_seed42,EC,S1,XGB,1043,Train,36.0,39.461536
EC_S1_XGB_seed42,EC,S1,XGB,1044,Train,35.0,39.461536
EC_S1_XGB_seed42,EC,S1,XGB,1045,Train,37.0,39.461536
EC_S1_XGB_seed42,EC,S1,XGB,1046,Train,37.0,39.461536
EC_S1_XGB_seed42,EC,S1,XGB,1048,Train,37.0,39.461536
EC_S1_XGB_seed42,EC,S1,XGB,1049,Train,38.0,39.461536
EC_S1_XGB_seed42,EC,S1,XGB,1050,Train,38.0,39.461536
EC_S1_XGB_seed42,EC,S1,XGB,1051,Train,38.0,39.461536
EC_S1_XGB_seed42,EC,S1,XGB,1052,Train,34.0,34.24209
EC_S1_XGB_seed42,EC,S1,XGB,1053,Train,25.0,39.461536
EC_S1_XGB_seed42,EC,S1,XGB,1054,Train,29.0,39.461536
EC_S1_XGB_seed42,EC,S1,XGB,1055,Train,32.0,39.461536
EC_S1_XGB_seed42,EC,S1,XGB,1056,Train,37.0,39.461536
EC_S1_XGB_seed42,EC,S1,XGB,1057,Train,46.0,39.461536
EC_S1_XGB_seed42,EC,S1,XGB,1060,Train,58.0,39.461536
EC_S1_XGB_seed42,EC,S1,XGB,1061,Train,55.0,39.461536
EC_S1_XGB_seed42,EC,S1,XGB,1064,Train,60.0,39.461536
EC_S1_XGB_seed42,EC,S1,XGB,1065,Train,56.0,39.461536
EC_S1_XGB_seed42,EC,S1,XGB,1066,Train,50.0,39.461536
EC_S1_XGB_seed42,EC,S1,XGB,1068,Train,61.0,39.461536
EC_S1_XGB_seed42,EC,S1,XGB,1069,Train,57.0,39.461536
EC_S1_XGB_seed42,EC,S1,XGB,1070,Train,49.0,39.461536
EC_S1_XGB_seed42,EC,S1,XGB,1071,Train,29.0,39.461536
EC_S1_XGB_seed42,EC,S1,XGB,1073,Train,34.0,39.461536
EC_S1_XGB_seed42,EC,S1,XGB,1074,Train,36.0,39.461536
EC_S1_XGB_seed42,EC,S1,XGB,1076,Train,38.0,39.461536
EC_S1_XGB_seed42,EC,S1,XGB,1077,Train,38.0,39.461536
EC_S1_XGB_seed42,EC,S1,XGB,1078,Train,38.0,39.461536
EC_S1_XGB_seed42,EC,S1,XGB,1079,Train,38.0,39.461536
EC_S1_XGB_seed42,EC,S1,XGB,1080,Train,38.0,39.461536
EC_S1_XGB_seed42,EC,S1,XGB,1081,Train,40.0,39.461536
EC_S1_XGB_seed42,EC,S1,XGB,1082,Train,39.0,39.461536
EC_S1_XGB_seed42,EC,S1,XGB,1083,Train,39.0,39.461536
EC_S1_XGB_seed42,EC,S1,XGB,1084,Train,49.0,39.461536
EC_S1_XGB_seed42,EC,S1,XGB,1085,Train,55.0,39.461536
EC_S1_XGB_seed42,EC,S1,XGB,1086,Train,55.0,39.461536
EC_S1_XGB_seed42,EC,S1,XGB,1088,Train,56.0,39.461536
EC_S1_XGB_seed42,EC,S1,XGB,1089,Train,49.0,39.461536
EC_S1_XGB_seed42,EC,S1,XGB,1090,Train,61.0,39.461536
EC_S1_XGB_seed42,EC,S1,XGB,1091,Train,61.0,39.461536
EC_S1_XGB_seed42,EC,S1,XGB,1092,Train,56.0,39.461536
EC_S1_XGB_seed42,EC,S1,XGB,1093,Train,50.0,39.461536
EC_S1_XGB_seed42,EC,S1,XGB,1094,Train,58.0,39.461536
EC_S1_XGB_seed42,EC,S1,XGB,1095,Train,61.0,39.461536
EC_S1_XGB_seed42,EC,S1,XGB,1096,Train,57.0,39.461536
EC_S1_XGB_seed42,EC,S1,XGB,1097,Train,49.0,39.461536
EC_S1_XGB_seed42,EC,S1,XGB,1098,Train,30.0,39.461536
EC_S1_XGB_seed42,EC,S1,XGB,1099,Train,34.0,39.461536
EC_S1_XGB_seed42,EC,S1,XGB,1101,Train,37.0,39.461536
EC_S1_XGB_seed42,EC,S1,XGB,1102,Train,37.0,39.461536
EC_S1_XGB_seed42,EC,S1,XGB,1103,Train,38.0,39.461536
EC_S1_XGB_seed42,EC,S1,XGB,1104,Train,40.0,39.461536
EC_S1_XGB_seed42,EC,S1,XGB,1105,Train,38.0,39.461536
EC_S1_XGB_seed42,EC,S1,XGB,1108,Train,41.0,39.461536
EC_S1_XGB_seed42,EC,S1,XGB,1109,Train,39.0,39.461536
EC_S1_XGB_seed42,EC,S1,XGB,1110,Train,40.0,39.461536
EC_S1_XGB_seed42,EC,S1,XGB,1111,Train,50.0,39.461536
EC_S1_XGB_seed42,EC,S1,XGB,1113,Train,57.0,39.461536
EC_S1_XGB_seed42,EC,S1,XGB,1114,Train,59.0,39.461536
EC_S1_XGB_seed42,EC,S1,XGB,1115,Train,56.0,39.461536
EC_S1_XGB_seed42,EC,S1,XGB,1117,Train,62.0,39.461536
EC_S1_XGB_seed42,EC,S1,XGB,1118,Train,60.0,39.461536
EC_S1_XGB_seed42,EC,S1,XGB,1119,Train,57.0,39.461536
EC_S1_XGB_seed42,EC,S1,XGB,1120,Train,50.0,39.461536
EC_S1_XGB_seed42,EC,S1,XGB,1121,Train,59.0,39.461536
EC_S1_XGB_seed42,EC,S1,XGB,1122,Train,62.0,39.461536
EC_S1_XGB_seed42,EC,S1,XGB,1123,Train,57.0,39.461536
EC_S1_XGB_seed42,EC,S1,XGB,1124,Train,49.0,39.461536
EC_S1_XGB_seed42,EC,S1,XGB,1125,Train,30.0,39.461536
EC_S1_XGB_seed42,EC,S1,XGB,1126,Train,35.0,39.461536
EC_S1_XGB_seed42,EC,S1,XGB,1128,Train,36.0,39.461536
EC_S1_XGB_seed42,EC,S1,XGB,1130,Train,39.0,39.461536
EC_S1_XGB_seed42,EC,S1,XGB,1131,Train,41.0,39.461536
EC_S1_XGB_seed42,EC,S1,XGB,1132,Train,38.0,39.461536
EC_S1_XGB_seed42,EC,S1,XGB,1133,Train,39.0,39.461536
EC_S1_XGB_seed42,EC,S1,XGB,1134,Train,40.0,39.461536
EC_S1_XGB_seed42,EC,S1,XGB,1135,Train,41.0,39.461536
EC_S1_XGB_seed42,EC,S1,XGB,1136,Train,39.0,39.461536
EC_S1_XGB_seed42,EC,S1,XGB,1137,Train,35.0,34.24209
EC_S1_XGB_seed42,EC,S1,XGB,1139,Train,52.0,39.461536
EC_S1_XGB_seed42,EC,S1,XGB,1140,Train,57.0,39.461536
EC_S1_XGB_seed42,EC,S1,XGB,1141,Train,59.0,39.461536
EC_S1_XGB_seed42,EC,S1,XGB,1142,Train,60.0,39.461536
EC_S1_XGB_seed42,EC,S1,XGB,1143,Train,56.0,39.461536
EC_S1_XGB_seed42,EC,S1,XGB,1144,Train,50.0,39.461536
EC_S1_XGB_seed42,EC,S1,XGB,1145,Train,62.0,39.461536
EC_S1_XGB_seed42,EC,S1,XGB,1146,Train,61.0,39.461536
EC_S1_XGB_seed42,EC,S1,XGB,1147,Train,56.0,39.461536
EC_S1_XGB_seed42,EC,S1,XGB,1148,Train,51.0,39.461536
EC_S1_XGB_seed42,EC,S1,XGB,1149,Train,61.0,39.461536
EC_S1_XGB_seed42,EC,S1,XGB,1151,Train,57.0,39.461536
EC_S1_XGB_seed42,EC,S1,XGB,1152,Train,50.0,39.461536
EC_S1_XGB_seed42,EC,S1,XGB,1153,Train,30.0,39.461536
EC_S1_XGB_seed42,EC,S1,XGB,1154,Train,36.0,39.461536
EC_S1_XGB_seed42,EC,S1,XGB,1155,Train,37.0,39.461536
EC_S1_XGB_seed42,EC,S1,XGB,1157,Train,37.0,39.461536
EC_S1_XGB_seed42,EC,S1,XGB,1158,Train,40.0,39.461536
EC_S1_XGB_seed42,EC,S1,XGB,1160,Train,38.0,39.461536
EC_S1_XGB_seed42,EC,S1,XGB,1161,Train,39.0,39.461536
EC_S1_XGB_seed42,EC,S1,XGB,1162,Train,40.0,39.461536
EC_S1_XGB_seed42,EC,S1,XGB,1165,Train,46.0,34.24209
EC_S1_XGB_seed42,EC,S1,XGB,1166,Train,46.0,39.461536
EC_S1_XGB_seed42,EC,S1,XGB,1168,Train,56.0,39.461536
EC_S1_XGB_seed42,EC,S1,XGB,1169,Train,61.0,39.461536
EC_S1_XGB_seed42,EC,S1,XGB,1170,Train,61.0,39.461536
EC_S1_XGB_seed42,EC,S1,XGB,1171,Train,56.0,39.461536
EC_S1_XGB_seed42,EC,S1,XGB,1172,Train,50.0,39.461536
EC_S1_XGB_seed42,EC,S1,XGB,1173,Train,64.0,39.461536
EC_S1_XGB_seed42,EC,S1,XGB,1174,Train,62.0,39.461536
EC_S1_XGB_seed42,EC,S1,XGB,1175,Train,57.0,39.461536
EC_S1_XGB_seed42,EC,S1,XGB,1176,Train,51.0,39.461536
EC_S1_XGB_seed42,EC,S1,XGB,1178,Train,63.0,39.461536
EC_S1_XGB_seed42,EC,S1,XGB,1179,Train,56.0,39.461536
EC_S1_XGB_seed42,EC,S1,XGB,1180,Train,50.0,39.461536
EC_S1_XGB_seed42,EC,S1,XGB,1181,Train,32.0,39.461536
EC_S1_XGB_seed42,EC,S1,XGB,1182,Train,37.0,39.461536
EC_S1_XGB_seed42,EC,S1,XGB,1184,Train,36.0,39.461536
EC_S1_XGB_seed42,EC,S1,XGB,1185,Train,38.0,39.461536
EC_S1_XGB_seed42,EC,S1,XGB,1186,Train,41.0,39.461536
EC_S1_XGB_seed42,EC,S1,XGB,1187,Train,43.0,39.461536
EC_S1_XGB_seed42,EC,S1,XGB,1188,Train,38.0,39.461536
EC_S1_XGB_seed42,EC,S1,XGB,1189,Train,40.0,39.461536
EC_S1_XGB_seed42,EC,S1,XGB,1191,Train,42.0,39.461536
EC_S1_XGB_seed42,EC,S1,XGB,1194,Train,59.0,67.80656
EC_S1_XGB_seed42,EC,S1,XGB,1195,Train,59.0,67.80656
EC_S1_XGB_seed42,EC,S1,XGB,1196,Train,59.0,67.80656
EC_S1_XGB_seed42,EC,S1,XGB,1197,Train,61.0,67.80656
EC_S1_XGB_seed42,EC,S1,XGB,1199,Train,67.0,67.80656
EC_S1_XGB_seed42,EC,S1,XGB,1200,Train,78.0,67.80656
EC_S1_XGB_seed42,EC,S1,XGB,1201,Train,92.0,67.80656
EC_S1_XGB_seed42,EC,S1,XGB,1202,Train,38.0,55.59039
EC_S1_XGB_seed42,EC,S1,XGB,1203,Train,37.0,55.59039
EC_S1_XGB_seed42,EC,S1,XGB,1205,Train,38.0,55.59039
EC_S1_XGB_seed42,EC,S1,XGB,1208,Train,61.0,55.59039
EC_S1_XGB_seed42,EC,S1,XGB,1209,Train,74.0,55.59039
EC_S1_XGB_seed42,EC,S1,XGB,1210,Train,85.0,55.59039
EC_S1_XGB_seed42,EC,S1,XGB,1211,Train,37.0,51.0802
EC_S1_XGB_seed42,EC,S1,XGB,1212,Train,38.0,51.0802
EC_S1_XGB_seed42,EC,S1,XGB,1213,Train,38.0,51.0802
EC_S1_XGB_seed42,EC,S1,XGB,1214,Train,39.0,51.0802
EC_S1_XGB_seed42,EC,S1,XGB,1216,Train,42.0,51.0802
EC_S1_XGB_seed42,EC,S1,XGB,1217,Train,57.0,51.0802
EC_S1_XGB_seed42,EC,S1,XGB,1218,Train,73.0,51.0802
EC_S1_XGB_seed42,EC,S1,XGB,1219,Train,83.0,51.0802
EC_S1_XGB_seed42,EC,S1,XGB,1221,Train,32.0,44.812157
EC_S1_XGB_seed42,EC,S1,XGB,1222,Train,32.0,44.812157
EC_S1_XGB_seed42,EC,S1,XGB,1223,Train,33.0,44.812157
EC_S1_XGB_seed42,EC,S1,XGB,1224,Train,36.0,44.812157
EC_S1_XGB_seed42,EC,S1,XGB,1225,Train,37.0,44.812157
EC_S1_XGB_seed42,EC,S1,XGB,1226,Train,43.0,44.812157
EC_S1_XGB_seed42,EC,S1,XGB,1227,Train,65.0,44.812157
EC_S1_XGB_seed42,EC,S1,XGB,1228,Train,77.0,44.812157
EC_S1_XGB_seed42,EC,S1,XGB,8,Test,32.0,39.02143
EC_S1_XGB_seed42,EC,S1,XGB,16,Test,37.0,39.02143
EC_S1_XGB_seed42,EC,S1,XGB,33,Test,39.0,42.288197
EC_S1_XGB_seed42,EC,S1,XGB,40,Test,36.0,39.02143
EC_S1_XGB_seed42,EC,S1,XGB,41,Test,39.0,42.789185
EC_S1_XGB_seed42,EC,S1,XGB,49,Test,37.0,39.02143
EC_S1_XGB_seed42,EC,S1,XGB,55,Test,27.0,37.679398
EC_S1_XGB_seed42,EC,S1,XGB,60,Test,43.0,35.568684
EC_S1_XGB_seed42,EC,S1,XGB,62,Test,19.0,19.060015
EC_S1_XGB_seed42,EC,S1,XGB,65,Test,38.0,39.02143
EC_S1_XGB_seed42,EC,S1,XGB,67,Test,40.0,42.288197
EC_S1_XGB_seed42,EC,S1,XGB,69,Test,37.0,35.903656
EC_S1_XGB_seed42,EC,S1,XGB,70,Test,35.0,35.625454
EC_S1_XGB_seed42,EC,S1,XGB,74,Test,38.0,39.02143
EC_S1_XGB_seed42,EC,S1,XGB,77,Test,39.0,39.66434
EC_S1_XGB_seed42,EC,S1,XGB,78,Test,38.0,35.903656
EC_S1_XGB_seed42,EC,S1,XGB,81,Test,38.0,39.02143
EC_S1_XGB_seed42,EC,S1,XGB,87,Test,43.0,38.146145
EC_S1_XGB_seed42,EC,S1,XGB,90,Test,34.0,37.679398
EC_S1_XGB_seed42,EC,S1,XGB,95,Test,47.0,38.146145
EC_S1_XGB_seed42,EC,S1,XGB,98,Test,32.0,32.093586
EC_S1_XGB_seed42,EC,S1,XGB,100,Test,44.0,42.789185
EC_S1_XGB_seed42,EC,S1,XGB,108,Test,41.0,39.02143
EC_S1_XGB_seed42,EC,S1,XGB,112,Test,40.0,35.903656
EC_S1_XGB_seed42,EC,S1,XGB,113,Test,40.0,35.625454
EC_S1_XGB_seed42,EC,S1,XGB,119,Test,40.0,36.800007
EC_S1_XGB_seed42,EC,S1,XGB,122,Test,32.0,37.679398
EC_S1_XGB_seed42,EC,S1,XGB,126,Test,40.0,37.679398
EC_S1_XGB_seed42,EC,S1,XGB,143,Test,40.0,35.903656
EC_S1_XGB_seed42,EC,S1,XGB,151,Test,34.0,38.240906
EC_S1_XGB_seed42,EC,S1,XGB,153,Test,41.0,37.679398
EC_S1_XGB_seed42,EC,S1,XGB,154,Test,45.0,37.679398
EC_S1_XGB_seed42,EC,S1,XGB,155,Test,44.0,37.679398
EC_S1_XGB_seed42,EC,S1,XGB,156,Test,41.0,37.679398
EC_S1_XGB_seed42,EC,S1,XGB,171,Test,50.0,38.240906
EC_S1_XGB_seed42,EC,S1,XGB,173,Test,52.0,38.240906
EC_S1_XGB_seed42,EC,S1,XGB,204,Test,47.0,62.751774
EC_S1_XGB_seed42,EC,S1,XGB,210,Test,32.0,38.390728
EC_S1_XGB_seed42,EC,S1,XGB,214,Test,36.0,36.42547
EC_S1_XGB_seed42,EC,S1,XGB,228,Test,21.0,22.148703
EC_S1_XGB_seed42,EC,S1,XGB,234,Test,30.0,43.101273
EC_S1_XGB_seed42,EC,S1,XGB,235,Test,33.0,37.58028
EC_S1_XGB_seed42,EC,S1,XGB,244,Test,34.0,38.390728
EC_S1_XGB_seed42,EC,S1,XGB,245,Test,31.0,32.249878
EC_S1_XGB_seed42,EC,S1,XGB,246,Test,38.0,43.101273
EC_S1_XGB_seed42,EC,S1,XGB,254,Test,53.0,62.751774
EC_S1_XGB_seed42,EC,S1,XGB,257,Test,48.0,62.751774
EC_S1_XGB_seed42,EC,S1,XGB,275,Test,40.0,43.101273
EC_S1_XGB_seed42,EC,S1,XGB,284,Test,62.0,62.751774
EC_S1_XGB_seed42,EC,S1,XGB,295,Test,66.0,62.751774
EC_S1_XGB_seed42,EC,S1,XGB,296,Test,80.0,62.751774
EC_S1_XGB_seed42,EC,S1,XGB,301,Test,32.0,35.792572
EC_S1_XGB_seed42,EC,S1,XGB,321,Test,28.0,33.198185
EC_S1_XGB_seed42,EC,S1,XGB,326,Test,80.0,62.751774
EC_S1_XGB_seed42,EC,S1,XGB,338,Test,23.0,22.148703
EC_S1_XGB_seed42,EC,S1,XGB,341,Test,40.0,46.312817
EC_S1_XGB_seed42,EC,S1,XGB,342,Test,38.0,38.390728
EC_S1_XGB_seed42,EC,S1,XGB,343,Test,32.0,32.249878
EC_S1_XGB_seed42,EC,S1,XGB,360,Test,87.0,62.751774
EC_S1_XGB_seed42,EC,S1,XGB,361,Test,52.0,38.50257
EC_S1_XGB_seed42,EC,S1,XGB,362,Test,36.0,35.792572
EC_S1_XGB_seed42,EC,S1,XGB,364,Test,37.0,36.146744
EC_S1_XGB_seed42,EC,S1,XGB,366,Test,35.0,34.358963
EC_S1_XGB_seed42,EC,S1,XGB,368,Test,51.0,49.451004
EC_S1_XGB_seed42,EC,S1,XGB,370,Test,51.0,36.88604
EC_S1_XGB_seed42,EC,S1,XGB,371,Test,52.0,41.932514
EC_S1_XGB_seed42,EC,S1,XGB,386,Test,17.0,16.422758
EC_S1_XGB_seed42,EC,S1,XGB,397,Test,29.0,33.198185
EC_S1_XGB_seed42,EC,S1,XGB,399,Test,76.0,62.751774
EC_S1_XGB_seed42,EC,S1,XGB,401,Test,84.0,62.751774
EC_S1_XGB_seed42,EC,S1,XGB,411,Test,53.0,38.390728
EC_S1_XGB_seed42,EC,S1,XGB,415,Test,37.0,46.312817
EC_S1_XGB_seed42,EC,S1,XGB,416,Test,76.0,62.751774
EC_S1_XGB_seed42,EC,S1,XGB,417,Test,80.0,62.751774
EC_S1_XGB_seed42,EC,S1,XGB,427,Test,36.0,36.42547
EC_S1_XGB_seed42,EC,S1,XGB,429,Test,32.0,33.198185
EC_S1_XGB_seed42,EC,S1,XGB,431,Test,40.0,33.198185
EC_S1_XGB_seed42,EC,S1,XGB,437,Test,31.0,33.198185
EC_S1_XGB_seed42,EC,S1,XGB,439,Test,39.0,33.198185
EC_S1_XGB_seed42,EC,S1,XGB,444,Test,55.0,38.390728
EC_S1_XGB_seed42,EC,S1,XGB,447,Test,55.0,37.58028
EC_S1_XGB_seed42,EC,S1,XGB,448,Test,36.0,36.42547
EC_S1_XGB_seed42,EC,S1,XGB,467,Test,39.0,41.026745
EC_S1_XGB_seed42,EC,S1,XGB,480,Test,41.0,41.026745
EC_S1_XGB_seed42,EC,S1,XGB,490,Test,36.0,40.24081
EC_S1_XGB_seed42,EC,S1,XGB,497,Test,36.0,40.983444
EC_S1_XGB_seed42,EC,S1,XGB,499,Test,43.0,40.983444
EC_S1_XGB_seed42,EC,S1,XGB,508,Test,47.0,41.026745
EC_S1_XGB_seed42,EC,S1,XGB,513,Test,47.0,39.065758
EC_S1_XGB_seed42,EC,S1,XGB,514,Test,49.0,41.026745
EC_S1_XGB_seed42,EC,S1,XGB,515,Test,50.0,40.24081
EC_S1_XGB_seed42,EC,S1,XGB,519,Test,46.0,41.026745
EC_S1_XGB_seed42,EC,S1,XGB,522,Test,50.0,40.24081
EC_S1_XGB_seed42,EC,S1,XGB,525,Test,45.0,39.065758
EC_S1_XGB_seed42,EC,S1,XGB,531,Test,50.0,40.24081
EC_S1_XGB_seed42,EC,S1,XGB,534,Test,27.0,36.459286
EC_S1_XGB_seed42,EC,S1,XGB,535,Test,30.0,36.459286
EC_S1_XGB_seed42,EC,S1,XGB,537,Test,30.0,36.459286
EC_S1_XGB_seed42,EC,S1,XGB,539,Test,20.0,39.461536
EC_S1_XGB_seed42,EC,S1,XGB,546,Test,30.0,34.40064
EC_S1_XGB_seed42,EC,S1,XGB,551,Test,30.0,36.459286
EC_S1_XGB_seed42,EC,S1,XGB,553,Test,27.0,36.459286
EC_S1_XGB_seed42,EC,S1,XGB,564,Test,23.0,39.461536
EC_S1_XGB_seed42,EC,S1,XGB,576,Test,34.0,36.459286
EC_S1_XGB_seed42,EC,S1,XGB,579,Test,26.0,36.459286
EC_S1_XGB_seed42,EC,S1,XGB,587,Test,32.0,34.40064
EC_S1_XGB_seed42,EC,S1,XGB,611,Test,35.0,36.459286
EC_S1_XGB_seed42,EC,S1,XGB,612,Test,32.0,36.459286
EC_S1_XGB_seed42,EC,S1,XGB,613,Test,36.0,36.459286
EC_S1_XGB_seed42,EC,S1,XGB,616,Test,23.0,34.40064
EC_S1_XGB_seed42,EC,S1,XGB,617,Test,28.0,34.40064
EC_S1_XGB_seed42,EC,S1,XGB,618,Test,33.0,34.40064
EC_S1_XGB_seed42,EC,S1,XGB,620,Test,36.0,34.40064
EC_S1_XGB_seed42,EC,S1,XGB,625,Test,35.0,36.459286
EC_S1_XGB_seed42,EC,S1,XGB,629,Test,25.0,39.461536
EC_S1_XGB_seed42,EC,S1,XGB,631,Test,32.0,39.461536
EC_S1_XGB_seed42,EC,S1,XGB,634,Test,27.0,39.461536
EC_S1_XGB_seed42,EC,S1,XGB,635,Test,30.0,39.461536
EC_S1_XGB_seed42,EC,S1,XGB,637,Test,28.0,34.40064
EC_S1_XGB_seed42,EC,S1,XGB,640,Test,37.0,34.40064
EC_S1_XGB_seed42,EC,S1,XGB,643,Test,38.0,34.40064
EC_S1_XGB_seed42,EC,S1,XGB,644,Test,31.0,36.459286
EC_S1_XGB_seed42,EC,S1,XGB,646,Test,37.0,36.459286
EC_S1_XGB_seed42,EC,S1,XGB,647,Test,34.0,36.459286
EC_S1_XGB_seed42,EC,S1,XGB,654,Test,25.0,34.40064
EC_S1_XGB_seed42,EC,S1,XGB,664,Test,35.0,36.459286
EC_S1_XGB_seed42,EC,S1,XGB,668,Test,25.0,34.40064
EC_S1_XGB_seed42,EC,S1,XGB,673,Test,39.0,34.40064
EC_S1_XGB_seed42,EC,S1,XGB,676,Test,33.0,36.459286
EC_S1_XGB_seed42,EC,S1,XGB,680,Test,36.0,36.459286
EC_S1_XGB_seed42,EC,S1,XGB,682,Test,41.0,36.459286
EC_S1_XGB_seed42,EC,S1,XGB,684,Test,32.0,39.461536
EC_S1_XGB_seed42,EC,S1,XGB,691,Test,32.0,39.461536
EC_S1_XGB_seed42,EC,S1,XGB,699,Test,39.0,34.40064
EC_S1_XGB_seed42,EC,S1,XGB,721,Test,39.0,36.459286
EC_S1_XGB_seed42,EC,S1,XGB,733,Test,40.0,36.459286
EC_S1_XGB_seed42,EC,S1,XGB,749,Test,41.0,34.40064
EC_S1_XGB_seed42,EC,S1,XGB,750,Test,38.0,36.459286
EC_S1_XGB_seed42,EC,S1,XGB,757,Test,40.0,36.459286
EC_S1_XGB_seed42,EC,S1,XGB,764,Test,33.0,39.461536
EC_S1_XGB_seed42,EC,S1,XGB,783,Test,33.0,39.461536
EC_S1_XGB_seed42,EC,S1,XGB,784,Test,35.0,39.461536
EC_S1_XGB_seed42,EC,S1,XGB,785,Test,31.0,39.461536
EC_S1_XGB_seed42,EC,S1,XGB,791,Test,35.0,36.459286
EC_S1_XGB_seed42,EC,S1,XGB,794,Test,31.0,39.461536
EC_S1_XGB_seed42,EC,S1,XGB,803,Test,40.0,34.40064
EC_S1_XGB_seed42,EC,S1,XGB,811,Test,43.0,36.459286
EC_S1_XGB_seed42,EC,S1,XGB,812,Test,47.0,36.459286
EC_S1_XGB_seed42,EC,S1,XGB,826,Test,42.0,39.461536
EC_S1_XGB_seed42,EC,S1,XGB,829,Test,46.0,39.461536
EC_S1_XGB_seed42,EC,S1,XGB,835,Test,26.0,39.461536
EC_S1_XGB_seed42,EC,S1,XGB,840,Test,34.0,39.461536
EC_S1_XGB_seed42,EC,S1,XGB,842,Test,33.0,39.461536
EC_S1_XGB_seed42,EC,S1,XGB,844,Test,34.0,39.461536
EC_S1_XGB_seed42,EC,S1,XGB,847,Test,24.0,34.24209
EC_S1_XGB_seed42,EC,S1,XGB,852,Test,12.0,39.461536
EC_S1_XGB_seed42,EC,S1,XGB,854,Test,17.0,39.461536
EC_S1_XGB_seed42,EC,S1,XGB,857,Test,27.0,39.461536
EC_S1_XGB_seed42,EC,S1,XGB,864,Test,49.0,39.461536
EC_S1_XGB_seed42,EC,S1,XGB,867,Test,48.0,39.461536
EC_S1_XGB_seed42,EC,S1,XGB,872,Test,55.0,39.461536
EC_S1_XGB_seed42,EC,S1,XGB,876,Test,27.0,39.461536
EC_S1_XGB_seed42,EC,S1,XGB,878,Test,33.0,39.461536
EC_S1_XGB_seed42,EC,S1,XGB,883,Test,36.0,39.461536
EC_S1_XGB_seed42,EC,S1,XGB,888,Test,26.0,39.461536
EC_S1_XGB_seed42,EC,S1,XGB,893,Test,27.0,39.461536
EC_S1_XGB_seed42,EC,S1,XGB,904,Test,53.0,39.461536
EC_S1_XGB_seed42,EC,S1,XGB,910,Test,27.0,39.461536
EC_S1_XGB_seed42,EC,S1,XGB,912,Test,29.0,39.461536
EC_S1_XGB_seed42,EC,S1,XGB,914,Test,34.0,39.461536
EC_S1_XGB_seed42,EC,S1,XGB,915,Test,35.0,39.461536
EC_S1_XGB_seed42,EC,S1,XGB,922,Test,30.0,39.461536
EC_S1_XGB_seed42,EC,S1,XGB,927,Test,53.0,39.461536
EC_S1_XGB_seed42,EC,S1,XGB,943,Test,35.0,39.461536
EC_S1_XGB_seed42,EC,S1,XGB,945,Test,36.0,39.461536
EC_S1_XGB_seed42,EC,S1,XGB,955,Test,18.0,39.461536
EC_S1_XGB_seed42,EC,S1,XGB,957,Test,28.0,39.461536
EC_S1_XGB_seed42,EC,S1,XGB,958,Test,30.0,39.461536
EC_S1_XGB_seed42,EC,S1,XGB,964,Test,54.0,39.461536
EC_S1_XGB_seed42,EC,S1,XGB,965,Test,48.0,39.461536
EC_S1_XGB_seed42,EC,S1,XGB,966,Test,51.0,39.461536
EC_S1_XGB_seed42,EC,S1,XGB,980,Test,36.0,39.461536
EC_S1_XGB_seed42,EC,S1,XGB,984,Test,36.0,39.461536
EC_S1_XGB_seed42,EC,S1,XGB,989,Test,33.0,39.461536
EC_S1_XGB_seed42,EC,S1,XGB,995,Test,48.0,39.461536
EC_S1_XGB_seed42,EC,S1,XGB,1001,Test,58.0,39.461536
EC_S1_XGB_seed42,EC,S1,XGB,1002,Test,57.0,39.461536
EC_S1_XGB_seed42,EC,S1,XGB,1003,Test,49.0,39.461536
EC_S1_XGB_seed42,EC,S1,XGB,1010,Test,37.0,39.461536
EC_S1_XGB_seed42,EC,S1,XGB,1019,Test,14.0,39.461536
EC_S1_XGB_seed42,EC,S1,XGB,1026,Test,43.0,39.461536
EC_S1_XGB_seed42,EC,S1,XGB,1027,Test,53.0,39.461536
EC_S1_XGB_seed42,EC,S1,XGB,1031,Test,49.0,39.461536
EC_S1_XGB_seed42,EC,S1,XGB,1041,Test,32.0,39.461536
EC_S1_XGB_seed42,EC,S1,XGB,1047,Test,38.0,39.461536
EC_S1_XGB_seed42,EC,S1,XGB,1058,Test,55.0,39.461536
EC_S1_XGB_seed42,EC,S1,XGB,1059,Test,53.0,39.461536
EC_S1_XGB_seed42,EC,S1,XGB,1062,Test,49.0,39.461536
EC_S1_XGB_seed42,EC,S1,XGB,1063,Test,60.0,39.461536
EC_S1_XGB_seed42,EC,S1,XGB,1067,Test,57.0,39.461536
EC_S1_XGB_seed42,EC,S1,XGB,1072,Test,33.0,39.461536
EC_S1_XGB_seed42,EC,S1,XGB,1075,Test,36.0,39.461536
EC_S1_XGB_seed42,EC,S1,XGB,1087,Test,59.0,39.461536
EC_S1_XGB_seed42,EC,S1,XGB,1100,Test,36.0,39.461536
EC_S1_XGB_seed42,EC,S1,XGB,1106,Test,39.0,39.461536
EC_S1_XGB_seed42,EC,S1,XGB,1107,Test,39.0,39.461536
EC_S1_XGB_seed42,EC,S1,XGB,1112,Test,56.0,39.461536
EC_S1_XGB_seed42,EC,S1,XGB,1116,Test,49.0,39.461536
EC_S1_XGB_seed42,EC,S1,XGB,1127,Test,37.0,39.461536
EC_S1_XGB_seed42,EC,S1,XGB,1129,Test,37.0,39.461536
EC_S1_XGB_seed42,EC,S1,XGB,1138,Test,42.0,39.461536
EC_S1_XGB_seed42,EC,S1,XGB,1150,Test,62.0,39.461536
EC_S1_XGB_seed42,EC,S1,XGB,1156,Test,36.0,39.461536
EC_S1_XGB_seed42,EC,S1,XGB,1159,Test,42.0,39.461536
EC_S1_XGB_seed42,EC,S1,XGB,1163,Test,42.0,39.461536
EC_S1_XGB_seed42,EC,S1,XGB,1164,Test,39.0,39.461536
EC_S1_XGB_seed42,EC,S1,XGB,1167,Test,55.0,39.461536
EC_S1_XGB_seed42,EC,S1,XGB,1177,Test,63.0,39.461536
EC_S1_XGB_seed42,EC,S1,XGB,1183,Test,38.0,39.461536
EC_S1_XGB_seed42,EC,S1,XGB,1190,Test,41.0,39.461536
EC_S1_XGB_seed42,EC,S1,XGB,1192,Test,39.0,39.461536
EC_S1_XGB_seed42,EC,S1,XGB,1193,Test,58.0,67.80656
EC_S1_XGB_seed42,EC,S1,XGB,1198,Test,63.0,67.80656
EC_S1_XGB_seed42,EC,S1,XGB,1204,Test,37.0,55.59039
EC_S1_XGB_seed42,EC,S1,XGB,1206,Test,39.0,55.59039
EC_S1_XGB_seed42,EC,S1,XGB,1207,Test,40.0,55.59039
EC_S1_XGB_seed42,EC,S1,XGB,1215,Test,40.0,51.0802
EC_S1_XGB_seed42,EC,S1,XGB,1220,Test,32.0,44.812157
EC_S2_XGB_seed42,EC,S2,XGB,5,Train,27.0,29.94624
EC_S2_XGB_seed42,EC,S2,XGB,6,Train,28.0,30.695545
EC_S2_XGB_seed42,EC,S2,XGB,7,Train,29.0,29.187963
EC_S2_XGB_seed42,EC,S2,XGB,9,Train,37.0,38.136215
EC_S2_XGB_seed42,EC,S2,XGB,10,Train,31.0,31.528044
EC_S2_XGB_seed42,EC,S2,XGB,12,Train,28.0,37.125725
EC_S2_XGB_seed42,EC,S2,XGB,13,Train,32.0,33.58703
EC_S2_XGB_seed42,EC,S2,XGB,14,Train,38.0,39.06254
EC_S2_XGB_seed42,EC,S2,XGB,15,Train,34.0,39.33803
EC_S2_XGB_seed42,EC,S2,XGB,17,Train,35.0,36.381634
EC_S2_XGB_seed42,EC,S2,XGB,18,Train,31.0,32.373276
EC_S2_XGB_seed42,EC,S2,XGB,20,Train,24.0,25.990238
EC_S2_XGB_seed42,EC,S2,XGB,21,Train,29.0,30.070267
EC_S2_XGB_seed42,EC,S2,XGB,22,Train,33.0,37.99207
EC_S2_XGB_seed42,EC,S2,XGB,23,Train,38.0,37.99207
EC_S2_XGB_seed42,EC,S2,XGB,24,Train,38.0,40.109695
EC_S2_XGB_seed42,EC,S2,XGB,28,Train,19.0,18.314478
EC_S2_XGB_seed42,EC,S2,XGB,29,Train,24.0,25.691328
EC_S2_XGB_seed42,EC,S2,XGB,30,Train,31.0,31.796444
EC_S2_XGB_seed42,EC,S2,XGB,31,Train,37.0,38.453495
EC_S2_XGB_seed42,EC,S2,XGB,32,Train,40.0,43.679516
EC_S2_XGB_seed42,EC,S2,XGB,34,Train,37.0,37.34216
EC_S2_XGB_seed42,EC,S2,XGB,35,Train,35.0,34.80984
EC_S2_XGB_seed42,EC,S2,XGB,36,Train,33.0,34.598858
EC_S2_XGB_seed42,EC,S2,XGB,37,Train,18.0,17.230072
EC_S2_XGB_seed42,EC,S2,XGB,38,Train,25.0,24.979723
EC_S2_XGB_seed42,EC,S2,XGB,39,Train,30.0,31.796444
EC_S2_XGB_seed42,EC,S2,XGB,42,Train,38.0,38.637146
EC_S2_XGB_seed42,EC,S2,XGB,43,Train,37.0,37.256733
EC_S2_XGB_seed42,EC,S2,XGB,44,Train,35.0,35.117065
EC_S2_XGB_seed42,EC,S2,XGB,45,Train,35.0,36.522404
EC_S2_XGB_seed42,EC,S2,XGB,46,Train,31.0,32.547283
EC_S2_XGB_seed42,EC,S2,XGB,47,Train,36.0,36.690937
EC_S2_XGB_seed42,EC,S2,XGB,48,Train,38.0,39.06254
EC_S2_XGB_seed42,EC,S2,XGB,50,Train,38.0,39.159966
EC_S2_XGB_seed42,EC,S2,XGB,51,Train,37.0,37.96681
EC_S2_XGB_seed42,EC,S2,XGB,52,Train,27.0,30.482574
EC_S2_XGB_seed42,EC,S2,XGB,53,Train,37.0,37.041912
EC_S2_XGB_seed42,EC,S2,XGB,56,Train,31.0,37.94804
EC_S2_XGB_seed42,EC,S2,XGB,57,Train,36.0,37.04782
EC_S2_XGB_seed42,EC,S2,XGB,58,Train,39.0,38.186844
EC_S2_XGB_seed42,EC,S2,XGB,59,Train,39.0,36.674084
EC_S2_XGB_seed42,EC,S2,XGB,61,Train,19.0,21.009401
EC_S2_XGB_seed42,EC,S2,XGB,63,Train,25.0,25.532846
EC_S2_XGB_seed42,EC,S2,XGB,64,Train,31.0,31.134403
EC_S2_XGB_seed42,EC,S2,XGB,66,Train,42.0,40.874676
EC_S2_XGB_seed42,EC,S2,XGB,68,Train,39.0,38.795948
EC_S2_XGB_seed42,EC,S2,XGB,71,Train,19.0,18.241066
EC_S2_XGB_seed42,EC,S2,XGB,72,Train,26.0,25.532846
EC_S2_XGB_seed42,EC,S2,XGB,73,Train,32.0,34.503357
EC_S2_XGB_seed42,EC,S2,XGB,75,Train,41.0,39.990982
EC_S2_XGB_seed42,EC,S2,XGB,76,Train,41.0,41.770016
EC_S2_XGB_seed42,EC,S2,XGB,79,Train,38.0,36.522404
EC_S2_XGB_seed42,EC,S2,XGB,80,Train,33.0,32.07257
EC_S2_XGB_seed42,EC,S2,XGB,82,Train,41.0,39.06254
EC_S2_XGB_seed42,EC,S2,XGB,83,Train,41.0,41.48032
EC_S2_XGB_seed42,EC,S2,XGB,84,Train,39.0,38.148262
EC_S2_XGB_seed42,EC,S2,XGB,85,Train,39.0,38.623356
EC_S2_XGB_seed42,EC,S2,XGB,86,Train,29.0,29.515598
EC_S2_XGB_seed42,EC,S2,XGB,89,Train,30.0,30.070267
EC_S2_XGB_seed42,EC,S2,XGB,91,Train,40.0,37.99207
EC_S2_XGB_seed42,EC,S2,XGB,92,Train,42.0,42.30941
EC_S2_XGB_seed42,EC,S2,XGB,93,Train,39.0,39.93845
EC_S2_XGB_seed42,EC,S2,XGB,94,Train,48.0,45.862843
EC_S2_XGB_seed42,EC,S2,XGB,96,Train,19.0,19.879156
EC_S2_XGB_seed42,EC,S2,XGB,97,Train,26.0,25.97149
EC_S2_XGB_seed42,EC,S2,XGB,99,Train,39.0,38.646317
EC_S2_XGB_seed42,EC,S2,XGB,101,Train,42.0,42.14569
EC_S2_XGB_seed42,EC,S2,XGB,102,Train,40.0,40.952602
EC_S2_XGB_seed42,EC,S2,XGB,103,Train,38.0,38.043125
EC_S2_XGB_seed42,EC,S2,XGB,104,Train,35.0,34.52359
EC_S2_XGB_seed42,EC,S2,XGB,105,Train,20.0,19.922644
EC_S2_XGB_seed42,EC,S2,XGB,106,Train,27.0,27.92267
EC_S2_XGB_seed42,EC,S2,XGB,107,Train,34.0,31.796444
EC_S2_XGB_seed42,EC,S2,XGB,109,Train,45.0,44.141506
EC_S2_XGB_seed42,EC,S2,XGB,110,Train,44.0,43.77744
EC_S2_XGB_seed42,EC,S2,XGB,111,Train,42.0,40.455704
EC_S2_XGB_seed42,EC,S2,XGB,114,Train,36.0,37.936768
EC_S2_XGB_seed42,EC,S2,XGB,115,Train,40.0,38.646317
EC_S2_XGB_seed42,EC,S2,XGB,116,Train,47.0,45.043167
EC_S2_XGB_seed42,EC,S2,XGB,117,Train,44.0,38.289616
EC_S2_XGB_seed42,EC,S2,XGB,118,Train,40.0,41.00306
EC_S2_XGB_seed42,EC,S2,XGB,120,Train,32.0,36.672455
EC_S2_XGB_seed42,EC,S2,XGB,123,Train,37.0,37.99207
EC_S2_XGB_seed42,EC,S2,XGB,124,Train,43.0,41.108162
EC_S2_XGB_seed42,EC,S2,XGB,125,Train,42.0,37.99207
EC_S2_XGB_seed42,EC,S2,XGB,127,Train,48.0,46.557117
EC_S2_XGB_seed42,EC,S2,XGB,129,Train,27.0,30.450405
EC_S2_XGB_seed42,EC,S2,XGB,130,Train,37.0,39.24115
EC_S2_XGB_seed42,EC,S2,XGB,131,Train,41.0,39.387302
EC_S2_XGB_seed42,EC,S2,XGB,132,Train,47.0,43.00206
EC_S2_XGB_seed42,EC,S2,XGB,133,Train,45.0,44.513493
EC_S2_XGB_seed42,EC,S2,XGB,134,Train,41.0,40.828102
EC_S2_XGB_seed42,EC,S2,XGB,136,Train,19.0,18.241066
EC_S2_XGB_seed42,EC,S2,XGB,137,Train,27.0,27.244667
EC_S2_XGB_seed42,EC,S2,XGB,138,Train,33.0,32.72762
EC_S2_XGB_seed42,EC,S2,XGB,139,Train,41.0,41.216465
EC_S2_XGB_seed42,EC,S2,XGB,140,Train,47.0,45.23254
EC_S2_XGB_seed42,EC,S2,XGB,141,Train,46.0,45.175926
EC_S2_XGB_seed42,EC,S2,XGB,142,Train,43.0,42.913437
EC_S2_XGB_seed42,EC,S2,XGB,144,Train,37.0,36.81432
EC_S2_XGB_seed42,EC,S2,XGB,145,Train,38.0,37.125725
EC_S2_XGB_seed42,EC,S2,XGB,146,Train,42.0,41.67501
EC_S2_XGB_seed42,EC,S2,XGB,147,Train,48.0,46.82122
EC_S2_XGB_seed42,EC,S2,XGB,148,Train,47.0,43.01347
EC_S2_XGB_seed42,EC,S2,XGB,149,Train,42.0,43.019623
EC_S2_XGB_seed42,EC,S2,XGB,150,Train,40.0,37.653122
EC_S2_XGB_seed42,EC,S2,XGB,152,Train,34.0,36.29583
EC_S2_XGB_seed42,EC,S2,XGB,157,Train,29.0,28.517292
EC_S2_XGB_seed42,EC,S2,XGB,158,Train,39.0,37.47718
EC_S2_XGB_seed42,EC,S2,XGB,159,Train,42.0,40.590595
EC_S2_XGB_seed42,EC,S2,XGB,160,Train,48.0,45.71939
EC_S2_XGB_seed42,EC,S2,XGB,161,Train,48.0,46.82122
EC_S2_XGB_seed42,EC,S2,XGB,162,Train,43.0,41.00306
EC_S2_XGB_seed42,EC,S2,XGB,163,Train,38.0,36.669903
EC_S2_XGB_seed42,EC,S2,XGB,164,Train,35.0,34.030415
EC_S2_XGB_seed42,EC,S2,XGB,165,Train,44.0,40.875156
EC_S2_XGB_seed42,EC,S2,XGB,166,Train,47.0,40.41643
EC_S2_XGB_seed42,EC,S2,XGB,167,Train,46.0,44.980274
EC_S2_XGB_seed42,EC,S2,XGB,168,Train,43.0,42.068928
EC_S2_XGB_seed42,EC,S2,XGB,169,Train,43.0,38.622456
EC_S2_XGB_seed42,EC,S2,XGB,170,Train,46.0,45.787273
EC_S2_XGB_seed42,EC,S2,XGB,172,Train,52.0,47.169285
EC_S2_XGB_seed42,EC,S2,XGB,195,Train,48.0,47.40554
EC_S2_XGB_seed42,EC,S2,XGB,196,Train,47.0,46.918358
EC_S2_XGB_seed42,EC,S2,XGB,197,Train,47.0,46.996017
EC_S2_XGB_seed42,EC,S2,XGB,198,Train,45.0,46.689598
EC_S2_XGB_seed42,EC,S2,XGB,199,Train,46.0,46.368412
EC_S2_XGB_seed42,EC,S2,XGB,200,Train,48.0,47.59708
EC_S2_XGB_seed42,EC,S2,XGB,201,Train,47.0,47.12651
EC_S2_XGB_seed42,EC,S2,XGB,202,Train,47.0,47.20417
EC_S2_XGB_seed42,EC,S2,XGB,203,Train,47.0,47.02257
EC_S2_XGB_seed42,EC,S2,XGB,205,Train,21.0,21.829409
EC_S2_XGB_seed42,EC,S2,XGB,206,Train,19.0,20.095764
EC_S2_XGB_seed42,EC,S2,XGB,207,Train,16.0,16.610527
EC_S2_XGB_seed42,EC,S2,XGB,208,Train,30.0,31.709932
EC_S2_XGB_seed42,EC,S2,XGB,209,Train,67.0,65.407616
EC_S2_XGB_seed42,EC,S2,XGB,211,Train,32.0,31.762707
EC_S2_XGB_seed42,EC,S2,XGB,212,Train,26.0,34.50238
EC_S2_XGB_seed42,EC,S2,XGB,213,Train,30.0,32.99123
EC_S2_XGB_seed42,EC,S2,XGB,215,Train,26.0,35.472446
EC_S2_XGB_seed42,EC,S2,XGB,216,Train,29.0,31.3333
EC_S2_XGB_seed42,EC,S2,XGB,217,Train,48.0,47.585995
EC_S2_XGB_seed42,EC,S2,XGB,218,Train,48.0,47.19989
EC_S2_XGB_seed42,EC,S2,XGB,219,Train,47.0,47.227856
EC_S2_XGB_seed42,EC,S2,XGB,220,Train,46.0,47.053623
EC_S2_XGB_seed42,EC,S2,XGB,221,Train,47.0,46.97602
EC_S2_XGB_seed42,EC,S2,XGB,222,Train,22.0,23.967577
EC_S2_XGB_seed42,EC,S2,XGB,223,Train,48.0,47.83952
EC_S2_XGB_seed42,EC,S2,XGB,224,Train,47.0,47.22784
EC_S2_XGB_seed42,EC,S2,XGB,225,Train,48.0,47.9369
EC_S2_XGB_seed42,EC,S2,XGB,226,Train,48.0,47.91843
EC_S2_XGB_seed42,EC,S2,XGB,227,Train,49.0,48.93871
EC_S2_XGB_seed42,EC,S2,XGB,229,Train,16.0,16.194633
EC_S2_XGB_seed42,EC,S2,XGB,230,Train,31.0,30.802801
EC_S2_XGB_seed42,EC,S2,XGB,231,Train,51.0,45.84559
EC_S2_XGB_seed42,EC,S2,XGB,232,Train,34.0,33.363552
EC_S2_XGB_seed42,EC,S2,XGB,233,Train,31.0,29.981054
EC_S2_XGB_seed42,EC,S2,XGB,236,Train,36.0,36.583263
EC_S2_XGB_seed42,EC,S2,XGB,237,Train,29.0,29.081652
EC_S2_XGB_seed42,EC,S2,XGB,238,Train,31.0,32.006844
EC_S2_XGB_seed42,EC,S2,XGB,239,Train,21.0,20.661503
EC_S2_XGB_seed42,EC,S2,XGB,240,Train,21.0,20.62869
EC_S2_XGB_seed42,EC,S2,XGB,241,Train,16.0,16.116102
EC_S2_XGB_seed42,EC,S2,XGB,242,Train,31.0,32.40771
EC_S2_XGB_seed42,EC,S2,XGB,243,Train,45.0,45.60088
EC_S2_XGB_seed42,EC,S2,XGB,247,Train,34.0,37.561604
EC_S2_XGB_seed42,EC,S2,XGB,248,Train,36.0,35.006226
EC_S2_XGB_seed42,EC,S2,XGB,249,Train,33.0,33.55639
EC_S2_XGB_seed42,EC,S2,XGB,250,Train,31.0,32.006844
EC_S2_XGB_seed42,EC,S2,XGB,251,Train,48.0,47.761368
EC_S2_XGB_seed42,EC,S2,XGB,252,Train,48.0,48.13537
EC_S2_XGB_seed42,EC,S2,XGB,253,Train,50.0,49.697586
EC_S2_XGB_seed42,EC,S2,XGB,255,Train,51.0,50.575737
EC_S2_XGB_seed42,EC,S2,XGB,258,Train,49.0,49.137856
EC_S2_XGB_seed42,EC,S2,XGB,259,Train,54.0,54.087543
EC_S2_XGB_seed42,EC,S2,XGB,260,Train,62.0,59.636864
EC_S2_XGB_seed42,EC,S2,XGB,261,Train,54.0,55.41542
EC_S2_XGB_seed42,EC,S2,XGB,269,Train,21.0,21.310347
EC_S2_XGB_seed42,EC,S2,XGB,270,Train,16.0,16.716642
EC_S2_XGB_seed42,EC,S2,XGB,271,Train,30.0,29.728287
EC_S2_XGB_seed42,EC,S2,XGB,272,Train,44.0,44.75108
EC_S2_XGB_seed42,EC,S2,XGB,273,Train,35.0,34.736206
EC_S2_XGB_seed42,EC,S2,XGB,274,Train,32.0,32.35027
EC_S2_XGB_seed42,EC,S2,XGB,276,Train,35.0,35.372177
EC_S2_XGB_seed42,EC,S2,XGB,277,Train,36.0,37.193687
EC_S2_XGB_seed42,EC,S2,XGB,278,Train,39.0,39.248047
EC_S2_XGB_seed42,EC,S2,XGB,279,Train,32.0,32.467175
EC_S2_XGB_seed42,EC,S2,XGB,280,Train,50.0,51.500706
EC_S2_XGB_seed42,EC,S2,XGB,281,Train,53.0,55.024223
EC_S2_XGB_seed42,EC,S2,XGB,282,Train,71.0,68.88731
EC_S2_XGB_seed42,EC,S2,XGB,283,Train,76.0,72.52032
EC_S2_XGB_seed42,EC,S2,XGB,293,Train,34.0,32.025856
EC_S2_XGB_seed42,EC,S2,XGB,294,Train,55.0,55.688225
EC_S2_XGB_seed42,EC,S2,XGB,297,Train,82.0,81.07299
EC_S2_XGB_seed42,EC,S2,XGB,298,Train,78.0,79.86943
EC_S2_XGB_seed42,EC,S2,XGB,309,Train,22.0,22.026018
EC_S2_XGB_seed42,EC,S2,XGB,310,Train,23.0,22.99358
EC_S2_XGB_seed42,EC,S2,XGB,311,Train,16.0,15.598693
EC_S2_XGB_seed42,EC,S2,XGB,312,Train,30.0,29.95495
EC_S2_XGB_seed42,EC,S2,XGB,313,Train,43.0,44.60181
EC_S2_XGB_seed42,EC,S2,XGB,314,Train,36.0,39.529064
EC_S2_XGB_seed42,EC,S2,XGB,315,Train,32.0,31.122965
EC_S2_XGB_seed42,EC,S2,XGB,316,Train,42.0,42.552517
EC_S2_XGB_seed42,EC,S2,XGB,317,Train,35.0,35.471336
EC_S2_XGB_seed42,EC,S2,XGB,318,Train,38.0,37.624496
EC_S2_XGB_seed42,EC,S2,XGB,319,Train,44.0,35.472446
EC_S2_XGB_seed42,EC,S2,XGB,320,Train,34.0,35.857
EC_S2_XGB_seed42,EC,S2,XGB,322,Train,28.0,28.770569
EC_S2_XGB_seed42,EC,S2,XGB,323,Train,27.0,26.838188
EC_S2_XGB_seed42,EC,S2,XGB,324,Train,65.0,66.18233
EC_S2_XGB_seed42,EC,S2,XGB,325,Train,76.0,75.99591
EC_S2_XGB_seed42,EC,S2,XGB,327,Train,82.0,82.33469
EC_S2_XGB_seed42,EC,S2,XGB,328,Train,86.0,84.644066
EC_S2_XGB_seed42,EC,S2,XGB,329,Train,33.0,34.39733
EC_S2_XGB_seed42,EC,S2,XGB,337,Train,23.0,22.026018
EC_S2_XGB_seed42,EC,S2,XGB,339,Train,17.0,18.61404
EC_S2_XGB_seed42,EC,S2,XGB,340,Train,30.0,31.687786
EC_S2_XGB_seed42,EC,S2,XGB,344,Train,45.0,42.84842
EC_S2_XGB_seed42,EC,S2,XGB,345,Train,37.0,38.01026
EC_S2_XGB_seed42,EC,S2,XGB,346,Train,37.0,36.389877
EC_S2_XGB_seed42,EC,S2,XGB,347,Train,47.0,46.4586
EC_S2_XGB_seed42,EC,S2,XGB,348,Train,39.0,37.511818
EC_S2_XGB_seed42,EC,S2,XGB,351,Train,36.0,35.8343
EC_S2_XGB_seed42,EC,S2,XGB,353,Train,28.0,31.079222
EC_S2_XGB_seed42,EC,S2,XGB,354,Train,28.0,27.75284
EC_S2_XGB_seed42,EC,S2,XGB,355,Train,35.0,35.142567
EC_S2_XGB_seed42,EC,S2,XGB,356,Train,71.0,70.601685
EC_S2_XGB_seed42,EC,S2,XGB,357,Train,79.0,79.25659
EC_S2_XGB_seed42,EC,S2,XGB,358,Train,83.0,83.40548
EC_S2_XGB_seed42,EC,S2,XGB,359,Train,85.0,84.75302
EC_S2_XGB_seed42,EC,S2,XGB,365,Train,36.0,34.966045
EC_S2_XGB_seed42,EC,S2,XGB,367,Train,49.0,47.58502
EC_S2_XGB_seed42,EC,S2,XGB,369,Train,51.0,50.027042
EC_S2_XGB_seed42,EC,S2,XGB,372,Train,51.0,47.614388
EC_S2_XGB_seed42,EC,S2,XGB,373,Train,50.0,48.5884
EC_S2_XGB_seed42,EC,S2,XGB,374,Train,51.0,49.1238
EC_S2_XGB_seed42,EC,S2,XGB,375,Train,39.0,39.05216
EC_S2_XGB_seed42,EC,S2,XGB,376,Train,40.0,40.178513
EC_S2_XGB_seed42,EC,S2,XGB,377,Train,48.0,45.846573
EC_S2_XGB_seed42,EC,S2,XGB,384,Train,28.0,26.332624
EC_S2_XGB_seed42,EC,S2,XGB,385,Train,23.0,23.061964
EC_S2_XGB_seed42,EC,S2,XGB,387,Train,31.0,30.60349
EC_S2_XGB_seed42,EC,S2,XGB,388,Train,40.0,40.795753
EC_S2_XGB_seed42,EC,S2,XGB,389,Train,48.0,46.566193
EC_S2_XGB_seed42,EC,S2,XGB,390,Train,32.0,32.961
EC_S2_XGB_seed42,EC,S2,XGB,391,Train,45.0,44.55071
EC_S2_XGB_seed42,EC,S2,XGB,392,Train,36.0,35.2339
EC_S2_XGB_seed42,EC,S2,XGB,393,Train,47.0,47.004513
EC_S2_XGB_seed42,EC,S2,XGB,394,Train,38.0,36.362846
EC_S2_XGB_seed42,EC,S2,XGB,395,Train,41.0,40.32007
EC_S2_XGB_seed42,EC,S2,XGB,396,Train,29.0,30.478853
EC_S2_XGB_seed42,EC,S2,XGB,398,Train,36.0,36.41052
EC_S2_XGB_seed42,EC,S2,XGB,400,Train,79.0,79.859
EC_S2_XGB_seed42,EC,S2,XGB,402,Train,85.0,85.49469
EC_S2_XGB_seed42,EC,S2,XGB,403,Train,88.0,86.74557
EC_S2_XGB_seed42,EC,S2,XGB,410,Train,17.0,16.560663
EC_S2_XGB_seed42,EC,S2,XGB,412,Train,32.0,32.217644
EC_S2_XGB_seed42,EC,S2,XGB,413,Train,47.0,46.921467
EC_S2_XGB_seed42,EC,S2,XGB,414,Train,23.0,22.851017
EC_S2_XGB_seed42,EC,S2,XGB,418,Train,83.0,83.01537
EC_S2_XGB_seed42,EC,S2,XGB,419,Train,84.0,85.113335
EC_S2_XGB_seed42,EC,S2,XGB,420,Train,87.0,86.75646
EC_S2_XGB_seed42,EC,S2,XGB,421,Train,37.0,37.60676
EC_S2_XGB_seed42,EC,S2,XGB,423,Train,31.0,31.198761
EC_S2_XGB_seed42,EC,S2,XGB,424,Train,32.0,31.687786
EC_S2_XGB_seed42,EC,S2,XGB,425,Train,47.0,42.84842
EC_S2_XGB_seed42,EC,S2,XGB,426,Train,51.0,44.474228
EC_S2_XGB_seed42,EC,S2,XGB,428,Train,37.0,36.08373
EC_S2_XGB_seed42,EC,S2,XGB,430,Train,34.0,33.379505
EC_S2_XGB_seed42,EC,S2,XGB,432,Train,77.0,74.73929
EC_S2_XGB_seed42,EC,S2,XGB,433,Train,82.0,82.63986
EC_S2_XGB_seed42,EC,S2,XGB,434,Train,83.0,83.307594
EC_S2_XGB_seed42,EC,S2,XGB,435,Train,85.0,85.571785
EC_S2_XGB_seed42,EC,S2,XGB,436,Train,87.0,86.89245
EC_S2_XGB_seed42,EC,S2,XGB,438,Train,38.0,37.56584
EC_S2_XGB_seed42,EC,S2,XGB,440,Train,17.0,16.656261
EC_S2_XGB_seed42,EC,S2,XGB,441,Train,48.0,47.18772
EC_S2_XGB_seed42,EC,S2,XGB,442,Train,35.0,36.033546
EC_S2_XGB_seed42,EC,S2,XGB,443,Train,36.0,39.16161
EC_S2_XGB_seed42,EC,S2,XGB,445,Train,35.0,35.02292
EC_S2_XGB_seed42,EC,S2,XGB,446,Train,51.0,48.039295
EC_S2_XGB_seed42,EC,S2,XGB,449,Train,32.0,32.08451
EC_S2_XGB_seed42,EC,S2,XGB,450,Train,37.0,37.14643
EC_S2_XGB_seed42,EC,S2,XGB,452,Train,35.0,34.010002
EC_S2_XGB_seed42,EC,S2,XGB,453,Train,39.0,37.98424
EC_S2_XGB_seed42,EC,S2,XGB,454,Train,41.0,40.688625
EC_S2_XGB_seed42,EC,S2,XGB,455,Train,24.0,21.977367
EC_S2_XGB_seed42,EC,S2,XGB,456,Train,47.0,44.86925
EC_S2_XGB_seed42,EC,S2,XGB,457,Train,29.0,30.594044
EC_S2_XGB_seed42,EC,S2,XGB,458,Train,37.0,36.84131
EC_S2_XGB_seed42,EC,S2,XGB,459,Train,32.0,31.858286
EC_S2_XGB_seed42,EC,S2,XGB,460,Train,37.0,37.226566
EC_S2_XGB_seed42,EC,S2,XGB,461,Train,31.0,31.700577
EC_S2_XGB_seed42,EC,S2,XGB,462,Train,37.0,36.749596
EC_S2_XGB_seed42,EC,S2,XGB,463,Train,31.0,30.997423
EC_S2_XGB_seed42,EC,S2,XGB,464,Train,37.0,36.592163
EC_S2_XGB_seed42,EC,S2,XGB,465,Train,36.0,36.84131
EC_S2_XGB_seed42,EC,S2,XGB,466,Train,39.0,36.84131
EC_S2_XGB_seed42,EC,S2,XGB,468,Train,42.0,42.797245
EC_S2_XGB_seed42,EC,S2,XGB,469,Train,36.0,36.578457
EC_S2_XGB_seed42,EC,S2,XGB,470,Train,42.0,41.65738
EC_S2_XGB_seed42,EC,S2,XGB,471,Train,36.0,35.640926
EC_S2_XGB_seed42,EC,S2,XGB,472,Train,41.0,41.048378
EC_S2_XGB_seed42,EC,S2,XGB,473,Train,38.0,36.84559
EC_S2_XGB_seed42,EC,S2,XGB,474,Train,25.0,32.778854
EC_S2_XGB_seed42,EC,S2,XGB,475,Train,32.0,34.481373
EC_S2_XGB_seed42,EC,S2,XGB,476,Train,35.0,34.481373
EC_S2_XGB_seed42,EC,S2,XGB,477,Train,40.0,40.470226
EC_S2_XGB_seed42,EC,S2,XGB,478,Train,42.0,40.470226
EC_S2_XGB_seed42,EC,S2,XGB,479,Train,42.0,38.61916
EC_S2_XGB_seed42,EC,S2,XGB,481,Train,26.0,26.84726
EC_S2_XGB_seed42,EC,S2,XGB,482,Train,33.0,34.783665
EC_S2_XGB_seed42,EC,S2,XGB,483,Train,37.0,37.251858
EC_S2_XGB_seed42,EC,S2,XGB,484,Train,42.0,41.81427
EC_S2_XGB_seed42,EC,S2,XGB,485,Train,44.0,44.087955
EC_S2_XGB_seed42,EC,S2,XGB,486,Train,45.0,45.05458
EC_S2_XGB_seed42,EC,S2,XGB,487,Train,39.0,38.07692
EC_S2_XGB_seed42,EC,S2,XGB,488,Train,25.0,25.686958
EC_S2_XGB_seed42,EC,S2,XGB,489,Train,32.0,30.629574
EC_S2_XGB_seed42,EC,S2,XGB,491,Train,42.0,42.04152
EC_S2_XGB_seed42,EC,S2,XGB,492,Train,44.0,44.41767
EC_S2_XGB_seed42,EC,S2,XGB,493,Train,46.0,46.324715
EC_S2_XGB_seed42,EC,S2,XGB,494,Train,38.0,36.17305
EC_S2_XGB_seed42,EC,S2,XGB,495,Train,26.0,36.17305
EC_S2_XGB_seed42,EC,S2,XGB,496,Train,32.0,36.17305
EC_S2_XGB_seed42,EC,S2,XGB,498,Train,41.0,36.17305
EC_S2_XGB_seed42,EC,S2,XGB,500,Train,44.0,36.17305
EC_S2_XGB_seed42,EC,S2,XGB,501,Train,44.0,45.616337
EC_S2_XGB_seed42,EC,S2,XGB,502,Train,46.0,45.468388
EC_S2_XGB_seed42,EC,S2,XGB,503,Train,47.0,47.01647
EC_S2_XGB_seed42,EC,S2,XGB,504,Train,45.0,46.08056
EC_S2_XGB_seed42,EC,S2,XGB,505,Train,41.0,40.470226
EC_S2_XGB_seed42,EC,S2,XGB,506,Train,46.0,45.32988
EC_S2_XGB_seed42,EC,S2,XGB,507,Train,44.0,43.881767
EC_S2_XGB_seed42,EC,S2,XGB,509,Train,43.0,42.4389
EC_S2_XGB_seed42,EC,S2,XGB,510,Train,48.0,46.973747
EC_S2_XGB_seed42,EC,S2,XGB,511,Train,42.0,41.670715
EC_S2_XGB_seed42,EC,S2,XGB,512,Train,47.0,46.87048
EC_S2_XGB_seed42,EC,S2,XGB,516,Train,48.0,48.827282
EC_S2_XGB_seed42,EC,S2,XGB,517,Train,44.0,40.470226
EC_S2_XGB_seed42,EC,S2,XGB,518,Train,47.0,47.078075
EC_S2_XGB_seed42,EC,S2,XGB,520,Train,49.0,45.69791
EC_S2_XGB_seed42,EC,S2,XGB,521,Train,45.0,45.076187
EC_S2_XGB_seed42,EC,S2,XGB,523,Train,45.0,44.56903
EC_S2_XGB_seed42,EC,S2,XGB,524,Train,49.0,48.673054
EC_S2_XGB_seed42,EC,S2,XGB,526,Train,47.0,47.456284
EC_S2_XGB_seed42,EC,S2,XGB,527,Train,47.0,47.40289
EC_S2_XGB_seed42,EC,S2,XGB,528,Train,46.0,46.072163
EC_S2_XGB_seed42,EC,S2,XGB,529,Train,47.0,46.45983
EC_S2_XGB_seed42,EC,S2,XGB,530,Train,48.0,47.567223
EC_S2_XGB_seed42,EC,S2,XGB,532,Train,48.0,47.789642
EC_S2_XGB_seed42,EC,S2,XGB,533,Train,23.0,22.754642
EC_S2_XGB_seed42,EC,S2,XGB,536,Train,26.0,25.554352
EC_S2_XGB_seed42,EC,S2,XGB,538,Train,19.0,19.245409
EC_S2_XGB_seed42,EC,S2,XGB,540,Train,20.0,19.894701
EC_S2_XGB_seed42,EC,S2,XGB,541,Train,24.0,24.193941
EC_S2_XGB_seed42,EC,S2,XGB,542,Train,20.0,20.359976
EC_S2_XGB_seed42,EC,S2,XGB,543,Train,23.0,22.685314
EC_S2_XGB_seed42,EC,S2,XGB,544,Train,28.0,27.683304
EC_S2_XGB_seed42,EC,S2,XGB,545,Train,29.0,28.538473
EC_S2_XGB_seed42,EC,S2,XGB,547,Train,27.0,28.011154
EC_S2_XGB_seed42,EC,S2,XGB,548,Train,30.0,29.173449
EC_S2_XGB_seed42,EC,S2,XGB,549,Train,24.0,25.443535
EC_S2_XGB_seed42,EC,S2,XGB,550,Train,24.0,24.541824
EC_S2_XGB_seed42,EC,S2,XGB,552,Train,32.0,31.392643
EC_S2_XGB_seed42,EC,S2,XGB,554,Train,32.0,32.68713
EC_S2_XGB_seed42,EC,S2,XGB,555,Train,27.0,26.379133
EC_S2_XGB_seed42,EC,S2,XGB,556,Train,25.0,25.0986
EC_S2_XGB_seed42,EC,S2,XGB,557,Train,31.0,29.502775
EC_S2_XGB_seed42,EC,S2,XGB,558,Train,33.0,32.30667
EC_S2_XGB_seed42,EC,S2,XGB,559,Train,29.0,29.286688
EC_S2_XGB_seed42,EC,S2,XGB,560,Train,33.0,33.328735
EC_S2_XGB_seed42,EC,S2,XGB,561,Train,20.0,21.482927
EC_S2_XGB_seed42,EC,S2,XGB,562,Train,23.0,24.902534
EC_S2_XGB_seed42,EC,S2,XGB,563,Train,27.0,28.6476
EC_S2_XGB_seed42,EC,S2,XGB,565,Train,28.0,26.125565
EC_S2_XGB_seed42,EC,S2,XGB,566,Train,24.0,24.931648
EC_S2_XGB_seed42,EC,S2,XGB,567,Train,26.0,26.809528
EC_S2_XGB_seed42,EC,S2,XGB,568,Train,22.0,21.309593
EC_S2_XGB_seed42,EC,S2,XGB,569,Train,25.0,24.402962
EC_S2_XGB_seed42,EC,S2,XGB,570,Train,29.0,28.81237
EC_S2_XGB_seed42,EC,S2,XGB,571,Train,32.0,30.913206
EC_S2_XGB_seed42,EC,S2,XGB,572,Train,31.0,30.952213
EC_S2_XGB_seed42,EC,S2,XGB,573,Train,31.0,31.023344
EC_S2_XGB_seed42,EC,S2,XGB,574,Train,32.0,31.686039
EC_S2_XGB_seed42,EC,S2,XGB,575,Train,27.0,27.753824
EC_S2_XGB_seed42,EC,S2,XGB,577,Train,26.0,26.930187
EC_S2_XGB_seed42,EC,S2,XGB,578,Train,29.0,27.844154
EC_S2_XGB_seed42,EC,S2,XGB,580,Train,32.0,31.282396
EC_S2_XGB_seed42,EC,S2,XGB,581,Train,34.0,33.498264
EC_S2_XGB_seed42,EC,S2,XGB,582,Train,22.0,22.067232
EC_S2_XGB_seed42,EC,S2,XGB,583,Train,26.0,26.040436
EC_S2_XGB_seed42,EC,S2,XGB,584,Train,30.0,29.53719
EC_S2_XGB_seed42,EC,S2,XGB,585,Train,32.0,31.315023
EC_S2_XGB_seed42,EC,S2,XGB,586,Train,30.0,30.948233
EC_S2_XGB_seed42,EC,S2,XGB,588,Train,33.0,33.30339
EC_S2_XGB_seed42,EC,S2,XGB,589,Train,35.0,35.03584
EC_S2_XGB_seed42,EC,S2,XGB,590,Train,33.0,30.828186
EC_S2_XGB_seed42,EC,S2,XGB,591,Train,34.0,34.41348
EC_S2_XGB_seed42,EC,S2,XGB,592,Train,29.0,30.671907
EC_S2_XGB_seed42,EC,S2,XGB,593,Train,35.0,34.644417
EC_S2_XGB_seed42,EC,S2,XGB,594,Train,23.0,23.163969
EC_S2_XGB_seed42,EC,S2,XGB,595,Train,26.0,27.950274
EC_S2_XGB_seed42,EC,S2,XGB,596,Train,31.0,32.99639
EC_S2_XGB_seed42,EC,S2,XGB,597,Train,28.0,27.194572
EC_S2_XGB_seed42,EC,S2,XGB,598,Train,29.0,28.00024
EC_S2_XGB_seed42,EC,S2,XGB,599,Train,26.0,27.194572
EC_S2_XGB_seed42,EC,S2,XGB,600,Train,28.0,30.949621
EC_S2_XGB_seed42,EC,S2,XGB,601,Train,23.0,21.428007
EC_S2_XGB_seed42,EC,S2,XGB,602,Train,27.0,26.01582
EC_S2_XGB_seed42,EC,S2,XGB,603,Train,31.0,31.25714
EC_S2_XGB_seed42,EC,S2,XGB,604,Train,33.0,34.36004
EC_S2_XGB_seed42,EC,S2,XGB,605,Train,35.0,35.04153
EC_S2_XGB_seed42,EC,S2,XGB,606,Train,35.0,35.018063
EC_S2_XGB_seed42,EC,S2,XGB,607,Train,36.0,35.690834
EC_S2_XGB_seed42,EC,S2,XGB,608,Train,36.0,35.62412
EC_S2_XGB_seed42,EC,S2,XGB,609,Train,28.0,28.115398
EC_S2_XGB_seed42,EC,S2,XGB,610,Train,33.0,33.245354
EC_S2_XGB_seed42,EC,S2,XGB,614,Train,29.0,29.283854
EC_S2_XGB_seed42,EC,S2,XGB,615,Train,30.0,30.096966
EC_S2_XGB_seed42,EC,S2,XGB,619,Train,34.0,34.17472
EC_S2_XGB_seed42,EC,S2,XGB,621,Train,36.0,35.615143
EC_S2_XGB_seed42,EC,S2,XGB,622,Train,37.0,36.853878
EC_S2_XGB_seed42,EC,S2,XGB,623,Train,38.0,36.742313
EC_S2_XGB_seed42,EC,S2,XGB,624,Train,30.0,29.600399
EC_S2_XGB_seed42,EC,S2,XGB,626,Train,36.0,35.809895
EC_S2_XGB_seed42,EC,S2,XGB,627,Train,33.0,33.211952
EC_S2_XGB_seed42,EC,S2,XGB,628,Train,37.0,36.721733
EC_S2_XGB_seed42,EC,S2,XGB,630,Train,28.0,30.157627
EC_S2_XGB_seed42,EC,S2,XGB,632,Train,29.0,29.828568
EC_S2_XGB_seed42,EC,S2,XGB,633,Train,31.0,30.271101
EC_S2_XGB_seed42,EC,S2,XGB,636,Train,24.0,24.631466
EC_S2_XGB_seed42,EC,S2,XGB,638,Train,33.0,32.84105
EC_S2_XGB_seed42,EC,S2,XGB,639,Train,35.0,35.61639
EC_S2_XGB_seed42,EC,S2,XGB,641,Train,37.0,37.203743
EC_S2_XGB_seed42,EC,S2,XGB,642,Train,38.0,37.48488
EC_S2_XGB_seed42,EC,S2,XGB,645,Train,35.0,34.929718
EC_S2_XGB_seed42,EC,S2,XGB,648,Train,38.0,38.258114
EC_S2_XGB_seed42,EC,S2,XGB,649,Train,26.0,27.076569
EC_S2_XGB_seed42,EC,S2,XGB,650,Train,30.0,30.915264
EC_S2_XGB_seed42,EC,S2,XGB,651,Train,34.0,34.1707
EC_S2_XGB_seed42,EC,S2,XGB,652,Train,30.0,29.131828
EC_S2_XGB_seed42,EC,S2,XGB,653,Train,31.0,31.59741
EC_S2_XGB_seed42,EC,S2,XGB,655,Train,29.0,30.432858
EC_S2_XGB_seed42,EC,S2,XGB,656,Train,34.0,34.353504
EC_S2_XGB_seed42,EC,S2,XGB,657,Train,36.0,36.1301
EC_S2_XGB_seed42,EC,S2,XGB,658,Train,38.0,37.650368
EC_S2_XGB_seed42,EC,S2,XGB,659,Train,38.0,37.67141
EC_S2_XGB_seed42,EC,S2,XGB,660,Train,39.0,38.216488
EC_S2_XGB_seed42,EC,S2,XGB,661,Train,39.0,38.348705
EC_S2_XGB_seed42,EC,S2,XGB,662,Train,36.0,37.94387
EC_S2_XGB_seed42,EC,S2,XGB,663,Train,38.0,37.191322
EC_S2_XGB_seed42,EC,S2,XGB,665,Train,40.0,39.752472
EC_S2_XGB_seed42,EC,S2,XGB,666,Train,30.0,30.035646
EC_S2_XGB_seed42,EC,S2,XGB,667,Train,32.0,32.301632
EC_S2_XGB_seed42,EC,S2,XGB,669,Train,31.0,31.71711
EC_S2_XGB_seed42,EC,S2,XGB,670,Train,36.0,35.73302
EC_S2_XGB_seed42,EC,S2,XGB,671,Train,37.0,37.413822
EC_S2_XGB_seed42,EC,S2,XGB,672,Train,39.0,38.18831
EC_S2_XGB_seed42,EC,S2,XGB,674,Train,39.0,39.268047
EC_S2_XGB_seed42,EC,S2,XGB,675,Train,40.0,39.487034
EC_S2_XGB_seed42,EC,S2,XGB,677,Train,27.0,27.740734
EC_S2_XGB_seed42,EC,S2,XGB,678,Train,31.0,33.342632
EC_S2_XGB_seed42,EC,S2,XGB,679,Train,34.0,34.810917
EC_S2_XGB_seed42,EC,S2,XGB,681,Train,37.0,36.595158
EC_S2_XGB_seed42,EC,S2,XGB,683,Train,31.0,29.901936
EC_S2_XGB_seed42,EC,S2,XGB,685,Train,29.0,29.901936
EC_S2_XGB_seed42,EC,S2,XGB,686,Train,31.0,32.307137
EC_S2_XGB_seed42,EC,S2,XGB,687,Train,33.0,32.462482
EC_S2_XGB_seed42,EC,S2,XGB,688,Train,37.0,37.49787
EC_S2_XGB_seed42,EC,S2,XGB,689,Train,38.0,38.54684
EC_S2_XGB_seed42,EC,S2,XGB,690,Train,28.0,28.619864
EC_S2_XGB_seed42,EC,S2,XGB,692,Train,35.0,37.479454
EC_S2_XGB_seed42,EC,S2,XGB,693,Train,26.0,26.746721
EC_S2_XGB_seed42,EC,S2,XGB,694,Train,32.0,32.458317
EC_S2_XGB_seed42,EC,S2,XGB,695,Train,37.0,36.988026
EC_S2_XGB_seed42,EC,S2,XGB,696,Train,37.0,38.710564
EC_S2_XGB_seed42,EC,S2,XGB,697,Train,39.0,39.545742
EC_S2_XGB_seed42,EC,S2,XGB,698,Train,39.0,39.526367
EC_S2_XGB_seed42,EC,S2,XGB,700,Train,40.0,40.00009
EC_S2_XGB_seed42,EC,S2,XGB,701,Train,38.0,38.306023
EC_S2_XGB_seed42,EC,S2,XGB,702,Train,41.0,41.494064
EC_S2_XGB_seed42,EC,S2,XGB,703,Train,31.0,30.366837
EC_S2_XGB_seed42,EC,S2,XGB,704,Train,33.0,33.30911
EC_S2_XGB_seed42,EC,S2,XGB,705,Train,34.0,33.15521
EC_S2_XGB_seed42,EC,S2,XGB,706,Train,38.0,38.908916
EC_S2_XGB_seed42,EC,S2,XGB,707,Train,28.0,28.813507
EC_S2_XGB_seed42,EC,S2,XGB,708,Train,33.0,33.371346
EC_S2_XGB_seed42,EC,S2,XGB,709,Train,35.0,35.97747
EC_S2_XGB_seed42,EC,S2,XGB,710,Train,30.0,31.500912
EC_S2_XGB_seed42,EC,S2,XGB,712,Train,27.0,27.64422
EC_S2_XGB_seed42,EC,S2,XGB,713,Train,35.0,34.562214
EC_S2_XGB_seed42,EC,S2,XGB,714,Train,38.0,37.659374
EC_S2_XGB_seed42,EC,S2,XGB,715,Train,38.0,38.751102
EC_S2_XGB_seed42,EC,S2,XGB,716,Train,40.0,39.877934
EC_S2_XGB_seed42,EC,S2,XGB,717,Train,40.0,40.05565
EC_S2_XGB_seed42,EC,S2,XGB,718,Train,40.0,40.475227
EC_S2_XGB_seed42,EC,S2,XGB,719,Train,40.0,40.54476
EC_S2_XGB_seed42,EC,S2,XGB,720,Train,38.0,38.05151
EC_S2_XGB_seed42,EC,S2,XGB,722,Train,43.0,43.065216
EC_S2_XGB_seed42,EC,S2,XGB,723,Train,31.0,31.305614
EC_S2_XGB_seed42,EC,S2,XGB,724,Train,33.0,33.938667
EC_S2_XGB_seed42,EC,S2,XGB,727,Train,34.0,33.814903
EC_S2_XGB_seed42,EC,S2,XGB,728,Train,39.0,38.87177
EC_S2_XGB_seed42,EC,S2,XGB,729,Train,29.0,29.633629
EC_S2_XGB_seed42,EC,S2,XGB,730,Train,34.0,33.91614
EC_S2_XGB_seed42,EC,S2,XGB,731,Train,35.0,35.53949
EC_S2_XGB_seed42,EC,S2,XGB,732,Train,38.0,38.295948
EC_S2_XGB_seed42,EC,S2,XGB,734,Train,44.0,43.71547
EC_S2_XGB_seed42,EC,S2,XGB,735,Train,32.0,31.96375
EC_S2_XGB_seed42,EC,S2,XGB,736,Train,34.0,34.10843
EC_S2_XGB_seed42,EC,S2,XGB,737,Train,34.0,34.002438
EC_S2_XGB_seed42,EC,S2,XGB,738,Train,39.0,39.328224
EC_S2_XGB_seed42,EC,S2,XGB,739,Train,29.0,29.480885
EC_S2_XGB_seed42,EC,S2,XGB,740,Train,34.0,34.232353
EC_S2_XGB_seed42,EC,S2,XGB,741,Train,36.0,36.138264
EC_S2_XGB_seed42,EC,S2,XGB,742,Train,29.0,29.338573
EC_S2_XGB_seed42,EC,S2,XGB,743,Train,37.0,36.09636
EC_S2_XGB_seed42,EC,S2,XGB,744,Train,39.0,38.548748
EC_S2_XGB_seed42,EC,S2,XGB,745,Train,39.0,39.664215
EC_S2_XGB_seed42,EC,S2,XGB,746,Train,40.0,40.48712
EC_S2_XGB_seed42,EC,S2,XGB,747,Train,40.0,40.467747
EC_S2_XGB_seed42,EC,S2,XGB,748,Train,40.0,40.69921
EC_S2_XGB_seed42,EC,S2,XGB,751,Train,40.0,40.82182
EC_S2_XGB_seed42,EC,S2,XGB,752,Train,44.0,44.18254
EC_S2_XGB_seed42,EC,S2,XGB,753,Train,33.0,32.391632
EC_S2_XGB_seed42,EC,S2,XGB,754,Train,34.0,34.564728
EC_S2_XGB_seed42,EC,S2,XGB,756,Train,34.0,34.28583
EC_S2_XGB_seed42,EC,S2,XGB,758,Train,30.0,30.265701
EC_S2_XGB_seed42,EC,S2,XGB,759,Train,34.0,34.393017
EC_S2_XGB_seed42,EC,S2,XGB,760,Train,37.0,36.415874
EC_S2_XGB_seed42,EC,S2,XGB,761,Train,38.0,38.90551
EC_S2_XGB_seed42,EC,S2,XGB,762,Train,41.0,41.1729
EC_S2_XGB_seed42,EC,S2,XGB,763,Train,45.0,44.776604
EC_S2_XGB_seed42,EC,S2,XGB,765,Train,35.0,34.819756
EC_S2_XGB_seed42,EC,S2,XGB,766,Train,33.0,33.49831
EC_S2_XGB_seed42,EC,S2,XGB,767,Train,35.0,34.724487
EC_S2_XGB_seed42,EC,S2,XGB,768,Train,40.0,39.64665
EC_S2_XGB_seed42,EC,S2,XGB,769,Train,31.0,30.785467
EC_S2_XGB_seed42,EC,S2,XGB,770,Train,35.0,34.607147
EC_S2_XGB_seed42,EC,S2,XGB,771,Train,37.0,36.62341
EC_S2_XGB_seed42,EC,S2,XGB,772,Train,31.0,31.107738
EC_S2_XGB_seed42,EC,S2,XGB,773,Train,38.0,36.718857
EC_S2_XGB_seed42,EC,S2,XGB,774,Train,39.0,38.76628
EC_S2_XGB_seed42,EC,S2,XGB,775,Train,40.0,39.9459
EC_S2_XGB_seed42,EC,S2,XGB,776,Train,41.0,40.75498
EC_S2_XGB_seed42,EC,S2,XGB,777,Train,41.0,40.795414
EC_S2_XGB_seed42,EC,S2,XGB,778,Train,41.0,41.348877
EC_S2_XGB_seed42,EC,S2,XGB,779,Train,41.0,41.35265
EC_S2_XGB_seed42,EC,S2,XGB,780,Train,38.0,39.05096
EC_S2_XGB_seed42,EC,S2,XGB,781,Train,42.0,41.658813
EC_S2_XGB_seed42,EC,S2,XGB,782,Train,46.0,45.168747
EC_S2_XGB_seed42,EC,S2,XGB,786,Train,35.0,34.893387
EC_S2_XGB_seed42,EC,S2,XGB,787,Train,31.0,30.856392
EC_S2_XGB_seed42,EC,S2,XGB,788,Train,35.0,34.7438
EC_S2_XGB_seed42,EC,S2,XGB,789,Train,38.0,36.672108
EC_S2_XGB_seed42,EC,S2,XGB,790,Train,39.0,39.287075
EC_S2_XGB_seed42,EC,S2,XGB,792,Train,43.0,41.987427
EC_S2_XGB_seed42,EC,S2,XGB,793,Train,46.0,45.41335
EC_S2_XGB_seed42,EC,S2,XGB,795,Train,35.0,34.76552
EC_S2_XGB_seed42,EC,S2,XGB,796,Train,38.0,36.637665
EC_S2_XGB_seed42,EC,S2,XGB,797,Train,33.0,32.70386
EC_S2_XGB_seed42,EC,S2,XGB,798,Train,35.0,35.04301
EC_S2_XGB_seed42,EC,S2,XGB,799,Train,31.0,32.70386
EC_S2_XGB_seed42,EC,S2,XGB,800,Train,33.0,33.61607
EC_S2_XGB_seed42,EC,S2,XGB,801,Train,32.0,31.345242
EC_S2_XGB_seed42,EC,S2,XGB,802,Train,39.0,37.05775
EC_S2_XGB_seed42,EC,S2,XGB,804,Train,40.0,40.08256
EC_S2_XGB_seed42,EC,S2,XGB,805,Train,41.0,41.219944
EC_S2_XGB_seed42,EC,S2,XGB,806,Train,41.0,41.22035
EC_S2_XGB_seed42,EC,S2,XGB,807,Train,42.0,41.544445
EC_S2_XGB_seed42,EC,S2,XGB,808,Train,42.0,41.524933
EC_S2_XGB_seed42,EC,S2,XGB,809,Train,39.0,39.323994
EC_S2_XGB_seed42,EC,S2,XGB,810,Train,39.0,39.34994
EC_S2_XGB_seed42,EC,S2,XGB,813,Train,33.0,32.835766
EC_S2_XGB_seed42,EC,S2,XGB,814,Train,35.0,35.05408
EC_S2_XGB_seed42,EC,S2,XGB,815,Train,47.0,46.551445
EC_S2_XGB_seed42,EC,S2,XGB,816,Train,43.0,43.09054
EC_S2_XGB_seed42,EC,S2,XGB,817,Train,34.0,33.283585
EC_S2_XGB_seed42,EC,S2,XGB,818,Train,36.0,35.580456
EC_S2_XGB_seed42,EC,S2,XGB,819,Train,47.0,46.56443
EC_S2_XGB_seed42,EC,S2,XGB,820,Train,23.0,23.278276
EC_S2_XGB_seed42,EC,S2,XGB,821,Train,27.0,28.22361
EC_S2_XGB_seed42,EC,S2,XGB,822,Train,32.0,33.09903
EC_S2_XGB_seed42,EC,S2,XGB,823,Train,33.0,37.409615
EC_S2_XGB_seed42,EC,S2,XGB,824,Train,36.0,38.825024
EC_S2_XGB_seed42,EC,S2,XGB,825,Train,43.0,36.729267
EC_S2_XGB_seed42,EC,S2,XGB,827,Train,41.0,37.409615
EC_S2_XGB_seed42,EC,S2,XGB,828,Train,43.0,38.825024
EC_S2_XGB_seed42,EC,S2,XGB,830,Train,44.0,38.429348
EC_S2_XGB_seed42,EC,S2,XGB,831,Train,47.0,37.409615
EC_S2_XGB_seed42,EC,S2,XGB,832,Train,49.0,38.825024
EC_S2_XGB_seed42,EC,S2,XGB,833,Train,52.0,36.729267
EC_S2_XGB_seed42,EC,S2,XGB,834,Train,48.0,38.429348
EC_S2_XGB_seed42,EC,S2,XGB,836,Train,26.0,38.825024
EC_S2_XGB_seed42,EC,S2,XGB,837,Train,25.0,36.729267
EC_S2_XGB_seed42,EC,S2,XGB,838,Train,28.0,38.429348
EC_S2_XGB_seed42,EC,S2,XGB,839,Train,32.0,37.409615
EC_S2_XGB_seed42,EC,S2,XGB,841,Train,33.0,36.729267
EC_S2_XGB_seed42,EC,S2,XGB,843,Train,34.0,37.409615
EC_S2_XGB_seed42,EC,S2,XGB,845,Train,31.0,36.729267
EC_S2_XGB_seed42,EC,S2,XGB,846,Train,34.0,38.429348
EC_S2_XGB_seed42,EC,S2,XGB,848,Train,13.0,14.61834
EC_S2_XGB_seed42,EC,S2,XGB,849,Train,28.0,27.390554
EC_S2_XGB_seed42,EC,S2,XGB,850,Train,21.0,20.318604
EC_S2_XGB_seed42,EC,S2,XGB,851,Train,25.0,24.563557
EC_S2_XGB_seed42,EC,S2,XGB,853,Train,18.0,21.064598
EC_S2_XGB_seed42,EC,S2,XGB,855,Train,21.0,19.826536
EC_S2_XGB_seed42,EC,S2,XGB,856,Train,25.0,21.064598
EC_S2_XGB_seed42,EC,S2,XGB,858,Train,25.0,25.379635
EC_S2_XGB_seed42,EC,S2,XGB,859,Train,25.0,25.361223
EC_S2_XGB_seed42,EC,S2,XGB,860,Train,32.0,31.305473
EC_S2_XGB_seed42,EC,S2,XGB,861,Train,38.0,37.822495
EC_S2_XGB_seed42,EC,S2,XGB,862,Train,36.0,38.144688
EC_S2_XGB_seed42,EC,S2,XGB,863,Train,41.0,38.712185
EC_S2_XGB_seed42,EC,S2,XGB,865,Train,46.0,40.37795
EC_S2_XGB_seed42,EC,S2,XGB,866,Train,44.0,38.144688
EC_S2_XGB_seed42,EC,S2,XGB,868,Train,52.0,39.781647
EC_S2_XGB_seed42,EC,S2,XGB,869,Train,47.0,40.37795
EC_S2_XGB_seed42,EC,S2,XGB,870,Train,48.0,38.144688
EC_S2_XGB_seed42,EC,S2,XGB,871,Train,51.0,38.712185
EC_S2_XGB_seed42,EC,S2,XGB,873,Train,49.0,40.37795
EC_S2_XGB_seed42,EC,S2,XGB,874,Train,26.0,38.144688
EC_S2_XGB_seed42,EC,S2,XGB,875,Train,27.0,38.712185
EC_S2_XGB_seed42,EC,S2,XGB,877,Train,31.0,40.37795
EC_S2_XGB_seed42,EC,S2,XGB,879,Train,35.0,38.712185
EC_S2_XGB_seed42,EC,S2,XGB,880,Train,35.0,39.781647
EC_S2_XGB_seed42,EC,S2,XGB,881,Train,34.0,40.37795
EC_S2_XGB_seed42,EC,S2,XGB,882,Train,35.0,38.144688
EC_S2_XGB_seed42,EC,S2,XGB,884,Train,32.0,39.781647
EC_S2_XGB_seed42,EC,S2,XGB,885,Train,35.0,40.37795
EC_S2_XGB_seed42,EC,S2,XGB,886,Train,28.0,31.248709
EC_S2_XGB_seed42,EC,S2,XGB,887,Train,23.0,24.95896
EC_S2_XGB_seed42,EC,S2,XGB,889,Train,28.0,31.39871
EC_S2_XGB_seed42,EC,S2,XGB,890,Train,18.0,19.579031
EC_S2_XGB_seed42,EC,S2,XGB,891,Train,17.0,22.456116
EC_S2_XGB_seed42,EC,S2,XGB,892,Train,23.0,22.363642
EC_S2_XGB_seed42,EC,S2,XGB,894,Train,29.0,22.456116
EC_S2_XGB_seed42,EC,S2,XGB,895,Train,28.0,28.162663
EC_S2_XGB_seed42,EC,S2,XGB,896,Train,36.0,34.417805
EC_S2_XGB_seed42,EC,S2,XGB,897,Train,41.0,40.27091
EC_S2_XGB_seed42,EC,S2,XGB,898,Train,39.0,42.180252
EC_S2_XGB_seed42,EC,S2,XGB,899,Train,46.0,42.958168
EC_S2_XGB_seed42,EC,S2,XGB,900,Train,52.0,43.47281
EC_S2_XGB_seed42,EC,S2,XGB,901,Train,48.0,41.59944
EC_S2_XGB_seed42,EC,S2,XGB,902,Train,47.0,42.180252
EC_S2_XGB_seed42,EC,S2,XGB,903,Train,52.0,42.958168
EC_S2_XGB_seed42,EC,S2,XGB,905,Train,48.0,41.59944
EC_S2_XGB_seed42,EC,S2,XGB,906,Train,50.0,42.180252
EC_S2_XGB_seed42,EC,S2,XGB,907,Train,52.0,42.958168
EC_S2_XGB_seed42,EC,S2,XGB,908,Train,55.0,43.47281
EC_S2_XGB_seed42,EC,S2,XGB,909,Train,49.0,41.59944
EC_S2_XGB_seed42,EC,S2,XGB,911,Train,29.0,42.958168
EC_S2_XGB_seed42,EC,S2,XGB,913,Train,32.0,41.59944
EC_S2_XGB_seed42,EC,S2,XGB,916,Train,35.0,43.47281
EC_S2_XGB_seed42,EC,S2,XGB,917,Train,36.0,41.59944
EC_S2_XGB_seed42,EC,S2,XGB,918,Train,36.0,42.180252
EC_S2_XGB_seed42,EC,S2,XGB,919,Train,36.0,42.958168
EC_S2_XGB_seed42,EC,S2,XGB,920,Train,34.0,43.47281
EC_S2_XGB_seed42,EC,S2,XGB,921,Train,36.0,41.59944
EC_S2_XGB_seed42,EC,S2,XGB,923,Train,38.0,37.902023
EC_S2_XGB_seed42,EC,S2,XGB,924,Train,45.0,44.455833
EC_S2_XGB_seed42,EC,S2,XGB,925,Train,41.0,40.193287
EC_S2_XGB_seed42,EC,S2,XGB,926,Train,49.0,43.54419
EC_S2_XGB_seed42,EC,S2,XGB,928,Train,48.0,41.942
EC_S2_XGB_seed42,EC,S2,XGB,929,Train,50.0,40.193287
EC_S2_XGB_seed42,EC,S2,XGB,930,Train,55.0,43.54419
EC_S2_XGB_seed42,EC,S2,XGB,931,Train,54.0,43.683186
EC_S2_XGB_seed42,EC,S2,XGB,932,Train,48.0,41.942
EC_S2_XGB_seed42,EC,S2,XGB,933,Train,50.0,40.193287
EC_S2_XGB_seed42,EC,S2,XGB,934,Train,54.0,43.54419
EC_S2_XGB_seed42,EC,S2,XGB,935,Train,55.0,43.683186
EC_S2_XGB_seed42,EC,S2,XGB,936,Train,49.0,41.942
EC_S2_XGB_seed42,EC,S2,XGB,937,Train,27.0,40.193287
EC_S2_XGB_seed42,EC,S2,XGB,938,Train,30.0,43.54419
EC_S2_XGB_seed42,EC,S2,XGB,939,Train,30.0,43.683186
EC_S2_XGB_seed42,EC,S2,XGB,940,Train,34.0,41.942
EC_S2_XGB_seed42,EC,S2,XGB,941,Train,34.0,40.193287
EC_S2_XGB_seed42,EC,S2,XGB,942,Train,36.0,43.54419
EC_S2_XGB_seed42,EC,S2,XGB,944,Train,36.0,41.942
EC_S2_XGB_seed42,EC,S2,XGB,946,Train,36.0,43.54419
EC_S2_XGB_seed42,EC,S2,XGB,947,Train,35.0,43.683186
EC_S2_XGB_seed42,EC,S2,XGB,948,Train,37.0,41.942
EC_S2_XGB_seed42,EC,S2,XGB,949,Train,29.0,29.373796
EC_S2_XGB_seed42,EC,S2,XGB,950,Train,23.0,22.4726
EC_S2_XGB_seed42,EC,S2,XGB,951,Train,28.0,29.3978
EC_S2_XGB_seed42,EC,S2,XGB,952,Train,29.0,31.570282
EC_S2_XGB_seed42,EC,S2,XGB,953,Train,13.0,18.862932
EC_S2_XGB_seed42,EC,S2,XGB,954,Train,19.0,20.346647
EC_S2_XGB_seed42,EC,S2,XGB,956,Train,24.0,18.862932
EC_S2_XGB_seed42,EC,S2,XGB,959,Train,31.0,29.967712
EC_S2_XGB_seed42,EC,S2,XGB,960,Train,39.0,38.020035
EC_S2_XGB_seed42,EC,S2,XGB,961,Train,47.0,46.827705
EC_S2_XGB_seed42,EC,S2,XGB,962,Train,42.0,38.69766
EC_S2_XGB_seed42,EC,S2,XGB,963,Train,50.0,43.320374
EC_S2_XGB_seed42,EC,S2,XGB,967,Train,56.0,43.320374
EC_S2_XGB_seed42,EC,S2,XGB,968,Train,54.0,44.85922
EC_S2_XGB_seed42,EC,S2,XGB,969,Train,49.0,41.256874
EC_S2_XGB_seed42,EC,S2,XGB,970,Train,52.0,38.69766
EC_S2_XGB_seed42,EC,S2,XGB,971,Train,55.0,43.320374
EC_S2_XGB_seed42,EC,S2,XGB,972,Train,56.0,44.85922
EC_S2_XGB_seed42,EC,S2,XGB,973,Train,49.0,41.256874
EC_S2_XGB_seed42,EC,S2,XGB,974,Train,27.0,38.69766
EC_S2_XGB_seed42,EC,S2,XGB,975,Train,30.0,43.320374
EC_S2_XGB_seed42,EC,S2,XGB,976,Train,31.0,44.85922
EC_S2_XGB_seed42,EC,S2,XGB,977,Train,35.0,41.256874
EC_S2_XGB_seed42,EC,S2,XGB,978,Train,34.0,38.69766
EC_S2_XGB_seed42,EC,S2,XGB,979,Train,36.0,43.320374
EC_S2_XGB_seed42,EC,S2,XGB,981,Train,37.0,41.256874
EC_S2_XGB_seed42,EC,S2,XGB,982,Train,37.0,38.69766
EC_S2_XGB_seed42,EC,S2,XGB,983,Train,37.0,43.320374
EC_S2_XGB_seed42,EC,S2,XGB,985,Train,37.0,41.256874
EC_S2_XGB_seed42,EC,S2,XGB,990,Train,42.0,41.29516
EC_S2_XGB_seed42,EC,S2,XGB,991,Train,51.0,48.726433
EC_S2_XGB_seed42,EC,S2,XGB,992,Train,47.0,43.111996
EC_S2_XGB_seed42,EC,S2,XGB,993,Train,54.0,43.658554
EC_S2_XGB_seed42,EC,S2,XGB,994,Train,55.0,45.36829
EC_S2_XGB_seed42,EC,S2,XGB,996,Train,54.0,43.111996
EC_S2_XGB_seed42,EC,S2,XGB,997,Train,58.0,43.658554
EC_S2_XGB_seed42,EC,S2,XGB,998,Train,56.0,45.36829
EC_S2_XGB_seed42,EC,S2,XGB,999,Train,49.0,40.364975
EC_S2_XGB_seed42,EC,S2,XGB,1000,Train,54.0,43.111996
EC_S2_XGB_seed42,EC,S2,XGB,1004,Train,28.0,43.111996
EC_S2_XGB_seed42,EC,S2,XGB,1005,Train,31.0,43.658554
EC_S2_XGB_seed42,EC,S2,XGB,1006,Train,33.0,45.36829
EC_S2_XGB_seed42,EC,S2,XGB,1007,Train,36.0,40.364975
EC_S2_XGB_seed42,EC,S2,XGB,1008,Train,35.0,43.111996
EC_S2_XGB_seed42,EC,S2,XGB,1009,Train,36.0,43.658554
EC_S2_XGB_seed42,EC,S2,XGB,1011,Train,38.0,40.364975
EC_S2_XGB_seed42,EC,S2,XGB,1012,Train,37.0,43.111996
EC_S2_XGB_seed42,EC,S2,XGB,1013,Train,37.0,43.658554
EC_S2_XGB_seed42,EC,S2,XGB,1014,Train,37.0,45.36829
EC_S2_XGB_seed42,EC,S2,XGB,1015,Train,38.0,40.364975
EC_S2_XGB_seed42,EC,S2,XGB,1016,Train,24.0,24.879084
EC_S2_XGB_seed42,EC,S2,XGB,1017,Train,29.0,31.959915
EC_S2_XGB_seed42,EC,S2,XGB,1018,Train,30.0,29.61223
EC_S2_XGB_seed42,EC,S2,XGB,1020,Train,20.0,23.730873
EC_S2_XGB_seed42,EC,S2,XGB,1021,Train,18.0,25.797682
EC_S2_XGB_seed42,EC,S2,XGB,1022,Train,24.0,23.52089
EC_S2_XGB_seed42,EC,S2,XGB,1023,Train,29.0,23.730873
EC_S2_XGB_seed42,EC,S2,XGB,1024,Train,32.0,25.797682
EC_S2_XGB_seed42,EC,S2,XGB,1025,Train,35.0,35.360123
EC_S2_XGB_seed42,EC,S2,XGB,1028,Train,49.0,43.188362
EC_S2_XGB_seed42,EC,S2,XGB,1029,Train,56.0,49.06888
EC_S2_XGB_seed42,EC,S2,XGB,1030,Train,55.0,45.83954
EC_S2_XGB_seed42,EC,S2,XGB,1032,Train,57.0,43.188362
EC_S2_XGB_seed42,EC,S2,XGB,1033,Train,59.0,49.06888
EC_S2_XGB_seed42,EC,S2,XGB,1034,Train,56.0,45.83954
EC_S2_XGB_seed42,EC,S2,XGB,1035,Train,49.0,42.990055
EC_S2_XGB_seed42,EC,S2,XGB,1036,Train,55.0,43.188362
EC_S2_XGB_seed42,EC,S2,XGB,1037,Train,59.0,49.06888
EC_S2_XGB_seed42,EC,S2,XGB,1038,Train,57.0,45.83954
EC_S2_XGB_seed42,EC,S2,XGB,1039,Train,49.0,42.990055
EC_S2_XGB_seed42,EC,S2,XGB,1040,Train,28.0,43.188362
EC_S2_XGB_seed42,EC,S2,XGB,1042,Train,33.0,45.83954
EC_S2_XGB_seed42,EC,S2,XGB,1043,Train,36.0,42.990055
EC_S2_XGB_seed42,EC,S2,XGB,1044,Train,35.0,43.188362
EC_S2_XGB_seed42,EC,S2,XGB,1045,Train,37.0,49.06888
EC_S2_XGB_seed42,EC,S2,XGB,1046,Train,37.0,45.83954
EC_S2_XGB_seed42,EC,S2,XGB,1048,Train,37.0,43.188362
EC_S2_XGB_seed42,EC,S2,XGB,1049,Train,38.0,49.06888
EC_S2_XGB_seed42,EC,S2,XGB,1050,Train,38.0,45.83954
EC_S2_XGB_seed42,EC,S2,XGB,1051,Train,38.0,42.990055
EC_S2_XGB_seed42,EC,S2,XGB,1052,Train,34.0,33.562622
EC_S2_XGB_seed42,EC,S2,XGB,1053,Train,25.0,23.392275
EC_S2_XGB_seed42,EC,S2,XGB,1054,Train,29.0,29.287514
EC_S2_XGB_seed42,EC,S2,XGB,1055,Train,32.0,31.238499
EC_S2_XGB_seed42,EC,S2,XGB,1056,Train,37.0,34.500435
EC_S2_XGB_seed42,EC,S2,XGB,1057,Train,46.0,44.69181
EC_S2_XGB_seed42,EC,S2,XGB,1060,Train,58.0,50.711143
EC_S2_XGB_seed42,EC,S2,XGB,1061,Train,55.0,46.88723
EC_S2_XGB_seed42,EC,S2,XGB,1064,Train,60.0,50.711143
EC_S2_XGB_seed42,EC,S2,XGB,1065,Train,56.0,46.88723
EC_S2_XGB_seed42,EC,S2,XGB,1066,Train,50.0,42.268085
EC_S2_XGB_seed42,EC,S2,XGB,1068,Train,61.0,50.711143
EC_S2_XGB_seed42,EC,S2,XGB,1069,Train,57.0,46.88723
EC_S2_XGB_seed42,EC,S2,XGB,1070,Train,49.0,42.268085
EC_S2_XGB_seed42,EC,S2,XGB,1071,Train,29.0,36.06394
EC_S2_XGB_seed42,EC,S2,XGB,1073,Train,34.0,46.88723
EC_S2_XGB_seed42,EC,S2,XGB,1074,Train,36.0,42.268085
EC_S2_XGB_seed42,EC,S2,XGB,1076,Train,38.0,50.711143
EC_S2_XGB_seed42,EC,S2,XGB,1077,Train,38.0,46.88723
EC_S2_XGB_seed42,EC,S2,XGB,1078,Train,38.0,42.268085
EC_S2_XGB_seed42,EC,S2,XGB,1079,Train,38.0,36.06394
EC_S2_XGB_seed42,EC,S2,XGB,1080,Train,38.0,50.711143
EC_S2_XGB_seed42,EC,S2,XGB,1081,Train,40.0,46.88723
EC_S2_XGB_seed42,EC,S2,XGB,1082,Train,39.0,42.268085
EC_S2_XGB_seed42,EC,S2,XGB,1083,Train,39.0,38.781788
EC_S2_XGB_seed42,EC,S2,XGB,1084,Train,49.0,48.269424
EC_S2_XGB_seed42,EC,S2,XGB,1085,Train,55.0,51.236015
EC_S2_XGB_seed42,EC,S2,XGB,1086,Train,55.0,47.998074
EC_S2_XGB_seed42,EC,S2,XGB,1088,Train,56.0,50.25864
EC_S2_XGB_seed42,EC,S2,XGB,1089,Train,49.0,43.450977
EC_S2_XGB_seed42,EC,S2,XGB,1090,Train,61.0,47.998074
EC_S2_XGB_seed42,EC,S2,XGB,1091,Train,61.0,48.949047
EC_S2_XGB_seed42,EC,S2,XGB,1092,Train,56.0,50.25864
EC_S2_XGB_seed42,EC,S2,XGB,1093,Train,50.0,43.450977
EC_S2_XGB_seed42,EC,S2,XGB,1094,Train,58.0,47.998074
EC_S2_XGB_seed42,EC,S2,XGB,1095,Train,61.0,48.949047
EC_S2_XGB_seed42,EC,S2,XGB,1096,Train,57.0,50.25864
EC_S2_XGB_seed42,EC,S2,XGB,1097,Train,49.0,43.450977
EC_S2_XGB_seed42,EC,S2,XGB,1098,Train,30.0,47.998074
EC_S2_XGB_seed42,EC,S2,XGB,1099,Train,34.0,48.949047
EC_S2_XGB_seed42,EC,S2,XGB,1101,Train,37.0,43.450977
EC_S2_XGB_seed42,EC,S2,XGB,1102,Train,37.0,47.998074
EC_S2_XGB_seed42,EC,S2,XGB,1103,Train,38.0,48.949047
EC_S2_XGB_seed42,EC,S2,XGB,1104,Train,40.0,50.25864
EC_S2_XGB_seed42,EC,S2,XGB,1105,Train,38.0,43.450977
EC_S2_XGB_seed42,EC,S2,XGB,1108,Train,41.0,50.25864
EC_S2_XGB_seed42,EC,S2,XGB,1109,Train,39.0,43.450977
EC_S2_XGB_seed42,EC,S2,XGB,1110,Train,40.0,40.999935
EC_S2_XGB_seed42,EC,S2,XGB,1111,Train,50.0,47.702843
EC_S2_XGB_seed42,EC,S2,XGB,1113,Train,57.0,49.12918
EC_S2_XGB_seed42,EC,S2,XGB,1114,Train,59.0,48.498787
EC_S2_XGB_seed42,EC,S2,XGB,1115,Train,56.0,50.132538
EC_S2_XGB_seed42,EC,S2,XGB,1117,Train,62.0,49.12918
EC_S2_XGB_seed42,EC,S2,XGB,1118,Train,60.0,48.498787
EC_S2_XGB_seed42,EC,S2,XGB,1119,Train,57.0,50.132538
EC_S2_XGB_seed42,EC,S2,XGB,1120,Train,50.0,42.553658
EC_S2_XGB_seed42,EC,S2,XGB,1121,Train,59.0,49.12918
EC_S2_XGB_seed42,EC,S2,XGB,1122,Train,62.0,48.498787
EC_S2_XGB_seed42,EC,S2,XGB,1123,Train,57.0,50.132538
EC_S2_XGB_seed42,EC,S2,XGB,1124,Train,49.0,42.553658
EC_S2_XGB_seed42,EC,S2,XGB,1125,Train,30.0,49.12918
EC_S2_XGB_seed42,EC,S2,XGB,1126,Train,35.0,48.498787
EC_S2_XGB_seed42,EC,S2,XGB,1128,Train,36.0,42.553658
EC_S2_XGB_seed42,EC,S2,XGB,1130,Train,39.0,48.498787
EC_S2_XGB_seed42,EC,S2,XGB,1131,Train,41.0,50.132538
EC_S2_XGB_seed42,EC,S2,XGB,1132,Train,38.0,42.553658
EC_S2_XGB_seed42,EC,S2,XGB,1133,Train,39.0,49.12918
EC_S2_XGB_seed42,EC,S2,XGB,1134,Train,40.0,48.498787
EC_S2_XGB_seed42,EC,S2,XGB,1135,Train,41.0,50.132538
EC_S2_XGB_seed42,EC,S2,XGB,1136,Train,39.0,42.553658
EC_S2_XGB_seed42,EC,S2,XGB,1137,Train,35.0,32.873405
EC_S2_XGB_seed42,EC,S2,XGB,1139,Train,52.0,48.268906
EC_S2_XGB_seed42,EC,S2,XGB,1140,Train,57.0,54.552525
EC_S2_XGB_seed42,EC,S2,XGB,1141,Train,59.0,47.82467
EC_S2_XGB_seed42,EC,S2,XGB,1142,Train,60.0,47.510803
EC_S2_XGB_seed42,EC,S2,XGB,1143,Train,56.0,51.94708
EC_S2_XGB_seed42,EC,S2,XGB,1144,Train,50.0,46.867424
EC_S2_XGB_seed42,EC,S2,XGB,1145,Train,62.0,47.82467
EC_S2_XGB_seed42,EC,S2,XGB,1146,Train,61.0,47.510803
EC_S2_XGB_seed42,EC,S2,XGB,1147,Train,56.0,51.94708
EC_S2_XGB_seed42,EC,S2,XGB,1148,Train,51.0,46.867424
EC_S2_XGB_seed42,EC,S2,XGB,1149,Train,61.0,47.82467
EC_S2_XGB_seed42,EC,S2,XGB,1151,Train,57.0,51.94708
EC_S2_XGB_seed42,EC,S2,XGB,1152,Train,50.0,46.867424
EC_S2_XGB_seed42,EC,S2,XGB,1153,Train,30.0,47.82467
EC_S2_XGB_seed42,EC,S2,XGB,1154,Train,36.0,47.510803
EC_S2_XGB_seed42,EC,S2,XGB,1155,Train,37.0,51.94708
EC_S2_XGB_seed42,EC,S2,XGB,1157,Train,37.0,47.82467
EC_S2_XGB_seed42,EC,S2,XGB,1158,Train,40.0,47.510803
EC_S2_XGB_seed42,EC,S2,XGB,1160,Train,38.0,46.867424
EC_S2_XGB_seed42,EC,S2,XGB,1161,Train,39.0,47.82467
EC_S2_XGB_seed42,EC,S2,XGB,1162,Train,40.0,47.510803
EC_S2_XGB_seed42,EC,S2,XGB,1165,Train,46.0,45.893852
EC_S2_XGB_seed42,EC,S2,XGB,1166,Train,46.0,45.262043
EC_S2_XGB_seed42,EC,S2,XGB,1168,Train,56.0,51.098503
EC_S2_XGB_seed42,EC,S2,XGB,1169,Train,61.0,46.717934
EC_S2_XGB_seed42,EC,S2,XGB,1170,Train,61.0,52.445198
EC_S2_XGB_seed42,EC,S2,XGB,1171,Train,56.0,50.97243
EC_S2_XGB_seed42,EC,S2,XGB,1172,Train,50.0,44.73291
EC_S2_XGB_seed42,EC,S2,XGB,1173,Train,64.0,46.717934
EC_S2_XGB_seed42,EC,S2,XGB,1174,Train,62.0,52.445198
EC_S2_XGB_seed42,EC,S2,XGB,1175,Train,57.0,50.97243
EC_S2_XGB_seed42,EC,S2,XGB,1176,Train,51.0,44.73291
EC_S2_XGB_seed42,EC,S2,XGB,1178,Train,63.0,52.445198
EC_S2_XGB_seed42,EC,S2,XGB,1179,Train,56.0,50.97243
EC_S2_XGB_seed42,EC,S2,XGB,1180,Train,50.0,44.73291
EC_S2_XGB_seed42,EC,S2,XGB,1181,Train,32.0,46.717934
EC_S2_XGB_seed42,EC,S2,XGB,1182,Train,37.0,52.445198
EC_S2_XGB_seed42,EC,S2,XGB,1184,Train,36.0,44.73291
EC_S2_XGB_seed42,EC,S2,XGB,1185,Train,38.0,46.717934
EC_S2_XGB_seed42,EC,S2,XGB,1186,Train,41.0,52.445198
EC_S2_XGB_seed42,EC,S2,XGB,1187,Train,43.0,50.97243
EC_S2_XGB_seed42,EC,S2,XGB,1188,Train,38.0,44.73291
EC_S2_XGB_seed42,EC,S2,XGB,1189,Train,40.0,46.717934
EC_S2_XGB_seed42,EC,S2,XGB,1191,Train,42.0,50.97243
EC_S2_XGB_seed42,EC,S2,XGB,1194,Train,59.0,57.94092
EC_S2_XGB_seed42,EC,S2,XGB,1195,Train,59.0,59.74007
EC_S2_XGB_seed42,EC,S2,XGB,1196,Train,59.0,59.267216
EC_S2_XGB_seed42,EC,S2,XGB,1197,Train,61.0,60.541725
EC_S2_XGB_seed42,EC,S2,XGB,1199,Train,67.0,66.51871
EC_S2_XGB_seed42,EC,S2,XGB,1200,Train,78.0,78.98322
EC_S2_XGB_seed42,EC,S2,XGB,1201,Train,92.0,90.05699
EC_S2_XGB_seed42,EC,S2,XGB,1202,Train,38.0,37.50461
EC_S2_XGB_seed42,EC,S2,XGB,1203,Train,37.0,36.96964
EC_S2_XGB_seed42,EC,S2,XGB,1205,Train,38.0,38.803448
EC_S2_XGB_seed42,EC,S2,XGB,1208,Train,61.0,60.363895
EC_S2_XGB_seed42,EC,S2,XGB,1209,Train,74.0,75.88402
EC_S2_XGB_seed42,EC,S2,XGB,1210,Train,85.0,85.68837
EC_S2_XGB_seed42,EC,S2,XGB,1211,Train,37.0,37.1447
EC_S2_XGB_seed42,EC,S2,XGB,1212,Train,38.0,37.85388
EC_S2_XGB_seed42,EC,S2,XGB,1213,Train,38.0,39.01871
EC_S2_XGB_seed42,EC,S2,XGB,1214,Train,39.0,38.731922
EC_S2_XGB_seed42,EC,S2,XGB,1216,Train,42.0,42.051964
EC_S2_XGB_seed42,EC,S2,XGB,1217,Train,57.0,56.661617
EC_S2_XGB_seed42,EC,S2,XGB,1218,Train,73.0,71.4274
EC_S2_XGB_seed42,EC,S2,XGB,1219,Train,83.0,82.84573
EC_S2_XGB_seed42,EC,S2,XGB,1221,Train,32.0,32.108635
EC_S2_XGB_seed42,EC,S2,XGB,1222,Train,32.0,32.94216
EC_S2_XGB_seed42,EC,S2,XGB,1223,Train,33.0,34.194786
EC_S2_XGB_seed42,EC,S2,XGB,1224,Train,36.0,35.40588
EC_S2_XGB_seed42,EC,S2,XGB,1225,Train,37.0,36.750813
EC_S2_XGB_seed42,EC,S2,XGB,1226,Train,43.0,44.14938
EC_S2_XGB_seed42,EC,S2,XGB,1227,Train,65.0,64.06966
EC_S2_XGB_seed42,EC,S2,XGB,1228,Train,77.0,76.48734
EC_S2_XGB_seed42,EC,S2,XGB,8,Test,32.0,23.240004
EC_S2_XGB_seed42,EC,S2,XGB,16,Test,37.0,49.04734
EC_S2_XGB_seed42,EC,S2,XGB,33,Test,39.0,40.685474
EC_S2_XGB_seed42,EC,S2,XGB,40,Test,36.0,32.425076
EC_S2_XGB_seed42,EC,S2,XGB,41,Test,39.0,43.679516
EC_S2_XGB_seed42,EC,S2,XGB,49,Test,37.0,37.31993
EC_S2_XGB_seed42,EC,S2,XGB,55,Test,27.0,34.791504
EC_S2_XGB_seed42,EC,S2,XGB,60,Test,43.0,40.128136
EC_S2_XGB_seed42,EC,S2,XGB,62,Test,19.0,18.745138
EC_S2_XGB_seed42,EC,S2,XGB,65,Test,38.0,39.387302
EC_S2_XGB_seed42,EC,S2,XGB,67,Test,40.0,39.98878
EC_S2_XGB_seed42,EC,S2,XGB,69,Test,37.0,37.51892
EC_S2_XGB_seed42,EC,S2,XGB,70,Test,35.0,36.26003
EC_S2_XGB_seed42,EC,S2,XGB,74,Test,38.0,38.646317
EC_S2_XGB_seed42,EC,S2,XGB,77,Test,39.0,39.29119
EC_S2_XGB_seed42,EC,S2,XGB,78,Test,38.0,31.246126
EC_S2_XGB_seed42,EC,S2,XGB,81,Test,38.0,38.453495
EC_S2_XGB_seed42,EC,S2,XGB,87,Test,43.0,39.649506
EC_S2_XGB_seed42,EC,S2,XGB,90,Test,34.0,34.039253
EC_S2_XGB_seed42,EC,S2,XGB,95,Test,47.0,42.61283
EC_S2_XGB_seed42,EC,S2,XGB,98,Test,32.0,30.228733
EC_S2_XGB_seed42,EC,S2,XGB,100,Test,44.0,34.679325
EC_S2_XGB_seed42,EC,S2,XGB,108,Test,41.0,41.334156
EC_S2_XGB_seed42,EC,S2,XGB,112,Test,40.0,37.632084
EC_S2_XGB_seed42,EC,S2,XGB,113,Test,40.0,34.524956
EC_S2_XGB_seed42,EC,S2,XGB,119,Test,40.0,39.59102
EC_S2_XGB_seed42,EC,S2,XGB,122,Test,32.0,36.52604
EC_S2_XGB_seed42,EC,S2,XGB,126,Test,40.0,42.764805
EC_S2_XGB_seed42,EC,S2,XGB,143,Test,40.0,38.88533
EC_S2_XGB_seed42,EC,S2,XGB,151,Test,34.0,35.255104
EC_S2_XGB_seed42,EC,S2,XGB,153,Test,41.0,41.108162
EC_S2_XGB_seed42,EC,S2,XGB,154,Test,45.0,32.031754
EC_S2_XGB_seed42,EC,S2,XGB,155,Test,44.0,44.575565
EC_S2_XGB_seed42,EC,S2,XGB,156,Test,41.0,40.109695
EC_S2_XGB_seed42,EC,S2,XGB,171,Test,50.0,48.267967
EC_S2_XGB_seed42,EC,S2,XGB,173,Test,52.0,44.985786
EC_S2_XGB_seed42,EC,S2,XGB,204,Test,47.0,46.64141
EC_S2_XGB_seed42,EC,S2,XGB,210,Test,32.0,42.168114
EC_S2_XGB_seed42,EC,S2,XGB,214,Test,36.0,31.523657
EC_S2_XGB_seed42,EC,S2,XGB,228,Test,21.0,22.82017
EC_S2_XGB_seed42,EC,S2,XGB,234,Test,30.0,35.120674
EC_S2_XGB_seed42,EC,S2,XGB,235,Test,33.0,29.490108
EC_S2_XGB_seed42,EC,S2,XGB,244,Test,34.0,37.497288
EC_S2_XGB_seed42,EC,S2,XGB,245,Test,31.0,28.880203
EC_S2_XGB_seed42,EC,S2,XGB,246,Test,38.0,37.151203
EC_S2_XGB_seed42,EC,S2,XGB,254,Test,53.0,50.574554
EC_S2_XGB_seed42,EC,S2,XGB,257,Test,48.0,48.609035
EC_S2_XGB_seed42,EC,S2,XGB,275,Test,40.0,35.393555
EC_S2_XGB_seed42,EC,S2,XGB,284,Test,62.0,68.41575
EC_S2_XGB_seed42,EC,S2,XGB,295,Test,66.0,68.30512
EC_S2_XGB_seed42,EC,S2,XGB,296,Test,80.0,70.34162
EC_S2_XGB_seed42,EC,S2,XGB,301,Test,32.0,33.136776
EC_S2_XGB_seed42,EC,S2,XGB,321,Test,28.0,34.99929
EC_S2_XGB_seed42,EC,S2,XGB,326,Test,80.0,78.48794
EC_S2_XGB_seed42,EC,S2,XGB,338,Test,23.0,25.737427
EC_S2_XGB_seed42,EC,S2,XGB,341,Test,40.0,40.795753
EC_S2_XGB_seed42,EC,S2,XGB,342,Test,38.0,35.5654
EC_S2_XGB_seed42,EC,S2,XGB,343,Test,32.0,31.890331
EC_S2_XGB_seed42,EC,S2,XGB,360,Test,87.0,83.937126
EC_S2_XGB_seed42,EC,S2,XGB,361,Test,52.0,43.755363
EC_S2_XGB_seed42,EC,S2,XGB,362,Test,36.0,40.665764
EC_S2_XGB_seed42,EC,S2,XGB,364,Test,37.0,33.038193
EC_S2_XGB_seed42,EC,S2,XGB,366,Test,35.0,27.03273
EC_S2_XGB_seed42,EC,S2,XGB,368,Test,51.0,45.60916
EC_S2_XGB_seed42,EC,S2,XGB,370,Test,51.0,42.466816
EC_S2_XGB_seed42,EC,S2,XGB,371,Test,52.0,40.926403
EC_S2_XGB_seed42,EC,S2,XGB,386,Test,17.0,20.421328
EC_S2_XGB_seed42,EC,S2,XGB,397,Test,29.0,33.090687
EC_S2_XGB_seed42,EC,S2,XGB,399,Test,76.0,71.2078
EC_S2_XGB_seed42,EC,S2,XGB,401,Test,84.0,82.10495
EC_S2_XGB_seed42,EC,S2,XGB,411,Test,53.0,41.20316
EC_S2_XGB_seed42,EC,S2,XGB,415,Test,37.0,43.6591
EC_S2_XGB_seed42,EC,S2,XGB,416,Test,76.0,73.91116
EC_S2_XGB_seed42,EC,S2,XGB,417,Test,80.0,82.23613
EC_S2_XGB_seed42,EC,S2,XGB,427,Test,36.0,32.705433
EC_S2_XGB_seed42,EC,S2,XGB,429,Test,32.0,38.767895
EC_S2_XGB_seed42,EC,S2,XGB,431,Test,40.0,38.201344
EC_S2_XGB_seed42,EC,S2,XGB,437,Test,31.0,38.85638
EC_S2_XGB_seed42,EC,S2,XGB,439,Test,39.0,35.142567
EC_S2_XGB_seed42,EC,S2,XGB,444,Test,55.0,33.940502
EC_S2_XGB_seed42,EC,S2,XGB,447,Test,55.0,39.144386
EC_S2_XGB_seed42,EC,S2,XGB,448,Test,36.0,32.743736
EC_S2_XGB_seed42,EC,S2,XGB,467,Test,39.0,40.183926
EC_S2_XGB_seed42,EC,S2,XGB,480,Test,41.0,41.300697
EC_S2_XGB_seed42,EC,S2,XGB,490,Test,36.0,33.724556
EC_S2_XGB_seed42,EC,S2,XGB,497,Test,36.0,36.17305
EC_S2_XGB_seed42,EC,S2,XGB,499,Test,43.0,36.17305
EC_S2_XGB_seed42,EC,S2,XGB,508,Test,47.0,47.396366
EC_S2_XGB_seed42,EC,S2,XGB,513,Test,47.0,41.428986
EC_S2_XGB_seed42,EC,S2,XGB,514,Test,49.0,38.5737
EC_S2_XGB_seed42,EC,S2,XGB,515,Test,50.0,49.16425
EC_S2_XGB_seed42,EC,S2,XGB,519,Test,46.0,46.14175
EC_S2_XGB_seed42,EC,S2,XGB,522,Test,50.0,48.91202
EC_S2_XGB_seed42,EC,S2,XGB,525,Test,45.0,35.36105
EC_S2_XGB_seed42,EC,S2,XGB,531,Test,50.0,48.67089
EC_S2_XGB_seed42,EC,S2,XGB,534,Test,27.0,25.570158
EC_S2_XGB_seed42,EC,S2,XGB,535,Test,30.0,27.862402
EC_S2_XGB_seed42,EC,S2,XGB,537,Test,30.0,30.496384
EC_S2_XGB_seed42,EC,S2,XGB,539,Test,20.0,24.686121
EC_S2_XGB_seed42,EC,S2,XGB,546,Test,30.0,28.162615
EC_S2_XGB_seed42,EC,S2,XGB,551,Test,30.0,29.183784
EC_S2_XGB_seed42,EC,S2,XGB,553,Test,27.0,29.005272
EC_S2_XGB_seed42,EC,S2,XGB,564,Test,23.0,24.931648
EC_S2_XGB_seed42,EC,S2,XGB,576,Test,34.0,34.538574
EC_S2_XGB_seed42,EC,S2,XGB,579,Test,26.0,26.955473
EC_S2_XGB_seed42,EC,S2,XGB,587,Test,32.0,32.399963
EC_S2_XGB_seed42,EC,S2,XGB,611,Test,35.0,36.180187
EC_S2_XGB_seed42,EC,S2,XGB,612,Test,32.0,32.839157
EC_S2_XGB_seed42,EC,S2,XGB,613,Test,36.0,36.530315
EC_S2_XGB_seed42,EC,S2,XGB,616,Test,23.0,26.199368
EC_S2_XGB_seed42,EC,S2,XGB,617,Test,28.0,28.976847
EC_S2_XGB_seed42,EC,S2,XGB,618,Test,33.0,32.929302
EC_S2_XGB_seed42,EC,S2,XGB,620,Test,36.0,35.284977
EC_S2_XGB_seed42,EC,S2,XGB,625,Test,35.0,32.99023
EC_S2_XGB_seed42,EC,S2,XGB,629,Test,25.0,27.430904
EC_S2_XGB_seed42,EC,S2,XGB,631,Test,32.0,33.783283
EC_S2_XGB_seed42,EC,S2,XGB,634,Test,27.0,29.828568
EC_S2_XGB_seed42,EC,S2,XGB,635,Test,30.0,31.916754
EC_S2_XGB_seed42,EC,S2,XGB,637,Test,28.0,28.954193
EC_S2_XGB_seed42,EC,S2,XGB,640,Test,37.0,35.930614
EC_S2_XGB_seed42,EC,S2,XGB,643,Test,38.0,36.86443
EC_S2_XGB_seed42,EC,S2,XGB,644,Test,31.0,29.286333
EC_S2_XGB_seed42,EC,S2,XGB,646,Test,37.0,36.931786
EC_S2_XGB_seed42,EC,S2,XGB,647,Test,34.0,35.37975
EC_S2_XGB_seed42,EC,S2,XGB,654,Test,25.0,23.258408
EC_S2_XGB_seed42,EC,S2,XGB,664,Test,35.0,37.03315
EC_S2_XGB_seed42,EC,S2,XGB,668,Test,25.0,27.560438
EC_S2_XGB_seed42,EC,S2,XGB,673,Test,39.0,38.633255
EC_S2_XGB_seed42,EC,S2,XGB,676,Test,33.0,32.375465
EC_S2_XGB_seed42,EC,S2,XGB,680,Test,36.0,36.680176
EC_S2_XGB_seed42,EC,S2,XGB,682,Test,41.0,39.318867
EC_S2_XGB_seed42,EC,S2,XGB,684,Test,32.0,32.197372
EC_S2_XGB_seed42,EC,S2,XGB,691,Test,32.0,35.13516
EC_S2_XGB_seed42,EC,S2,XGB,699,Test,39.0,39.966877
EC_S2_XGB_seed42,EC,S2,XGB,721,Test,39.0,39.859108
EC_S2_XGB_seed42,EC,S2,XGB,733,Test,40.0,40.057495
EC_S2_XGB_seed42,EC,S2,XGB,749,Test,41.0,40.80665
EC_S2_XGB_seed42,EC,S2,XGB,750,Test,38.0,38.78295
EC_S2_XGB_seed42,EC,S2,XGB,757,Test,40.0,39.386448
EC_S2_XGB_seed42,EC,S2,XGB,764,Test,33.0,32.483513
EC_S2_XGB_seed42,EC,S2,XGB,783,Test,33.0,32.503963
EC_S2_XGB_seed42,EC,S2,XGB,784,Test,35.0,34.840202
EC_S2_XGB_seed42,EC,S2,XGB,785,Test,31.0,32.503963
EC_S2_XGB_seed42,EC,S2,XGB,791,Test,35.0,34.94349
EC_S2_XGB_seed42,EC,S2,XGB,794,Test,31.0,30.946547
EC_S2_XGB_seed42,EC,S2,XGB,803,Test,40.0,38.77526
EC_S2_XGB_seed42,EC,S2,XGB,811,Test,43.0,41.998497
EC_S2_XGB_seed42,EC,S2,XGB,812,Test,47.0,45.42442
EC_S2_XGB_seed42,EC,S2,XGB,826,Test,42.0,38.429348
EC_S2_XGB_seed42,EC,S2,XGB,829,Test,46.0,36.729267
EC_S2_XGB_seed42,EC,S2,XGB,835,Test,26.0,37.409615
EC_S2_XGB_seed42,EC,S2,XGB,840,Test,34.0,38.825024
EC_S2_XGB_seed42,EC,S2,XGB,842,Test,33.0,38.429348
EC_S2_XGB_seed42,EC,S2,XGB,844,Test,34.0,38.825024
EC_S2_XGB_seed42,EC,S2,XGB,847,Test,24.0,34.8607
EC_S2_XGB_seed42,EC,S2,XGB,852,Test,12.0,19.826536
EC_S2_XGB_seed42,EC,S2,XGB,854,Test,17.0,21.457268
EC_S2_XGB_seed42,EC,S2,XGB,857,Test,27.0,21.457268
EC_S2_XGB_seed42,EC,S2,XGB,864,Test,49.0,39.781647
EC_S2_XGB_seed42,EC,S2,XGB,867,Test,48.0,38.712185
EC_S2_XGB_seed42,EC,S2,XGB,872,Test,55.0,39.781647
EC_S2_XGB_seed42,EC,S2,XGB,876,Test,27.0,39.781647
EC_S2_XGB_seed42,EC,S2,XGB,878,Test,33.0,38.144688
EC_S2_XGB_seed42,EC,S2,XGB,883,Test,36.0,38.712185
EC_S2_XGB_seed42,EC,S2,XGB,888,Test,26.0,29.742365
EC_S2_XGB_seed42,EC,S2,XGB,893,Test,27.0,19.579031
EC_S2_XGB_seed42,EC,S2,XGB,904,Test,53.0,43.47281
EC_S2_XGB_seed42,EC,S2,XGB,910,Test,27.0,42.180252
EC_S2_XGB_seed42,EC,S2,XGB,912,Test,29.0,43.47281
EC_S2_XGB_seed42,EC,S2,XGB,914,Test,34.0,42.180252
EC_S2_XGB_seed42,EC,S2,XGB,915,Test,35.0,42.958168
EC_S2_XGB_seed42,EC,S2,XGB,922,Test,30.0,30.099417
EC_S2_XGB_seed42,EC,S2,XGB,927,Test,53.0,43.683186
EC_S2_XGB_seed42,EC,S2,XGB,943,Test,35.0,43.683186
EC_S2_XGB_seed42,EC,S2,XGB,945,Test,36.0,40.193287
EC_S2_XGB_seed42,EC,S2,XGB,955,Test,18.0,24.917717
EC_S2_XGB_seed42,EC,S2,XGB,957,Test,28.0,20.346647
EC_S2_XGB_seed42,EC,S2,XGB,958,Test,30.0,24.917717
EC_S2_XGB_seed42,EC,S2,XGB,964,Test,54.0,44.85922
EC_S2_XGB_seed42,EC,S2,XGB,965,Test,48.0,41.256874
EC_S2_XGB_seed42,EC,S2,XGB,966,Test,51.0,38.69766
EC_S2_XGB_seed42,EC,S2,XGB,980,Test,36.0,44.85922
EC_S2_XGB_seed42,EC,S2,XGB,984,Test,36.0,44.85922
EC_S2_XGB_seed42,EC,S2,XGB,989,Test,33.0,35.205654
EC_S2_XGB_seed42,EC,S2,XGB,995,Test,48.0,40.364975
EC_S2_XGB_seed42,EC,S2,XGB,1001,Test,58.0,43.658554
EC_S2_XGB_seed42,EC,S2,XGB,1002,Test,57.0,45.36829
EC_S2_XGB_seed42,EC,S2,XGB,1003,Test,49.0,40.364975
EC_S2_XGB_seed42,EC,S2,XGB,1010,Test,37.0,45.36829
EC_S2_XGB_seed42,EC,S2,XGB,1019,Test,14.0,23.52089
EC_S2_XGB_seed42,EC,S2,XGB,1026,Test,43.0,42.22873
EC_S2_XGB_seed42,EC,S2,XGB,1027,Test,53.0,47.18123
EC_S2_XGB_seed42,EC,S2,XGB,1031,Test,49.0,42.990055
EC_S2_XGB_seed42,EC,S2,XGB,1041,Test,32.0,49.06888
EC_S2_XGB_seed42,EC,S2,XGB,1047,Test,38.0,42.990055
EC_S2_XGB_seed42,EC,S2,XGB,1058,Test,55.0,47.850742
EC_S2_XGB_seed42,EC,S2,XGB,1059,Test,53.0,36.06394
EC_S2_XGB_seed42,EC,S2,XGB,1062,Test,49.0,42.268085
EC_S2_XGB_seed42,EC,S2,XGB,1063,Test,60.0,36.06394
EC_S2_XGB_seed42,EC,S2,XGB,1067,Test,57.0,36.06394
EC_S2_XGB_seed42,EC,S2,XGB,1072,Test,33.0,50.711143
EC_S2_XGB_seed42,EC,S2,XGB,1075,Test,36.0,36.06394
EC_S2_XGB_seed42,EC,S2,XGB,1087,Test,59.0,48.949047
EC_S2_XGB_seed42,EC,S2,XGB,1100,Test,36.0,50.25864
EC_S2_XGB_seed42,EC,S2,XGB,1106,Test,39.0,47.998074
EC_S2_XGB_seed42,EC,S2,XGB,1107,Test,39.0,48.949047
EC_S2_XGB_seed42,EC,S2,XGB,1112,Test,56.0,51.850685
EC_S2_XGB_seed42,EC,S2,XGB,1116,Test,49.0,42.553658
EC_S2_XGB_seed42,EC,S2,XGB,1127,Test,37.0,50.132538
EC_S2_XGB_seed42,EC,S2,XGB,1129,Test,37.0,49.12918
EC_S2_XGB_seed42,EC,S2,XGB,1138,Test,42.0,42.148796
EC_S2_XGB_seed42,EC,S2,XGB,1150,Test,62.0,47.510803
EC_S2_XGB_seed42,EC,S2,XGB,1156,Test,36.0,46.867424
EC_S2_XGB_seed42,EC,S2,XGB,1159,Test,42.0,51.94708
EC_S2_XGB_seed42,EC,S2,XGB,1163,Test,42.0,51.94708
EC_S2_XGB_seed42,EC,S2,XGB,1164,Test,39.0,46.867424
EC_S2_XGB_seed42,EC,S2,XGB,1167,Test,55.0,46.356407
EC_S2_XGB_seed42,EC,S2,XGB,1177,Test,63.0,46.717934
EC_S2_XGB_seed42,EC,S2,XGB,1183,Test,38.0,50.97243
EC_S2_XGB_seed42,EC,S2,XGB,1190,Test,41.0,52.445198
EC_S2_XGB_seed42,EC,S2,XGB,1192,Test,39.0,44.73291
EC_S2_XGB_seed42,EC,S2,XGB,1193,Test,58.0,51.582012
EC_S2_XGB_seed42,EC,S2,XGB,1198,Test,63.0,61.083813
EC_S2_XGB_seed42,EC,S2,XGB,1204,Test,37.0,39.324436
EC_S2_XGB_seed42,EC,S2,XGB,1206,Test,39.0,41.675068
EC_S2_XGB_seed42,EC,S2,XGB,1207,Test,40.0,47.928467
EC_S2_XGB_seed42,EC,S2,XGB,1215,Test,40.0,40.274464
EC_S2_XGB_seed42,EC,S2,XGB,1220,Test,32.0,34.401142
EC_S3_XGB_seed42,EC,S3,XGB,5,Train,27.0,29.469671
EC_S3_XGB_seed42,EC,S3,XGB,6,Train,28.0,31.754593
EC_S3_XGB_seed42,EC,S3,XGB,7,Train,29.0,30.086912
EC_S3_XGB_seed42,EC,S3,XGB,9,Train,37.0,37.04819
EC_S3_XGB_seed42,EC,S3,XGB,10,Train,31.0,31.904947
EC_S3_XGB_seed42,EC,S3,XGB,12,Train,28.0,35.535988
EC_S3_XGB_seed42,EC,S3,XGB,13,Train,32.0,33.408844
EC_S3_XGB_seed42,EC,S3,XGB,14,Train,38.0,40.44912
EC_S3_XGB_seed42,EC,S3,XGB,15,Train,34.0,39.6317
EC_S3_XGB_seed42,EC,S3,XGB,17,Train,35.0,36.20663
EC_S3_XGB_seed42,EC,S3,XGB,18,Train,31.0,33.243023
EC_S3_XGB_seed42,EC,S3,XGB,20,Train,24.0,27.639193
EC_S3_XGB_seed42,EC,S3,XGB,21,Train,29.0,30.738508
EC_S3_XGB_seed42,EC,S3,XGB,22,Train,33.0,38.24473
EC_S3_XGB_seed42,EC,S3,XGB,23,Train,38.0,38.24473
EC_S3_XGB_seed42,EC,S3,XGB,24,Train,38.0,39.73807
EC_S3_XGB_seed42,EC,S3,XGB,28,Train,19.0,18.44665
EC_S3_XGB_seed42,EC,S3,XGB,29,Train,24.0,27.175144
EC_S3_XGB_seed42,EC,S3,XGB,30,Train,31.0,32.19475
EC_S3_XGB_seed42,EC,S3,XGB,31,Train,37.0,37.969643
EC_S3_XGB_seed42,EC,S3,XGB,32,Train,40.0,44.192215
EC_S3_XGB_seed42,EC,S3,XGB,34,Train,37.0,37.48711
EC_S3_XGB_seed42,EC,S3,XGB,35,Train,35.0,35.042152
EC_S3_XGB_seed42,EC,S3,XGB,36,Train,33.0,35.089703
EC_S3_XGB_seed42,EC,S3,XGB,37,Train,18.0,17.370985
EC_S3_XGB_seed42,EC,S3,XGB,38,Train,25.0,25.148888
EC_S3_XGB_seed42,EC,S3,XGB,39,Train,30.0,32.19475
EC_S3_XGB_seed42,EC,S3,XGB,42,Train,38.0,39.46207
EC_S3_XGB_seed42,EC,S3,XGB,43,Train,37.0,37.461113
EC_S3_XGB_seed42,EC,S3,XGB,44,Train,35.0,34.75121
EC_S3_XGB_seed42,EC,S3,XGB,45,Train,35.0,35.839893
EC_S3_XGB_seed42,EC,S3,XGB,46,Train,31.0,33.30466
EC_S3_XGB_seed42,EC,S3,XGB,47,Train,36.0,36.712894
EC_S3_XGB_seed42,EC,S3,XGB,48,Train,38.0,40.44912
EC_S3_XGB_seed42,EC,S3,XGB,50,Train,38.0,39.2308
EC_S3_XGB_seed42,EC,S3,XGB,51,Train,37.0,38.03506
EC_S3_XGB_seed42,EC,S3,XGB,52,Train,27.0,31.726974
EC_S3_XGB_seed42,EC,S3,XGB,53,Train,37.0,38.48913
EC_S3_XGB_seed42,EC,S3,XGB,56,Train,31.0,37.272705
EC_S3_XGB_seed42,EC,S3,XGB,57,Train,36.0,37.939034
EC_S3_XGB_seed42,EC,S3,XGB,58,Train,39.0,37.7932
EC_S3_XGB_seed42,EC,S3,XGB,59,Train,39.0,35.42415
EC_S3_XGB_seed42,EC,S3,XGB,61,Train,19.0,22.129559
EC_S3_XGB_seed42,EC,S3,XGB,63,Train,25.0,25.119474
EC_S3_XGB_seed42,EC,S3,XGB,64,Train,31.0,32.069378
EC_S3_XGB_seed42,EC,S3,XGB,66,Train,42.0,40.82652
EC_S3_XGB_seed42,EC,S3,XGB,68,Train,39.0,38.98635
EC_S3_XGB_seed42,EC,S3,XGB,71,Train,19.0,18.25628
EC_S3_XGB_seed42,EC,S3,XGB,72,Train,26.0,25.119474
EC_S3_XGB_seed42,EC,S3,XGB,73,Train,32.0,33.31317
EC_S3_XGB_seed42,EC,S3,XGB,75,Train,41.0,40.866295
EC_S3_XGB_seed42,EC,S3,XGB,76,Train,41.0,41.938457
EC_S3_XGB_seed42,EC,S3,XGB,79,Train,38.0,35.839893
EC_S3_XGB_seed42,EC,S3,XGB,80,Train,33.0,32.230724
EC_S3_XGB_seed42,EC,S3,XGB,82,Train,41.0,40.44912
EC_S3_XGB_seed42,EC,S3,XGB,83,Train,41.0,41.57167
EC_S3_XGB_seed42,EC,S3,XGB,84,Train,39.0,36.474854
EC_S3_XGB_seed42,EC,S3,XGB,85,Train,39.0,38.391098
EC_S3_XGB_seed42,EC,S3,XGB,86,Train,29.0,31.2416
EC_S3_XGB_seed42,EC,S3,XGB,89,Train,30.0,30.738508
EC_S3_XGB_seed42,EC,S3,XGB,91,Train,40.0,38.24473
EC_S3_XGB_seed42,EC,S3,XGB,92,Train,42.0,41.493683
EC_S3_XGB_seed42,EC,S3,XGB,93,Train,39.0,39.868587
EC_S3_XGB_seed42,EC,S3,XGB,94,Train,48.0,46.790768
EC_S3_XGB_seed42,EC,S3,XGB,96,Train,19.0,20.99478
EC_S3_XGB_seed42,EC,S3,XGB,97,Train,26.0,25.401436
EC_S3_XGB_seed42,EC,S3,XGB,99,Train,39.0,38.890488
EC_S3_XGB_seed42,EC,S3,XGB,101,Train,42.0,42.572334
EC_S3_XGB_seed42,EC,S3,XGB,102,Train,40.0,40.862827
EC_S3_XGB_seed42,EC,S3,XGB,103,Train,38.0,38.10492
EC_S3_XGB_seed42,EC,S3,XGB,104,Train,35.0,35.119324
EC_S3_XGB_seed42,EC,S3,XGB,105,Train,20.0,20.313734
EC_S3_XGB_seed42,EC,S3,XGB,106,Train,27.0,27.59265
EC_S3_XGB_seed42,EC,S3,XGB,107,Train,34.0,32.19475
EC_S3_XGB_seed42,EC,S3,XGB,109,Train,45.0,44.104546
EC_S3_XGB_seed42,EC,S3,XGB,110,Train,44.0,43.563423
EC_S3_XGB_seed42,EC,S3,XGB,111,Train,42.0,40.297077
EC_S3_XGB_seed42,EC,S3,XGB,114,Train,36.0,37.856895
EC_S3_XGB_seed42,EC,S3,XGB,115,Train,40.0,38.890488
EC_S3_XGB_seed42,EC,S3,XGB,116,Train,47.0,44.921352
EC_S3_XGB_seed42,EC,S3,XGB,117,Train,44.0,38.975853
EC_S3_XGB_seed42,EC,S3,XGB,118,Train,40.0,41.081963
EC_S3_XGB_seed42,EC,S3,XGB,120,Train,32.0,36.395157
EC_S3_XGB_seed42,EC,S3,XGB,123,Train,37.0,38.24473
EC_S3_XGB_seed42,EC,S3,XGB,124,Train,43.0,39.97696
EC_S3_XGB_seed42,EC,S3,XGB,125,Train,42.0,38.24473
EC_S3_XGB_seed42,EC,S3,XGB,127,Train,48.0,45.259094
EC_S3_XGB_seed42,EC,S3,XGB,129,Train,27.0,29.195246
EC_S3_XGB_seed42,EC,S3,XGB,130,Train,37.0,38.3952
EC_S3_XGB_seed42,EC,S3,XGB,131,Train,41.0,38.773117
EC_S3_XGB_seed42,EC,S3,XGB,132,Train,47.0,44.094
EC_S3_XGB_seed42,EC,S3,XGB,133,Train,45.0,44.503323
EC_S3_XGB_seed42,EC,S3,XGB,134,Train,41.0,38.933224
EC_S3_XGB_seed42,EC,S3,XGB,136,Train,19.0,18.25628
EC_S3_XGB_seed42,EC,S3,XGB,137,Train,27.0,27.46132
EC_S3_XGB_seed42,EC,S3,XGB,138,Train,33.0,32.619164
EC_S3_XGB_seed42,EC,S3,XGB,139,Train,41.0,41.29699
EC_S3_XGB_seed42,EC,S3,XGB,140,Train,47.0,44.42414
EC_S3_XGB_seed42,EC,S3,XGB,141,Train,46.0,43.845837
EC_S3_XGB_seed42,EC,S3,XGB,142,Train,43.0,42.513893
EC_S3_XGB_seed42,EC,S3,XGB,144,Train,37.0,36.903767
EC_S3_XGB_seed42,EC,S3,XGB,145,Train,38.0,35.535988
EC_S3_XGB_seed42,EC,S3,XGB,146,Train,42.0,41.509117
EC_S3_XGB_seed42,EC,S3,XGB,147,Train,48.0,46.050896
EC_S3_XGB_seed42,EC,S3,XGB,148,Train,47.0,42.708138
EC_S3_XGB_seed42,EC,S3,XGB,149,Train,42.0,42.97591
EC_S3_XGB_seed42,EC,S3,XGB,150,Train,40.0,37.545475
EC_S3_XGB_seed42,EC,S3,XGB,152,Train,34.0,36.70589
EC_S3_XGB_seed42,EC,S3,XGB,157,Train,29.0,27.93266
EC_S3_XGB_seed42,EC,S3,XGB,158,Train,39.0,37.229336
EC_S3_XGB_seed42,EC,S3,XGB,159,Train,42.0,39.594368
EC_S3_XGB_seed42,EC,S3,XGB,160,Train,48.0,46.09865
EC_S3_XGB_seed42,EC,S3,XGB,161,Train,48.0,46.050896
EC_S3_XGB_seed42,EC,S3,XGB,162,Train,43.0,41.081963
EC_S3_XGB_seed42,EC,S3,XGB,163,Train,38.0,36.99142
EC_S3_XGB_seed42,EC,S3,XGB,164,Train,35.0,34.405262
EC_S3_XGB_seed42,EC,S3,XGB,165,Train,44.0,40.16579
EC_S3_XGB_seed42,EC,S3,XGB,166,Train,47.0,39.81798
EC_S3_XGB_seed42,EC,S3,XGB,167,Train,46.0,44.878704
EC_S3_XGB_seed42,EC,S3,XGB,168,Train,43.0,41.945545
EC_S3_XGB_seed42,EC,S3,XGB,169,Train,43.0,38.992733
EC_S3_XGB_seed42,EC,S3,XGB,170,Train,46.0,45.746723
EC_S3_XGB_seed42,EC,S3,XGB,172,Train,52.0,45.3178
EC_S3_XGB_seed42,EC,S3,XGB,195,Train,48.0,45.807556
EC_S3_XGB_seed42,EC,S3,XGB,196,Train,47.0,47.474422
EC_S3_XGB_seed42,EC,S3,XGB,197,Train,47.0,47.634727
EC_S3_XGB_seed42,EC,S3,XGB,198,Train,45.0,47.925896
EC_S3_XGB_seed42,EC,S3,XGB,199,Train,46.0,47.78724
EC_S3_XGB_seed42,EC,S3,XGB,200,Train,48.0,45.807556
EC_S3_XGB_seed42,EC,S3,XGB,201,Train,47.0,47.474422
EC_S3_XGB_seed42,EC,S3,XGB,202,Train,47.0,47.634727
EC_S3_XGB_seed42,EC,S3,XGB,203,Train,47.0,47.925896
EC_S3_XGB_seed42,EC,S3,XGB,205,Train,21.0,21.893894
EC_S3_XGB_seed42,EC,S3,XGB,206,Train,19.0,20.132635
EC_S3_XGB_seed42,EC,S3,XGB,207,Train,16.0,17.417645
EC_S3_XGB_seed42,EC,S3,XGB,208,Train,30.0,33.02707
EC_S3_XGB_seed42,EC,S3,XGB,209,Train,67.0,49.202312
EC_S3_XGB_seed42,EC,S3,XGB,211,Train,32.0,30.639017
EC_S3_XGB_seed42,EC,S3,XGB,212,Train,26.0,38.353996
EC_S3_XGB_seed42,EC,S3,XGB,213,Train,30.0,34.07742
EC_S3_XGB_seed42,EC,S3,XGB,215,Train,26.0,36.796585
EC_S3_XGB_seed42,EC,S3,XGB,216,Train,29.0,31.488941
EC_S3_XGB_seed42,EC,S3,XGB,217,Train,48.0,45.82023
EC_S3_XGB_seed42,EC,S3,XGB,218,Train,48.0,47.462746
EC_S3_XGB_seed42,EC,S3,XGB,219,Train,47.0,47.49391
EC_S3_XGB_seed42,EC,S3,XGB,220,Train,46.0,47.7378
EC_S3_XGB_seed42,EC,S3,XGB,221,Train,47.0,47.75598
EC_S3_XGB_seed42,EC,S3,XGB,222,Train,22.0,23.453594
EC_S3_XGB_seed42,EC,S3,XGB,223,Train,48.0,46.093052
EC_S3_XGB_seed42,EC,S3,XGB,224,Train,47.0,47.665432
EC_S3_XGB_seed42,EC,S3,XGB,225,Train,48.0,48.047615
EC_S3_XGB_seed42,EC,S3,XGB,226,Train,48.0,48.666786
EC_S3_XGB_seed42,EC,S3,XGB,227,Train,49.0,49.72492
EC_S3_XGB_seed42,EC,S3,XGB,229,Train,16.0,15.226653
EC_S3_XGB_seed42,EC,S3,XGB,230,Train,31.0,30.045258
EC_S3_XGB_seed42,EC,S3,XGB,231,Train,51.0,46.758976
EC_S3_XGB_seed42,EC,S3,XGB,232,Train,34.0,33.731907
EC_S3_XGB_seed42,EC,S3,XGB,233,Train,31.0,30.623802
EC_S3_XGB_seed42,EC,S3,XGB,236,Train,36.0,37.361412
EC_S3_XGB_seed42,EC,S3,XGB,237,Train,29.0,31.596304
EC_S3_XGB_seed42,EC,S3,XGB,238,Train,31.0,31.283419
EC_S3_XGB_seed42,EC,S3,XGB,239,Train,21.0,20.938343
EC_S3_XGB_seed42,EC,S3,XGB,240,Train,21.0,20.424986
EC_S3_XGB_seed42,EC,S3,XGB,241,Train,16.0,15.791676
EC_S3_XGB_seed42,EC,S3,XGB,242,Train,31.0,32.464542
EC_S3_XGB_seed42,EC,S3,XGB,243,Train,45.0,45.515957
EC_S3_XGB_seed42,EC,S3,XGB,247,Train,34.0,38.424232
EC_S3_XGB_seed42,EC,S3,XGB,248,Train,36.0,35.219196
EC_S3_XGB_seed42,EC,S3,XGB,249,Train,33.0,36.755363
EC_S3_XGB_seed42,EC,S3,XGB,250,Train,31.0,31.283419
EC_S3_XGB_seed42,EC,S3,XGB,251,Train,48.0,46.96365
EC_S3_XGB_seed42,EC,S3,XGB,252,Train,48.0,48.79128
EC_S3_XGB_seed42,EC,S3,XGB,253,Train,50.0,50.16954
EC_S3_XGB_seed42,EC,S3,XGB,255,Train,51.0,51.3445
EC_S3_XGB_seed42,EC,S3,XGB,258,Train,49.0,50.260155
EC_S3_XGB_seed42,EC,S3,XGB,259,Train,54.0,54.4741
EC_S3_XGB_seed42,EC,S3,XGB,260,Train,62.0,57.745796
EC_S3_XGB_seed42,EC,S3,XGB,261,Train,54.0,56.709225
EC_S3_XGB_seed42,EC,S3,XGB,269,Train,21.0,22.096237
EC_S3_XGB_seed42,EC,S3,XGB,270,Train,16.0,16.404135
EC_S3_XGB_seed42,EC,S3,XGB,271,Train,30.0,29.871498
EC_S3_XGB_seed42,EC,S3,XGB,272,Train,44.0,44.978165
EC_S3_XGB_seed42,EC,S3,XGB,273,Train,35.0,35.34212
EC_S3_XGB_seed42,EC,S3,XGB,274,Train,32.0,32.12447
EC_S3_XGB_seed42,EC,S3,XGB,276,Train,35.0,35.50736
EC_S3_XGB_seed42,EC,S3,XGB,277,Train,36.0,37.924534
EC_S3_XGB_seed42,EC,S3,XGB,278,Train,39.0,41.696003
EC_S3_XGB_seed42,EC,S3,XGB,279,Train,32.0,33.434143
EC_S3_XGB_seed42,EC,S3,XGB,280,Train,50.0,51.721912
EC_S3_XGB_seed42,EC,S3,XGB,281,Train,53.0,56.9214
EC_S3_XGB_seed42,EC,S3,XGB,282,Train,71.0,65.8893
EC_S3_XGB_seed42,EC,S3,XGB,283,Train,76.0,68.33288
EC_S3_XGB_seed42,EC,S3,XGB,293,Train,34.0,31.97431
EC_S3_XGB_seed42,EC,S3,XGB,294,Train,55.0,56.89828
EC_S3_XGB_seed42,EC,S3,XGB,297,Train,82.0,81.97325
EC_S3_XGB_seed42,EC,S3,XGB,298,Train,78.0,82.153946
EC_S3_XGB_seed42,EC,S3,XGB,309,Train,22.0,22.252146
EC_S3_XGB_seed42,EC,S3,XGB,310,Train,23.0,23.644096
EC_S3_XGB_seed42,EC,S3,XGB,311,Train,16.0,15.2027
EC_S3_XGB_seed42,EC,S3,XGB,312,Train,30.0,29.268684
EC_S3_XGB_seed42,EC,S3,XGB,313,Train,43.0,44.782085
EC_S3_XGB_seed42,EC,S3,XGB,314,Train,36.0,40.22529
EC_S3_XGB_seed42,EC,S3,XGB,315,Train,32.0,29.52865
EC_S3_XGB_seed42,EC,S3,XGB,316,Train,42.0,42.159008
EC_S3_XGB_seed42,EC,S3,XGB,317,Train,35.0,35.377983
EC_S3_XGB_seed42,EC,S3,XGB,318,Train,38.0,37.618557
EC_S3_XGB_seed42,EC,S3,XGB,319,Train,44.0,36.796585
EC_S3_XGB_seed42,EC,S3,XGB,320,Train,34.0,36.08536
EC_S3_XGB_seed42,EC,S3,XGB,322,Train,28.0,34.16122
EC_S3_XGB_seed42,EC,S3,XGB,323,Train,27.0,25.536705
EC_S3_XGB_seed42,EC,S3,XGB,324,Train,65.0,69.49139
EC_S3_XGB_seed42,EC,S3,XGB,325,Train,76.0,74.415535
EC_S3_XGB_seed42,EC,S3,XGB,327,Train,82.0,81.42407
EC_S3_XGB_seed42,EC,S3,XGB,328,Train,86.0,82.44371
EC_S3_XGB_seed42,EC,S3,XGB,329,Train,33.0,34.124165
EC_S3_XGB_seed42,EC,S3,XGB,337,Train,23.0,22.252146
EC_S3_XGB_seed42,EC,S3,XGB,339,Train,17.0,20.92595
EC_S3_XGB_seed42,EC,S3,XGB,340,Train,30.0,31.451113
EC_S3_XGB_seed42,EC,S3,XGB,344,Train,45.0,42.175407
EC_S3_XGB_seed42,EC,S3,XGB,345,Train,37.0,38.017498
EC_S3_XGB_seed42,EC,S3,XGB,346,Train,37.0,35.422573
EC_S3_XGB_seed42,EC,S3,XGB,347,Train,47.0,43.7096
EC_S3_XGB_seed42,EC,S3,XGB,348,Train,39.0,37.68867
EC_S3_XGB_seed42,EC,S3,XGB,351,Train,36.0,35.74021
EC_S3_XGB_seed42,EC,S3,XGB,353,Train,28.0,34.219173
EC_S3_XGB_seed42,EC,S3,XGB,354,Train,28.0,27.882563
EC_S3_XGB_seed42,EC,S3,XGB,355,Train,35.0,34.993862
EC_S3_XGB_seed42,EC,S3,XGB,356,Train,71.0,72.23088
EC_S3_XGB_seed42,EC,S3,XGB,357,Train,79.0,77.88016
EC_S3_XGB_seed42,EC,S3,XGB,358,Train,83.0,81.73225
EC_S3_XGB_seed42,EC,S3,XGB,359,Train,85.0,85.388466
EC_S3_XGB_seed42,EC,S3,XGB,365,Train,36.0,34.728653
EC_S3_XGB_seed42,EC,S3,XGB,367,Train,49.0,46.836582
EC_S3_XGB_seed42,EC,S3,XGB,369,Train,51.0,48.62302
EC_S3_XGB_seed42,EC,S3,XGB,372,Train,51.0,40.458073
EC_S3_XGB_seed42,EC,S3,XGB,373,Train,50.0,49.148148
EC_S3_XGB_seed42,EC,S3,XGB,374,Train,51.0,49.334373
EC_S3_XGB_seed42,EC,S3,XGB,375,Train,39.0,39.106068
EC_S3_XGB_seed42,EC,S3,XGB,376,Train,40.0,40.896336
EC_S3_XGB_seed42,EC,S3,XGB,377,Train,48.0,44.185097
EC_S3_XGB_seed42,EC,S3,XGB,384,Train,28.0,24.80228
EC_S3_XGB_seed42,EC,S3,XGB,385,Train,23.0,23.239006
EC_S3_XGB_seed42,EC,S3,XGB,387,Train,31.0,30.353796
EC_S3_XGB_seed42,EC,S3,XGB,388,Train,40.0,41.885586
EC_S3_XGB_seed42,EC,S3,XGB,389,Train,48.0,45.936077
EC_S3_XGB_seed42,EC,S3,XGB,390,Train,32.0,33.606815
EC_S3_XGB_seed42,EC,S3,XGB,391,Train,45.0,44.00584
EC_S3_XGB_seed42,EC,S3,XGB,392,Train,36.0,35.9898
EC_S3_XGB_seed42,EC,S3,XGB,393,Train,47.0,44.27401
EC_S3_XGB_seed42,EC,S3,XGB,394,Train,38.0,35.70694
EC_S3_XGB_seed42,EC,S3,XGB,395,Train,41.0,39.740482
EC_S3_XGB_seed42,EC,S3,XGB,396,Train,29.0,31.851267
EC_S3_XGB_seed42,EC,S3,XGB,398,Train,36.0,36.747826
EC_S3_XGB_seed42,EC,S3,XGB,400,Train,79.0,79.16986
EC_S3_XGB_seed42,EC,S3,XGB,402,Train,85.0,85.78749
EC_S3_XGB_seed42,EC,S3,XGB,403,Train,88.0,86.642426
EC_S3_XGB_seed42,EC,S3,XGB,410,Train,17.0,16.40351
EC_S3_XGB_seed42,EC,S3,XGB,412,Train,32.0,33.342896
EC_S3_XGB_seed42,EC,S3,XGB,413,Train,47.0,43.538322
EC_S3_XGB_seed42,EC,S3,XGB,414,Train,23.0,22.738554
EC_S3_XGB_seed42,EC,S3,XGB,418,Train,83.0,82.13227
EC_S3_XGB_seed42,EC,S3,XGB,419,Train,84.0,85.89075
EC_S3_XGB_seed42,EC,S3,XGB,420,Train,87.0,86.665924
EC_S3_XGB_seed42,EC,S3,XGB,421,Train,37.0,37.857082
EC_S3_XGB_seed42,EC,S3,XGB,423,Train,31.0,30.472668
EC_S3_XGB_seed42,EC,S3,XGB,424,Train,32.0,31.451113
EC_S3_XGB_seed42,EC,S3,XGB,425,Train,47.0,42.175407
EC_S3_XGB_seed42,EC,S3,XGB,426,Train,51.0,44.590477
EC_S3_XGB_seed42,EC,S3,XGB,428,Train,37.0,36.351467
EC_S3_XGB_seed42,EC,S3,XGB,430,Train,34.0,35.631092
EC_S3_XGB_seed42,EC,S3,XGB,432,Train,77.0,76.6639
EC_S3_XGB_seed42,EC,S3,XGB,433,Train,82.0,79.704285
EC_S3_XGB_seed42,EC,S3,XGB,434,Train,83.0,82.263954
EC_S3_XGB_seed42,EC,S3,XGB,435,Train,85.0,86.14977
EC_S3_XGB_seed42,EC,S3,XGB,436,Train,87.0,86.718475
EC_S3_XGB_seed42,EC,S3,XGB,438,Train,38.0,36.227352
EC_S3_XGB_seed42,EC,S3,XGB,440,Train,17.0,16.699566
EC_S3_XGB_seed42,EC,S3,XGB,441,Train,48.0,42.71322
EC_S3_XGB_seed42,EC,S3,XGB,442,Train,35.0,36.024696
EC_S3_XGB_seed42,EC,S3,XGB,443,Train,36.0,40.92482
EC_S3_XGB_seed42,EC,S3,XGB,445,Train,35.0,35.93098
EC_S3_XGB_seed42,EC,S3,XGB,446,Train,51.0,46.6415
EC_S3_XGB_seed42,EC,S3,XGB,449,Train,32.0,31.03319
EC_S3_XGB_seed42,EC,S3,XGB,450,Train,37.0,37.568024
EC_S3_XGB_seed42,EC,S3,XGB,452,Train,35.0,32.09344
EC_S3_XGB_seed42,EC,S3,XGB,453,Train,39.0,35.423744
EC_S3_XGB_seed42,EC,S3,XGB,454,Train,41.0,38.375916
EC_S3_XGB_seed42,EC,S3,XGB,455,Train,24.0,21.810762
EC_S3_XGB_seed42,EC,S3,XGB,456,Train,47.0,43.65303
EC_S3_XGB_seed42,EC,S3,XGB,457,Train,29.0,35.040333
EC_S3_XGB_seed42,EC,S3,XGB,458,Train,37.0,36.320263
EC_S3_XGB_seed42,EC,S3,XGB,459,Train,32.0,31.667145
EC_S3_XGB_seed42,EC,S3,XGB,460,Train,37.0,36.953358
EC_S3_XGB_seed42,EC,S3,XGB,461,Train,31.0,31.433144
EC_S3_XGB_seed42,EC,S3,XGB,462,Train,37.0,36.55124
EC_S3_XGB_seed42,EC,S3,XGB,463,Train,31.0,30.654495
EC_S3_XGB_seed42,EC,S3,XGB,464,Train,37.0,36.48458
EC_S3_XGB_seed42,EC,S3,XGB,465,Train,36.0,36.320263
EC_S3_XGB_seed42,EC,S3,XGB,466,Train,39.0,36.320263
EC_S3_XGB_seed42,EC,S3,XGB,468,Train,42.0,43.553173
EC_S3_XGB_seed42,EC,S3,XGB,469,Train,36.0,36.890194
EC_S3_XGB_seed42,EC,S3,XGB,470,Train,42.0,41.042427
EC_S3_XGB_seed42,EC,S3,XGB,471,Train,36.0,35.756733
EC_S3_XGB_seed42,EC,S3,XGB,472,Train,41.0,40.508728
EC_S3_XGB_seed42,EC,S3,XGB,473,Train,38.0,36.24624
EC_S3_XGB_seed42,EC,S3,XGB,474,Train,25.0,32.757786
EC_S3_XGB_seed42,EC,S3,XGB,475,Train,32.0,36.02705
EC_S3_XGB_seed42,EC,S3,XGB,476,Train,35.0,36.02705
EC_S3_XGB_seed42,EC,S3,XGB,477,Train,40.0,39.971275
EC_S3_XGB_seed42,EC,S3,XGB,478,Train,42.0,39.971275
EC_S3_XGB_seed42,EC,S3,XGB,479,Train,42.0,39.830006
EC_S3_XGB_seed42,EC,S3,XGB,481,Train,26.0,27.830904
EC_S3_XGB_seed42,EC,S3,XGB,482,Train,33.0,36.58756
EC_S3_XGB_seed42,EC,S3,XGB,483,Train,37.0,37.94579
EC_S3_XGB_seed42,EC,S3,XGB,484,Train,42.0,41.52127
EC_S3_XGB_seed42,EC,S3,XGB,485,Train,44.0,43.824596
EC_S3_XGB_seed42,EC,S3,XGB,486,Train,45.0,45.825993
EC_S3_XGB_seed42,EC,S3,XGB,487,Train,39.0,38.69199
EC_S3_XGB_seed42,EC,S3,XGB,488,Train,25.0,28.29393
EC_S3_XGB_seed42,EC,S3,XGB,489,Train,32.0,28.187057
EC_S3_XGB_seed42,EC,S3,XGB,491,Train,42.0,42.806084
EC_S3_XGB_seed42,EC,S3,XGB,492,Train,44.0,45.39394
EC_S3_XGB_seed42,EC,S3,XGB,493,Train,46.0,45.763855
EC_S3_XGB_seed42,EC,S3,XGB,494,Train,38.0,36.41259
EC_S3_XGB_seed42,EC,S3,XGB,495,Train,26.0,36.41259
EC_S3_XGB_seed42,EC,S3,XGB,496,Train,32.0,36.41259
EC_S3_XGB_seed42,EC,S3,XGB,498,Train,41.0,36.41259
EC_S3_XGB_seed42,EC,S3,XGB,500,Train,44.0,36.41259
EC_S3_XGB_seed42,EC,S3,XGB,501,Train,44.0,46.173336
EC_S3_XGB_seed42,EC,S3,XGB,502,Train,46.0,45.557713
EC_S3_XGB_seed42,EC,S3,XGB,503,Train,47.0,47.29836
EC_S3_XGB_seed42,EC,S3,XGB,504,Train,45.0,46.6652
EC_S3_XGB_seed42,EC,S3,XGB,505,Train,41.0,39.971275
EC_S3_XGB_seed42,EC,S3,XGB,506,Train,46.0,44.502357
EC_S3_XGB_seed42,EC,S3,XGB,507,Train,44.0,43.63214
EC_S3_XGB_seed42,EC,S3,XGB,509,Train,43.0,43.01764
EC_S3_XGB_seed42,EC,S3,XGB,510,Train,48.0,46.867783
EC_S3_XGB_seed42,EC,S3,XGB,511,Train,42.0,42.134716
EC_S3_XGB_seed42,EC,S3,XGB,512,Train,47.0,46.72458
EC_S3_XGB_seed42,EC,S3,XGB,516,Train,48.0,48.091473
EC_S3_XGB_seed42,EC,S3,XGB,517,Train,44.0,39.971275
EC_S3_XGB_seed42,EC,S3,XGB,518,Train,47.0,46.774044
EC_S3_XGB_seed42,EC,S3,XGB,520,Train,49.0,44.897907
EC_S3_XGB_seed42,EC,S3,XGB,521,Train,45.0,44.99997
EC_S3_XGB_seed42,EC,S3,XGB,523,Train,45.0,44.174004
EC_S3_XGB_seed42,EC,S3,XGB,524,Train,49.0,48.351295
EC_S3_XGB_seed42,EC,S3,XGB,526,Train,47.0,47.881603
EC_S3_XGB_seed42,EC,S3,XGB,527,Train,47.0,46.90992
EC_S3_XGB_seed42,EC,S3,XGB,528,Train,46.0,45.713875
EC_S3_XGB_seed42,EC,S3,XGB,529,Train,47.0,45.032963
EC_S3_XGB_seed42,EC,S3,XGB,530,Train,48.0,43.813023
EC_S3_XGB_seed42,EC,S3,XGB,532,Train,48.0,47.739155
EC_S3_XGB_seed42,EC,S3,XGB,533,Train,23.0,22.704256
EC_S3_XGB_seed42,EC,S3,XGB,536,Train,26.0,25.204546
EC_S3_XGB_seed42,EC,S3,XGB,538,Train,19.0,20.484715
EC_S3_XGB_seed42,EC,S3,XGB,540,Train,20.0,20.074564
EC_S3_XGB_seed42,EC,S3,XGB,541,Train,24.0,22.862015
EC_S3_XGB_seed42,EC,S3,XGB,542,Train,20.0,20.344818
EC_S3_XGB_seed42,EC,S3,XGB,543,Train,23.0,23.127296
EC_S3_XGB_seed42,EC,S3,XGB,544,Train,28.0,27.160524
EC_S3_XGB_seed42,EC,S3,XGB,545,Train,29.0,28.745232
EC_S3_XGB_seed42,EC,S3,XGB,547,Train,27.0,28.383575
EC_S3_XGB_seed42,EC,S3,XGB,548,Train,30.0,28.638723
EC_S3_XGB_seed42,EC,S3,XGB,549,Train,24.0,27.254309
EC_S3_XGB_seed42,EC,S3,XGB,550,Train,24.0,24.901493
EC_S3_XGB_seed42,EC,S3,XGB,552,Train,32.0,31.40193
EC_S3_XGB_seed42,EC,S3,XGB,554,Train,32.0,32.341793
EC_S3_XGB_seed42,EC,S3,XGB,555,Train,27.0,26.402775
EC_S3_XGB_seed42,EC,S3,XGB,556,Train,25.0,25.415895
EC_S3_XGB_seed42,EC,S3,XGB,557,Train,31.0,29.860086
EC_S3_XGB_seed42,EC,S3,XGB,558,Train,33.0,33.018505
EC_S3_XGB_seed42,EC,S3,XGB,559,Train,29.0,29.561712
EC_S3_XGB_seed42,EC,S3,XGB,560,Train,33.0,32.634052
EC_S3_XGB_seed42,EC,S3,XGB,561,Train,20.0,23.148811
EC_S3_XGB_seed42,EC,S3,XGB,562,Train,23.0,26.397213
EC_S3_XGB_seed42,EC,S3,XGB,563,Train,27.0,31.133999
EC_S3_XGB_seed42,EC,S3,XGB,565,Train,28.0,25.707363
EC_S3_XGB_seed42,EC,S3,XGB,566,Train,24.0,25.225613
EC_S3_XGB_seed42,EC,S3,XGB,567,Train,26.0,28.172468
EC_S3_XGB_seed42,EC,S3,XGB,568,Train,22.0,21.66028
EC_S3_XGB_seed42,EC,S3,XGB,569,Train,25.0,25.166492
EC_S3_XGB_seed42,EC,S3,XGB,570,Train,29.0,29.068724
EC_S3_XGB_seed42,EC,S3,XGB,571,Train,32.0,30.449598
EC_S3_XGB_seed42,EC,S3,XGB,572,Train,31.0,31.209131
EC_S3_XGB_seed42,EC,S3,XGB,573,Train,31.0,30.802954
EC_S3_XGB_seed42,EC,S3,XGB,574,Train,32.0,31.201132
EC_S3_XGB_seed42,EC,S3,XGB,575,Train,27.0,28.943726
EC_S3_XGB_seed42,EC,S3,XGB,577,Train,26.0,26.866615
EC_S3_XGB_seed42,EC,S3,XGB,578,Train,29.0,27.535984
EC_S3_XGB_seed42,EC,S3,XGB,580,Train,32.0,31.682673
EC_S3_XGB_seed42,EC,S3,XGB,581,Train,34.0,33.939568
EC_S3_XGB_seed42,EC,S3,XGB,582,Train,22.0,22.234846
EC_S3_XGB_seed42,EC,S3,XGB,583,Train,26.0,26.369864
EC_S3_XGB_seed42,EC,S3,XGB,584,Train,30.0,29.971512
EC_S3_XGB_seed42,EC,S3,XGB,585,Train,32.0,30.897207
EC_S3_XGB_seed42,EC,S3,XGB,586,Train,30.0,31.203812
EC_S3_XGB_seed42,EC,S3,XGB,588,Train,33.0,33.741287
EC_S3_XGB_seed42,EC,S3,XGB,589,Train,35.0,34.680603
EC_S3_XGB_seed42,EC,S3,XGB,590,Train,33.0,31.466345
EC_S3_XGB_seed42,EC,S3,XGB,591,Train,34.0,34.270412
EC_S3_XGB_seed42,EC,S3,XGB,592,Train,29.0,30.617308
EC_S3_XGB_seed42,EC,S3,XGB,593,Train,35.0,33.94431
EC_S3_XGB_seed42,EC,S3,XGB,594,Train,23.0,24.881416
EC_S3_XGB_seed42,EC,S3,XGB,595,Train,26.0,29.492668
EC_S3_XGB_seed42,EC,S3,XGB,596,Train,31.0,34.70892
EC_S3_XGB_seed42,EC,S3,XGB,597,Train,28.0,27.091208
EC_S3_XGB_seed42,EC,S3,XGB,598,Train,29.0,27.110825
EC_S3_XGB_seed42,EC,S3,XGB,599,Train,26.0,27.091208
EC_S3_XGB_seed42,EC,S3,XGB,600,Train,28.0,30.970636
EC_S3_XGB_seed42,EC,S3,XGB,601,Train,23.0,21.79357
EC_S3_XGB_seed42,EC,S3,XGB,602,Train,27.0,26.522408
EC_S3_XGB_seed42,EC,S3,XGB,603,Train,31.0,30.991922
EC_S3_XGB_seed42,EC,S3,XGB,604,Train,33.0,34.18023
EC_S3_XGB_seed42,EC,S3,XGB,605,Train,35.0,34.84737
EC_S3_XGB_seed42,EC,S3,XGB,606,Train,35.0,34.99525
EC_S3_XGB_seed42,EC,S3,XGB,607,Train,36.0,35.60485
EC_S3_XGB_seed42,EC,S3,XGB,608,Train,36.0,34.80623
EC_S3_XGB_seed42,EC,S3,XGB,609,Train,28.0,28.80352
EC_S3_XGB_seed42,EC,S3,XGB,610,Train,33.0,33.268707
EC_S3_XGB_seed42,EC,S3,XGB,614,Train,29.0,28.882832
EC_S3_XGB_seed42,EC,S3,XGB,615,Train,30.0,29.36658
EC_S3_XGB_seed42,EC,S3,XGB,619,Train,34.0,34.115875
EC_S3_XGB_seed42,EC,S3,XGB,621,Train,36.0,35.667454
EC_S3_XGB_seed42,EC,S3,XGB,622,Train,37.0,36.84996
EC_S3_XGB_seed42,EC,S3,XGB,623,Train,38.0,36.04262
EC_S3_XGB_seed42,EC,S3,XGB,624,Train,30.0,29.479685
EC_S3_XGB_seed42,EC,S3,XGB,626,Train,36.0,34.62844
EC_S3_XGB_seed42,EC,S3,XGB,627,Train,33.0,33.42621
EC_S3_XGB_seed42,EC,S3,XGB,628,Train,37.0,36.741333
EC_S3_XGB_seed42,EC,S3,XGB,630,Train,28.0,31.390202
EC_S3_XGB_seed42,EC,S3,XGB,632,Train,29.0,29.742086
EC_S3_XGB_seed42,EC,S3,XGB,633,Train,31.0,29.014753
EC_S3_XGB_seed42,EC,S3,XGB,636,Train,24.0,24.93855
EC_S3_XGB_seed42,EC,S3,XGB,638,Train,33.0,33.34288
EC_S3_XGB_seed42,EC,S3,XGB,639,Train,35.0,35.571507
EC_S3_XGB_seed42,EC,S3,XGB,641,Train,37.0,36.922745
EC_S3_XGB_seed42,EC,S3,XGB,642,Train,38.0,37.39172
EC_S3_XGB_seed42,EC,S3,XGB,645,Train,35.0,34.188637
EC_S3_XGB_seed42,EC,S3,XGB,648,Train,38.0,37.934227
EC_S3_XGB_seed42,EC,S3,XGB,649,Train,26.0,27.3631
EC_S3_XGB_seed42,EC,S3,XGB,650,Train,30.0,32.36402
EC_S3_XGB_seed42,EC,S3,XGB,651,Train,34.0,34.995426
EC_S3_XGB_seed42,EC,S3,XGB,652,Train,30.0,29.61874
EC_S3_XGB_seed42,EC,S3,XGB,653,Train,31.0,29.90489
EC_S3_XGB_seed42,EC,S3,XGB,655,Train,29.0,29.975468
EC_S3_XGB_seed42,EC,S3,XGB,656,Train,34.0,34.27506
EC_S3_XGB_seed42,EC,S3,XGB,657,Train,36.0,36.11915
EC_S3_XGB_seed42,EC,S3,XGB,658,Train,38.0,38.101753
EC_S3_XGB_seed42,EC,S3,XGB,659,Train,38.0,37.997795
EC_S3_XGB_seed42,EC,S3,XGB,660,Train,39.0,38.421185
EC_S3_XGB_seed42,EC,S3,XGB,661,Train,39.0,37.90312
EC_S3_XGB_seed42,EC,S3,XGB,662,Train,36.0,38.0306
EC_S3_XGB_seed42,EC,S3,XGB,663,Train,38.0,37.08537
EC_S3_XGB_seed42,EC,S3,XGB,665,Train,40.0,40.628075
EC_S3_XGB_seed42,EC,S3,XGB,666,Train,30.0,31.249317
EC_S3_XGB_seed42,EC,S3,XGB,667,Train,32.0,32.55314
EC_S3_XGB_seed42,EC,S3,XGB,669,Train,31.0,32.367752
EC_S3_XGB_seed42,EC,S3,XGB,670,Train,36.0,35.653847
EC_S3_XGB_seed42,EC,S3,XGB,671,Train,37.0,36.98306
EC_S3_XGB_seed42,EC,S3,XGB,672,Train,39.0,38.098137
EC_S3_XGB_seed42,EC,S3,XGB,674,Train,39.0,39.484016
EC_S3_XGB_seed42,EC,S3,XGB,675,Train,40.0,39.017036
EC_S3_XGB_seed42,EC,S3,XGB,677,Train,27.0,30.50246
EC_S3_XGB_seed42,EC,S3,XGB,678,Train,31.0,34.209644
EC_S3_XGB_seed42,EC,S3,XGB,679,Train,34.0,36.206314
EC_S3_XGB_seed42,EC,S3,XGB,681,Train,37.0,36.096596
EC_S3_XGB_seed42,EC,S3,XGB,683,Train,31.0,29.91175
EC_S3_XGB_seed42,EC,S3,XGB,685,Train,29.0,29.91175
EC_S3_XGB_seed42,EC,S3,XGB,686,Train,31.0,33.0048
EC_S3_XGB_seed42,EC,S3,XGB,687,Train,33.0,32.464523
EC_S3_XGB_seed42,EC,S3,XGB,688,Train,37.0,37.493416
EC_S3_XGB_seed42,EC,S3,XGB,689,Train,38.0,39.03673
EC_S3_XGB_seed42,EC,S3,XGB,690,Train,28.0,30.876017
EC_S3_XGB_seed42,EC,S3,XGB,692,Train,35.0,39.333485
EC_S3_XGB_seed42,EC,S3,XGB,693,Train,26.0,26.822184
EC_S3_XGB_seed42,EC,S3,XGB,694,Train,32.0,32.576366
EC_S3_XGB_seed42,EC,S3,XGB,695,Train,37.0,36.92891
EC_S3_XGB_seed42,EC,S3,XGB,696,Train,37.0,38.228397
EC_S3_XGB_seed42,EC,S3,XGB,697,Train,39.0,39.01771
EC_S3_XGB_seed42,EC,S3,XGB,698,Train,39.0,38.967285
EC_S3_XGB_seed42,EC,S3,XGB,700,Train,40.0,39.653194
EC_S3_XGB_seed42,EC,S3,XGB,701,Train,38.0,37.816105
EC_S3_XGB_seed42,EC,S3,XGB,702,Train,41.0,41.480152
EC_S3_XGB_seed42,EC,S3,XGB,703,Train,31.0,31.047976
EC_S3_XGB_seed42,EC,S3,XGB,704,Train,33.0,32.727074
EC_S3_XGB_seed42,EC,S3,XGB,705,Train,34.0,33.31341
EC_S3_XGB_seed42,EC,S3,XGB,706,Train,38.0,38.722042
EC_S3_XGB_seed42,EC,S3,XGB,707,Train,28.0,31.812702
EC_S3_XGB_seed42,EC,S3,XGB,708,Train,33.0,35.035378
EC_S3_XGB_seed42,EC,S3,XGB,709,Train,35.0,38.006065
EC_S3_XGB_seed42,EC,S3,XGB,710,Train,30.0,32.183422
EC_S3_XGB_seed42,EC,S3,XGB,712,Train,27.0,27.66308
EC_S3_XGB_seed42,EC,S3,XGB,713,Train,35.0,33.83327
EC_S3_XGB_seed42,EC,S3,XGB,714,Train,38.0,37.438244
EC_S3_XGB_seed42,EC,S3,XGB,715,Train,38.0,38.54333
EC_S3_XGB_seed42,EC,S3,XGB,716,Train,40.0,39.848866
EC_S3_XGB_seed42,EC,S3,XGB,717,Train,40.0,39.996563
EC_S3_XGB_seed42,EC,S3,XGB,718,Train,40.0,40.49622
EC_S3_XGB_seed42,EC,S3,XGB,719,Train,40.0,40.141495
EC_S3_XGB_seed42,EC,S3,XGB,720,Train,38.0,37.50129
EC_S3_XGB_seed42,EC,S3,XGB,722,Train,43.0,43.41949
EC_S3_XGB_seed42,EC,S3,XGB,723,Train,31.0,31.283062
EC_S3_XGB_seed42,EC,S3,XGB,724,Train,33.0,33.541073
EC_S3_XGB_seed42,EC,S3,XGB,727,Train,34.0,33.39541
EC_S3_XGB_seed42,EC,S3,XGB,728,Train,39.0,39.020824
EC_S3_XGB_seed42,EC,S3,XGB,729,Train,29.0,30.942286
EC_S3_XGB_seed42,EC,S3,XGB,730,Train,34.0,33.67673
EC_S3_XGB_seed42,EC,S3,XGB,731,Train,35.0,35.68091
EC_S3_XGB_seed42,EC,S3,XGB,732,Train,38.0,38.055546
EC_S3_XGB_seed42,EC,S3,XGB,734,Train,44.0,44.196323
EC_S3_XGB_seed42,EC,S3,XGB,735,Train,32.0,31.491772
EC_S3_XGB_seed42,EC,S3,XGB,736,Train,34.0,33.957523
EC_S3_XGB_seed42,EC,S3,XGB,737,Train,34.0,33.776012
EC_S3_XGB_seed42,EC,S3,XGB,738,Train,39.0,39.36256
EC_S3_XGB_seed42,EC,S3,XGB,739,Train,29.0,29.446741
EC_S3_XGB_seed42,EC,S3,XGB,740,Train,34.0,34.039745
EC_S3_XGB_seed42,EC,S3,XGB,741,Train,36.0,36.097343
EC_S3_XGB_seed42,EC,S3,XGB,742,Train,29.0,29.222073
EC_S3_XGB_seed42,EC,S3,XGB,743,Train,37.0,36.557076
EC_S3_XGB_seed42,EC,S3,XGB,744,Train,39.0,38.372868
EC_S3_XGB_seed42,EC,S3,XGB,745,Train,39.0,39.365246
EC_S3_XGB_seed42,EC,S3,XGB,746,Train,40.0,40.240635
EC_S3_XGB_seed42,EC,S3,XGB,747,Train,40.0,40.33044
EC_S3_XGB_seed42,EC,S3,XGB,748,Train,40.0,40.897865
EC_S3_XGB_seed42,EC,S3,XGB,751,Train,40.0,40.997337
EC_S3_XGB_seed42,EC,S3,XGB,752,Train,44.0,44.515152
EC_S3_XGB_seed42,EC,S3,XGB,753,Train,33.0,32.01279
EC_S3_XGB_seed42,EC,S3,XGB,754,Train,34.0,34.382206
EC_S3_XGB_seed42,EC,S3,XGB,756,Train,34.0,34.150414
EC_S3_XGB_seed42,EC,S3,XGB,758,Train,30.0,29.702066
EC_S3_XGB_seed42,EC,S3,XGB,759,Train,34.0,34.30663
EC_S3_XGB_seed42,EC,S3,XGB,760,Train,37.0,36.353424
EC_S3_XGB_seed42,EC,S3,XGB,761,Train,38.0,38.58076
EC_S3_XGB_seed42,EC,S3,XGB,762,Train,41.0,41.403503
EC_S3_XGB_seed42,EC,S3,XGB,763,Train,45.0,44.85861
EC_S3_XGB_seed42,EC,S3,XGB,765,Train,35.0,34.704075
EC_S3_XGB_seed42,EC,S3,XGB,766,Train,33.0,33.425022
EC_S3_XGB_seed42,EC,S3,XGB,767,Train,35.0,34.28888
EC_S3_XGB_seed42,EC,S3,XGB,768,Train,40.0,39.99509
EC_S3_XGB_seed42,EC,S3,XGB,769,Train,31.0,29.977522
EC_S3_XGB_seed42,EC,S3,XGB,770,Train,35.0,34.67825
EC_S3_XGB_seed42,EC,S3,XGB,771,Train,37.0,36.68554
EC_S3_XGB_seed42,EC,S3,XGB,772,Train,31.0,30.281708
EC_S3_XGB_seed42,EC,S3,XGB,773,Train,38.0,37.165436
EC_S3_XGB_seed42,EC,S3,XGB,774,Train,39.0,38.82994
EC_S3_XGB_seed42,EC,S3,XGB,775,Train,40.0,39.86014
EC_S3_XGB_seed42,EC,S3,XGB,776,Train,41.0,40.70861
EC_S3_XGB_seed42,EC,S3,XGB,777,Train,41.0,40.807106
EC_S3_XGB_seed42,EC,S3,XGB,778,Train,41.0,41.374393
EC_S3_XGB_seed42,EC,S3,XGB,779,Train,41.0,41.20213
EC_S3_XGB_seed42,EC,S3,XGB,780,Train,38.0,39.035435
EC_S3_XGB_seed42,EC,S3,XGB,781,Train,42.0,41.81158
EC_S3_XGB_seed42,EC,S3,XGB,782,Train,46.0,45.213345
EC_S3_XGB_seed42,EC,S3,XGB,786,Train,35.0,34.54459
EC_S3_XGB_seed42,EC,S3,XGB,787,Train,31.0,30.160301
EC_S3_XGB_seed42,EC,S3,XGB,788,Train,35.0,34.899525
EC_S3_XGB_seed42,EC,S3,XGB,789,Train,38.0,36.682613
EC_S3_XGB_seed42,EC,S3,XGB,790,Train,39.0,39.192677
EC_S3_XGB_seed42,EC,S3,XGB,792,Train,43.0,42.226246
EC_S3_XGB_seed42,EC,S3,XGB,793,Train,46.0,45.6089
EC_S3_XGB_seed42,EC,S3,XGB,795,Train,35.0,34.903473
EC_S3_XGB_seed42,EC,S3,XGB,796,Train,38.0,36.633667
EC_S3_XGB_seed42,EC,S3,XGB,797,Train,33.0,32.640892
EC_S3_XGB_seed42,EC,S3,XGB,798,Train,35.0,34.962315
EC_S3_XGB_seed42,EC,S3,XGB,799,Train,31.0,32.640892
EC_S3_XGB_seed42,EC,S3,XGB,800,Train,33.0,33.66402
EC_S3_XGB_seed42,EC,S3,XGB,801,Train,32.0,30.786882
EC_S3_XGB_seed42,EC,S3,XGB,802,Train,39.0,37.671204
EC_S3_XGB_seed42,EC,S3,XGB,804,Train,40.0,39.9471
EC_S3_XGB_seed42,EC,S3,XGB,805,Train,41.0,41.11169
EC_S3_XGB_seed42,EC,S3,XGB,806,Train,41.0,41.19016
EC_S3_XGB_seed42,EC,S3,XGB,807,Train,42.0,41.62668
EC_S3_XGB_seed42,EC,S3,XGB,808,Train,42.0,41.236115
EC_S3_XGB_seed42,EC,S3,XGB,809,Train,39.0,39.363487
EC_S3_XGB_seed42,EC,S3,XGB,810,Train,39.0,39.40886
EC_S3_XGB_seed42,EC,S3,XGB,813,Train,33.0,32.683628
EC_S3_XGB_seed42,EC,S3,XGB,814,Train,35.0,35.038013
EC_S3_XGB_seed42,EC,S3,XGB,815,Train,47.0,46.06759
EC_S3_XGB_seed42,EC,S3,XGB,816,Train,43.0,42.749584
EC_S3_XGB_seed42,EC,S3,XGB,817,Train,34.0,33.213753
EC_S3_XGB_seed42,EC,S3,XGB,818,Train,36.0,35.528
EC_S3_XGB_seed42,EC,S3,XGB,819,Train,47.0,46.133976
EC_S3_XGB_seed42,EC,S3,XGB,820,Train,23.0,26.397875
EC_S3_XGB_seed42,EC,S3,XGB,821,Train,27.0,29.863153
EC_S3_XGB_seed42,EC,S3,XGB,822,Train,32.0,33.201523
EC_S3_XGB_seed42,EC,S3,XGB,823,Train,33.0,37.448536
EC_S3_XGB_seed42,EC,S3,XGB,824,Train,36.0,37.90157
EC_S3_XGB_seed42,EC,S3,XGB,825,Train,43.0,37.23215
EC_S3_XGB_seed42,EC,S3,XGB,827,Train,41.0,37.448536
EC_S3_XGB_seed42,EC,S3,XGB,828,Train,43.0,37.90157
EC_S3_XGB_seed42,EC,S3,XGB,830,Train,44.0,38.140213
EC_S3_XGB_seed42,EC,S3,XGB,831,Train,47.0,37.448536
EC_S3_XGB_seed42,EC,S3,XGB,832,Train,49.0,37.90157
EC_S3_XGB_seed42,EC,S3,XGB,833,Train,52.0,37.23215
EC_S3_XGB_seed42,EC,S3,XGB,834,Train,48.0,38.140213
EC_S3_XGB_seed42,EC,S3,XGB,836,Train,26.0,37.90157
EC_S3_XGB_seed42,EC,S3,XGB,837,Train,25.0,37.23215
EC_S3_XGB_seed42,EC,S3,XGB,838,Train,28.0,38.140213
EC_S3_XGB_seed42,EC,S3,XGB,839,Train,32.0,37.448536
EC_S3_XGB_seed42,EC,S3,XGB,841,Train,33.0,37.23215
EC_S3_XGB_seed42,EC,S3,XGB,843,Train,34.0,37.448536
EC_S3_XGB_seed42,EC,S3,XGB,845,Train,31.0,37.23215
EC_S3_XGB_seed42,EC,S3,XGB,846,Train,34.0,38.140213
EC_S3_XGB_seed42,EC,S3,XGB,848,Train,13.0,16.967024
EC_S3_XGB_seed42,EC,S3,XGB,849,Train,28.0,27.450148
EC_S3_XGB_seed42,EC,S3,XGB,850,Train,21.0,23.097105
EC_S3_XGB_seed42,EC,S3,XGB,851,Train,25.0,25.917824
EC_S3_XGB_seed42,EC,S3,XGB,853,Train,18.0,18.945646
EC_S3_XGB_seed42,EC,S3,XGB,855,Train,21.0,17.01573
EC_S3_XGB_seed42,EC,S3,XGB,856,Train,25.0,18.945646
EC_S3_XGB_seed42,EC,S3,XGB,858,Train,25.0,27.598871
EC_S3_XGB_seed42,EC,S3,XGB,859,Train,25.0,26.32614
EC_S3_XGB_seed42,EC,S3,XGB,860,Train,32.0,30.81801
EC_S3_XGB_seed42,EC,S3,XGB,861,Train,38.0,36.665916
EC_S3_XGB_seed42,EC,S3,XGB,862,Train,36.0,37.627174
EC_S3_XGB_seed42,EC,S3,XGB,863,Train,41.0,38.60788
EC_S3_XGB_seed42,EC,S3,XGB,865,Train,46.0,40.26414
EC_S3_XGB_seed42,EC,S3,XGB,866,Train,44.0,37.627174
EC_S3_XGB_seed42,EC,S3,XGB,868,Train,52.0,39.94466
EC_S3_XGB_seed42,EC,S3,XGB,869,Train,47.0,40.26414
EC_S3_XGB_seed42,EC,S3,XGB,870,Train,48.0,37.627174
EC_S3_XGB_seed42,EC,S3,XGB,871,Train,51.0,38.60788
EC_S3_XGB_seed42,EC,S3,XGB,873,Train,49.0,40.26414
EC_S3_XGB_seed42,EC,S3,XGB,874,Train,26.0,37.627174
EC_S3_XGB_seed42,EC,S3,XGB,875,Train,27.0,38.60788
EC_S3_XGB_seed42,EC,S3,XGB,877,Train,31.0,40.26414
EC_S3_XGB_seed42,EC,S3,XGB,879,Train,35.0,38.60788
EC_S3_XGB_seed42,EC,S3,XGB,880,Train,35.0,39.94466
EC_S3_XGB_seed42,EC,S3,XGB,881,Train,34.0,40.26414
EC_S3_XGB_seed42,EC,S3,XGB,882,Train,35.0,37.627174
EC_S3_XGB_seed42,EC,S3,XGB,884,Train,32.0,39.94466
EC_S3_XGB_seed42,EC,S3,XGB,885,Train,35.0,40.26414
EC_S3_XGB_seed42,EC,S3,XGB,886,Train,28.0,32.047592
EC_S3_XGB_seed42,EC,S3,XGB,887,Train,23.0,30.270477
EC_S3_XGB_seed42,EC,S3,XGB,889,Train,28.0,32.55315
EC_S3_XGB_seed42,EC,S3,XGB,890,Train,18.0,22.602596
EC_S3_XGB_seed42,EC,S3,XGB,891,Train,17.0,24.249247
EC_S3_XGB_seed42,EC,S3,XGB,892,Train,23.0,20.788038
EC_S3_XGB_seed42,EC,S3,XGB,894,Train,29.0,24.249247
EC_S3_XGB_seed42,EC,S3,XGB,895,Train,28.0,28.6576
EC_S3_XGB_seed42,EC,S3,XGB,896,Train,36.0,33.855972
EC_S3_XGB_seed42,EC,S3,XGB,897,Train,41.0,38.93194
EC_S3_XGB_seed42,EC,S3,XGB,898,Train,39.0,41.331528
EC_S3_XGB_seed42,EC,S3,XGB,899,Train,46.0,42.423378
EC_S3_XGB_seed42,EC,S3,XGB,900,Train,52.0,41.895584
EC_S3_XGB_seed42,EC,S3,XGB,901,Train,48.0,41.41385
EC_S3_XGB_seed42,EC,S3,XGB,902,Train,47.0,41.331528
EC_S3_XGB_seed42,EC,S3,XGB,903,Train,52.0,42.423378
EC_S3_XGB_seed42,EC,S3,XGB,905,Train,48.0,41.41385
EC_S3_XGB_seed42,EC,S3,XGB,906,Train,50.0,41.331528
EC_S3_XGB_seed42,EC,S3,XGB,907,Train,52.0,42.423378
EC_S3_XGB_seed42,EC,S3,XGB,908,Train,55.0,41.895584
EC_S3_XGB_seed42,EC,S3,XGB,909,Train,49.0,41.41385
EC_S3_XGB_seed42,EC,S3,XGB,911,Train,29.0,42.423378
EC_S3_XGB_seed42,EC,S3,XGB,913,Train,32.0,41.41385
EC_S3_XGB_seed42,EC,S3,XGB,916,Train,35.0,41.895584
EC_S3_XGB_seed42,EC,S3,XGB,917,Train,36.0,41.41385
EC_S3_XGB_seed42,EC,S3,XGB,918,Train,36.0,41.331528
EC_S3_XGB_seed42,EC,S3,XGB,919,Train,36.0,42.423378
EC_S3_XGB_seed42,EC,S3,XGB,920,Train,34.0,41.895584
EC_S3_XGB_seed42,EC,S3,XGB,921,Train,36.0,41.41385
EC_S3_XGB_seed42,EC,S3,XGB,923,Train,38.0,37.78735
EC_S3_XGB_seed42,EC,S3,XGB,924,Train,45.0,41.975906
EC_S3_XGB_seed42,EC,S3,XGB,925,Train,41.0,41.031345
EC_S3_XGB_seed42,EC,S3,XGB,926,Train,49.0,43.52485
EC_S3_XGB_seed42,EC,S3,XGB,928,Train,48.0,41.53893
EC_S3_XGB_seed42,EC,S3,XGB,929,Train,50.0,41.031345
EC_S3_XGB_seed42,EC,S3,XGB,930,Train,55.0,43.52485
EC_S3_XGB_seed42,EC,S3,XGB,931,Train,54.0,43.698315
EC_S3_XGB_seed42,EC,S3,XGB,932,Train,48.0,41.53893
EC_S3_XGB_seed42,EC,S3,XGB,933,Train,50.0,41.031345
EC_S3_XGB_seed42,EC,S3,XGB,934,Train,54.0,43.52485
EC_S3_XGB_seed42,EC,S3,XGB,935,Train,55.0,43.698315
EC_S3_XGB_seed42,EC,S3,XGB,936,Train,49.0,41.53893
EC_S3_XGB_seed42,EC,S3,XGB,937,Train,27.0,41.031345
EC_S3_XGB_seed42,EC,S3,XGB,938,Train,30.0,43.52485
EC_S3_XGB_seed42,EC,S3,XGB,939,Train,30.0,43.698315
EC_S3_XGB_seed42,EC,S3,XGB,940,Train,34.0,41.53893
EC_S3_XGB_seed42,EC,S3,XGB,941,Train,34.0,41.031345
EC_S3_XGB_seed42,EC,S3,XGB,942,Train,36.0,43.52485
EC_S3_XGB_seed42,EC,S3,XGB,944,Train,36.0,41.53893
EC_S3_XGB_seed42,EC,S3,XGB,946,Train,36.0,43.52485
EC_S3_XGB_seed42,EC,S3,XGB,947,Train,35.0,43.698315
EC_S3_XGB_seed42,EC,S3,XGB,948,Train,37.0,41.53893
EC_S3_XGB_seed42,EC,S3,XGB,949,Train,29.0,30.030272
EC_S3_XGB_seed42,EC,S3,XGB,950,Train,23.0,28.103254
EC_S3_XGB_seed42,EC,S3,XGB,951,Train,28.0,32.783707
EC_S3_XGB_seed42,EC,S3,XGB,952,Train,29.0,33.65449
EC_S3_XGB_seed42,EC,S3,XGB,953,Train,13.0,18.08951
EC_S3_XGB_seed42,EC,S3,XGB,954,Train,19.0,22.282778
EC_S3_XGB_seed42,EC,S3,XGB,956,Train,24.0,18.08951
EC_S3_XGB_seed42,EC,S3,XGB,959,Train,31.0,30.160866
EC_S3_XGB_seed42,EC,S3,XGB,960,Train,39.0,36.977867
EC_S3_XGB_seed42,EC,S3,XGB,961,Train,47.0,43.716385
EC_S3_XGB_seed42,EC,S3,XGB,962,Train,42.0,37.81681
EC_S3_XGB_seed42,EC,S3,XGB,963,Train,50.0,42.934246
EC_S3_XGB_seed42,EC,S3,XGB,967,Train,56.0,42.934246
EC_S3_XGB_seed42,EC,S3,XGB,968,Train,54.0,44.52787
EC_S3_XGB_seed42,EC,S3,XGB,969,Train,49.0,41.406303
EC_S3_XGB_seed42,EC,S3,XGB,970,Train,52.0,37.81681
EC_S3_XGB_seed42,EC,S3,XGB,971,Train,55.0,42.934246
EC_S3_XGB_seed42,EC,S3,XGB,972,Train,56.0,44.52787
EC_S3_XGB_seed42,EC,S3,XGB,973,Train,49.0,41.406303
EC_S3_XGB_seed42,EC,S3,XGB,974,Train,27.0,37.81681
EC_S3_XGB_seed42,EC,S3,XGB,975,Train,30.0,42.934246
EC_S3_XGB_seed42,EC,S3,XGB,976,Train,31.0,44.52787
EC_S3_XGB_seed42,EC,S3,XGB,977,Train,35.0,41.406303
EC_S3_XGB_seed42,EC,S3,XGB,978,Train,34.0,37.81681
EC_S3_XGB_seed42,EC,S3,XGB,979,Train,36.0,42.934246
EC_S3_XGB_seed42,EC,S3,XGB,981,Train,37.0,41.406303
EC_S3_XGB_seed42,EC,S3,XGB,982,Train,37.0,37.81681
EC_S3_XGB_seed42,EC,S3,XGB,983,Train,37.0,42.934246
EC_S3_XGB_seed42,EC,S3,XGB,985,Train,37.0,41.406303
EC_S3_XGB_seed42,EC,S3,XGB,990,Train,42.0,40.70073
EC_S3_XGB_seed42,EC,S3,XGB,991,Train,51.0,45.96332
EC_S3_XGB_seed42,EC,S3,XGB,992,Train,47.0,42.636288
EC_S3_XGB_seed42,EC,S3,XGB,993,Train,54.0,44.13108
EC_S3_XGB_seed42,EC,S3,XGB,994,Train,55.0,45.496227
EC_S3_XGB_seed42,EC,S3,XGB,996,Train,54.0,42.636288
EC_S3_XGB_seed42,EC,S3,XGB,997,Train,58.0,44.13108
EC_S3_XGB_seed42,EC,S3,XGB,998,Train,56.0,45.496227
EC_S3_XGB_seed42,EC,S3,XGB,999,Train,49.0,40.4159
EC_S3_XGB_seed42,EC,S3,XGB,1000,Train,54.0,42.636288
EC_S3_XGB_seed42,EC,S3,XGB,1004,Train,28.0,42.636288
EC_S3_XGB_seed42,EC,S3,XGB,1005,Train,31.0,44.13108
EC_S3_XGB_seed42,EC,S3,XGB,1006,Train,33.0,45.496227
EC_S3_XGB_seed42,EC,S3,XGB,1007,Train,36.0,40.4159
EC_S3_XGB_seed42,EC,S3,XGB,1008,Train,35.0,42.636288
EC_S3_XGB_seed42,EC,S3,XGB,1009,Train,36.0,44.13108
EC_S3_XGB_seed42,EC,S3,XGB,1011,Train,38.0,40.4159
EC_S3_XGB_seed42,EC,S3,XGB,1012,Train,37.0,42.636288
EC_S3_XGB_seed42,EC,S3,XGB,1013,Train,37.0,44.13108
EC_S3_XGB_seed42,EC,S3,XGB,1014,Train,37.0,45.496227
EC_S3_XGB_seed42,EC,S3,XGB,1015,Train,38.0,40.4159
EC_S3_XGB_seed42,EC,S3,XGB,1016,Train,24.0,32.302433
EC_S3_XGB_seed42,EC,S3,XGB,1017,Train,29.0,35.68839
EC_S3_XGB_seed42,EC,S3,XGB,1018,Train,30.0,33.05999
EC_S3_XGB_seed42,EC,S3,XGB,1020,Train,20.0,25.431507
EC_S3_XGB_seed42,EC,S3,XGB,1021,Train,18.0,26.45824
EC_S3_XGB_seed42,EC,S3,XGB,1022,Train,24.0,22.594559
EC_S3_XGB_seed42,EC,S3,XGB,1023,Train,29.0,25.431507
EC_S3_XGB_seed42,EC,S3,XGB,1024,Train,32.0,26.45824
EC_S3_XGB_seed42,EC,S3,XGB,1025,Train,35.0,34.72658
EC_S3_XGB_seed42,EC,S3,XGB,1028,Train,49.0,42.092953
EC_S3_XGB_seed42,EC,S3,XGB,1029,Train,56.0,47.64187
EC_S3_XGB_seed42,EC,S3,XGB,1030,Train,55.0,44.553196
EC_S3_XGB_seed42,EC,S3,XGB,1032,Train,57.0,42.092953
EC_S3_XGB_seed42,EC,S3,XGB,1033,Train,59.0,47.64187
EC_S3_XGB_seed42,EC,S3,XGB,1034,Train,56.0,44.553196
EC_S3_XGB_seed42,EC,S3,XGB,1035,Train,49.0,42.116753
EC_S3_XGB_seed42,EC,S3,XGB,1036,Train,55.0,42.092953
EC_S3_XGB_seed42,EC,S3,XGB,1037,Train,59.0,47.64187
EC_S3_XGB_seed42,EC,S3,XGB,1038,Train,57.0,44.553196
EC_S3_XGB_seed42,EC,S3,XGB,1039,Train,49.0,42.116753
EC_S3_XGB_seed42,EC,S3,XGB,1040,Train,28.0,42.092953
EC_S3_XGB_seed42,EC,S3,XGB,1042,Train,33.0,44.553196
EC_S3_XGB_seed42,EC,S3,XGB,1043,Train,36.0,42.116753
EC_S3_XGB_seed42,EC,S3,XGB,1044,Train,35.0,42.092953
EC_S3_XGB_seed42,EC,S3,XGB,1045,Train,37.0,47.64187
EC_S3_XGB_seed42,EC,S3,XGB,1046,Train,37.0,44.553196
EC_S3_XGB_seed42,EC,S3,XGB,1048,Train,37.0,42.092953
EC_S3_XGB_seed42,EC,S3,XGB,1049,Train,38.0,47.64187
EC_S3_XGB_seed42,EC,S3,XGB,1050,Train,38.0,44.553196
EC_S3_XGB_seed42,EC,S3,XGB,1051,Train,38.0,42.116753
EC_S3_XGB_seed42,EC,S3,XGB,1052,Train,34.0,33.57528
EC_S3_XGB_seed42,EC,S3,XGB,1053,Train,25.0,22.755293
EC_S3_XGB_seed42,EC,S3,XGB,1054,Train,29.0,30.677826
EC_S3_XGB_seed42,EC,S3,XGB,1055,Train,32.0,31.81391
EC_S3_XGB_seed42,EC,S3,XGB,1056,Train,37.0,33.142216
EC_S3_XGB_seed42,EC,S3,XGB,1057,Train,46.0,42.548122
EC_S3_XGB_seed42,EC,S3,XGB,1060,Train,58.0,49.91048
EC_S3_XGB_seed42,EC,S3,XGB,1061,Train,55.0,46.967216
EC_S3_XGB_seed42,EC,S3,XGB,1064,Train,60.0,49.91048
EC_S3_XGB_seed42,EC,S3,XGB,1065,Train,56.0,46.967216
EC_S3_XGB_seed42,EC,S3,XGB,1066,Train,50.0,42.704826
EC_S3_XGB_seed42,EC,S3,XGB,1068,Train,61.0,49.91048
EC_S3_XGB_seed42,EC,S3,XGB,1069,Train,57.0,46.967216
EC_S3_XGB_seed42,EC,S3,XGB,1070,Train,49.0,42.704826
EC_S3_XGB_seed42,EC,S3,XGB,1071,Train,29.0,39.07298
EC_S3_XGB_seed42,EC,S3,XGB,1073,Train,34.0,46.967216
EC_S3_XGB_seed42,EC,S3,XGB,1074,Train,36.0,42.704826
EC_S3_XGB_seed42,EC,S3,XGB,1076,Train,38.0,49.91048
EC_S3_XGB_seed42,EC,S3,XGB,1077,Train,38.0,46.967216
EC_S3_XGB_seed42,EC,S3,XGB,1078,Train,38.0,42.704826
EC_S3_XGB_seed42,EC,S3,XGB,1079,Train,38.0,39.07298
EC_S3_XGB_seed42,EC,S3,XGB,1080,Train,38.0,49.91048
EC_S3_XGB_seed42,EC,S3,XGB,1081,Train,40.0,46.967216
EC_S3_XGB_seed42,EC,S3,XGB,1082,Train,39.0,42.704826
EC_S3_XGB_seed42,EC,S3,XGB,1083,Train,39.0,38.716232
EC_S3_XGB_seed42,EC,S3,XGB,1084,Train,49.0,47.131947
EC_S3_XGB_seed42,EC,S3,XGB,1085,Train,55.0,49.576057
EC_S3_XGB_seed42,EC,S3,XGB,1086,Train,55.0,47.7673
EC_S3_XGB_seed42,EC,S3,XGB,1088,Train,56.0,50.071022
EC_S3_XGB_seed42,EC,S3,XGB,1089,Train,49.0,43.496002
EC_S3_XGB_seed42,EC,S3,XGB,1090,Train,61.0,47.7673
EC_S3_XGB_seed42,EC,S3,XGB,1091,Train,61.0,49.796764
EC_S3_XGB_seed42,EC,S3,XGB,1092,Train,56.0,50.071022
EC_S3_XGB_seed42,EC,S3,XGB,1093,Train,50.0,43.496002
EC_S3_XGB_seed42,EC,S3,XGB,1094,Train,58.0,47.7673
EC_S3_XGB_seed42,EC,S3,XGB,1095,Train,61.0,49.796764
EC_S3_XGB_seed42,EC,S3,XGB,1096,Train,57.0,50.071022
EC_S3_XGB_seed42,EC,S3,XGB,1097,Train,49.0,43.496002
EC_S3_XGB_seed42,EC,S3,XGB,1098,Train,30.0,47.7673
EC_S3_XGB_seed42,EC,S3,XGB,1099,Train,34.0,49.796764
EC_S3_XGB_seed42,EC,S3,XGB,1101,Train,37.0,43.496002
EC_S3_XGB_seed42,EC,S3,XGB,1102,Train,37.0,47.7673
EC_S3_XGB_seed42,EC,S3,XGB,1103,Train,38.0,49.796764
EC_S3_XGB_seed42,EC,S3,XGB,1104,Train,40.0,50.071022
EC_S3_XGB_seed42,EC,S3,XGB,1105,Train,38.0,43.496002
EC_S3_XGB_seed42,EC,S3,XGB,1108,Train,41.0,50.071022
EC_S3_XGB_seed42,EC,S3,XGB,1109,Train,39.0,43.496002
EC_S3_XGB_seed42,EC,S3,XGB,1110,Train,40.0,41.464237
EC_S3_XGB_seed42,EC,S3,XGB,1111,Train,50.0,45.426624
EC_S3_XGB_seed42,EC,S3,XGB,1113,Train,57.0,49.154327
EC_S3_XGB_seed42,EC,S3,XGB,1114,Train,59.0,49.40594
EC_S3_XGB_seed42,EC,S3,XGB,1115,Train,56.0,50.18257
EC_S3_XGB_seed42,EC,S3,XGB,1117,Train,62.0,49.154327
EC_S3_XGB_seed42,EC,S3,XGB,1118,Train,60.0,49.40594
EC_S3_XGB_seed42,EC,S3,XGB,1119,Train,57.0,50.18257
EC_S3_XGB_seed42,EC,S3,XGB,1120,Train,50.0,43.092964
EC_S3_XGB_seed42,EC,S3,XGB,1121,Train,59.0,49.154327
EC_S3_XGB_seed42,EC,S3,XGB,1122,Train,62.0,49.40594
EC_S3_XGB_seed42,EC,S3,XGB,1123,Train,57.0,50.18257
EC_S3_XGB_seed42,EC,S3,XGB,1124,Train,49.0,43.092964
EC_S3_XGB_seed42,EC,S3,XGB,1125,Train,30.0,49.154327
EC_S3_XGB_seed42,EC,S3,XGB,1126,Train,35.0,49.40594
EC_S3_XGB_seed42,EC,S3,XGB,1128,Train,36.0,43.092964
EC_S3_XGB_seed42,EC,S3,XGB,1130,Train,39.0,49.40594
EC_S3_XGB_seed42,EC,S3,XGB,1131,Train,41.0,50.18257
EC_S3_XGB_seed42,EC,S3,XGB,1132,Train,38.0,43.092964
EC_S3_XGB_seed42,EC,S3,XGB,1133,Train,39.0,49.154327
EC_S3_XGB_seed42,EC,S3,XGB,1134,Train,40.0,49.40594
EC_S3_XGB_seed42,EC,S3,XGB,1135,Train,41.0,50.18257
EC_S3_XGB_seed42,EC,S3,XGB,1136,Train,39.0,43.092964
EC_S3_XGB_seed42,EC,S3,XGB,1137,Train,35.0,32.225224
EC_S3_XGB_seed42,EC,S3,XGB,1139,Train,52.0,46.219547
EC_S3_XGB_seed42,EC,S3,XGB,1140,Train,57.0,51.339912
EC_S3_XGB_seed42,EC,S3,XGB,1141,Train,59.0,47.651127
EC_S3_XGB_seed42,EC,S3,XGB,1142,Train,60.0,48.363346
EC_S3_XGB_seed42,EC,S3,XGB,1143,Train,56.0,51.42974
EC_S3_XGB_seed42,EC,S3,XGB,1144,Train,50.0,46.699696
EC_S3_XGB_seed42,EC,S3,XGB,1145,Train,62.0,47.651127
EC_S3_XGB_seed42,EC,S3,XGB,1146,Train,61.0,48.363346
EC_S3_XGB_seed42,EC,S3,XGB,1147,Train,56.0,51.42974
EC_S3_XGB_seed42,EC,S3,XGB,1148,Train,51.0,46.699696
EC_S3_XGB_seed42,EC,S3,XGB,1149,Train,61.0,47.651127
EC_S3_XGB_seed42,EC,S3,XGB,1151,Train,57.0,51.42974
EC_S3_XGB_seed42,EC,S3,XGB,1152,Train,50.0,46.699696
EC_S3_XGB_seed42,EC,S3,XGB,1153,Train,30.0,47.651127
EC_S3_XGB_seed42,EC,S3,XGB,1154,Train,36.0,48.363346
EC_S3_XGB_seed42,EC,S3,XGB,1155,Train,37.0,51.42974
EC_S3_XGB_seed42,EC,S3,XGB,1157,Train,37.0,47.651127
EC_S3_XGB_seed42,EC,S3,XGB,1158,Train,40.0,48.363346
EC_S3_XGB_seed42,EC,S3,XGB,1160,Train,38.0,46.699696
EC_S3_XGB_seed42,EC,S3,XGB,1161,Train,39.0,47.651127
EC_S3_XGB_seed42,EC,S3,XGB,1162,Train,40.0,48.363346
EC_S3_XGB_seed42,EC,S3,XGB,1165,Train,46.0,45.91266
EC_S3_XGB_seed42,EC,S3,XGB,1166,Train,46.0,40.2213
EC_S3_XGB_seed42,EC,S3,XGB,1168,Train,56.0,49.418713
EC_S3_XGB_seed42,EC,S3,XGB,1169,Train,61.0,47.918034
EC_S3_XGB_seed42,EC,S3,XGB,1170,Train,61.0,51.5466
EC_S3_XGB_seed42,EC,S3,XGB,1171,Train,56.0,51.5201
EC_S3_XGB_seed42,EC,S3,XGB,1172,Train,50.0,45.072292
EC_S3_XGB_seed42,EC,S3,XGB,1173,Train,64.0,47.918034
EC_S3_XGB_seed42,EC,S3,XGB,1174,Train,62.0,51.5466
EC_S3_XGB_seed42,EC,S3,XGB,1175,Train,57.0,51.5201
EC_S3_XGB_seed42,EC,S3,XGB,1176,Train,51.0,45.072292
EC_S3_XGB_seed42,EC,S3,XGB,1178,Train,63.0,51.5466
EC_S3_XGB_seed42,EC,S3,XGB,1179,Train,56.0,51.5201
EC_S3_XGB_seed42,EC,S3,XGB,1180,Train,50.0,45.072292
EC_S3_XGB_seed42,EC,S3,XGB,1181,Train,32.0,47.918034
EC_S3_XGB_seed42,EC,S3,XGB,1182,Train,37.0,51.5466
EC_S3_XGB_seed42,EC,S3,XGB,1184,Train,36.0,45.072292
EC_S3_XGB_seed42,EC,S3,XGB,1185,Train,38.0,47.918034
EC_S3_XGB_seed42,EC,S3,XGB,1186,Train,41.0,51.5466
EC_S3_XGB_seed42,EC,S3,XGB,1187,Train,43.0,51.5201
EC_S3_XGB_seed42,EC,S3,XGB,1188,Train,38.0,45.072292
EC_S3_XGB_seed42,EC,S3,XGB,1189,Train,40.0,47.918034
EC_S3_XGB_seed42,EC,S3,XGB,1191,Train,42.0,51.5201
EC_S3_XGB_seed42,EC,S3,XGB,1194,Train,59.0,54.73575
EC_S3_XGB_seed42,EC,S3,XGB,1195,Train,59.0,60.415154
EC_S3_XGB_seed42,EC,S3,XGB,1196,Train,59.0,58.692364
EC_S3_XGB_seed42,EC,S3,XGB,1197,Train,61.0,59.58126
EC_S3_XGB_seed42,EC,S3,XGB,1199,Train,67.0,67.91903
EC_S3_XGB_seed42,EC,S3,XGB,1200,Train,78.0,80.56765
EC_S3_XGB_seed42,EC,S3,XGB,1201,Train,92.0,88.76634
EC_S3_XGB_seed42,EC,S3,XGB,1202,Train,38.0,37.98985
EC_S3_XGB_seed42,EC,S3,XGB,1203,Train,37.0,40.46942
EC_S3_XGB_seed42,EC,S3,XGB,1205,Train,38.0,43.538475
EC_S3_XGB_seed42,EC,S3,XGB,1208,Train,61.0,59.021114
EC_S3_XGB_seed42,EC,S3,XGB,1209,Train,74.0,75.21301
EC_S3_XGB_seed42,EC,S3,XGB,1210,Train,85.0,83.410835
EC_S3_XGB_seed42,EC,S3,XGB,1211,Train,37.0,36.707222
EC_S3_XGB_seed42,EC,S3,XGB,1212,Train,38.0,38.45258
EC_S3_XGB_seed42,EC,S3,XGB,1213,Train,38.0,41.66913
EC_S3_XGB_seed42,EC,S3,XGB,1214,Train,39.0,40.426334
EC_S3_XGB_seed42,EC,S3,XGB,1216,Train,42.0,42.861164
EC_S3_XGB_seed42,EC,S3,XGB,1217,Train,57.0,55.884293
EC_S3_XGB_seed42,EC,S3,XGB,1218,Train,73.0,69.27411
EC_S3_XGB_seed42,EC,S3,XGB,1219,Train,83.0,75.5548
EC_S3_XGB_seed42,EC,S3,XGB,1221,Train,32.0,31.6044
EC_S3_XGB_seed42,EC,S3,XGB,1222,Train,32.0,33.044205
EC_S3_XGB_seed42,EC,S3,XGB,1223,Train,33.0,51.72937
EC_S3_XGB_seed42,EC,S3,XGB,1224,Train,36.0,35.318157
EC_S3_XGB_seed42,EC,S3,XGB,1225,Train,37.0,36.105427
EC_S3_XGB_seed42,EC,S3,XGB,1226,Train,43.0,46.87575
EC_S3_XGB_seed42,EC,S3,XGB,1227,Train,65.0,60.578323
EC_S3_XGB_seed42,EC,S3,XGB,1228,Train,77.0,68.476555
EC_S3_XGB_seed42,EC,S3,XGB,8,Test,32.0,24.409927
EC_S3_XGB_seed42,EC,S3,XGB,16,Test,37.0,46.94439
EC_S3_XGB_seed42,EC,S3,XGB,33,Test,39.0,40.48493
EC_S3_XGB_seed42,EC,S3,XGB,40,Test,36.0,32.678112
EC_S3_XGB_seed42,EC,S3,XGB,41,Test,39.0,44.192215
EC_S3_XGB_seed42,EC,S3,XGB,49,Test,37.0,39.1098
EC_S3_XGB_seed42,EC,S3,XGB,55,Test,27.0,35.778145
EC_S3_XGB_seed42,EC,S3,XGB,60,Test,43.0,40.254395
EC_S3_XGB_seed42,EC,S3,XGB,62,Test,19.0,18.87222
EC_S3_XGB_seed42,EC,S3,XGB,65,Test,38.0,38.773117
EC_S3_XGB_seed42,EC,S3,XGB,67,Test,40.0,40.23601
EC_S3_XGB_seed42,EC,S3,XGB,69,Test,37.0,36.907547
EC_S3_XGB_seed42,EC,S3,XGB,70,Test,35.0,36.4787
EC_S3_XGB_seed42,EC,S3,XGB,74,Test,38.0,38.890488
EC_S3_XGB_seed42,EC,S3,XGB,77,Test,39.0,39.586372
EC_S3_XGB_seed42,EC,S3,XGB,78,Test,38.0,31.695166
EC_S3_XGB_seed42,EC,S3,XGB,81,Test,38.0,37.969643
EC_S3_XGB_seed42,EC,S3,XGB,87,Test,43.0,40.803085
EC_S3_XGB_seed42,EC,S3,XGB,90,Test,34.0,36.079945
EC_S3_XGB_seed42,EC,S3,XGB,95,Test,47.0,44.223427
EC_S3_XGB_seed42,EC,S3,XGB,98,Test,32.0,30.474316
EC_S3_XGB_seed42,EC,S3,XGB,100,Test,44.0,34.08982
EC_S3_XGB_seed42,EC,S3,XGB,108,Test,41.0,41.55427
EC_S3_XGB_seed42,EC,S3,XGB,112,Test,40.0,36.436356
EC_S3_XGB_seed42,EC,S3,XGB,113,Test,40.0,35.728645
EC_S3_XGB_seed42,EC,S3,XGB,119,Test,40.0,39.964092
EC_S3_XGB_seed42,EC,S3,XGB,122,Test,32.0,36.799248
EC_S3_XGB_seed42,EC,S3,XGB,126,Test,40.0,43.983425
EC_S3_XGB_seed42,EC,S3,XGB,143,Test,40.0,37.49802
EC_S3_XGB_seed42,EC,S3,XGB,151,Test,34.0,34.90798
EC_S3_XGB_seed42,EC,S3,XGB,153,Test,41.0,39.97696
EC_S3_XGB_seed42,EC,S3,XGB,154,Test,45.0,30.442133
EC_S3_XGB_seed42,EC,S3,XGB,155,Test,44.0,43.746746
EC_S3_XGB_seed42,EC,S3,XGB,156,Test,41.0,39.73807
EC_S3_XGB_seed42,EC,S3,XGB,171,Test,50.0,48.483776
EC_S3_XGB_seed42,EC,S3,XGB,173,Test,52.0,43.97597
EC_S3_XGB_seed42,EC,S3,XGB,204,Test,47.0,47.78724
EC_S3_XGB_seed42,EC,S3,XGB,210,Test,32.0,42.148518
EC_S3_XGB_seed42,EC,S3,XGB,214,Test,36.0,33.468143
EC_S3_XGB_seed42,EC,S3,XGB,228,Test,21.0,22.764172
EC_S3_XGB_seed42,EC,S3,XGB,234,Test,30.0,36.421738
EC_S3_XGB_seed42,EC,S3,XGB,235,Test,33.0,30.426338
EC_S3_XGB_seed42,EC,S3,XGB,244,Test,34.0,37.406322
EC_S3_XGB_seed42,EC,S3,XGB,245,Test,31.0,28.747955
EC_S3_XGB_seed42,EC,S3,XGB,246,Test,38.0,39.798843
EC_S3_XGB_seed42,EC,S3,XGB,254,Test,53.0,51.79508
EC_S3_XGB_seed42,EC,S3,XGB,257,Test,48.0,47.89847
EC_S3_XGB_seed42,EC,S3,XGB,275,Test,40.0,39.225822
EC_S3_XGB_seed42,EC,S3,XGB,284,Test,62.0,66.05208
EC_S3_XGB_seed42,EC,S3,XGB,295,Test,66.0,65.859215
EC_S3_XGB_seed42,EC,S3,XGB,296,Test,80.0,69.62693
EC_S3_XGB_seed42,EC,S3,XGB,301,Test,32.0,32.87832
EC_S3_XGB_seed42,EC,S3,XGB,321,Test,28.0,35.551517
EC_S3_XGB_seed42,EC,S3,XGB,326,Test,80.0,77.13054
EC_S3_XGB_seed42,EC,S3,XGB,338,Test,23.0,25.235714
EC_S3_XGB_seed42,EC,S3,XGB,341,Test,40.0,41.885586
EC_S3_XGB_seed42,EC,S3,XGB,342,Test,38.0,34.829002
EC_S3_XGB_seed42,EC,S3,XGB,343,Test,32.0,33.675156
EC_S3_XGB_seed42,EC,S3,XGB,360,Test,87.0,85.41107
EC_S3_XGB_seed42,EC,S3,XGB,361,Test,52.0,43.08694
EC_S3_XGB_seed42,EC,S3,XGB,362,Test,36.0,41.572113
EC_S3_XGB_seed42,EC,S3,XGB,364,Test,37.0,31.746943
EC_S3_XGB_seed42,EC,S3,XGB,366,Test,35.0,27.284966
EC_S3_XGB_seed42,EC,S3,XGB,368,Test,51.0,46.13674
EC_S3_XGB_seed42,EC,S3,XGB,370,Test,51.0,42.713905
EC_S3_XGB_seed42,EC,S3,XGB,371,Test,52.0,40.39931
EC_S3_XGB_seed42,EC,S3,XGB,386,Test,17.0,22.119036
EC_S3_XGB_seed42,EC,S3,XGB,397,Test,29.0,33.03349
EC_S3_XGB_seed42,EC,S3,XGB,399,Test,76.0,75.371025
EC_S3_XGB_seed42,EC,S3,XGB,401,Test,84.0,81.768196
EC_S3_XGB_seed42,EC,S3,XGB,411,Test,53.0,41.157352
EC_S3_XGB_seed42,EC,S3,XGB,415,Test,37.0,47.195545
EC_S3_XGB_seed42,EC,S3,XGB,416,Test,76.0,76.25358
EC_S3_XGB_seed42,EC,S3,XGB,417,Test,80.0,79.57772
EC_S3_XGB_seed42,EC,S3,XGB,427,Test,36.0,32.04567
EC_S3_XGB_seed42,EC,S3,XGB,429,Test,32.0,37.772602
EC_S3_XGB_seed42,EC,S3,XGB,431,Test,40.0,36.3556
EC_S3_XGB_seed42,EC,S3,XGB,437,Test,31.0,36.469395
EC_S3_XGB_seed42,EC,S3,XGB,439,Test,39.0,34.993862
EC_S3_XGB_seed42,EC,S3,XGB,444,Test,55.0,34.136314
EC_S3_XGB_seed42,EC,S3,XGB,447,Test,55.0,36.2588
EC_S3_XGB_seed42,EC,S3,XGB,448,Test,36.0,32.915264
EC_S3_XGB_seed42,EC,S3,XGB,467,Test,39.0,40.852
EC_S3_XGB_seed42,EC,S3,XGB,480,Test,41.0,41.55244
EC_S3_XGB_seed42,EC,S3,XGB,490,Test,36.0,33.67022
EC_S3_XGB_seed42,EC,S3,XGB,497,Test,36.0,36.41259
EC_S3_XGB_seed42,EC,S3,XGB,499,Test,43.0,36.41259
EC_S3_XGB_seed42,EC,S3,XGB,508,Test,47.0,47.488827
EC_S3_XGB_seed42,EC,S3,XGB,513,Test,47.0,42.397007
EC_S3_XGB_seed42,EC,S3,XGB,514,Test,49.0,39.302647
EC_S3_XGB_seed42,EC,S3,XGB,515,Test,50.0,48.427525
EC_S3_XGB_seed42,EC,S3,XGB,519,Test,46.0,46.027534
EC_S3_XGB_seed42,EC,S3,XGB,522,Test,50.0,48.826454
EC_S3_XGB_seed42,EC,S3,XGB,525,Test,45.0,36.59479
EC_S3_XGB_seed42,EC,S3,XGB,531,Test,50.0,46.860645
EC_S3_XGB_seed42,EC,S3,XGB,534,Test,27.0,24.622046
EC_S3_XGB_seed42,EC,S3,XGB,535,Test,30.0,27.381243
EC_S3_XGB_seed42,EC,S3,XGB,537,Test,30.0,29.16759
EC_S3_XGB_seed42,EC,S3,XGB,539,Test,20.0,25.395103
EC_S3_XGB_seed42,EC,S3,XGB,546,Test,30.0,28.816963
EC_S3_XGB_seed42,EC,S3,XGB,551,Test,30.0,29.15153
EC_S3_XGB_seed42,EC,S3,XGB,553,Test,27.0,29.172836
EC_S3_XGB_seed42,EC,S3,XGB,564,Test,23.0,25.225613
EC_S3_XGB_seed42,EC,S3,XGB,576,Test,34.0,33.639275
EC_S3_XGB_seed42,EC,S3,XGB,579,Test,26.0,27.521206
EC_S3_XGB_seed42,EC,S3,XGB,587,Test,32.0,32.018173
EC_S3_XGB_seed42,EC,S3,XGB,611,Test,35.0,36.05495
EC_S3_XGB_seed42,EC,S3,XGB,612,Test,32.0,32.40515
EC_S3_XGB_seed42,EC,S3,XGB,613,Test,36.0,36.4081
EC_S3_XGB_seed42,EC,S3,XGB,616,Test,23.0,26.099604
EC_S3_XGB_seed42,EC,S3,XGB,617,Test,28.0,28.537691
EC_S3_XGB_seed42,EC,S3,XGB,618,Test,33.0,33.344284
EC_S3_XGB_seed42,EC,S3,XGB,620,Test,36.0,35.48676
EC_S3_XGB_seed42,EC,S3,XGB,625,Test,35.0,32.84331
EC_S3_XGB_seed42,EC,S3,XGB,629,Test,25.0,28.80854
EC_S3_XGB_seed42,EC,S3,XGB,631,Test,32.0,34.06622
EC_S3_XGB_seed42,EC,S3,XGB,634,Test,27.0,29.742086
EC_S3_XGB_seed42,EC,S3,XGB,635,Test,30.0,32.225533
EC_S3_XGB_seed42,EC,S3,XGB,637,Test,28.0,29.443851
EC_S3_XGB_seed42,EC,S3,XGB,640,Test,37.0,36.44892
EC_S3_XGB_seed42,EC,S3,XGB,643,Test,38.0,36.524258
EC_S3_XGB_seed42,EC,S3,XGB,644,Test,31.0,29.352335
EC_S3_XGB_seed42,EC,S3,XGB,646,Test,37.0,36.310314
EC_S3_XGB_seed42,EC,S3,XGB,647,Test,34.0,34.445698
EC_S3_XGB_seed42,EC,S3,XGB,654,Test,25.0,24.419844
EC_S3_XGB_seed42,EC,S3,XGB,664,Test,35.0,37.07741
EC_S3_XGB_seed42,EC,S3,XGB,668,Test,25.0,27.127426
EC_S3_XGB_seed42,EC,S3,XGB,673,Test,39.0,38.801247
EC_S3_XGB_seed42,EC,S3,XGB,676,Test,33.0,32.33825
EC_S3_XGB_seed42,EC,S3,XGB,680,Test,36.0,36.101112
EC_S3_XGB_seed42,EC,S3,XGB,682,Test,41.0,39.87393
EC_S3_XGB_seed42,EC,S3,XGB,684,Test,32.0,31.518612
EC_S3_XGB_seed42,EC,S3,XGB,691,Test,32.0,36.570583
EC_S3_XGB_seed42,EC,S3,XGB,699,Test,39.0,39.858612
EC_S3_XGB_seed42,EC,S3,XGB,721,Test,39.0,39.724384
EC_S3_XGB_seed42,EC,S3,XGB,733,Test,40.0,40.610855
EC_S3_XGB_seed42,EC,S3,XGB,749,Test,41.0,40.784958
EC_S3_XGB_seed42,EC,S3,XGB,750,Test,38.0,38.293144
EC_S3_XGB_seed42,EC,S3,XGB,757,Test,40.0,39.662434
EC_S3_XGB_seed42,EC,S3,XGB,764,Test,33.0,32.36793
EC_S3_XGB_seed42,EC,S3,XGB,783,Test,33.0,32.569637
EC_S3_XGB_seed42,EC,S3,XGB,784,Test,35.0,34.88048
EC_S3_XGB_seed42,EC,S3,XGB,785,Test,31.0,32.569637
EC_S3_XGB_seed42,EC,S3,XGB,791,Test,35.0,34.754276
EC_S3_XGB_seed42,EC,S3,XGB,794,Test,31.0,30.3682
EC_S3_XGB_seed42,EC,S3,XGB,803,Test,40.0,39.017925
EC_S3_XGB_seed42,EC,S3,XGB,811,Test,43.0,42.20344
EC_S3_XGB_seed42,EC,S3,XGB,812,Test,47.0,45.62182
EC_S3_XGB_seed42,EC,S3,XGB,826,Test,42.0,38.140213
EC_S3_XGB_seed42,EC,S3,XGB,829,Test,46.0,37.23215
EC_S3_XGB_seed42,EC,S3,XGB,835,Test,26.0,37.448536
EC_S3_XGB_seed42,EC,S3,XGB,840,Test,34.0,37.90157
EC_S3_XGB_seed42,EC,S3,XGB,842,Test,33.0,38.140213
EC_S3_XGB_seed42,EC,S3,XGB,844,Test,34.0,37.90157
EC_S3_XGB_seed42,EC,S3,XGB,847,Test,24.0,35.040512
EC_S3_XGB_seed42,EC,S3,XGB,852,Test,12.0,17.01573
EC_S3_XGB_seed42,EC,S3,XGB,854,Test,17.0,21.88431
EC_S3_XGB_seed42,EC,S3,XGB,857,Test,27.0,21.88431
EC_S3_XGB_seed42,EC,S3,XGB,864,Test,49.0,39.94466
EC_S3_XGB_seed42,EC,S3,XGB,867,Test,48.0,38.60788
EC_S3_XGB_seed42,EC,S3,XGB,872,Test,55.0,39.94466
EC_S3_XGB_seed42,EC,S3,XGB,876,Test,27.0,39.94466
EC_S3_XGB_seed42,EC,S3,XGB,878,Test,33.0,37.627174
EC_S3_XGB_seed42,EC,S3,XGB,883,Test,36.0,38.60788
EC_S3_XGB_seed42,EC,S3,XGB,888,Test,26.0,33.605507
EC_S3_XGB_seed42,EC,S3,XGB,893,Test,27.0,22.602596
EC_S3_XGB_seed42,EC,S3,XGB,904,Test,53.0,41.895584
EC_S3_XGB_seed42,EC,S3,XGB,910,Test,27.0,41.331528
EC_S3_XGB_seed42,EC,S3,XGB,912,Test,29.0,41.895584
EC_S3_XGB_seed42,EC,S3,XGB,914,Test,34.0,41.331528
EC_S3_XGB_seed42,EC,S3,XGB,915,Test,35.0,42.423378
EC_S3_XGB_seed42,EC,S3,XGB,922,Test,30.0,31.989271
EC_S3_XGB_seed42,EC,S3,XGB,927,Test,53.0,43.698315
EC_S3_XGB_seed42,EC,S3,XGB,943,Test,35.0,43.698315
EC_S3_XGB_seed42,EC,S3,XGB,945,Test,36.0,41.031345
EC_S3_XGB_seed42,EC,S3,XGB,955,Test,18.0,26.761747
EC_S3_XGB_seed42,EC,S3,XGB,957,Test,28.0,22.282778
EC_S3_XGB_seed42,EC,S3,XGB,958,Test,30.0,26.761747
EC_S3_XGB_seed42,EC,S3,XGB,964,Test,54.0,44.52787
EC_S3_XGB_seed42,EC,S3,XGB,965,Test,48.0,41.406303
EC_S3_XGB_seed42,EC,S3,XGB,966,Test,51.0,37.81681
EC_S3_XGB_seed42,EC,S3,XGB,980,Test,36.0,44.52787
EC_S3_XGB_seed42,EC,S3,XGB,984,Test,36.0,44.52787
EC_S3_XGB_seed42,EC,S3,XGB,989,Test,33.0,36.35997
EC_S3_XGB_seed42,EC,S3,XGB,995,Test,48.0,40.4159
EC_S3_XGB_seed42,EC,S3,XGB,1001,Test,58.0,44.13108
EC_S3_XGB_seed42,EC,S3,XGB,1002,Test,57.0,45.496227
EC_S3_XGB_seed42,EC,S3,XGB,1003,Test,49.0,40.4159
EC_S3_XGB_seed42,EC,S3,XGB,1010,Test,37.0,45.496227
EC_S3_XGB_seed42,EC,S3,XGB,1019,Test,14.0,22.594559
EC_S3_XGB_seed42,EC,S3,XGB,1026,Test,43.0,40.381775
EC_S3_XGB_seed42,EC,S3,XGB,1027,Test,53.0,42.370564
EC_S3_XGB_seed42,EC,S3,XGB,1031,Test,49.0,42.116753
EC_S3_XGB_seed42,EC,S3,XGB,1041,Test,32.0,47.64187
EC_S3_XGB_seed42,EC,S3,XGB,1047,Test,38.0,42.116753
EC_S3_XGB_seed42,EC,S3,XGB,1058,Test,55.0,44.39775
EC_S3_XGB_seed42,EC,S3,XGB,1059,Test,53.0,39.07298
EC_S3_XGB_seed42,EC,S3,XGB,1062,Test,49.0,42.704826
EC_S3_XGB_seed42,EC,S3,XGB,1063,Test,60.0,39.07298
EC_S3_XGB_seed42,EC,S3,XGB,1067,Test,57.0,39.07298
EC_S3_XGB_seed42,EC,S3,XGB,1072,Test,33.0,49.91048
EC_S3_XGB_seed42,EC,S3,XGB,1075,Test,36.0,39.07298
EC_S3_XGB_seed42,EC,S3,XGB,1087,Test,59.0,49.796764
EC_S3_XGB_seed42,EC,S3,XGB,1100,Test,36.0,50.071022
EC_S3_XGB_seed42,EC,S3,XGB,1106,Test,39.0,47.7673
EC_S3_XGB_seed42,EC,S3,XGB,1107,Test,39.0,49.796764
EC_S3_XGB_seed42,EC,S3,XGB,1112,Test,56.0,49.203064
EC_S3_XGB_seed42,EC,S3,XGB,1116,Test,49.0,43.092964
EC_S3_XGB_seed42,EC,S3,XGB,1127,Test,37.0,50.18257
EC_S3_XGB_seed42,EC,S3,XGB,1129,Test,37.0,49.154327
EC_S3_XGB_seed42,EC,S3,XGB,1138,Test,42.0,39.56074
EC_S3_XGB_seed42,EC,S3,XGB,1150,Test,62.0,48.363346
EC_S3_XGB_seed42,EC,S3,XGB,1156,Test,36.0,46.699696
EC_S3_XGB_seed42,EC,S3,XGB,1159,Test,42.0,51.42974
EC_S3_XGB_seed42,EC,S3,XGB,1163,Test,42.0,51.42974
EC_S3_XGB_seed42,EC,S3,XGB,1164,Test,39.0,46.699696
EC_S3_XGB_seed42,EC,S3,XGB,1167,Test,55.0,44.305885
EC_S3_XGB_seed42,EC,S3,XGB,1177,Test,63.0,47.918034
EC_S3_XGB_seed42,EC,S3,XGB,1183,Test,38.0,51.5201
EC_S3_XGB_seed42,EC,S3,XGB,1190,Test,41.0,51.5466
EC_S3_XGB_seed42,EC,S3,XGB,1192,Test,39.0,45.072292
EC_S3_XGB_seed42,EC,S3,XGB,1193,Test,58.0,49.475163
EC_S3_XGB_seed42,EC,S3,XGB,1198,Test,63.0,62.026314
EC_S3_XGB_seed42,EC,S3,XGB,1204,Test,37.0,44.95404
EC_S3_XGB_seed42,EC,S3,XGB,1206,Test,39.0,45.01929
EC_S3_XGB_seed42,EC,S3,XGB,1207,Test,40.0,47.585243
EC_S3_XGB_seed42,EC,S3,XGB,1215,Test,40.0,41.535942
EC_S3_XGB_seed42,EC,S3,XGB,1220,Test,32.0,34.84231
Q3_S0_XGB_seed42,Q3,S0,XGB,5,Train,1.11514676750688,0.85177064
Q3_S0_XGB_seed42,Q3,S0,XGB,6,Train,1.0565765573796,0.85177064
Q3_S0_XGB_seed42,Q3,S0,XGB,7,Train,0.896984787073229,0.85177064
Q3_S0_XGB_seed42,Q3,S0,XGB,9,Train,0.76051362037454,0.85177064
Q3_S0_XGB_seed42,Q3,S0,XGB,10,Train,0.950497286823995,0.862256
Q3_S0_XGB_seed42,Q3,S0,XGB,12,Train,1.07686468394027,0.85177064
Q3_S0_XGB_seed42,Q3,S0,XGB,13,Train,0.933147035394019,0.85177064
Q3_S0_XGB_seed42,Q3,S0,XGB,14,Train,0.785557623630764,0.85177064
Q3_S0_XGB_seed42,Q3,S0,XGB,15,Train,0.842644918243032,0.85177064
Q3_S0_XGB_seed42,Q3,S0,XGB,17,Train,0.886580948587187,0.862256
Q3_S0_XGB_seed42,Q3,S0,XGB,18,Train,0.934277126829998,0.8470991
Q3_S0_XGB_seed42,Q3,S0,XGB,20,Train,1.23705008651909,0.9585806
Q3_S0_XGB_seed42,Q3,S0,XGB,21,Train,1.12081929484091,0.9585806
Q3_S0_XGB_seed42,Q3,S0,XGB,22,Train,1.01850275153181,0.9585806
Q3_S0_XGB_seed42,Q3,S0,XGB,23,Train,0.870122736694625,0.9585806
Q3_S0_XGB_seed42,Q3,S0,XGB,24,Train,0.901897886930289,0.9585806
Q3_S0_XGB_seed42,Q3,S0,XGB,28,Train,1.10127559245174,1.0734005
Q3_S0_XGB_seed42,Q3,S0,XGB,29,Train,1.00531824737307,0.98427075
Q3_S0_XGB_seed42,Q3,S0,XGB,30,Train,0.920314571147693,0.900407
Q3_S0_XGB_seed42,Q3,S0,XGB,31,Train,0.842933486548124,0.85177064
Q3_S0_XGB_seed42,Q3,S0,XGB,32,Train,0.866913768550946,0.8158849
Q3_S0_XGB_seed42,Q3,S0,XGB,34,Train,1.00281893894957,0.9242425
Q3_S0_XGB_seed42,Q3,S0,XGB,35,Train,1.0400567900952,0.9914722
Q3_S0_XGB_seed42,Q3,S0,XGB,36,Train,1.07283135226429,1.004551
Q3_S0_XGB_seed42,Q3,S0,XGB,37,Train,1.0544181367815,1.0734005
Q3_S0_XGB_seed42,Q3,S0,XGB,38,Train,0.973831697368482,0.98427075
Q3_S0_XGB_seed42,Q3,S0,XGB,39,Train,0.906030407651833,0.900407
Q3_S0_XGB_seed42,Q3,S0,XGB,42,Train,0.899866388788341,0.86030936
Q3_S0_XGB_seed42,Q3,S0,XGB,43,Train,0.929645323254218,0.9242425
Q3_S0_XGB_seed42,Q3,S0,XGB,44,Train,0.962587613991127,0.9914722
Q3_S0_XGB_seed42,Q3,S0,XGB,45,Train,0.964652847972138,1.004551
Q3_S0_XGB_seed42,Q3,S0,XGB,46,Train,1.00614212656907,0.85177064
Q3_S0_XGB_seed42,Q3,S0,XGB,47,Train,0.841068495208582,0.85177064
Q3_S0_XGB_seed42,Q3,S0,XGB,48,Train,0.777823644006181,0.85177064
Q3_S0_XGB_seed42,Q3,S0,XGB,50,Train,0.736439137486459,0.85177064
Q3_S0_XGB_seed42,Q3,S0,XGB,51,Train,0.827266068741322,0.862256
Q3_S0_XGB_seed42,Q3,S0,XGB,52,Train,0.965447930384461,0.87372965
Q3_S0_XGB_seed42,Q3,S0,XGB,53,Train,0.823869594684897,0.8470991
Q3_S0_XGB_seed42,Q3,S0,XGB,56,Train,1.06631401603798,0.9585806
Q3_S0_XGB_seed42,Q3,S0,XGB,57,Train,0.920757730594384,0.9585806
Q3_S0_XGB_seed42,Q3,S0,XGB,58,Train,0.874320308993983,0.9585806
Q3_S0_XGB_seed42,Q3,S0,XGB,59,Train,0.924047364068431,0.9585806
Q3_S0_XGB_seed42,Q3,S0,XGB,61,Train,0.949867691891581,0.94077754
Q3_S0_XGB_seed42,Q3,S0,XGB,63,Train,0.976976532023534,0.98427075
Q3_S0_XGB_seed42,Q3,S0,XGB,64,Train,0.906801235757686,0.900407
Q3_S0_XGB_seed42,Q3,S0,XGB,66,Train,0.812015177575546,0.8158849
Q3_S0_XGB_seed42,Q3,S0,XGB,68,Train,0.898774056329083,0.9242425
Q3_S0_XGB_seed42,Q3,S0,XGB,71,Train,1.03757357258339,1.0734005
Q3_S0_XGB_seed42,Q3,S0,XGB,72,Train,0.953736688508713,0.98427075
Q3_S0_XGB_seed42,Q3,S0,XGB,73,Train,0.883117327217867,0.900407
Q3_S0_XGB_seed42,Q3,S0,XGB,75,Train,0.800814624767177,0.8158849
Q3_S0_XGB_seed42,Q3,S0,XGB,76,Train,0.821675056584442,0.86030936
Q3_S0_XGB_seed42,Q3,S0,XGB,79,Train,0.912142251080241,1.004551
Q3_S0_XGB_seed42,Q3,S0,XGB,80,Train,0.934315649073268,0.85177064
Q3_S0_XGB_seed42,Q3,S0,XGB,82,Train,0.772100152115195,0.85177064
Q3_S0_XGB_seed42,Q3,S0,XGB,83,Train,0.82751179955198,0.85177064
Q3_S0_XGB_seed42,Q3,S0,XGB,84,Train,0.735308773693085,0.85177064
Q3_S0_XGB_seed42,Q3,S0,XGB,85,Train,0.804863789287563,0.862256
Q3_S0_XGB_seed42,Q3,S0,XGB,86,Train,0.91052496907352,0.87372965
Q3_S0_XGB_seed42,Q3,S0,XGB,89,Train,1.12534479349634,0.9585806
Q3_S0_XGB_seed42,Q3,S0,XGB,91,Train,0.85684247351947,0.9585806
Q3_S0_XGB_seed42,Q3,S0,XGB,92,Train,0.869365755467141,0.9585806
Q3_S0_XGB_seed42,Q3,S0,XGB,93,Train,0.974544273463535,0.9585806
Q3_S0_XGB_seed42,Q3,S0,XGB,94,Train,0.699692444654365,0.7357071
Q3_S0_XGB_seed42,Q3,S0,XGB,96,Train,1.07945554814053,1.0734005
Q3_S0_XGB_seed42,Q3,S0,XGB,97,Train,0.99614458008211,0.98427075
Q3_S0_XGB_seed42,Q3,S0,XGB,99,Train,0.837452530024711,0.85177064
Q3_S0_XGB_seed42,Q3,S0,XGB,101,Train,0.877938882001441,0.86030936
Q3_S0_XGB_seed42,Q3,S0,XGB,102,Train,0.930366682240684,0.9242425
Q3_S0_XGB_seed42,Q3,S0,XGB,103,Train,0.976414639385889,0.9914722
Q3_S0_XGB_seed42,Q3,S0,XGB,104,Train,1.02231802183271,1.004551
Q3_S0_XGB_seed42,Q3,S0,XGB,105,Train,1.04170153253153,1.0734005
Q3_S0_XGB_seed42,Q3,S0,XGB,106,Train,0.962148070655844,0.98427075
Q3_S0_XGB_seed42,Q3,S0,XGB,107,Train,0.877227261616662,0.900407
Q3_S0_XGB_seed42,Q3,S0,XGB,109,Train,0.775453968442856,0.8158849
Q3_S0_XGB_seed42,Q3,S0,XGB,110,Train,0.807135366414901,0.86030936
Q3_S0_XGB_seed42,Q3,S0,XGB,111,Train,0.858775531141403,0.9242425
Q3_S0_XGB_seed42,Q3,S0,XGB,114,Train,0.8765668989859,0.85177064
Q3_S0_XGB_seed42,Q3,S0,XGB,115,Train,0.820060973342836,0.85177064
Q3_S0_XGB_seed42,Q3,S0,XGB,116,Train,0.74651756923174,0.85177064
Q3_S0_XGB_seed42,Q3,S0,XGB,117,Train,0.842907501341001,0.85177064
Q3_S0_XGB_seed42,Q3,S0,XGB,118,Train,0.73095404771111,0.85177064
Q3_S0_XGB_seed42,Q3,S0,XGB,120,Train,0.852320637196598,0.87372965
Q3_S0_XGB_seed42,Q3,S0,XGB,123,Train,0.931712883387309,0.9585806
Q3_S0_XGB_seed42,Q3,S0,XGB,124,Train,0.816470299348186,0.9585806
Q3_S0_XGB_seed42,Q3,S0,XGB,125,Train,0.904169723291315,0.9585806
Q3_S0_XGB_seed42,Q3,S0,XGB,127,Train,0.766407774105349,0.8470991
Q3_S0_XGB_seed42,Q3,S0,XGB,129,Train,0.854253259929068,0.854339
Q3_S0_XGB_seed42,Q3,S0,XGB,130,Train,0.859202484788517,0.85177064
Q3_S0_XGB_seed42,Q3,S0,XGB,131,Train,0.825559406026328,0.85177064
Q3_S0_XGB_seed42,Q3,S0,XGB,132,Train,0.779662587096313,0.85177064
Q3_S0_XGB_seed42,Q3,S0,XGB,133,Train,0.897063983849173,0.85177064
Q3_S0_XGB_seed42,Q3,S0,XGB,134,Train,0.731582105741902,0.85177064
Q3_S0_XGB_seed42,Q3,S0,XGB,136,Train,1.11873809026471,1.0734005
Q3_S0_XGB_seed42,Q3,S0,XGB,137,Train,1.03307658025924,0.98427075
Q3_S0_XGB_seed42,Q3,S0,XGB,138,Train,0.938094690126679,0.900407
Q3_S0_XGB_seed42,Q3,S0,XGB,139,Train,0.865836496621492,0.85177064
Q3_S0_XGB_seed42,Q3,S0,XGB,140,Train,0.81886553699064,0.8158849
Q3_S0_XGB_seed42,Q3,S0,XGB,141,Train,0.886590643030329,0.86030936
Q3_S0_XGB_seed42,Q3,S0,XGB,142,Train,0.936618684449866,0.9242425
Q3_S0_XGB_seed42,Q3,S0,XGB,144,Train,1.03909437030581,1.004551
Q3_S0_XGB_seed42,Q3,S0,XGB,145,Train,0.847375648720677,0.85177064
Q3_S0_XGB_seed42,Q3,S0,XGB,146,Train,0.823886993768721,0.85177064
Q3_S0_XGB_seed42,Q3,S0,XGB,147,Train,0.814845935224556,0.85177064
Q3_S0_XGB_seed42,Q3,S0,XGB,148,Train,0.926494074528407,0.85177064
Q3_S0_XGB_seed42,Q3,S0,XGB,149,Train,0.723790296687503,0.85177064
Q3_S0_XGB_seed42,Q3,S0,XGB,150,Train,0.83911607828791,0.862256
Q3_S0_XGB_seed42,Q3,S0,XGB,152,Train,1.03982899113222,0.9585806
Q3_S0_XGB_seed42,Q3,S0,XGB,157,Train,0.857957011285251,0.8646659
Q3_S0_XGB_seed42,Q3,S0,XGB,158,Train,0.824492863020455,0.85177064
Q3_S0_XGB_seed42,Q3,S0,XGB,159,Train,0.831933637325084,0.85177064
Q3_S0_XGB_seed42,Q3,S0,XGB,160,Train,0.87058484268274,0.85177064
Q3_S0_XGB_seed42,Q3,S0,XGB,161,Train,0.953709001950396,0.85177064
Q3_S0_XGB_seed42,Q3,S0,XGB,162,Train,0.748051942207763,0.85177064
Q3_S0_XGB_seed42,Q3,S0,XGB,163,Train,0.771800126144815,0.87372965
Q3_S0_XGB_seed42,Q3,S0,XGB,164,Train,1.03559606790605,0.9585806
Q3_S0_XGB_seed42,Q3,S0,XGB,165,Train,0.803044753553073,0.9585806
Q3_S0_XGB_seed42,Q3,S0,XGB,166,Train,0.83233691267763,0.9585806
Q3_S0_XGB_seed42,Q3,S0,XGB,167,Train,0.94383618222052,0.9585806
Q3_S0_XGB_seed42,Q3,S0,XGB,168,Train,1.03751339989451,0.9585806
Q3_S0_XGB_seed42,Q3,S0,XGB,169,Train,0.808409412610811,0.87372965
Q3_S0_XGB_seed42,Q3,S0,XGB,170,Train,0.905409565154336,0.87372965
Q3_S0_XGB_seed42,Q3,S0,XGB,172,Train,0.910340354147792,0.87372965
Q3_S0_XGB_seed42,Q3,S0,XGB,195,Train,1.12517950776161,1.0034745
Q3_S0_XGB_seed42,Q3,S0,XGB,196,Train,1.12868176576461,1.0034745
Q3_S0_XGB_seed42,Q3,S0,XGB,197,Train,1.13400469131662,1.0034745
Q3_S0_XGB_seed42,Q3,S0,XGB,198,Train,1.1545232562397,1.0034745
Q3_S0_XGB_seed42,Q3,S0,XGB,199,Train,1.14290667777114,1.0034745
Q3_S0_XGB_seed42,Q3,S0,XGB,200,Train,1.12785654669737,1.0034745
Q3_S0_XGB_seed42,Q3,S0,XGB,201,Train,1.12602340161149,1.0034745
Q3_S0_XGB_seed42,Q3,S0,XGB,202,Train,1.13400469131662,1.0034745
Q3_S0_XGB_seed42,Q3,S0,XGB,203,Train,1.14467492771398,1.0034745
Q3_S0_XGB_seed42,Q3,S0,XGB,205,Train,1.32560048277304,1.2444375
Q3_S0_XGB_seed42,Q3,S0,XGB,206,Train,1.13493357440378,1.0959795
Q3_S0_XGB_seed42,Q3,S0,XGB,207,Train,1.09420703701744,1.1031965
Q3_S0_XGB_seed42,Q3,S0,XGB,208,Train,1.24105449234269,1.2293859
Q3_S0_XGB_seed42,Q3,S0,XGB,209,Train,0.845171439294695,0.87712777
Q3_S0_XGB_seed42,Q3,S0,XGB,211,Train,1.22802583136846,1.2228993
Q3_S0_XGB_seed42,Q3,S0,XGB,212,Train,1.19314942116747,0.91418356
Q3_S0_XGB_seed42,Q3,S0,XGB,213,Train,1.0019037098872,0.9372931
Q3_S0_XGB_seed42,Q3,S0,XGB,215,Train,1.2728771554883,0.9793821
Q3_S0_XGB_seed42,Q3,S0,XGB,216,Train,1.01935024138376,0.9456111
Q3_S0_XGB_seed42,Q3,S0,XGB,217,Train,1.12517950776161,1.0034745
Q3_S0_XGB_seed42,Q3,S0,XGB,218,Train,1.12517950776161,1.0034745
Q3_S0_XGB_seed42,Q3,S0,XGB,219,Train,1.13400469131662,1.0034745
Q3_S0_XGB_seed42,Q3,S0,XGB,220,Train,1.14555871834836,1.0034745
Q3_S0_XGB_seed42,Q3,S0,XGB,221,Train,1.13134220052408,1.0034745
Q3_S0_XGB_seed42,Q3,S0,XGB,222,Train,1.30129179304586,1.2444375
Q3_S0_XGB_seed42,Q3,S0,XGB,223,Train,1.12785654669737,1.0034745
Q3_S0_XGB_seed42,Q3,S0,XGB,224,Train,1.13134220052408,1.0034745
Q3_S0_XGB_seed42,Q3,S0,XGB,225,Train,1.11983143864454,1.0034745
Q3_S0_XGB_seed42,Q3,S0,XGB,226,Train,1.10649699406606,1.0034745
Q3_S0_XGB_seed42,Q3,S0,XGB,227,Train,1.11105971599558,1.0034745
Q3_S0_XGB_seed42,Q3,S0,XGB,229,Train,1.07786230064286,1.1031965
Q3_S0_XGB_seed42,Q3,S0,XGB,230,Train,1.23328727511638,1.2293859
Q3_S0_XGB_seed42,Q3,S0,XGB,231,Train,0.852286444133707,0.87712777
Q3_S0_XGB_seed42,Q3,S0,XGB,232,Train,0.900280998471653,0.86825687
Q3_S0_XGB_seed42,Q3,S0,XGB,233,Train,1.24295421262678,1.2228993
Q3_S0_XGB_seed42,Q3,S0,XGB,236,Train,1.21062408455055,1.2071679
Q3_S0_XGB_seed42,Q3,S0,XGB,237,Train,1.16301255092905,0.9793821
Q3_S0_XGB_seed42,Q3,S0,XGB,238,Train,0.980590602917416,0.9456111
Q3_S0_XGB_seed42,Q3,S0,XGB,239,Train,1.29849185828608,1.2444375
Q3_S0_XGB_seed42,Q3,S0,XGB,240,Train,1.06854609992783,1.0959795
Q3_S0_XGB_seed42,Q3,S0,XGB,241,Train,1.08519218707036,1.1031965
Q3_S0_XGB_seed42,Q3,S0,XGB,242,Train,1.23328727511638,1.2293859
Q3_S0_XGB_seed42,Q3,S0,XGB,243,Train,0.865067797277029,0.87712777
Q3_S0_XGB_seed42,Q3,S0,XGB,247,Train,0.953713108737876,0.9372931
Q3_S0_XGB_seed42,Q3,S0,XGB,248,Train,1.21062408455055,1.2071679
Q3_S0_XGB_seed42,Q3,S0,XGB,249,Train,1.05954037695122,0.9793821
Q3_S0_XGB_seed42,Q3,S0,XGB,250,Train,0.98640277120882,0.9456111
Q3_S0_XGB_seed42,Q3,S0,XGB,251,Train,1.13053556958367,1.0034745
Q3_S0_XGB_seed42,Q3,S0,XGB,252,Train,1.12250446697086,1.0034745
Q3_S0_XGB_seed42,Q3,S0,XGB,253,Train,1.07549495505976,1.0034745
Q3_S0_XGB_seed42,Q3,S0,XGB,255,Train,1.0829352885134,1.0034745
Q3_S0_XGB_seed42,Q3,S0,XGB,258,Train,1.11105971599558,1.0034745
Q3_S0_XGB_seed42,Q3,S0,XGB,259,Train,1.01386063203782,1.0034745
Q3_S0_XGB_seed42,Q3,S0,XGB,260,Train,0.95690803542294,1.0034745
Q3_S0_XGB_seed42,Q3,S0,XGB,261,Train,1.06021217500802,1.0034745
Q3_S0_XGB_seed42,Q3,S0,XGB,269,Train,1.30972958302411,1.2444375
Q3_S0_XGB_seed42,Q3,S0,XGB,270,Train,1.08077410214474,1.1031965
Q3_S0_XGB_seed42,Q3,S0,XGB,271,Train,1.24825529374785,1.2293859
Q3_S0_XGB_seed42,Q3,S0,XGB,272,Train,0.8581249828584,0.87712777
Q3_S0_XGB_seed42,Q3,S0,XGB,273,Train,0.872200174343443,0.86825687
Q3_S0_XGB_seed42,Q3,S0,XGB,274,Train,1.22559832447829,1.2228993
Q3_S0_XGB_seed42,Q3,S0,XGB,276,Train,0.912790229307553,0.9372931
Q3_S0_XGB_seed42,Q3,S0,XGB,277,Train,1.22065556157337,1.2071679
Q3_S0_XGB_seed42,Q3,S0,XGB,278,Train,0.963352339838838,0.9793821
Q3_S0_XGB_seed42,Q3,S0,XGB,279,Train,0.963157212909166,0.9456111
Q3_S0_XGB_seed42,Q3,S0,XGB,280,Train,1.1104689452522,1.0034745
Q3_S0_XGB_seed42,Q3,S0,XGB,281,Train,1.05497462859644,1.0034745
Q3_S0_XGB_seed42,Q3,S0,XGB,282,Train,0.862978249917694,1.0034745
Q3_S0_XGB_seed42,Q3,S0,XGB,283,Train,0.87888676382029,1.0034745
Q3_S0_XGB_seed42,Q3,S0,XGB,293,Train,0.868685024049319,0.88770676
Q3_S0_XGB_seed42,Q3,S0,XGB,294,Train,1.05467108902976,1.0034745
Q3_S0_XGB_seed42,Q3,S0,XGB,297,Train,0.852769356557038,1.0034745
Q3_S0_XGB_seed42,Q3,S0,XGB,298,Train,0.936737206458081,1.0034745
Q3_S0_XGB_seed42,Q3,S0,XGB,309,Train,1.29675737284592,1.2444375
Q3_S0_XGB_seed42,Q3,S0,XGB,310,Train,1.03924089971665,1.0959795
Q3_S0_XGB_seed42,Q3,S0,XGB,311,Train,1.08967007677054,1.1031965
Q3_S0_XGB_seed42,Q3,S0,XGB,312,Train,1.25066139489738,1.2293859
Q3_S0_XGB_seed42,Q3,S0,XGB,313,Train,0.869084535893915,0.87712777
Q3_S0_XGB_seed42,Q3,S0,XGB,314,Train,0.851409310050692,0.86825687
Q3_S0_XGB_seed42,Q3,S0,XGB,315,Train,1.22559832447829,1.2228993
Q3_S0_XGB_seed42,Q3,S0,XGB,316,Train,0.910841844839356,0.91418356
Q3_S0_XGB_seed42,Q3,S0,XGB,317,Train,0.928326864671582,0.9372931
Q3_S0_XGB_seed42,Q3,S0,XGB,318,Train,1.18119272473377,1.2071679
Q3_S0_XGB_seed42,Q3,S0,XGB,319,Train,0.905299696851462,0.9793821
Q3_S0_XGB_seed42,Q3,S0,XGB,320,Train,0.9379549656945,0.9456111
Q3_S0_XGB_seed42,Q3,S0,XGB,322,Train,1.18276353494062,1.0587574
Q3_S0_XGB_seed42,Q3,S0,XGB,323,Train,1.14067445902436,1.0587574
Q3_S0_XGB_seed42,Q3,S0,XGB,324,Train,0.945708559227524,1.0034745
Q3_S0_XGB_seed42,Q3,S0,XGB,325,Train,0.843084306328854,1.0034745
Q3_S0_XGB_seed42,Q3,S0,XGB,327,Train,0.849735123882455,1.0034745
Q3_S0_XGB_seed42,Q3,S0,XGB,328,Train,0.923296590464239,1.0034745
Q3_S0_XGB_seed42,Q3,S0,XGB,329,Train,0.889296449334854,0.9385615
Q3_S0_XGB_seed42,Q3,S0,XGB,337,Train,1.26125249017114,1.2444375
Q3_S0_XGB_seed42,Q3,S0,XGB,339,Train,1.08337218436624,1.1031965
Q3_S0_XGB_seed42,Q3,S0,XGB,340,Train,1.24585209835546,1.2293859
Q3_S0_XGB_seed42,Q3,S0,XGB,344,Train,0.860574748101461,0.91418356
Q3_S0_XGB_seed42,Q3,S0,XGB,345,Train,0.88756392902911,0.9372931
Q3_S0_XGB_seed42,Q3,S0,XGB,346,Train,1.21100400087572,1.2071679
Q3_S0_XGB_seed42,Q3,S0,XGB,347,Train,0.85751088308495,0.9793821
Q3_S0_XGB_seed42,Q3,S0,XGB,348,Train,0.864389749860933,0.9456111
Q3_S0_XGB_seed42,Q3,S0,XGB,351,Train,0.836002074941405,0.9385615
Q3_S0_XGB_seed42,Q3,S0,XGB,353,Train,1.17375544001433,1.0587574
Q3_S0_XGB_seed42,Q3,S0,XGB,354,Train,1.12315874473961,1.0587574
Q3_S0_XGB_seed42,Q3,S0,XGB,355,Train,0.962587613991127,1.0587574
Q3_S0_XGB_seed42,Q3,S0,XGB,356,Train,0.889317081642978,1.0034745
Q3_S0_XGB_seed42,Q3,S0,XGB,357,Train,0.819944736050943,1.0034745
Q3_S0_XGB_seed42,Q3,S0,XGB,358,Train,0.817592884243045,1.0034745
Q3_S0_XGB_seed42,Q3,S0,XGB,359,Train,0.8602895986925,1.0034745
Q3_S0_XGB_seed42,Q3,S0,XGB,365,Train,0.79813710988408,0.82782644
Q3_S0_XGB_seed42,Q3,S0,XGB,367,Train,0.781629766743678,0.78047967
Q3_S0_XGB_seed42,Q3,S0,XGB,369,Train,0.783038508514702,0.8017926
Q3_S0_XGB_seed42,Q3,S0,XGB,372,Train,0.823172843965236,0.84101695
Q3_S0_XGB_seed42,Q3,S0,XGB,373,Train,0.847765983879713,0.8533999
Q3_S0_XGB_seed42,Q3,S0,XGB,374,Train,0.859657066279412,0.8455902
Q3_S0_XGB_seed42,Q3,S0,XGB,375,Train,0.84311310408725,0.8385212
Q3_S0_XGB_seed42,Q3,S0,XGB,376,Train,0.883342967623177,0.887885
Q3_S0_XGB_seed42,Q3,S0,XGB,377,Train,0.856396945847507,0.8764902
Q3_S0_XGB_seed42,Q3,S0,XGB,384,Train,1.15149893230951,1.2444375
Q3_S0_XGB_seed42,Q3,S0,XGB,385,Train,1.0783435976576,1.0959795
Q3_S0_XGB_seed42,Q3,S0,XGB,387,Train,1.23569967731168,1.2293859
Q3_S0_XGB_seed42,Q3,S0,XGB,388,Train,0.895908299174609,0.87712777
Q3_S0_XGB_seed42,Q3,S0,XGB,389,Train,0.844698003074952,0.86825687
Q3_S0_XGB_seed42,Q3,S0,XGB,390,Train,1.23045619628522,1.2228993
Q3_S0_XGB_seed42,Q3,S0,XGB,391,Train,0.867321866829216,0.91418356
Q3_S0_XGB_seed42,Q3,S0,XGB,392,Train,1.21312809595027,1.2071679
Q3_S0_XGB_seed42,Q3,S0,XGB,393,Train,0.864477864873901,0.9793821
Q3_S0_XGB_seed42,Q3,S0,XGB,394,Train,0.88382959484243,0.9456111
Q3_S0_XGB_seed42,Q3,S0,XGB,395,Train,0.955437669886648,0.9372931
Q3_S0_XGB_seed42,Q3,S0,XGB,396,Train,1.16301255092905,1.0587574
Q3_S0_XGB_seed42,Q3,S0,XGB,398,Train,0.970199574532386,1.0587574
Q3_S0_XGB_seed42,Q3,S0,XGB,400,Train,0.819944736050943,1.0034745
Q3_S0_XGB_seed42,Q3,S0,XGB,402,Train,0.8602895986925,1.0034745
Q3_S0_XGB_seed42,Q3,S0,XGB,403,Train,0.91241396703636,1.0034745
Q3_S0_XGB_seed42,Q3,S0,XGB,410,Train,1.14447454268627,1.1031965
Q3_S0_XGB_seed42,Q3,S0,XGB,412,Train,1.22075195295707,1.2228993
Q3_S0_XGB_seed42,Q3,S0,XGB,413,Train,0.876181182417668,0.9793821
Q3_S0_XGB_seed42,Q3,S0,XGB,414,Train,1.10273996168474,1.0959795
Q3_S0_XGB_seed42,Q3,S0,XGB,418,Train,0.814554686813047,1.0034745
Q3_S0_XGB_seed42,Q3,S0,XGB,419,Train,0.861650708592816,1.0034745
Q3_S0_XGB_seed42,Q3,S0,XGB,420,Train,0.916244578278823,1.0034745
Q3_S0_XGB_seed42,Q3,S0,XGB,421,Train,0.940037747326569,0.9385615
Q3_S0_XGB_seed42,Q3,S0,XGB,423,Train,1.13937765430527,1.2444375
Q3_S0_XGB_seed42,Q3,S0,XGB,424,Train,1.21350426002862,1.2293859
Q3_S0_XGB_seed42,Q3,S0,XGB,425,Train,0.855197948455102,0.91418356
Q3_S0_XGB_seed42,Q3,S0,XGB,426,Train,0.927466837520466,0.9372931
Q3_S0_XGB_seed42,Q3,S0,XGB,428,Train,0.893412560197882,0.9456111
Q3_S0_XGB_seed42,Q3,S0,XGB,430,Train,1.04865956183269,1.0587574
Q3_S0_XGB_seed42,Q3,S0,XGB,432,Train,0.849179628294238,1.0034745
Q3_S0_XGB_seed42,Q3,S0,XGB,433,Train,0.807282256517311,1.0034745
Q3_S0_XGB_seed42,Q3,S0,XGB,434,Train,0.817592884243045,1.0034745
Q3_S0_XGB_seed42,Q3,S0,XGB,435,Train,0.85723807848117,1.0034745
Q3_S0_XGB_seed42,Q3,S0,XGB,436,Train,0.92542581048841,1.0034745
Q3_S0_XGB_seed42,Q3,S0,XGB,438,Train,1.03318695144596,1.0587574
Q3_S0_XGB_seed42,Q3,S0,XGB,440,Train,1.16963572563126,1.1031965
Q3_S0_XGB_seed42,Q3,S0,XGB,441,Train,0.882527065649618,0.9793821
Q3_S0_XGB_seed42,Q3,S0,XGB,442,Train,1.16383325436374,1.2293859
Q3_S0_XGB_seed42,Q3,S0,XGB,443,Train,0.951292426671113,0.87712777
Q3_S0_XGB_seed42,Q3,S0,XGB,445,Train,1.1857829084766,1.2228993
Q3_S0_XGB_seed42,Q3,S0,XGB,446,Train,0.832809689459086,0.91418356
Q3_S0_XGB_seed42,Q3,S0,XGB,449,Train,1.12875620728424,1.2444375
Q3_S0_XGB_seed42,Q3,S0,XGB,450,Train,1.10736202957446,0.9385615
Q3_S0_XGB_seed42,Q3,S0,XGB,452,Train,1.05806735449034,1.0587574
Q3_S0_XGB_seed42,Q3,S0,XGB,453,Train,1.00415599474417,1.0587574
Q3_S0_XGB_seed42,Q3,S0,XGB,454,Train,0.85553258425342,1.0587574
Q3_S0_XGB_seed42,Q3,S0,XGB,455,Train,1.15306585258658,1.0959795
Q3_S0_XGB_seed42,Q3,S0,XGB,456,Train,0.986006148238874,0.9456111
Q3_S0_XGB_seed42,Q3,S0,XGB,457,Train,0.941131717596831,0.8470656
Q3_S0_XGB_seed42,Q3,S0,XGB,458,Train,0.825563879603713,0.8470656
Q3_S0_XGB_seed42,Q3,S0,XGB,459,Train,0.936810267937746,0.8775075
Q3_S0_XGB_seed42,Q3,S0,XGB,460,Train,0.885627051544251,0.8775075
Q3_S0_XGB_seed42,Q3,S0,XGB,461,Train,0.941420641279253,0.8336985
Q3_S0_XGB_seed42,Q3,S0,XGB,462,Train,0.848291326608718,0.8336985
Q3_S0_XGB_seed42,Q3,S0,XGB,463,Train,0.956020020926017,0.8478104
Q3_S0_XGB_seed42,Q3,S0,XGB,464,Train,0.859202484788517,0.8478104
Q3_S0_XGB_seed42,Q3,S0,XGB,465,Train,0.865613735535156,0.8470656
Q3_S0_XGB_seed42,Q3,S0,XGB,466,Train,0.817248383912483,0.8470656
Q3_S0_XGB_seed42,Q3,S0,XGB,468,Train,0.835995448351632,0.8775075
Q3_S0_XGB_seed42,Q3,S0,XGB,469,Train,0.851409310050692,0.8336985
Q3_S0_XGB_seed42,Q3,S0,XGB,470,Train,0.783441002546699,0.8336985
Q3_S0_XGB_seed42,Q3,S0,XGB,471,Train,0.869236826110561,0.8478104
Q3_S0_XGB_seed42,Q3,S0,XGB,472,Train,0.81018902115494,0.8478104
Q3_S0_XGB_seed42,Q3,S0,XGB,473,Train,0.823880940713752,0.8470656
Q3_S0_XGB_seed42,Q3,S0,XGB,474,Train,1.04546182476858,0.8470656
Q3_S0_XGB_seed42,Q3,S0,XGB,475,Train,0.916989382925319,0.8470656
Q3_S0_XGB_seed42,Q3,S0,XGB,476,Train,0.859994234086558,0.8470656
Q3_S0_XGB_seed42,Q3,S0,XGB,477,Train,0.805333675116914,0.8470656
Q3_S0_XGB_seed42,Q3,S0,XGB,478,Train,0.82588891487761,0.8470656
Q3_S0_XGB_seed42,Q3,S0,XGB,479,Train,0.895343351122245,0.8470656
Q3_S0_XGB_seed42,Q3,S0,XGB,481,Train,1.05048744261926,0.8775075
Q3_S0_XGB_seed42,Q3,S0,XGB,482,Train,0.921288675620535,0.8775075
Q3_S0_XGB_seed42,Q3,S0,XGB,483,Train,0.877943989627788,0.8775075
Q3_S0_XGB_seed42,Q3,S0,XGB,484,Train,0.823886993768721,0.8775075
Q3_S0_XGB_seed42,Q3,S0,XGB,485,Train,0.8581249828584,0.8775075
Q3_S0_XGB_seed42,Q3,S0,XGB,486,Train,0.932322719981046,0.8775075
Q3_S0_XGB_seed42,Q3,S0,XGB,487,Train,0.828159510480667,0.8336985
Q3_S0_XGB_seed42,Q3,S0,XGB,488,Train,1.05658105748769,0.8336985
Q3_S0_XGB_seed42,Q3,S0,XGB,489,Train,0.953609151008525,0.8336985
Q3_S0_XGB_seed42,Q3,S0,XGB,491,Train,0.798477879968868,0.8336985
Q3_S0_XGB_seed42,Q3,S0,XGB,492,Train,0.788936302907142,0.8336985
Q3_S0_XGB_seed42,Q3,S0,XGB,493,Train,0.852090163697418,0.8336985
Q3_S0_XGB_seed42,Q3,S0,XGB,494,Train,0.8327698438009,0.8478104
Q3_S0_XGB_seed42,Q3,S0,XGB,495,Train,1.04859127624119,0.8478104
Q3_S0_XGB_seed42,Q3,S0,XGB,496,Train,0.949832397742186,0.8478104
Q3_S0_XGB_seed42,Q3,S0,XGB,498,Train,0.804542404831259,0.8478104
Q3_S0_XGB_seed42,Q3,S0,XGB,500,Train,0.907598993418392,0.8478104
Q3_S0_XGB_seed42,Q3,S0,XGB,501,Train,0.78496662806375,0.8470656
Q3_S0_XGB_seed42,Q3,S0,XGB,502,Train,0.843075726450442,0.8775075
Q3_S0_XGB_seed42,Q3,S0,XGB,503,Train,0.773318849402548,0.8336985
Q3_S0_XGB_seed42,Q3,S0,XGB,504,Train,0.814691966773043,0.8478104
Q3_S0_XGB_seed42,Q3,S0,XGB,505,Train,0.798961878103158,0.8470656
Q3_S0_XGB_seed42,Q3,S0,XGB,506,Train,0.774189026409601,0.8470656
Q3_S0_XGB_seed42,Q3,S0,XGB,507,Train,0.803044753553073,0.8775075
Q3_S0_XGB_seed42,Q3,S0,XGB,509,Train,0.773505691298633,0.8336985
Q3_S0_XGB_seed42,Q3,S0,XGB,510,Train,0.762147970146058,0.8336985
Q3_S0_XGB_seed42,Q3,S0,XGB,511,Train,0.789023974706805,0.8478104
Q3_S0_XGB_seed42,Q3,S0,XGB,512,Train,0.80120908801594,0.8478104
Q3_S0_XGB_seed42,Q3,S0,XGB,516,Train,0.819383032732699,0.8478104
Q3_S0_XGB_seed42,Q3,S0,XGB,517,Train,0.798980305387909,0.8470656
Q3_S0_XGB_seed42,Q3,S0,XGB,518,Train,0.790360449203176,0.8470656
Q3_S0_XGB_seed42,Q3,S0,XGB,520,Train,0.884504298959516,0.8775075
Q3_S0_XGB_seed42,Q3,S0,XGB,521,Train,0.75772351224412,0.8336985
Q3_S0_XGB_seed42,Q3,S0,XGB,523,Train,0.761612804015922,0.8478104
Q3_S0_XGB_seed42,Q3,S0,XGB,524,Train,0.853178830205228,0.8478104
Q3_S0_XGB_seed42,Q3,S0,XGB,526,Train,0.783923241729417,0.8775075
Q3_S0_XGB_seed42,Q3,S0,XGB,527,Train,0.740499887010204,0.8336985
Q3_S0_XGB_seed42,Q3,S0,XGB,528,Train,0.768057380113704,0.8478104
Q3_S0_XGB_seed42,Q3,S0,XGB,529,Train,0.825577414164749,0.8470656
Q3_S0_XGB_seed42,Q3,S0,XGB,530,Train,0.865837905996859,0.8775075
Q3_S0_XGB_seed42,Q3,S0,XGB,532,Train,0.772844770868304,0.8478104
Q3_S0_XGB_seed42,Q3,S0,XGB,533,Train,0.934190760734528,0.7571118
Q3_S0_XGB_seed42,Q3,S0,XGB,536,Train,0.840866326590497,0.7571118
Q3_S0_XGB_seed42,Q3,S0,XGB,538,Train,0.985099073907519,0.8293416
Q3_S0_XGB_seed42,Q3,S0,XGB,540,Train,0.932856129203703,0.8293416
Q3_S0_XGB_seed42,Q3,S0,XGB,541,Train,0.867183990464843,0.8293416
Q3_S0_XGB_seed42,Q3,S0,XGB,542,Train,0.924553107896262,0.8885254
Q3_S0_XGB_seed42,Q3,S0,XGB,543,Train,0.878845761791743,0.8885254
Q3_S0_XGB_seed42,Q3,S0,XGB,544,Train,0.816352362153621,0.8885254
Q3_S0_XGB_seed42,Q3,S0,XGB,545,Train,0.826695514401272,0.8885254
Q3_S0_XGB_seed42,Q3,S0,XGB,547,Train,0.947648069034162,0.8885254
Q3_S0_XGB_seed42,Q3,S0,XGB,548,Train,0.856663524132423,0.8885254
Q3_S0_XGB_seed42,Q3,S0,XGB,549,Train,0.931224940654771,0.8885254
Q3_S0_XGB_seed42,Q3,S0,XGB,550,Train,0.92029350590003,0.7571118
Q3_S0_XGB_seed42,Q3,S0,XGB,552,Train,0.805740406844413,0.7571118
Q3_S0_XGB_seed42,Q3,S0,XGB,554,Train,0.764316296310271,0.7571118
Q3_S0_XGB_seed42,Q3,S0,XGB,555,Train,0.83175097276162,0.8293416
Q3_S0_XGB_seed42,Q3,S0,XGB,556,Train,0.900643223800407,0.7571118
Q3_S0_XGB_seed42,Q3,S0,XGB,557,Train,0.815198293424885,0.7571118
Q3_S0_XGB_seed42,Q3,S0,XGB,558,Train,0.786408672212412,0.7571118
Q3_S0_XGB_seed42,Q3,S0,XGB,559,Train,0.798982458338327,0.7571118
Q3_S0_XGB_seed42,Q3,S0,XGB,560,Train,0.753279433801201,0.7571118
Q3_S0_XGB_seed42,Q3,S0,XGB,561,Train,0.955897128492629,0.8293416
Q3_S0_XGB_seed42,Q3,S0,XGB,562,Train,0.916456312894737,0.8293416
Q3_S0_XGB_seed42,Q3,S0,XGB,563,Train,0.868476177883672,0.8293416
Q3_S0_XGB_seed42,Q3,S0,XGB,565,Train,0.809825478657467,0.8293416
Q3_S0_XGB_seed42,Q3,S0,XGB,566,Train,0.859708259377373,0.8293416
Q3_S0_XGB_seed42,Q3,S0,XGB,567,Train,0.850960841052855,0.8293416
Q3_S0_XGB_seed42,Q3,S0,XGB,568,Train,0.894147115277187,0.8885254
Q3_S0_XGB_seed42,Q3,S0,XGB,569,Train,0.85142815632786,0.8885254
Q3_S0_XGB_seed42,Q3,S0,XGB,570,Train,0.801146460271435,0.8885254
Q3_S0_XGB_seed42,Q3,S0,XGB,571,Train,0.812647552301802,0.8885254
Q3_S0_XGB_seed42,Q3,S0,XGB,572,Train,0.857654288131218,0.8885254
Q3_S0_XGB_seed42,Q3,S0,XGB,573,Train,0.866234698253165,0.8885254
Q3_S0_XGB_seed42,Q3,S0,XGB,574,Train,0.865776828695711,0.8885254
Q3_S0_XGB_seed42,Q3,S0,XGB,575,Train,0.923347356962982,0.8885254
Q3_S0_XGB_seed42,Q3,S0,XGB,577,Train,0.837502538444339,0.8293416
Q3_S0_XGB_seed42,Q3,S0,XGB,578,Train,0.797969010201319,0.8293416
Q3_S0_XGB_seed42,Q3,S0,XGB,580,Train,0.802422854971014,0.7571118
Q3_S0_XGB_seed42,Q3,S0,XGB,581,Train,0.777988873751503,0.7571118
Q3_S0_XGB_seed42,Q3,S0,XGB,582,Train,0.892298348391422,0.8885254
Q3_S0_XGB_seed42,Q3,S0,XGB,583,Train,0.833194013031795,0.8885254
Q3_S0_XGB_seed42,Q3,S0,XGB,584,Train,0.793809217204316,0.8885254
Q3_S0_XGB_seed42,Q3,S0,XGB,585,Train,0.826226011608823,0.8885254
Q3_S0_XGB_seed42,Q3,S0,XGB,586,Train,0.878699293147255,0.8885254
Q3_S0_XGB_seed42,Q3,S0,XGB,588,Train,0.864427740016764,0.8885254
Q3_S0_XGB_seed42,Q3,S0,XGB,589,Train,0.854874876500284,0.8885254
Q3_S0_XGB_seed42,Q3,S0,XGB,590,Train,0.789650516165938,0.7571118
Q3_S0_XGB_seed42,Q3,S0,XGB,591,Train,0.782523228550948,0.7571118
Q3_S0_XGB_seed42,Q3,S0,XGB,592,Train,0.801146460271435,0.7571118
Q3_S0_XGB_seed42,Q3,S0,XGB,593,Train,0.73363996111312,0.7571118
Q3_S0_XGB_seed42,Q3,S0,XGB,594,Train,0.916456312894737,0.8293416
Q3_S0_XGB_seed42,Q3,S0,XGB,595,Train,0.868997899727548,0.8293416
Q3_S0_XGB_seed42,Q3,S0,XGB,596,Train,0.804859872876447,0.8293416
Q3_S0_XGB_seed42,Q3,S0,XGB,597,Train,0.810800897585135,0.8293416
Q3_S0_XGB_seed42,Q3,S0,XGB,598,Train,0.800041668864993,0.8293416
Q3_S0_XGB_seed42,Q3,S0,XGB,599,Train,0.836468266501584,0.8293416
Q3_S0_XGB_seed42,Q3,S0,XGB,600,Train,0.83074847205683,0.8293416
Q3_S0_XGB_seed42,Q3,S0,XGB,601,Train,0.885246421967059,0.8885254
Q3_S0_XGB_seed42,Q3,S0,XGB,602,Train,0.819970068327537,0.8885254
Q3_S0_XGB_seed42,Q3,S0,XGB,603,Train,0.79470074482459,0.8885254
Q3_S0_XGB_seed42,Q3,S0,XGB,604,Train,0.842822772629174,0.8885254
Q3_S0_XGB_seed42,Q3,S0,XGB,605,Train,0.851500125444752,0.8885254
Q3_S0_XGB_seed42,Q3,S0,XGB,606,Train,0.856573743630585,0.8885254
Q3_S0_XGB_seed42,Q3,S0,XGB,607,Train,0.853159195428482,0.8885254
Q3_S0_XGB_seed42,Q3,S0,XGB,608,Train,0.884006504341295,0.8885254
Q3_S0_XGB_seed42,Q3,S0,XGB,609,Train,0.859008756801763,0.7571118
Q3_S0_XGB_seed42,Q3,S0,XGB,610,Train,0.787478820957529,0.7571118
Q3_S0_XGB_seed42,Q3,S0,XGB,614,Train,0.801715890222028,0.8293416
Q3_S0_XGB_seed42,Q3,S0,XGB,615,Train,0.788862726211253,0.8293416
Q3_S0_XGB_seed42,Q3,S0,XGB,619,Train,0.855412098959476,0.8885254
Q3_S0_XGB_seed42,Q3,S0,XGB,621,Train,0.87841663966553,0.8885254
Q3_S0_XGB_seed42,Q3,S0,XGB,622,Train,0.874141721757814,0.8885254
Q3_S0_XGB_seed42,Q3,S0,XGB,623,Train,0.881852505955376,0.8885254
Q3_S0_XGB_seed42,Q3,S0,XGB,624,Train,0.832374398082112,0.7571118
Q3_S0_XGB_seed42,Q3,S0,XGB,626,Train,0.763034821343403,0.7571118
Q3_S0_XGB_seed42,Q3,S0,XGB,627,Train,0.753909982070491,0.7571118
Q3_S0_XGB_seed42,Q3,S0,XGB,628,Train,0.720251771646694,0.7571118
Q3_S0_XGB_seed42,Q3,S0,XGB,630,Train,0.833276096745915,0.8293416
Q3_S0_XGB_seed42,Q3,S0,XGB,632,Train,0.802888697806569,0.8293416
Q3_S0_XGB_seed42,Q3,S0,XGB,633,Train,0.777173319559092,0.8293416
Q3_S0_XGB_seed42,Q3,S0,XGB,636,Train,0.867796832525943,0.8885254
Q3_S0_XGB_seed42,Q3,S0,XGB,638,Train,0.774399736000629,0.8885254
Q3_S0_XGB_seed42,Q3,S0,XGB,639,Train,0.853183655252342,0.8885254
Q3_S0_XGB_seed42,Q3,S0,XGB,641,Train,0.913307258348461,0.8885254
Q3_S0_XGB_seed42,Q3,S0,XGB,642,Train,0.926720585659848,0.8885254
Q3_S0_XGB_seed42,Q3,S0,XGB,645,Train,0.757660487927601,0.7571118
Q3_S0_XGB_seed42,Q3,S0,XGB,648,Train,0.71312917807553,0.7571118
Q3_S0_XGB_seed42,Q3,S0,XGB,649,Train,0.872930374187904,0.8293416
Q3_S0_XGB_seed42,Q3,S0,XGB,650,Train,0.812924078738548,0.8293416
Q3_S0_XGB_seed42,Q3,S0,XGB,651,Train,0.776881429889234,0.8293416
Q3_S0_XGB_seed42,Q3,S0,XGB,652,Train,0.791868789127212,0.8293416
Q3_S0_XGB_seed42,Q3,S0,XGB,653,Train,0.777772399476774,0.8293416
Q3_S0_XGB_seed42,Q3,S0,XGB,655,Train,0.794376225885031,0.8885254
Q3_S0_XGB_seed42,Q3,S0,XGB,656,Train,0.783682735179066,0.8885254
Q3_S0_XGB_seed42,Q3,S0,XGB,657,Train,0.842772863581729,0.8885254
Q3_S0_XGB_seed42,Q3,S0,XGB,658,Train,0.926720585659848,0.8885254
Q3_S0_XGB_seed42,Q3,S0,XGB,659,Train,0.950158028677875,0.8885254
Q3_S0_XGB_seed42,Q3,S0,XGB,660,Train,0.961127684229507,0.8885254
Q3_S0_XGB_seed42,Q3,S0,XGB,661,Train,0.985847769341663,0.8885254
Q3_S0_XGB_seed42,Q3,S0,XGB,662,Train,0.749146326862969,0.7571118
Q3_S0_XGB_seed42,Q3,S0,XGB,663,Train,0.746590746440129,0.7571118
Q3_S0_XGB_seed42,Q3,S0,XGB,665,Train,0.698084367957614,0.7571118
Q3_S0_XGB_seed42,Q3,S0,XGB,666,Train,0.793151072002874,0.8293416
Q3_S0_XGB_seed42,Q3,S0,XGB,667,Train,0.767418516321959,0.8293416
Q3_S0_XGB_seed42,Q3,S0,XGB,669,Train,0.770900644499919,0.8885254
Q3_S0_XGB_seed42,Q3,S0,XGB,670,Train,0.79375716356903,0.8885254
Q3_S0_XGB_seed42,Q3,S0,XGB,671,Train,0.889507167326115,0.8885254
Q3_S0_XGB_seed42,Q3,S0,XGB,672,Train,0.932642471077175,0.8885254
Q3_S0_XGB_seed42,Q3,S0,XGB,674,Train,0.999553894929436,0.8885254
Q3_S0_XGB_seed42,Q3,S0,XGB,675,Train,1.00528174393871,0.8885254
Q3_S0_XGB_seed42,Q3,S0,XGB,677,Train,0.859113500130653,0.8293416
Q3_S0_XGB_seed42,Q3,S0,XGB,678,Train,0.801961178112691,0.8293416
Q3_S0_XGB_seed42,Q3,S0,XGB,679,Train,0.779106820776095,0.8293416
Q3_S0_XGB_seed42,Q3,S0,XGB,681,Train,0.723048597139057,0.7571118
Q3_S0_XGB_seed42,Q3,S0,XGB,683,Train,0.784398058232244,0.8293416
Q3_S0_XGB_seed42,Q3,S0,XGB,685,Train,0.803492025889185,0.8293416
Q3_S0_XGB_seed42,Q3,S0,XGB,686,Train,0.846700953722188,0.8293416
Q3_S0_XGB_seed42,Q3,S0,XGB,687,Train,0.788559449950821,0.7571118
Q3_S0_XGB_seed42,Q3,S0,XGB,688,Train,0.742008090324318,0.7571118
Q3_S0_XGB_seed42,Q3,S0,XGB,689,Train,0.753272075591055,0.7571118
Q3_S0_XGB_seed42,Q3,S0,XGB,690,Train,0.845300153632359,0.8293416
Q3_S0_XGB_seed42,Q3,S0,XGB,692,Train,0.770956453518485,0.8293416
Q3_S0_XGB_seed42,Q3,S0,XGB,693,Train,0.845953668163504,0.8885254
Q3_S0_XGB_seed42,Q3,S0,XGB,694,Train,0.757645425736901,0.8885254
Q3_S0_XGB_seed42,Q3,S0,XGB,695,Train,0.787196986893441,0.8885254
Q3_S0_XGB_seed42,Q3,S0,XGB,696,Train,0.909280357024702,0.8885254
Q3_S0_XGB_seed42,Q3,S0,XGB,697,Train,0.945687167254019,0.8885254
Q3_S0_XGB_seed42,Q3,S0,XGB,698,Train,0.990399550755274,0.8885254
Q3_S0_XGB_seed42,Q3,S0,XGB,700,Train,1.03125262252782,0.8885254
Q3_S0_XGB_seed42,Q3,S0,XGB,701,Train,0.715131946648899,0.7571118
Q3_S0_XGB_seed42,Q3,S0,XGB,702,Train,0.694710654486211,0.7571118
Q3_S0_XGB_seed42,Q3,S0,XGB,703,Train,0.788919430073695,0.8293416
Q3_S0_XGB_seed42,Q3,S0,XGB,704,Train,0.761627351481268,0.8293416
Q3_S0_XGB_seed42,Q3,S0,XGB,705,Train,0.773622566197128,0.7571118
Q3_S0_XGB_seed42,Q3,S0,XGB,706,Train,0.758798011501759,0.7571118
Q3_S0_XGB_seed42,Q3,S0,XGB,707,Train,0.845300153632359,0.8293416
Q3_S0_XGB_seed42,Q3,S0,XGB,708,Train,0.783261534929068,0.8293416
Q3_S0_XGB_seed42,Q3,S0,XGB,709,Train,0.776944125046722,0.8293416
Q3_S0_XGB_seed42,Q3,S0,XGB,710,Train,0.796554495159318,0.8293416
Q3_S0_XGB_seed42,Q3,S0,XGB,712,Train,0.835166094434971,0.8885254
Q3_S0_XGB_seed42,Q3,S0,XGB,713,Train,0.720543434596451,0.8885254
Q3_S0_XGB_seed42,Q3,S0,XGB,714,Train,0.80168230434905,0.8885254
Q3_S0_XGB_seed42,Q3,S0,XGB,715,Train,0.914208226023996,0.8885254
Q3_S0_XGB_seed42,Q3,S0,XGB,716,Train,0.950314521111876,0.8885254
Q3_S0_XGB_seed42,Q3,S0,XGB,717,Train,1.01467278489236,0.8885254
Q3_S0_XGB_seed42,Q3,S0,XGB,718,Train,1.04080712903253,0.8885254
Q3_S0_XGB_seed42,Q3,S0,XGB,719,Train,1.05524419455208,0.8885254
Q3_S0_XGB_seed42,Q3,S0,XGB,720,Train,0.734007498328761,0.7571118
Q3_S0_XGB_seed42,Q3,S0,XGB,722,Train,0.676977294746911,0.7571118
Q3_S0_XGB_seed42,Q3,S0,XGB,723,Train,0.789712178970565,0.8293416
Q3_S0_XGB_seed42,Q3,S0,XGB,724,Train,0.764783542675837,0.8293416
Q3_S0_XGB_seed42,Q3,S0,XGB,727,Train,0.773622566197128,0.7571118
Q3_S0_XGB_seed42,Q3,S0,XGB,728,Train,0.757893465491069,0.7571118
Q3_S0_XGB_seed42,Q3,S0,XGB,729,Train,0.833479813631314,0.8293416
Q3_S0_XGB_seed42,Q3,S0,XGB,730,Train,0.774698231397807,0.8293416
Q3_S0_XGB_seed42,Q3,S0,XGB,731,Train,0.784464901837064,0.8293416
Q3_S0_XGB_seed42,Q3,S0,XGB,732,Train,0.734007498328761,0.7571118
Q3_S0_XGB_seed42,Q3,S0,XGB,734,Train,0.678103962533706,0.7571118
Q3_S0_XGB_seed42,Q3,S0,XGB,735,Train,0.780982137263124,0.8293416
Q3_S0_XGB_seed42,Q3,S0,XGB,736,Train,0.753567565394396,0.8293416
Q3_S0_XGB_seed42,Q3,S0,XGB,737,Train,0.773622566197128,0.7571118
Q3_S0_XGB_seed42,Q3,S0,XGB,738,Train,0.759388033493715,0.7571118
Q3_S0_XGB_seed42,Q3,S0,XGB,739,Train,0.832480104824992,0.8293416
Q3_S0_XGB_seed42,Q3,S0,XGB,740,Train,0.779106820776095,0.8293416
Q3_S0_XGB_seed42,Q3,S0,XGB,741,Train,0.777080750036464,0.8293416
Q3_S0_XGB_seed42,Q3,S0,XGB,742,Train,0.810865220177659,0.8885254
Q3_S0_XGB_seed42,Q3,S0,XGB,743,Train,0.701220657756291,0.8885254
Q3_S0_XGB_seed42,Q3,S0,XGB,744,Train,0.84311310408725,0.8885254
Q3_S0_XGB_seed42,Q3,S0,XGB,745,Train,0.917655868986698,0.8885254
Q3_S0_XGB_seed42,Q3,S0,XGB,746,Train,0.954799183427052,0.8885254
Q3_S0_XGB_seed42,Q3,S0,XGB,747,Train,1.03125262252782,0.8885254
Q3_S0_XGB_seed42,Q3,S0,XGB,748,Train,1.06493688802797,0.8885254
Q3_S0_XGB_seed42,Q3,S0,XGB,751,Train,0.713594845288137,0.7571118
Q3_S0_XGB_seed42,Q3,S0,XGB,752,Train,0.688370897174795,0.7571118
Q3_S0_XGB_seed42,Q3,S0,XGB,753,Train,0.77255062916464,0.8293416
Q3_S0_XGB_seed42,Q3,S0,XGB,754,Train,0.757006009701427,0.8293416
Q3_S0_XGB_seed42,Q3,S0,XGB,756,Train,0.773622566197128,0.7571118
Q3_S0_XGB_seed42,Q3,S0,XGB,758,Train,0.82066550733501,0.8293416
Q3_S0_XGB_seed42,Q3,S0,XGB,759,Train,0.783682735179066,0.8293416
Q3_S0_XGB_seed42,Q3,S0,XGB,760,Train,0.76856264759232,0.8293416
Q3_S0_XGB_seed42,Q3,S0,XGB,761,Train,0.735217924121935,0.7571118
Q3_S0_XGB_seed42,Q3,S0,XGB,762,Train,0.718441519246758,0.7571118
Q3_S0_XGB_seed42,Q3,S0,XGB,763,Train,0.688449255531412,0.7571118
Q3_S0_XGB_seed42,Q3,S0,XGB,765,Train,0.746859607841232,0.8293416
Q3_S0_XGB_seed42,Q3,S0,XGB,766,Train,0.973186669599277,0.8293416
Q3_S0_XGB_seed42,Q3,S0,XGB,767,Train,0.759768801741319,0.7571118
Q3_S0_XGB_seed42,Q3,S0,XGB,768,Train,0.757802886706236,0.7571118
Q3_S0_XGB_seed42,Q3,S0,XGB,769,Train,0.806844862473226,0.8293416
Q3_S0_XGB_seed42,Q3,S0,XGB,770,Train,0.773320583288713,0.8293416
Q3_S0_XGB_seed42,Q3,S0,XGB,771,Train,0.76993874578373,0.8293416
Q3_S0_XGB_seed42,Q3,S0,XGB,772,Train,0.782289967046785,0.8885254
Q3_S0_XGB_seed42,Q3,S0,XGB,773,Train,0.692891774424785,0.8885254
Q3_S0_XGB_seed42,Q3,S0,XGB,774,Train,0.845013806324218,0.8885254
Q3_S0_XGB_seed42,Q3,S0,XGB,775,Train,0.904396288730716,0.8885254
Q3_S0_XGB_seed42,Q3,S0,XGB,776,Train,0.950876857435849,0.8885254
Q3_S0_XGB_seed42,Q3,S0,XGB,777,Train,1.02582131493631,0.8885254
Q3_S0_XGB_seed42,Q3,S0,XGB,778,Train,1.0696298812969,0.8885254
Q3_S0_XGB_seed42,Q3,S0,XGB,779,Train,1.09690879965459,0.8885254
Q3_S0_XGB_seed42,Q3,S0,XGB,780,Train,0.736439137486459,0.7571118
Q3_S0_XGB_seed42,Q3,S0,XGB,781,Train,0.722248122910828,0.7571118
Q3_S0_XGB_seed42,Q3,S0,XGB,782,Train,0.686057894581173,0.7571118
Q3_S0_XGB_seed42,Q3,S0,XGB,786,Train,0.760839318813295,0.7571118
Q3_S0_XGB_seed42,Q3,S0,XGB,787,Train,0.805847140635809,0.8293416
Q3_S0_XGB_seed42,Q3,S0,XGB,788,Train,0.774518165430972,0.8293416
Q3_S0_XGB_seed42,Q3,S0,XGB,789,Train,0.760204163477313,0.8293416
Q3_S0_XGB_seed42,Q3,S0,XGB,790,Train,0.730069086834549,0.7571118
Q3_S0_XGB_seed42,Q3,S0,XGB,792,Train,0.727544416479067,0.7571118
Q3_S0_XGB_seed42,Q3,S0,XGB,793,Train,0.694543170076781,0.7571118
Q3_S0_XGB_seed42,Q3,S0,XGB,795,Train,0.774518165430972,0.8293416
Q3_S0_XGB_seed42,Q3,S0,XGB,796,Train,0.763045688513871,0.8293416
Q3_S0_XGB_seed42,Q3,S0,XGB,797,Train,0.792985905265767,0.8293416
Q3_S0_XGB_seed42,Q3,S0,XGB,798,Train,0.761920681521003,0.8293416
Q3_S0_XGB_seed42,Q3,S0,XGB,799,Train,0.801961178112691,0.8293416
Q3_S0_XGB_seed42,Q3,S0,XGB,800,Train,0.987330734281547,0.8293416
Q3_S0_XGB_seed42,Q3,S0,XGB,801,Train,0.769420608847027,0.8885254
Q3_S0_XGB_seed42,Q3,S0,XGB,802,Train,0.689257733017462,0.8885254
Q3_S0_XGB_seed42,Q3,S0,XGB,804,Train,0.915126920728385,0.8885254
Q3_S0_XGB_seed42,Q3,S0,XGB,805,Train,0.957724668649905,0.8885254
Q3_S0_XGB_seed42,Q3,S0,XGB,806,Train,1.03063481620061,0.8885254
Q3_S0_XGB_seed42,Q3,S0,XGB,807,Train,1.07716357459863,0.8885254
Q3_S0_XGB_seed42,Q3,S0,XGB,808,Train,1.099765176777,0.8885254
Q3_S0_XGB_seed42,Q3,S0,XGB,809,Train,0.730069086834549,0.7571118
Q3_S0_XGB_seed42,Q3,S0,XGB,810,Train,0.735308773693085,0.7571118
Q3_S0_XGB_seed42,Q3,S0,XGB,813,Train,0.796413664208491,0.8293416
Q3_S0_XGB_seed42,Q3,S0,XGB,814,Train,0.767488558989535,0.8293416
Q3_S0_XGB_seed42,Q3,S0,XGB,815,Train,0.703988669853818,0.7571118
Q3_S0_XGB_seed42,Q3,S0,XGB,816,Train,0.739353567501696,0.7571118
Q3_S0_XGB_seed42,Q3,S0,XGB,817,Train,0.788423061208014,0.8293416
Q3_S0_XGB_seed42,Q3,S0,XGB,818,Train,0.758235053232286,0.8293416
Q3_S0_XGB_seed42,Q3,S0,XGB,819,Train,0.72284929898718,0.7571118
Q3_S0_XGB_seed42,Q3,S0,XGB,820,Train,1.02080147380554,0.8293416
Q3_S0_XGB_seed42,Q3,S0,XGB,821,Train,0.947648069034162,0.8293416
Q3_S0_XGB_seed42,Q3,S0,XGB,822,Train,0.862728357189864,0.8293416
Q3_S0_XGB_seed42,Q3,S0,XGB,823,Train,0.839870245957322,0.8293416
Q3_S0_XGB_seed42,Q3,S0,XGB,824,Train,0.824458849728904,0.8293416
Q3_S0_XGB_seed42,Q3,S0,XGB,825,Train,0.804418862461367,0.8293416
Q3_S0_XGB_seed42,Q3,S0,XGB,827,Train,0.755219649235383,0.8293416
Q3_S0_XGB_seed42,Q3,S0,XGB,828,Train,0.758767649085695,0.8293416
Q3_S0_XGB_seed42,Q3,S0,XGB,830,Train,0.896148516387512,0.8293416
Q3_S0_XGB_seed42,Q3,S0,XGB,831,Train,0.74651756923174,0.8293416
Q3_S0_XGB_seed42,Q3,S0,XGB,832,Train,0.740400830055671,0.8293416
Q3_S0_XGB_seed42,Q3,S0,XGB,833,Train,0.767907275522683,0.8293416
Q3_S0_XGB_seed42,Q3,S0,XGB,834,Train,0.896994041262592,0.8293416
Q3_S0_XGB_seed42,Q3,S0,XGB,836,Train,0.83913565970459,0.8293416
Q3_S0_XGB_seed42,Q3,S0,XGB,837,Train,0.861622810252725,0.8293416
Q3_S0_XGB_seed42,Q3,S0,XGB,838,Train,0.881909255770372,0.8293416
Q3_S0_XGB_seed42,Q3,S0,XGB,839,Train,0.77684465445017,0.8293416
Q3_S0_XGB_seed42,Q3,S0,XGB,841,Train,0.798749567481218,0.8293416
Q3_S0_XGB_seed42,Q3,S0,XGB,843,Train,0.783682735179066,0.8293416
Q3_S0_XGB_seed42,Q3,S0,XGB,845,Train,0.804859872876447,0.8293416
Q3_S0_XGB_seed42,Q3,S0,XGB,846,Train,0.830406809094925,0.8293416
Q3_S0_XGB_seed42,Q3,S0,XGB,848,Train,0.988718904599137,0.8293416
Q3_S0_XGB_seed42,Q3,S0,XGB,849,Train,0.843338733281164,0.8293416
Q3_S0_XGB_seed42,Q3,S0,XGB,850,Train,0.888691948306559,0.8293416
Q3_S0_XGB_seed42,Q3,S0,XGB,851,Train,0.838448835114117,0.8293416
Q3_S0_XGB_seed42,Q3,S0,XGB,853,Train,0.93120974605083,0.8293416
Q3_S0_XGB_seed42,Q3,S0,XGB,855,Train,0.891947087933177,0.8293416
Q3_S0_XGB_seed42,Q3,S0,XGB,856,Train,0.841003664585931,0.8293416
Q3_S0_XGB_seed42,Q3,S0,XGB,858,Train,0.837640427960517,0.8293416
Q3_S0_XGB_seed42,Q3,S0,XGB,859,Train,0.976976532023534,0.8293416
Q3_S0_XGB_seed42,Q3,S0,XGB,860,Train,0.875116602351075,0.8293416
Q3_S0_XGB_seed42,Q3,S0,XGB,861,Train,0.806684329368713,0.8293416
Q3_S0_XGB_seed42,Q3,S0,XGB,862,Train,0.801102499746633,0.8293416
Q3_S0_XGB_seed42,Q3,S0,XGB,863,Train,0.788004693259768,0.8293416
Q3_S0_XGB_seed42,Q3,S0,XGB,865,Train,0.905409565154336,0.8293416
Q3_S0_XGB_seed42,Q3,S0,XGB,866,Train,0.729031856490157,0.8293416
Q3_S0_XGB_seed42,Q3,S0,XGB,868,Train,0.805791496614141,0.8293416
Q3_S0_XGB_seed42,Q3,S0,XGB,869,Train,0.91435430633742,0.8293416
Q3_S0_XGB_seed42,Q3,S0,XGB,870,Train,0.73919054953609,0.8293416
Q3_S0_XGB_seed42,Q3,S0,XGB,871,Train,0.74439488829365,0.8293416
Q3_S0_XGB_seed42,Q3,S0,XGB,873,Train,0.923963860690704,0.8293416
Q3_S0_XGB_seed42,Q3,S0,XGB,874,Train,0.833194013031795,0.8293416
Q3_S0_XGB_seed42,Q3,S0,XGB,875,Train,0.830460308093366,0.8293416
Q3_S0_XGB_seed42,Q3,S0,XGB,877,Train,0.892161082204004,0.8293416
Q3_S0_XGB_seed42,Q3,S0,XGB,879,Train,0.754580500145541,0.8293416
Q3_S0_XGB_seed42,Q3,S0,XGB,880,Train,0.78318641891646,0.8293416
Q3_S0_XGB_seed42,Q3,S0,XGB,881,Train,0.880695747690427,0.8293416
Q3_S0_XGB_seed42,Q3,S0,XGB,882,Train,0.770956453518485,0.8293416
Q3_S0_XGB_seed42,Q3,S0,XGB,884,Train,0.804624381901374,0.8293416
Q3_S0_XGB_seed42,Q3,S0,XGB,885,Train,0.877540164348498,0.8293416
Q3_S0_XGB_seed42,Q3,S0,XGB,886,Train,0.861262296092212,0.83367527
Q3_S0_XGB_seed42,Q3,S0,XGB,887,Train,0.862587271755434,0.8293416
Q3_S0_XGB_seed42,Q3,S0,XGB,889,Train,0.855699794660814,0.8293416
Q3_S0_XGB_seed42,Q3,S0,XGB,890,Train,0.933510742242849,0.8293416
Q3_S0_XGB_seed42,Q3,S0,XGB,891,Train,1.00605846926458,0.8293416
Q3_S0_XGB_seed42,Q3,S0,XGB,892,Train,0.866467395757682,0.8293416
Q3_S0_XGB_seed42,Q3,S0,XGB,894,Train,0.826695514401272,0.8293416
Q3_S0_XGB_seed42,Q3,S0,XGB,895,Train,0.929061249041944,0.8293416
Q3_S0_XGB_seed42,Q3,S0,XGB,896,Train,0.818042662263129,0.8293416
Q3_S0_XGB_seed42,Q3,S0,XGB,897,Train,0.812085675359892,0.8293416
Q3_S0_XGB_seed42,Q3,S0,XGB,898,Train,0.778042560572574,0.8293416
Q3_S0_XGB_seed42,Q3,S0,XGB,899,Train,0.750039220749238,0.8293416
Q3_S0_XGB_seed42,Q3,S0,XGB,900,Train,0.849781838530611,0.8293416
Q3_S0_XGB_seed42,Q3,S0,XGB,901,Train,0.921417913561959,0.8293416
Q3_S0_XGB_seed42,Q3,S0,XGB,902,Train,0.709560263195736,0.8293416
Q3_S0_XGB_seed42,Q3,S0,XGB,903,Train,0.767907275522683,0.8293416
Q3_S0_XGB_seed42,Q3,S0,XGB,905,Train,0.923880804895202,0.8293416
Q3_S0_XGB_seed42,Q3,S0,XGB,906,Train,0.731376879007756,0.8293416
Q3_S0_XGB_seed42,Q3,S0,XGB,907,Train,0.756332494515326,0.8293416
Q3_S0_XGB_seed42,Q3,S0,XGB,908,Train,0.793009162016314,0.8293416
Q3_S0_XGB_seed42,Q3,S0,XGB,909,Train,0.938995087972337,0.8293416
Q3_S0_XGB_seed42,Q3,S0,XGB,911,Train,0.812349202994303,0.8293416
Q3_S0_XGB_seed42,Q3,S0,XGB,913,Train,0.918757744370779,0.8293416
Q3_S0_XGB_seed42,Q3,S0,XGB,916,Train,0.793688616630125,0.8293416
Q3_S0_XGB_seed42,Q3,S0,XGB,917,Train,0.895365302224161,0.8293416
Q3_S0_XGB_seed42,Q3,S0,XGB,918,Train,0.760613981871055,0.8293416
Q3_S0_XGB_seed42,Q3,S0,XGB,919,Train,0.773129311444233,0.8293416
Q3_S0_XGB_seed42,Q3,S0,XGB,920,Train,0.800973771863673,0.8293416
Q3_S0_XGB_seed42,Q3,S0,XGB,921,Train,0.893455868895967,0.8293416
Q3_S0_XGB_seed42,Q3,S0,XGB,923,Train,0.796755167716249,0.8293416
Q3_S0_XGB_seed42,Q3,S0,XGB,924,Train,0.795814694826164,0.8293416
Q3_S0_XGB_seed42,Q3,S0,XGB,925,Train,0.758526566744865,0.8293416
Q3_S0_XGB_seed42,Q3,S0,XGB,926,Train,0.748892319551776,0.8293416
Q3_S0_XGB_seed42,Q3,S0,XGB,928,Train,0.931291021036105,0.8293416
Q3_S0_XGB_seed42,Q3,S0,XGB,929,Train,0.702154693520188,0.8293416
Q3_S0_XGB_seed42,Q3,S0,XGB,930,Train,0.763409984431848,0.8293416
Q3_S0_XGB_seed42,Q3,S0,XGB,931,Train,0.853067002093386,0.8293416
Q3_S0_XGB_seed42,Q3,S0,XGB,932,Train,0.926347305711552,0.8293416
Q3_S0_XGB_seed42,Q3,S0,XGB,933,Train,0.735661375815505,0.8293416
Q3_S0_XGB_seed42,Q3,S0,XGB,934,Train,0.742397974619634,0.8293416
Q3_S0_XGB_seed42,Q3,S0,XGB,935,Train,0.818122373675804,0.8293416
Q3_S0_XGB_seed42,Q3,S0,XGB,936,Train,0.946555392146291,0.8293416
Q3_S0_XGB_seed42,Q3,S0,XGB,937,Train,0.822176110017067,0.8293416
Q3_S0_XGB_seed42,Q3,S0,XGB,938,Train,0.802579810987906,0.8293416
Q3_S0_XGB_seed42,Q3,S0,XGB,939,Train,0.850241359949186,0.8293416
Q3_S0_XGB_seed42,Q3,S0,XGB,940,Train,0.900280998471653,0.8293416
Q3_S0_XGB_seed42,Q3,S0,XGB,941,Train,0.757894222047023,0.8293416
Q3_S0_XGB_seed42,Q3,S0,XGB,942,Train,0.757061429213538,0.8293416
Q3_S0_XGB_seed42,Q3,S0,XGB,944,Train,0.916784083531629,0.8293416
Q3_S0_XGB_seed42,Q3,S0,XGB,946,Train,0.774436547805945,0.8293416
Q3_S0_XGB_seed42,Q3,S0,XGB,947,Train,0.804802264358862,0.8293416
Q3_S0_XGB_seed42,Q3,S0,XGB,948,Train,0.889507167326115,0.8293416
Q3_S0_XGB_seed42,Q3,S0,XGB,949,Train,0.834489600568311,0.83367527
Q3_S0_XGB_seed42,Q3,S0,XGB,950,Train,0.866179569383206,0.8293416
Q3_S0_XGB_seed42,Q3,S0,XGB,951,Train,0.808010862359159,0.8293416
Q3_S0_XGB_seed42,Q3,S0,XGB,952,Train,0.860410176752358,0.8293416
Q3_S0_XGB_seed42,Q3,S0,XGB,953,Train,0.989598819123395,0.8293416
Q3_S0_XGB_seed42,Q3,S0,XGB,954,Train,0.92242775800187,0.8293416
Q3_S0_XGB_seed42,Q3,S0,XGB,956,Train,0.853182190508781,0.8293416
Q3_S0_XGB_seed42,Q3,S0,XGB,959,Train,0.878145002204253,0.8293416
Q3_S0_XGB_seed42,Q3,S0,XGB,960,Train,0.787849267499515,0.8293416
Q3_S0_XGB_seed42,Q3,S0,XGB,961,Train,0.807788120514204,0.8293416
Q3_S0_XGB_seed42,Q3,S0,XGB,962,Train,0.763569965105048,0.8293416
Q3_S0_XGB_seed42,Q3,S0,XGB,963,Train,0.742136835683651,0.8293416
Q3_S0_XGB_seed42,Q3,S0,XGB,967,Train,0.770768562571437,0.8293416
Q3_S0_XGB_seed42,Q3,S0,XGB,968,Train,0.865848949986576,0.8293416
Q3_S0_XGB_seed42,Q3,S0,XGB,969,Train,0.926460609945532,0.8293416
Q3_S0_XGB_seed42,Q3,S0,XGB,970,Train,0.718033884901515,0.8293416
Q3_S0_XGB_seed42,Q3,S0,XGB,971,Train,0.744034833728012,0.8293416
Q3_S0_XGB_seed42,Q3,S0,XGB,972,Train,0.834231145952886,0.8293416
Q3_S0_XGB_seed42,Q3,S0,XGB,973,Train,0.949081938843105,0.8293416
Q3_S0_XGB_seed42,Q3,S0,XGB,974,Train,0.823136893551042,0.8293416
Q3_S0_XGB_seed42,Q3,S0,XGB,975,Train,0.807558799569149,0.8293416
Q3_S0_XGB_seed42,Q3,S0,XGB,976,Train,0.845371896610588,0.8293416
Q3_S0_XGB_seed42,Q3,S0,XGB,977,Train,0.901400479158204,0.8293416
Q3_S0_XGB_seed42,Q3,S0,XGB,978,Train,0.758793795325685,0.8293416
Q3_S0_XGB_seed42,Q3,S0,XGB,979,Train,0.759419253918282,0.8293416
Q3_S0_XGB_seed42,Q3,S0,XGB,981,Train,0.909280357024702,0.8293416
Q3_S0_XGB_seed42,Q3,S0,XGB,982,Train,0.75408366475121,0.8293416
Q3_S0_XGB_seed42,Q3,S0,XGB,983,Train,0.764493341936512,0.8293416
Q3_S0_XGB_seed42,Q3,S0,XGB,985,Train,0.899317323108963,0.8293416
Q3_S0_XGB_seed42,Q3,S0,XGB,990,Train,0.761811915695933,0.8293416
Q3_S0_XGB_seed42,Q3,S0,XGB,991,Train,0.859657066279412,0.8293416
Q3_S0_XGB_seed42,Q3,S0,XGB,992,Train,0.720926707585792,0.8293416
Q3_S0_XGB_seed42,Q3,S0,XGB,993,Train,0.735349221875968,0.8293416
Q3_S0_XGB_seed42,Q3,S0,XGB,994,Train,0.864231348838916,0.8293416
Q3_S0_XGB_seed42,Q3,S0,XGB,996,Train,0.719091440442532,0.8293416
Q3_S0_XGB_seed42,Q3,S0,XGB,997,Train,0.779437546258,0.8293416
Q3_S0_XGB_seed42,Q3,S0,XGB,998,Train,0.860219674132099,0.8293416
Q3_S0_XGB_seed42,Q3,S0,XGB,999,Train,0.928960777763589,0.8293416
Q3_S0_XGB_seed42,Q3,S0,XGB,1000,Train,0.709925720338231,0.8293416
Q3_S0_XGB_seed42,Q3,S0,XGB,1004,Train,0.812887139706805,0.8293416
Q3_S0_XGB_seed42,Q3,S0,XGB,1005,Train,0.798244919255891,0.8293416
Q3_S0_XGB_seed42,Q3,S0,XGB,1006,Train,0.842822772629174,0.8293416
Q3_S0_XGB_seed42,Q3,S0,XGB,1007,Train,0.906955362965224,0.8293416
Q3_S0_XGB_seed42,Q3,S0,XGB,1008,Train,0.747785039139969,0.8293416
Q3_S0_XGB_seed42,Q3,S0,XGB,1009,Train,0.766743793103087,0.8293416
Q3_S0_XGB_seed42,Q3,S0,XGB,1011,Train,0.901897886930289,0.8293416
Q3_S0_XGB_seed42,Q3,S0,XGB,1012,Train,0.759207198504107,0.8293416
Q3_S0_XGB_seed42,Q3,S0,XGB,1013,Train,0.76993874578373,0.8293416
Q3_S0_XGB_seed42,Q3,S0,XGB,1014,Train,0.818834654745319,0.8293416
Q3_S0_XGB_seed42,Q3,S0,XGB,1015,Train,0.905978375447755,0.8293416
Q3_S0_XGB_seed42,Q3,S0,XGB,1016,Train,0.856006369302794,0.8293416
Q3_S0_XGB_seed42,Q3,S0,XGB,1017,Train,0.798470002896076,0.8293416
Q3_S0_XGB_seed42,Q3,S0,XGB,1018,Train,0.867404297372514,0.8293416
Q3_S0_XGB_seed42,Q3,S0,XGB,1020,Train,0.919245673734333,0.8293416
Q3_S0_XGB_seed42,Q3,S0,XGB,1021,Train,1.05737670205315,0.8293416
Q3_S0_XGB_seed42,Q3,S0,XGB,1022,Train,0.853182190508781,0.8293416
Q3_S0_XGB_seed42,Q3,S0,XGB,1023,Train,0.798982458338327,0.8293416
Q3_S0_XGB_seed42,Q3,S0,XGB,1024,Train,0.894639934691145,0.8293416
Q3_S0_XGB_seed42,Q3,S0,XGB,1025,Train,0.836702062630733,0.8293416
Q3_S0_XGB_seed42,Q3,S0,XGB,1028,Train,0.711549340265613,0.8293416
Q3_S0_XGB_seed42,Q3,S0,XGB,1029,Train,0.738760170069949,0.8293416
Q3_S0_XGB_seed42,Q3,S0,XGB,1030,Train,0.861641648130033,0.8293416
Q3_S0_XGB_seed42,Q3,S0,XGB,1032,Train,0.718982616423606,0.8293416
Q3_S0_XGB_seed42,Q3,S0,XGB,1033,Train,0.783095405058374,0.8293416
Q3_S0_XGB_seed42,Q3,S0,XGB,1034,Train,0.865454199500397,0.8293416
Q3_S0_XGB_seed42,Q3,S0,XGB,1035,Train,0.933971259237154,0.8293416
Q3_S0_XGB_seed42,Q3,S0,XGB,1036,Train,0.701623672917154,0.8293416
Q3_S0_XGB_seed42,Q3,S0,XGB,1037,Train,0.757193696411778,0.8293416
Q3_S0_XGB_seed42,Q3,S0,XGB,1038,Train,0.872255273289102,0.8293416
Q3_S0_XGB_seed42,Q3,S0,XGB,1039,Train,0.954144546641154,0.8293416
Q3_S0_XGB_seed42,Q3,S0,XGB,1040,Train,0.814569613592269,0.8293416
Q3_S0_XGB_seed42,Q3,S0,XGB,1042,Train,0.859663223157214,0.8293416
Q3_S0_XGB_seed42,Q3,S0,XGB,1043,Train,0.932819211063934,0.8293416
Q3_S0_XGB_seed42,Q3,S0,XGB,1044,Train,0.753576013281286,0.8293416
Q3_S0_XGB_seed42,Q3,S0,XGB,1045,Train,0.76051362037454,0.8293416
Q3_S0_XGB_seed42,Q3,S0,XGB,1046,Train,0.818834654745319,0.8293416
Q3_S0_XGB_seed42,Q3,S0,XGB,1048,Train,0.756624896500184,0.8293416
Q3_S0_XGB_seed42,Q3,S0,XGB,1049,Train,0.760204163477313,0.8293416
Q3_S0_XGB_seed42,Q3,S0,XGB,1050,Train,0.829191674260014,0.8293416
Q3_S0_XGB_seed42,Q3,S0,XGB,1051,Train,0.922527857069852,0.8293416
Q3_S0_XGB_seed42,Q3,S0,XGB,1052,Train,0.79710536729945,0.83367527
Q3_S0_XGB_seed42,Q3,S0,XGB,1053,Train,0.843595373557105,0.8293416
Q3_S0_XGB_seed42,Q3,S0,XGB,1054,Train,0.820417256414491,0.8293416
Q3_S0_XGB_seed42,Q3,S0,XGB,1055,Train,0.957410318343692,0.8293416
Q3_S0_XGB_seed42,Q3,S0,XGB,1056,Train,0.813872622033883,0.8293416
Q3_S0_XGB_seed42,Q3,S0,XGB,1057,Train,0.774189026409601,0.8293416
Q3_S0_XGB_seed42,Q3,S0,XGB,1060,Train,0.761528027071662,0.8293416
Q3_S0_XGB_seed42,Q3,S0,XGB,1061,Train,0.869420076911184,0.8293416
Q3_S0_XGB_seed42,Q3,S0,XGB,1064,Train,0.800373468473371,0.8293416
Q3_S0_XGB_seed42,Q3,S0,XGB,1065,Train,0.868075884732324,0.8293416
Q3_S0_XGB_seed42,Q3,S0,XGB,1066,Train,0.929363429825195,0.8293416
Q3_S0_XGB_seed42,Q3,S0,XGB,1068,Train,0.770219717628378,0.8293416
Q3_S0_XGB_seed42,Q3,S0,XGB,1069,Train,0.88022855729693,0.8293416
Q3_S0_XGB_seed42,Q3,S0,XGB,1070,Train,0.959219672874343,0.8293416
Q3_S0_XGB_seed42,Q3,S0,XGB,1071,Train,0.802296644258131,0.8293416
Q3_S0_XGB_seed42,Q3,S0,XGB,1073,Train,0.866999035914871,0.8293416
Q3_S0_XGB_seed42,Q3,S0,XGB,1074,Train,0.949217949892863,0.8293416
Q3_S0_XGB_seed42,Q3,S0,XGB,1076,Train,0.760204163477313,0.8293416
Q3_S0_XGB_seed42,Q3,S0,XGB,1077,Train,0.822125963335149,0.8293416
Q3_S0_XGB_seed42,Q3,S0,XGB,1078,Train,0.939426893652025,0.8293416
Q3_S0_XGB_seed42,Q3,S0,XGB,1079,Train,0.750569072247341,0.8293416
Q3_S0_XGB_seed42,Q3,S0,XGB,1080,Train,0.763045688513871,0.8293416
Q3_S0_XGB_seed42,Q3,S0,XGB,1081,Train,0.83332674041077,0.8293416
Q3_S0_XGB_seed42,Q3,S0,XGB,1082,Train,0.926188379655635,0.8293416
Q3_S0_XGB_seed42,Q3,S0,XGB,1083,Train,0.797960018930702,0.8293416
Q3_S0_XGB_seed42,Q3,S0,XGB,1084,Train,0.763999535247556,0.8293416
Q3_S0_XGB_seed42,Q3,S0,XGB,1085,Train,0.895543206493383,0.8293416
Q3_S0_XGB_seed42,Q3,S0,XGB,1086,Train,0.708569706169591,0.8293416
Q3_S0_XGB_seed42,Q3,S0,XGB,1088,Train,0.868075884732324,0.8293416
Q3_S0_XGB_seed42,Q3,S0,XGB,1089,Train,0.944032050879927,0.8293416
Q3_S0_XGB_seed42,Q3,S0,XGB,1090,Train,0.733424008300312,0.8293416
Q3_S0_XGB_seed42,Q3,S0,XGB,1091,Train,0.804932790987593,0.8293416
Q3_S0_XGB_seed42,Q3,S0,XGB,1092,Train,0.875958312856537,0.8293416
Q3_S0_XGB_seed42,Q3,S0,XGB,1093,Train,0.93951362970487,0.8293416
Q3_S0_XGB_seed42,Q3,S0,XGB,1094,Train,0.69677225391561,0.8293416
Q3_S0_XGB_seed42,Q3,S0,XGB,1095,Train,0.786180255102554,0.8293416
Q3_S0_XGB_seed42,Q3,S0,XGB,1096,Train,0.882891632476178,0.8293416
Q3_S0_XGB_seed42,Q3,S0,XGB,1097,Train,0.956680557393612,0.8293416
Q3_S0_XGB_seed42,Q3,S0,XGB,1098,Train,0.792504253391991,0.8293416
Q3_S0_XGB_seed42,Q3,S0,XGB,1099,Train,0.789633487297816,0.8293416
Q3_S0_XGB_seed42,Q3,S0,XGB,1101,Train,0.956942220525115,0.8293416
Q3_S0_XGB_seed42,Q3,S0,XGB,1102,Train,0.734199846749297,0.8293416
Q3_S0_XGB_seed42,Q3,S0,XGB,1103,Train,0.774793449957782,0.8293416
Q3_S0_XGB_seed42,Q3,S0,XGB,1104,Train,0.831410637779578,0.8293416
Q3_S0_XGB_seed42,Q3,S0,XGB,1105,Train,0.945850340334221,0.8293416
Q3_S0_XGB_seed42,Q3,S0,XGB,1108,Train,0.845381357533183,0.8293416
Q3_S0_XGB_seed42,Q3,S0,XGB,1109,Train,0.936970712621457,0.8293416
Q3_S0_XGB_seed42,Q3,S0,XGB,1110,Train,0.799935130890267,0.8293416
Q3_S0_XGB_seed42,Q3,S0,XGB,1111,Train,0.76635763480699,0.8293416
Q3_S0_XGB_seed42,Q3,S0,XGB,1113,Train,0.72141924849785,0.8293416
Q3_S0_XGB_seed42,Q3,S0,XGB,1114,Train,0.814615157530146,0.8293416
Q3_S0_XGB_seed42,Q3,S0,XGB,1115,Train,0.870700482829228,0.8293416
Q3_S0_XGB_seed42,Q3,S0,XGB,1117,Train,0.748026513306267,0.8293416
Q3_S0_XGB_seed42,Q3,S0,XGB,1118,Train,0.819042301069102,0.8293416
Q3_S0_XGB_seed42,Q3,S0,XGB,1119,Train,0.872255273289102,0.8293416
Q3_S0_XGB_seed42,Q3,S0,XGB,1120,Train,0.93951362970487,0.8293416
Q3_S0_XGB_seed42,Q3,S0,XGB,1121,Train,0.699087262596401,0.8293416
Q3_S0_XGB_seed42,Q3,S0,XGB,1122,Train,0.804412761608385,0.8293416
Q3_S0_XGB_seed42,Q3,S0,XGB,1123,Train,0.888225610247878,0.8293416
Q3_S0_XGB_seed42,Q3,S0,XGB,1124,Train,0.959219672874343,0.8293416
Q3_S0_XGB_seed42,Q3,S0,XGB,1125,Train,0.794478660847515,0.8293416
Q3_S0_XGB_seed42,Q3,S0,XGB,1126,Train,0.795044896217672,0.8293416
Q3_S0_XGB_seed42,Q3,S0,XGB,1128,Train,0.97232606069617,0.8293416
Q3_S0_XGB_seed42,Q3,S0,XGB,1130,Train,0.76392809877467,0.8293416
Q3_S0_XGB_seed42,Q3,S0,XGB,1131,Train,0.845381357533183,0.8293416
Q3_S0_XGB_seed42,Q3,S0,XGB,1132,Train,0.954485708802878,0.8293416
Q3_S0_XGB_seed42,Q3,S0,XGB,1133,Train,0.742091685619275,0.8293416
Q3_S0_XGB_seed42,Q3,S0,XGB,1134,Train,0.754667374526097,0.8293416
Q3_S0_XGB_seed42,Q3,S0,XGB,1135,Train,0.869999601044121,0.8293416
Q3_S0_XGB_seed42,Q3,S0,XGB,1136,Train,0.952275901991181,0.8293416
Q3_S0_XGB_seed42,Q3,S0,XGB,1137,Train,0.813523741478924,0.83367527
Q3_S0_XGB_seed42,Q3,S0,XGB,1139,Train,0.765581738055363,0.8293416
Q3_S0_XGB_seed42,Q3,S0,XGB,1140,Train,0.893569868785435,0.8293416
Q3_S0_XGB_seed42,Q3,S0,XGB,1141,Train,0.709030521494937,0.8293416
Q3_S0_XGB_seed42,Q3,S0,XGB,1142,Train,0.824401326732183,0.8293416
Q3_S0_XGB_seed42,Q3,S0,XGB,1143,Train,0.875958312856537,0.8293416
Q3_S0_XGB_seed42,Q3,S0,XGB,1144,Train,0.944607596729703,0.8293416
Q3_S0_XGB_seed42,Q3,S0,XGB,1145,Train,0.766681341537034,0.8293416
Q3_S0_XGB_seed42,Q3,S0,XGB,1146,Train,0.821112449176638,0.8293416
Q3_S0_XGB_seed42,Q3,S0,XGB,1147,Train,0.875958312856537,0.8293416
Q3_S0_XGB_seed42,Q3,S0,XGB,1148,Train,0.935150536886007,0.8293416
Q3_S0_XGB_seed42,Q3,S0,XGB,1149,Train,0.702440630147331,0.8293416
Q3_S0_XGB_seed42,Q3,S0,XGB,1151,Train,0.89089646597602,0.8293416
Q3_S0_XGB_seed42,Q3,S0,XGB,1152,Train,0.957395932449324,0.8293416
Q3_S0_XGB_seed42,Q3,S0,XGB,1153,Train,0.798730965528296,0.8293416
Q3_S0_XGB_seed42,Q3,S0,XGB,1154,Train,0.79375716356903,0.8293416
Q3_S0_XGB_seed42,Q3,S0,XGB,1155,Train,0.909280357024702,0.8293416
Q3_S0_XGB_seed42,Q3,S0,XGB,1157,Train,0.740859563923326,0.8293416
Q3_S0_XGB_seed42,Q3,S0,XGB,1158,Train,0.762574527781987,0.8293416
Q3_S0_XGB_seed42,Q3,S0,XGB,1160,Train,0.965390605715699,0.8293416
Q3_S0_XGB_seed42,Q3,S0,XGB,1161,Train,0.743478810778917,0.8293416
Q3_S0_XGB_seed42,Q3,S0,XGB,1162,Train,0.764183080187211,0.8293416
Q3_S0_XGB_seed42,Q3,S0,XGB,1165,Train,0.86118506512759,0.83367527
Q3_S0_XGB_seed42,Q3,S0,XGB,1166,Train,0.774189026409601,0.8293416
Q3_S0_XGB_seed42,Q3,S0,XGB,1168,Train,0.905073760419263,0.8293416
Q3_S0_XGB_seed42,Q3,S0,XGB,1169,Train,0.723035518357035,0.8293416
Q3_S0_XGB_seed42,Q3,S0,XGB,1170,Train,0.826526360327323,0.8293416
Q3_S0_XGB_seed42,Q3,S0,XGB,1171,Train,0.875958312856537,0.8293416
Q3_S0_XGB_seed42,Q3,S0,XGB,1172,Train,0.944607596729703,0.8293416
Q3_S0_XGB_seed42,Q3,S0,XGB,1173,Train,0.760209160895165,0.8293416
Q3_S0_XGB_seed42,Q3,S0,XGB,1174,Train,0.820740259958004,0.8293416
Q3_S0_XGB_seed42,Q3,S0,XGB,1175,Train,0.872255273289102,0.8293416
Q3_S0_XGB_seed42,Q3,S0,XGB,1176,Train,0.945437666284331,0.8293416
Q3_S0_XGB_seed42,Q3,S0,XGB,1178,Train,0.823357286621594,0.8293416
Q3_S0_XGB_seed42,Q3,S0,XGB,1179,Train,0.891799038593436,0.8293416
Q3_S0_XGB_seed42,Q3,S0,XGB,1180,Train,0.959962561862519,0.8293416
Q3_S0_XGB_seed42,Q3,S0,XGB,1181,Train,0.77684465445017,0.8293416
Q3_S0_XGB_seed42,Q3,S0,XGB,1182,Train,0.794780573757261,0.8293416
Q3_S0_XGB_seed42,Q3,S0,XGB,1184,Train,0.996041319454468,0.8293416
Q3_S0_XGB_seed42,Q3,S0,XGB,1185,Train,0.729274737980591,0.8293416
Q3_S0_XGB_seed42,Q3,S0,XGB,1186,Train,0.765245089682088,0.8293416
Q3_S0_XGB_seed42,Q3,S0,XGB,1187,Train,0.900060352488373,0.8293416
Q3_S0_XGB_seed42,Q3,S0,XGB,1188,Train,0.974200495215366,0.8293416
Q3_S0_XGB_seed42,Q3,S0,XGB,1189,Train,0.741022079805728,0.8293416
Q3_S0_XGB_seed42,Q3,S0,XGB,1191,Train,0.924316467912413,0.8293416
Q3_S0_XGB_seed42,Q3,S0,XGB,1194,Train,1.0309100192963,0.9665623
Q3_S0_XGB_seed42,Q3,S0,XGB,1195,Train,1.0309100192963,0.9665623
Q3_S0_XGB_seed42,Q3,S0,XGB,1196,Train,1.04780321656717,0.9665623
Q3_S0_XGB_seed42,Q3,S0,XGB,1197,Train,1.02116378112696,0.9665623
Q3_S0_XGB_seed42,Q3,S0,XGB,1199,Train,0.942863732067123,0.9665623
Q3_S0_XGB_seed42,Q3,S0,XGB,1200,Train,0.858516034072475,0.9665623
Q3_S0_XGB_seed42,Q3,S0,XGB,1201,Train,0.828220858895706,0.9665623
Q3_S0_XGB_seed42,Q3,S0,XGB,1202,Train,1.16613648991414,0.99027
Q3_S0_XGB_seed42,Q3,S0,XGB,1203,Train,1.17590341402158,0.99027
Q3_S0_XGB_seed42,Q3,S0,XGB,1205,Train,1.15864463864469,0.99027
Q3_S0_XGB_seed42,Q3,S0,XGB,1208,Train,0.945059146949154,0.99027
Q3_S0_XGB_seed42,Q3,S0,XGB,1209,Train,0.743453636792905,0.99027
Q3_S0_XGB_seed42,Q3,S0,XGB,1210,Train,0.756610346124391,0.99027
Q3_S0_XGB_seed42,Q3,S0,XGB,1211,Train,1.14869832591629,1.022712
Q3_S0_XGB_seed42,Q3,S0,XGB,1212,Train,1.15615284385716,1.022712
Q3_S0_XGB_seed42,Q3,S0,XGB,1213,Train,1.15366382320943,1.022712
Q3_S0_XGB_seed42,Q3,S0,XGB,1214,Train,1.16146409290499,1.022712
Q3_S0_XGB_seed42,Q3,S0,XGB,1216,Train,1.09724257611613,1.022712
Q3_S0_XGB_seed42,Q3,S0,XGB,1217,Train,0.969373157471161,1.022712
Q3_S0_XGB_seed42,Q3,S0,XGB,1218,Train,0.767721189179986,1.022712
Q3_S0_XGB_seed42,Q3,S0,XGB,1219,Train,0.747774846750593,1.022712
Q3_S0_XGB_seed42,Q3,S0,XGB,1221,Train,1.19192306228115,1.053957
Q3_S0_XGB_seed42,Q3,S0,XGB,1222,Train,1.19192306228115,1.053957
Q3_S0_XGB_seed42,Q3,S0,XGB,1223,Train,1.17930396588958,1.053957
Q3_S0_XGB_seed42,Q3,S0,XGB,1224,Train,1.15378304985468,1.053957
Q3_S0_XGB_seed42,Q3,S0,XGB,1225,Train,1.14378937187987,1.053957
Q3_S0_XGB_seed42,Q3,S0,XGB,1226,Train,1.05992184543277,1.053957
Q3_S0_XGB_seed42,Q3,S0,XGB,1227,Train,0.779325256152953,1.053957
Q3_S0_XGB_seed42,Q3,S0,XGB,1228,Train,0.765644820823472,1.053957
Q3_S0_XGB_seed42,Q3,S0,XGB,8,Test,0.852320637196598,0.85177064
Q3_S0_XGB_seed42,Q3,S0,XGB,16,Test,0.757910939800996,0.85177064
Q3_S0_XGB_seed42,Q3,S0,XGB,33,Test,0.947878574037492,0.86030936
Q3_S0_XGB_seed42,Q3,S0,XGB,40,Test,0.846204660987704,0.85177064
Q3_S0_XGB_seed42,Q3,S0,XGB,41,Test,0.826322526936951,0.8158849
Q3_S0_XGB_seed42,Q3,S0,XGB,49,Test,0.813872622033883,0.85177064
Q3_S0_XGB_seed42,Q3,S0,XGB,55,Test,1.1800839773586,0.9585806
Q3_S0_XGB_seed42,Q3,S0,XGB,60,Test,0.711458783801433,0.8584406
Q3_S0_XGB_seed42,Q3,S0,XGB,62,Test,1.05868835286937,1.0734005
Q3_S0_XGB_seed42,Q3,S0,XGB,65,Test,0.822125963335149,0.85177064
Q3_S0_XGB_seed42,Q3,S0,XGB,67,Test,0.860852339675353,0.86030936
Q3_S0_XGB_seed42,Q3,S0,XGB,69,Test,0.952684962682573,0.9914722
Q3_S0_XGB_seed42,Q3,S0,XGB,70,Test,1.00486544375881,1.004551
Q3_S0_XGB_seed42,Q3,S0,XGB,74,Test,0.813467798407692,0.85177064
Q3_S0_XGB_seed42,Q3,S0,XGB,77,Test,0.852684600835069,0.9242425
Q3_S0_XGB_seed42,Q3,S0,XGB,78,Test,0.903935228958348,0.9914722
Q3_S0_XGB_seed42,Q3,S0,XGB,81,Test,0.813467798407692,0.85177064
Q3_S0_XGB_seed42,Q3,S0,XGB,87,Test,0.737639852812842,0.8470991
Q3_S0_XGB_seed42,Q3,S0,XGB,90,Test,0.992568658138745,0.9585806
Q3_S0_XGB_seed42,Q3,S0,XGB,95,Test,0.728664117820701,0.8470991
Q3_S0_XGB_seed42,Q3,S0,XGB,98,Test,0.920532930540302,0.900407
Q3_S0_XGB_seed42,Q3,S0,XGB,100,Test,0.81331948022468,0.8158849
Q3_S0_XGB_seed42,Q3,S0,XGB,108,Test,0.802674817559499,0.85177064
Q3_S0_XGB_seed42,Q3,S0,XGB,112,Test,0.900141392199746,0.9914722
Q3_S0_XGB_seed42,Q3,S0,XGB,113,Test,0.904396288730716,1.004551
Q3_S0_XGB_seed42,Q3,S0,XGB,119,Test,0.810800723507938,0.862256
Q3_S0_XGB_seed42,Q3,S0,XGB,122,Test,1.07485139681547,0.9585806
Q3_S0_XGB_seed42,Q3,S0,XGB,126,Test,1.01467278489236,0.9585806
Q3_S0_XGB_seed42,Q3,S0,XGB,143,Test,0.998279458179488,0.9914722
Q3_S0_XGB_seed42,Q3,S0,XGB,151,Test,0.81033471544061,0.87372965
Q3_S0_XGB_seed42,Q3,S0,XGB,153,Test,0.843369921106177,0.9585806
Q3_S0_XGB_seed42,Q3,S0,XGB,154,Test,0.821094228516559,0.9585806
Q3_S0_XGB_seed42,Q3,S0,XGB,155,Test,0.919162757835833,0.9585806
Q3_S0_XGB_seed42,Q3,S0,XGB,156,Test,1.03546229011457,0.9585806
Q3_S0_XGB_seed42,Q3,S0,XGB,171,Test,0.906717139703928,0.87372965
Q3_S0_XGB_seed42,Q3,S0,XGB,173,Test,0.912905287026554,0.87372965
Q3_S0_XGB_seed42,Q3,S0,XGB,204,Test,1.1393357833334,1.0034745
Q3_S0_XGB_seed42,Q3,S0,XGB,210,Test,0.936810267937746,0.86825687
Q3_S0_XGB_seed42,Q3,S0,XGB,214,Test,1.22065556157337,1.2071679
Q3_S0_XGB_seed42,Q3,S0,XGB,228,Test,1.06344855958423,1.0959795
Q3_S0_XGB_seed42,Q3,S0,XGB,234,Test,1.11427419043542,0.91418356
Q3_S0_XGB_seed42,Q3,S0,XGB,235,Test,0.961279319724471,0.9372931
Q3_S0_XGB_seed42,Q3,S0,XGB,244,Test,0.893061283610279,0.86825687
Q3_S0_XGB_seed42,Q3,S0,XGB,245,Test,1.23569967731168,1.2228993
Q3_S0_XGB_seed42,Q3,S0,XGB,246,Test,0.971990987958718,0.91418356
Q3_S0_XGB_seed42,Q3,S0,XGB,254,Test,1.03327416363859,1.0034745
Q3_S0_XGB_seed42,Q3,S0,XGB,257,Test,1.12250446697086,1.0034745
Q3_S0_XGB_seed42,Q3,S0,XGB,275,Test,0.939184508560139,0.91418356
Q3_S0_XGB_seed42,Q3,S0,XGB,284,Test,1.00509196322014,1.0034745
Q3_S0_XGB_seed42,Q3,S0,XGB,295,Test,0.912592939485118,1.0034745
Q3_S0_XGB_seed42,Q3,S0,XGB,296,Test,0.823590841598461,1.0034745
Q3_S0_XGB_seed42,Q3,S0,XGB,301,Test,1.0639187054379,0.9385615
Q3_S0_XGB_seed42,Q3,S0,XGB,321,Test,1.19182986579302,1.0587574
Q3_S0_XGB_seed42,Q3,S0,XGB,326,Test,0.826607210133647,1.0034745
Q3_S0_XGB_seed42,Q3,S0,XGB,338,Test,1.04267580718159,1.0959795
Q3_S0_XGB_seed42,Q3,S0,XGB,341,Test,0.893800025847912,0.87712777
Q3_S0_XGB_seed42,Q3,S0,XGB,342,Test,0.822125963335149,0.86825687
Q3_S0_XGB_seed42,Q3,S0,XGB,343,Test,1.23045619628522,1.2228993
Q3_S0_XGB_seed42,Q3,S0,XGB,360,Test,0.928486314599026,1.0034745
Q3_S0_XGB_seed42,Q3,S0,XGB,361,Test,0.817874479739484,0.86549217
Q3_S0_XGB_seed42,Q3,S0,XGB,362,Test,0.804103761789322,0.9385615
Q3_S0_XGB_seed42,Q3,S0,XGB,364,Test,0.807372310203011,0.84922767
Q3_S0_XGB_seed42,Q3,S0,XGB,366,Test,0.793688616630125,0.82782644
Q3_S0_XGB_seed42,Q3,S0,XGB,368,Test,0.778410456559892,0.77850485
Q3_S0_XGB_seed42,Q3,S0,XGB,370,Test,0.797044767127811,0.87503
Q3_S0_XGB_seed42,Q3,S0,XGB,371,Test,0.798595345560752,0.8691411
Q3_S0_XGB_seed42,Q3,S0,XGB,386,Test,1.13574687602424,1.1031965
Q3_S0_XGB_seed42,Q3,S0,XGB,397,Test,1.1186386283466,1.0587574
Q3_S0_XGB_seed42,Q3,S0,XGB,399,Test,0.87291386843261,1.0034745
Q3_S0_XGB_seed42,Q3,S0,XGB,401,Test,0.815966834108385,1.0034745
Q3_S0_XGB_seed42,Q3,S0,XGB,411,Test,0.877864354166367,0.86825687
Q3_S0_XGB_seed42,Q3,S0,XGB,415,Test,0.925526846600607,0.87712777
Q3_S0_XGB_seed42,Q3,S0,XGB,416,Test,0.849045399851102,1.0034745
Q3_S0_XGB_seed42,Q3,S0,XGB,417,Test,0.808514768466947,1.0034745
Q3_S0_XGB_seed42,Q3,S0,XGB,427,Test,1.215634689863,1.2071679
Q3_S0_XGB_seed42,Q3,S0,XGB,429,Test,1.10827609567712,1.0587574
Q3_S0_XGB_seed42,Q3,S0,XGB,431,Test,0.881268697770986,1.0587574
Q3_S0_XGB_seed42,Q3,S0,XGB,437,Test,1.13482643199722,1.0587574
Q3_S0_XGB_seed42,Q3,S0,XGB,439,Test,0.902931191290748,1.0587574
Q3_S0_XGB_seed42,Q3,S0,XGB,444,Test,0.924601655563363,0.86825687
Q3_S0_XGB_seed42,Q3,S0,XGB,447,Test,0.929918995294268,0.9372931
Q3_S0_XGB_seed42,Q3,S0,XGB,448,Test,1.21062408455055,1.2071679
Q3_S0_XGB_seed42,Q3,S0,XGB,467,Test,0.84311310408725,0.8775075
Q3_S0_XGB_seed42,Q3,S0,XGB,480,Test,0.821675056584442,0.8775075
Q3_S0_XGB_seed42,Q3,S0,XGB,490,Test,0.860232526704263,0.8336985
Q3_S0_XGB_seed42,Q3,S0,XGB,497,Test,0.865613735535156,0.8478104
Q3_S0_XGB_seed42,Q3,S0,XGB,499,Test,0.818501856967033,0.8478104
Q3_S0_XGB_seed42,Q3,S0,XGB,508,Test,0.869145624340571,0.8775075
Q3_S0_XGB_seed42,Q3,S0,XGB,513,Test,0.777541657084211,0.8470656
Q3_S0_XGB_seed42,Q3,S0,XGB,514,Test,0.872373442452523,0.8775075
Q3_S0_XGB_seed42,Q3,S0,XGB,515,Test,0.761899976261084,0.8336985
Q3_S0_XGB_seed42,Q3,S0,XGB,519,Test,0.792940350167374,0.8775075
Q3_S0_XGB_seed42,Q3,S0,XGB,522,Test,0.795876748277848,0.8336985
Q3_S0_XGB_seed42,Q3,S0,XGB,525,Test,0.787590206185008,0.8470656
Q3_S0_XGB_seed42,Q3,S0,XGB,531,Test,0.746485628020581,0.8336985
Q3_S0_XGB_seed42,Q3,S0,XGB,534,Test,0.887000548342337,0.7571118
Q3_S0_XGB_seed42,Q3,S0,XGB,535,Test,0.833498423244719,0.7571118
Q3_S0_XGB_seed42,Q3,S0,XGB,537,Test,0.793151072002874,0.7571118
Q3_S0_XGB_seed42,Q3,S0,XGB,539,Test,0.970060488345038,0.8293416
Q3_S0_XGB_seed42,Q3,S0,XGB,546,Test,0.889020469334822,0.8885254
Q3_S0_XGB_seed42,Q3,S0,XGB,551,Test,0.831260172592189,0.7571118
Q3_S0_XGB_seed42,Q3,S0,XGB,553,Test,0.826849384947378,0.7571118
Q3_S0_XGB_seed42,Q3,S0,XGB,564,Test,0.878262057500151,0.8293416
Q3_S0_XGB_seed42,Q3,S0,XGB,576,Test,0.742339670007947,0.7571118
Q3_S0_XGB_seed42,Q3,S0,XGB,579,Test,0.886763619447251,0.7571118
Q3_S0_XGB_seed42,Q3,S0,XGB,587,Test,0.861216463662039,0.8885254
Q3_S0_XGB_seed42,Q3,S0,XGB,611,Test,0.77213333007826,0.7571118
Q3_S0_XGB_seed42,Q3,S0,XGB,612,Test,0.764913144503674,0.7571118
Q3_S0_XGB_seed42,Q3,S0,XGB,613,Test,0.728688971473978,0.7571118
Q3_S0_XGB_seed42,Q3,S0,XGB,616,Test,0.880044085567343,0.8885254
Q3_S0_XGB_seed42,Q3,S0,XGB,617,Test,0.807585700067222,0.8885254
Q3_S0_XGB_seed42,Q3,S0,XGB,618,Test,0.77074592040747,0.8885254
Q3_S0_XGB_seed42,Q3,S0,XGB,620,Test,0.874724003831233,0.8885254
Q3_S0_XGB_seed42,Q3,S0,XGB,625,Test,0.758709176213725,0.7571118
Q3_S0_XGB_seed42,Q3,S0,XGB,629,Test,0.889817242212127,0.8293416
Q3_S0_XGB_seed42,Q3,S0,XGB,631,Test,0.798143063448458,0.8293416
Q3_S0_XGB_seed42,Q3,S0,XGB,634,Test,0.825733401774114,0.8293416
Q3_S0_XGB_seed42,Q3,S0,XGB,635,Test,0.834632208487437,0.8293416
Q3_S0_XGB_seed42,Q3,S0,XGB,637,Test,0.809354767359919,0.8885254
Q3_S0_XGB_seed42,Q3,S0,XGB,640,Test,0.876039548113258,0.8885254
Q3_S0_XGB_seed42,Q3,S0,XGB,643,Test,0.945850340334221,0.8885254
Q3_S0_XGB_seed42,Q3,S0,XGB,644,Test,0.818498551872722,0.7571118
Q3_S0_XGB_seed42,Q3,S0,XGB,646,Test,0.75408366475121,0.7571118
Q3_S0_XGB_seed42,Q3,S0,XGB,647,Test,0.747247842259885,0.7571118
Q3_S0_XGB_seed42,Q3,S0,XGB,654,Test,0.851986068586528,0.8885254
Q3_S0_XGB_seed42,Q3,S0,XGB,664,Test,0.741549273895159,0.7571118
Q3_S0_XGB_seed42,Q3,S0,XGB,668,Test,0.851986068586528,0.8885254
Q3_S0_XGB_seed42,Q3,S0,XGB,673,Test,0.976796171044411,0.8885254
Q3_S0_XGB_seed42,Q3,S0,XGB,676,Test,0.791863787278371,0.7571118
Q3_S0_XGB_seed42,Q3,S0,XGB,680,Test,0.75024454341863,0.7571118
Q3_S0_XGB_seed42,Q3,S0,XGB,682,Test,0.689926541089295,0.7571118
Q3_S0_XGB_seed42,Q3,S0,XGB,684,Test,0.769420608847027,0.8293416
Q3_S0_XGB_seed42,Q3,S0,XGB,691,Test,0.792036479454565,0.8293416
Q3_S0_XGB_seed42,Q3,S0,XGB,699,Test,1.01805929822394,0.8885254
Q3_S0_XGB_seed42,Q3,S0,XGB,721,Test,0.713090900306153,0.7571118
Q3_S0_XGB_seed42,Q3,S0,XGB,733,Test,0.708619564845011,0.7571118
Q3_S0_XGB_seed42,Q3,S0,XGB,749,Test,1.0745623846132,0.8885254
Q3_S0_XGB_seed42,Q3,S0,XGB,750,Test,0.732807913562506,0.7571118
Q3_S0_XGB_seed42,Q3,S0,XGB,757,Test,0.754667374526097,0.7571118
Q3_S0_XGB_seed42,Q3,S0,XGB,764,Test,0.778229870410982,0.8293416
Q3_S0_XGB_seed42,Q3,S0,XGB,783,Test,0.786408672212412,0.8293416
Q3_S0_XGB_seed42,Q3,S0,XGB,784,Test,0.753576013281286,0.8293416
Q3_S0_XGB_seed42,Q3,S0,XGB,785,Test,0.796451175291166,0.8293416
Q3_S0_XGB_seed42,Q3,S0,XGB,791,Test,0.764115759199259,0.7571118
Q3_S0_XGB_seed42,Q3,S0,XGB,794,Test,0.803883097711839,0.8293416
Q3_S0_XGB_seed42,Q3,S0,XGB,803,Test,0.864887132936625,0.8885254
Q3_S0_XGB_seed42,Q3,S0,XGB,811,Test,0.735934933307509,0.7571118
Q3_S0_XGB_seed42,Q3,S0,XGB,812,Test,0.696679662727248,0.7571118
Q3_S0_XGB_seed42,Q3,S0,XGB,826,Test,0.86511259293188,0.8293416
Q3_S0_XGB_seed42,Q3,S0,XGB,829,Test,0.799304941599041,0.8293416
Q3_S0_XGB_seed42,Q3,S0,XGB,835,Test,0.834074420809216,0.8293416
Q3_S0_XGB_seed42,Q3,S0,XGB,840,Test,0.76156027562374,0.8293416
Q3_S0_XGB_seed42,Q3,S0,XGB,842,Test,0.827016737870009,0.8293416
Q3_S0_XGB_seed42,Q3,S0,XGB,844,Test,0.782523228550948,0.8293416
Q3_S0_XGB_seed42,Q3,S0,XGB,847,Test,1.05187627303712,0.83367527
Q3_S0_XGB_seed42,Q3,S0,XGB,852,Test,1.0,0.8293416
Q3_S0_XGB_seed42,Q3,S0,XGB,854,Test,0.98736628129819,0.8293416
Q3_S0_XGB_seed42,Q3,S0,XGB,857,Test,0.829831231648525,0.8293416
Q3_S0_XGB_seed42,Q3,S0,XGB,864,Test,0.829581934480047,0.8293416
Q3_S0_XGB_seed42,Q3,S0,XGB,867,Test,0.753705950531613,0.8293416
Q3_S0_XGB_seed42,Q3,S0,XGB,872,Test,0.756109151147717,0.8293416
Q3_S0_XGB_seed42,Q3,S0,XGB,876,Test,0.850544221972722,0.8293416
Q3_S0_XGB_seed42,Q3,S0,XGB,878,Test,0.768122786122246,0.8293416
Q3_S0_XGB_seed42,Q3,S0,XGB,883,Test,0.764260833453758,0.8293416
Q3_S0_XGB_seed42,Q3,S0,XGB,888,Test,0.829146849424817,0.8293416
Q3_S0_XGB_seed42,Q3,S0,XGB,893,Test,0.813477995464056,0.8293416
Q3_S0_XGB_seed42,Q3,S0,XGB,904,Test,0.844991284927913,0.8293416
Q3_S0_XGB_seed42,Q3,S0,XGB,910,Test,0.822650923078357,0.8293416
Q3_S0_XGB_seed42,Q3,S0,XGB,912,Test,0.842926286538743,0.8293416
Q3_S0_XGB_seed42,Q3,S0,XGB,914,Test,0.756129198325393,0.8293416
Q3_S0_XGB_seed42,Q3,S0,XGB,915,Test,0.763012843752246,0.8293416
Q3_S0_XGB_seed42,Q3,S0,XGB,922,Test,0.898181417669202,0.8293416
Q3_S0_XGB_seed42,Q3,S0,XGB,927,Test,0.852524328493307,0.8293416
Q3_S0_XGB_seed42,Q3,S0,XGB,943,Test,0.806233218706077,0.8293416
Q3_S0_XGB_seed42,Q3,S0,XGB,945,Test,0.766743793103087,0.8293416
Q3_S0_XGB_seed42,Q3,S0,XGB,955,Test,1.01472282521954,0.8293416
Q3_S0_XGB_seed42,Q3,S0,XGB,957,Test,0.80717197123045,0.8293416
Q3_S0_XGB_seed42,Q3,S0,XGB,958,Test,0.835775714089677,0.8293416
Q3_S0_XGB_seed42,Q3,S0,XGB,964,Test,0.855616672954909,0.8293416
Q3_S0_XGB_seed42,Q3,S0,XGB,965,Test,0.933768178822049,0.8293416
Q3_S0_XGB_seed42,Q3,S0,XGB,966,Test,0.705375122357597,0.8293416
Q3_S0_XGB_seed42,Q3,S0,XGB,980,Test,0.799615295736052,0.8293416
Q3_S0_XGB_seed42,Q3,S0,XGB,984,Test,0.808672040193808,0.8293416
Q3_S0_XGB_seed42,Q3,S0,XGB,989,Test,0.856527083574307,0.8293416
Q3_S0_XGB_seed42,Q3,S0,XGB,995,Test,0.94122051777521,0.8293416
Q3_S0_XGB_seed42,Q3,S0,XGB,1001,Test,0.738780628318686,0.8293416
Q3_S0_XGB_seed42,Q3,S0,XGB,1002,Test,0.856382665714486,0.8293416
Q3_S0_XGB_seed42,Q3,S0,XGB,1003,Test,0.951611665438936,0.8293416
Q3_S0_XGB_seed42,Q3,S0,XGB,1010,Test,0.807372310203011,0.8293416
Q3_S0_XGB_seed42,Q3,S0,XGB,1019,Test,0.97754928544809,0.8293416
Q3_S0_XGB_seed42,Q3,S0,XGB,1026,Test,0.766073853156941,0.8293416
Q3_S0_XGB_seed42,Q3,S0,XGB,1027,Test,0.870226290982859,0.8293416
Q3_S0_XGB_seed42,Q3,S0,XGB,1031,Test,0.936481518609124,0.8293416
Q3_S0_XGB_seed42,Q3,S0,XGB,1041,Test,0.793027846274449,0.8293416
Q3_S0_XGB_seed42,Q3,S0,XGB,1047,Test,0.92043966507775,0.8293416
Q3_S0_XGB_seed42,Q3,S0,XGB,1058,Test,0.882445021438997,0.8293416
Q3_S0_XGB_seed42,Q3,S0,XGB,1059,Test,0.696130860398804,0.8293416
Q3_S0_XGB_seed42,Q3,S0,XGB,1062,Test,0.938995087972337,0.8293416
Q3_S0_XGB_seed42,Q3,S0,XGB,1063,Test,0.724687392452051,0.8293416
Q3_S0_XGB_seed42,Q3,S0,XGB,1067,Test,0.692510670315816,0.8293416
Q3_S0_XGB_seed42,Q3,S0,XGB,1072,Test,0.791863787278371,0.8293416
Q3_S0_XGB_seed42,Q3,S0,XGB,1075,Test,0.746982840546495,0.8293416
Q3_S0_XGB_seed42,Q3,S0,XGB,1087,Test,0.788316855346138,0.8293416
Q3_S0_XGB_seed42,Q3,S0,XGB,1100,Test,0.874724003831233,0.8293416
Q3_S0_XGB_seed42,Q3,S0,XGB,1106,Test,0.737991169849063,0.8293416
Q3_S0_XGB_seed42,Q3,S0,XGB,1107,Test,0.760892032233977,0.8293416
Q3_S0_XGB_seed42,Q3,S0,XGB,1112,Test,0.894448704342633,0.8293416
Q3_S0_XGB_seed42,Q3,S0,XGB,1116,Test,0.949081938843105,0.8293416
Q3_S0_XGB_seed42,Q3,S0,XGB,1127,Test,0.893412560197882,0.8293416
Q3_S0_XGB_seed42,Q3,S0,XGB,1129,Test,0.736375333711986,0.8293416
Q3_S0_XGB_seed42,Q3,S0,XGB,1138,Test,0.785294421397043,0.8293416
Q3_S0_XGB_seed42,Q3,S0,XGB,1150,Test,0.818012884857102,0.8293416
Q3_S0_XGB_seed42,Q3,S0,XGB,1156,Test,0.987350077425618,0.8293416
Q3_S0_XGB_seed42,Q3,S0,XGB,1159,Test,0.854579770296881,0.8293416
Q3_S0_XGB_seed42,Q3,S0,XGB,1163,Test,0.880095843518457,0.8293416
Q3_S0_XGB_seed42,Q3,S0,XGB,1164,Test,0.963352339838838,0.8293416
Q3_S0_XGB_seed42,Q3,S0,XGB,1167,Test,0.780601625075104,0.8293416
Q3_S0_XGB_seed42,Q3,S0,XGB,1177,Test,0.717878780699404,0.8293416
Q3_S0_XGB_seed42,Q3,S0,XGB,1183,Test,0.94370407868224,0.8293416
Q3_S0_XGB_seed42,Q3,S0,XGB,1190,Test,0.772100152115195,0.8293416
Q3_S0_XGB_seed42,Q3,S0,XGB,1192,Test,0.970053895441174,0.8293416
Q3_S0_XGB_seed42,Q3,S0,XGB,1193,Test,1.06402417781585,0.9665623
Q3_S0_XGB_seed42,Q3,S0,XGB,1198,Test,1.00621600482152,0.9665623
Q3_S0_XGB_seed42,Q3,S0,XGB,1204,Test,1.17590341402158,0.99027
Q3_S0_XGB_seed42,Q3,S0,XGB,1206,Test,1.14889975557443,0.99027
Q3_S0_XGB_seed42,Q3,S0,XGB,1207,Test,1.15184604574972,0.99027
Q3_S0_XGB_seed42,Q3,S0,XGB,1215,Test,1.12665504657055,1.022712
Q3_S0_XGB_seed42,Q3,S0,XGB,1220,Test,1.1943087167904,1.053957
Q3_S1_XGB_seed42,Q3,S1,XGB,5,Train,1.11514676750688,0.85147125
Q3_S1_XGB_seed42,Q3,S1,XGB,6,Train,1.0565765573796,0.85147125
Q3_S1_XGB_seed42,Q3,S1,XGB,7,Train,0.896984787073229,0.85147125
Q3_S1_XGB_seed42,Q3,S1,XGB,9,Train,0.76051362037454,0.85147125
Q3_S1_XGB_seed42,Q3,S1,XGB,10,Train,0.950497286823995,0.8592944
Q3_S1_XGB_seed42,Q3,S1,XGB,12,Train,1.07686468394027,0.85147125
Q3_S1_XGB_seed42,Q3,S1,XGB,13,Train,0.933147035394019,0.85147125
Q3_S1_XGB_seed42,Q3,S1,XGB,14,Train,0.785557623630764,0.85147125
Q3_S1_XGB_seed42,Q3,S1,XGB,15,Train,0.842644918243032,0.85147125
Q3_S1_XGB_seed42,Q3,S1,XGB,17,Train,0.886580948587187,0.8592944
Q3_S1_XGB_seed42,Q3,S1,XGB,18,Train,0.934277126829998,0.84475344
Q3_S1_XGB_seed42,Q3,S1,XGB,20,Train,1.23705008651909,0.9596782
Q3_S1_XGB_seed42,Q3,S1,XGB,21,Train,1.12081929484091,0.9596782
Q3_S1_XGB_seed42,Q3,S1,XGB,22,Train,1.01850275153181,0.9596782
Q3_S1_XGB_seed42,Q3,S1,XGB,23,Train,0.870122736694625,0.9596782
Q3_S1_XGB_seed42,Q3,S1,XGB,24,Train,0.901897886930289,0.9596782
Q3_S1_XGB_seed42,Q3,S1,XGB,28,Train,1.10127559245174,1.0732423
Q3_S1_XGB_seed42,Q3,S1,XGB,29,Train,1.00531824737307,0.9849489
Q3_S1_XGB_seed42,Q3,S1,XGB,30,Train,0.920314571147693,0.90382963
Q3_S1_XGB_seed42,Q3,S1,XGB,31,Train,0.842933486548124,0.85147125
Q3_S1_XGB_seed42,Q3,S1,XGB,32,Train,0.866913768550946,0.81527793
Q3_S1_XGB_seed42,Q3,S1,XGB,34,Train,1.00281893894957,0.9265159
Q3_S1_XGB_seed42,Q3,S1,XGB,35,Train,1.0400567900952,0.99198604
Q3_S1_XGB_seed42,Q3,S1,XGB,36,Train,1.07283135226429,1.0038953
Q3_S1_XGB_seed42,Q3,S1,XGB,37,Train,1.0544181367815,1.0732423
Q3_S1_XGB_seed42,Q3,S1,XGB,38,Train,0.973831697368482,0.9849489
Q3_S1_XGB_seed42,Q3,S1,XGB,39,Train,0.906030407651833,0.90382963
Q3_S1_XGB_seed42,Q3,S1,XGB,42,Train,0.899866388788341,0.856835
Q3_S1_XGB_seed42,Q3,S1,XGB,43,Train,0.929645323254218,0.9265159
Q3_S1_XGB_seed42,Q3,S1,XGB,44,Train,0.962587613991127,0.99198604
Q3_S1_XGB_seed42,Q3,S1,XGB,45,Train,0.964652847972138,1.0038953
Q3_S1_XGB_seed42,Q3,S1,XGB,46,Train,1.00614212656907,0.85147125
Q3_S1_XGB_seed42,Q3,S1,XGB,47,Train,0.841068495208582,0.85147125
Q3_S1_XGB_seed42,Q3,S1,XGB,48,Train,0.777823644006181,0.85147125
Q3_S1_XGB_seed42,Q3,S1,XGB,50,Train,0.736439137486459,0.85147125
Q3_S1_XGB_seed42,Q3,S1,XGB,51,Train,0.827266068741322,0.8592944
Q3_S1_XGB_seed42,Q3,S1,XGB,52,Train,0.965447930384461,0.87261915
Q3_S1_XGB_seed42,Q3,S1,XGB,53,Train,0.823869594684897,0.84475344
Q3_S1_XGB_seed42,Q3,S1,XGB,56,Train,1.06631401603798,0.9596782
Q3_S1_XGB_seed42,Q3,S1,XGB,57,Train,0.920757730594384,0.9596782
Q3_S1_XGB_seed42,Q3,S1,XGB,58,Train,0.874320308993983,0.9596782
Q3_S1_XGB_seed42,Q3,S1,XGB,59,Train,0.924047364068431,0.9596782
Q3_S1_XGB_seed42,Q3,S1,XGB,61,Train,0.949867691891581,0.9495168
Q3_S1_XGB_seed42,Q3,S1,XGB,63,Train,0.976976532023534,0.9849489
Q3_S1_XGB_seed42,Q3,S1,XGB,64,Train,0.906801235757686,0.90382963
Q3_S1_XGB_seed42,Q3,S1,XGB,66,Train,0.812015177575546,0.81527793
Q3_S1_XGB_seed42,Q3,S1,XGB,68,Train,0.898774056329083,0.9265159
Q3_S1_XGB_seed42,Q3,S1,XGB,71,Train,1.03757357258339,1.0732423
Q3_S1_XGB_seed42,Q3,S1,XGB,72,Train,0.953736688508713,0.9849489
Q3_S1_XGB_seed42,Q3,S1,XGB,73,Train,0.883117327217867,0.90382963
Q3_S1_XGB_seed42,Q3,S1,XGB,75,Train,0.800814624767177,0.81527793
Q3_S1_XGB_seed42,Q3,S1,XGB,76,Train,0.821675056584442,0.856835
Q3_S1_XGB_seed42,Q3,S1,XGB,79,Train,0.912142251080241,1.0038953
Q3_S1_XGB_seed42,Q3,S1,XGB,80,Train,0.934315649073268,0.85147125
Q3_S1_XGB_seed42,Q3,S1,XGB,82,Train,0.772100152115195,0.85147125
Q3_S1_XGB_seed42,Q3,S1,XGB,83,Train,0.82751179955198,0.85147125
Q3_S1_XGB_seed42,Q3,S1,XGB,84,Train,0.735308773693085,0.85147125
Q3_S1_XGB_seed42,Q3,S1,XGB,85,Train,0.804863789287563,0.8592944
Q3_S1_XGB_seed42,Q3,S1,XGB,86,Train,0.91052496907352,0.87261915
Q3_S1_XGB_seed42,Q3,S1,XGB,89,Train,1.12534479349634,0.9596782
Q3_S1_XGB_seed42,Q3,S1,XGB,91,Train,0.85684247351947,0.9596782
Q3_S1_XGB_seed42,Q3,S1,XGB,92,Train,0.869365755467141,0.9596782
Q3_S1_XGB_seed42,Q3,S1,XGB,93,Train,0.974544273463535,0.9596782
Q3_S1_XGB_seed42,Q3,S1,XGB,94,Train,0.699692444654365,0.71957743
Q3_S1_XGB_seed42,Q3,S1,XGB,96,Train,1.07945554814053,1.0732423
Q3_S1_XGB_seed42,Q3,S1,XGB,97,Train,0.99614458008211,0.9849489
Q3_S1_XGB_seed42,Q3,S1,XGB,99,Train,0.837452530024711,0.85147125
Q3_S1_XGB_seed42,Q3,S1,XGB,101,Train,0.877938882001441,0.856835
Q3_S1_XGB_seed42,Q3,S1,XGB,102,Train,0.930366682240684,0.9265159
Q3_S1_XGB_seed42,Q3,S1,XGB,103,Train,0.976414639385889,0.99198604
Q3_S1_XGB_seed42,Q3,S1,XGB,104,Train,1.02231802183271,1.0038953
Q3_S1_XGB_seed42,Q3,S1,XGB,105,Train,1.04170153253153,1.0732423
Q3_S1_XGB_seed42,Q3,S1,XGB,106,Train,0.962148070655844,0.9849489
Q3_S1_XGB_seed42,Q3,S1,XGB,107,Train,0.877227261616662,0.90382963
Q3_S1_XGB_seed42,Q3,S1,XGB,109,Train,0.775453968442856,0.81527793
Q3_S1_XGB_seed42,Q3,S1,XGB,110,Train,0.807135366414901,0.856835
Q3_S1_XGB_seed42,Q3,S1,XGB,111,Train,0.858775531141403,0.9265159
Q3_S1_XGB_seed42,Q3,S1,XGB,114,Train,0.8765668989859,0.85147125
Q3_S1_XGB_seed42,Q3,S1,XGB,115,Train,0.820060973342836,0.85147125
Q3_S1_XGB_seed42,Q3,S1,XGB,116,Train,0.74651756923174,0.85147125
Q3_S1_XGB_seed42,Q3,S1,XGB,117,Train,0.842907501341001,0.85147125
Q3_S1_XGB_seed42,Q3,S1,XGB,118,Train,0.73095404771111,0.85147125
Q3_S1_XGB_seed42,Q3,S1,XGB,120,Train,0.852320637196598,0.87261915
Q3_S1_XGB_seed42,Q3,S1,XGB,123,Train,0.931712883387309,0.9596782
Q3_S1_XGB_seed42,Q3,S1,XGB,124,Train,0.816470299348186,0.9596782
Q3_S1_XGB_seed42,Q3,S1,XGB,125,Train,0.904169723291315,0.9596782
Q3_S1_XGB_seed42,Q3,S1,XGB,127,Train,0.766407774105349,0.84475344
Q3_S1_XGB_seed42,Q3,S1,XGB,129,Train,0.854253259929068,0.85701096
Q3_S1_XGB_seed42,Q3,S1,XGB,130,Train,0.859202484788517,0.85147125
Q3_S1_XGB_seed42,Q3,S1,XGB,131,Train,0.825559406026328,0.85147125
Q3_S1_XGB_seed42,Q3,S1,XGB,132,Train,0.779662587096313,0.85147125
Q3_S1_XGB_seed42,Q3,S1,XGB,133,Train,0.897063983849173,0.85147125
Q3_S1_XGB_seed42,Q3,S1,XGB,134,Train,0.731582105741902,0.85147125
Q3_S1_XGB_seed42,Q3,S1,XGB,136,Train,1.11873809026471,1.0732423
Q3_S1_XGB_seed42,Q3,S1,XGB,137,Train,1.03307658025924,0.9849489
Q3_S1_XGB_seed42,Q3,S1,XGB,138,Train,0.938094690126679,0.90382963
Q3_S1_XGB_seed42,Q3,S1,XGB,139,Train,0.865836496621492,0.85147125
Q3_S1_XGB_seed42,Q3,S1,XGB,140,Train,0.81886553699064,0.81527793
Q3_S1_XGB_seed42,Q3,S1,XGB,141,Train,0.886590643030329,0.856835
Q3_S1_XGB_seed42,Q3,S1,XGB,142,Train,0.936618684449866,0.9265159
Q3_S1_XGB_seed42,Q3,S1,XGB,144,Train,1.03909437030581,1.0038953
Q3_S1_XGB_seed42,Q3,S1,XGB,145,Train,0.847375648720677,0.85147125
Q3_S1_XGB_seed42,Q3,S1,XGB,146,Train,0.823886993768721,0.85147125
Q3_S1_XGB_seed42,Q3,S1,XGB,147,Train,0.814845935224556,0.85147125
Q3_S1_XGB_seed42,Q3,S1,XGB,148,Train,0.926494074528407,0.85147125
Q3_S1_XGB_seed42,Q3,S1,XGB,149,Train,0.723790296687503,0.85147125
Q3_S1_XGB_seed42,Q3,S1,XGB,150,Train,0.83911607828791,0.8592944
Q3_S1_XGB_seed42,Q3,S1,XGB,152,Train,1.03982899113222,0.9596782
Q3_S1_XGB_seed42,Q3,S1,XGB,157,Train,0.857957011285251,0.8586679
Q3_S1_XGB_seed42,Q3,S1,XGB,158,Train,0.824492863020455,0.85147125
Q3_S1_XGB_seed42,Q3,S1,XGB,159,Train,0.831933637325084,0.85147125
Q3_S1_XGB_seed42,Q3,S1,XGB,160,Train,0.87058484268274,0.85147125
Q3_S1_XGB_seed42,Q3,S1,XGB,161,Train,0.953709001950396,0.85147125
Q3_S1_XGB_seed42,Q3,S1,XGB,162,Train,0.748051942207763,0.85147125
Q3_S1_XGB_seed42,Q3,S1,XGB,163,Train,0.771800126144815,0.87261915
Q3_S1_XGB_seed42,Q3,S1,XGB,164,Train,1.03559606790605,0.9596782
Q3_S1_XGB_seed42,Q3,S1,XGB,165,Train,0.803044753553073,0.9596782
Q3_S1_XGB_seed42,Q3,S1,XGB,166,Train,0.83233691267763,0.9596782
Q3_S1_XGB_seed42,Q3,S1,XGB,167,Train,0.94383618222052,0.9596782
Q3_S1_XGB_seed42,Q3,S1,XGB,168,Train,1.03751339989451,0.9596782
Q3_S1_XGB_seed42,Q3,S1,XGB,169,Train,0.808409412610811,0.87261915
Q3_S1_XGB_seed42,Q3,S1,XGB,170,Train,0.905409565154336,0.87261915
Q3_S1_XGB_seed42,Q3,S1,XGB,172,Train,0.910340354147792,0.87261915
Q3_S1_XGB_seed42,Q3,S1,XGB,195,Train,1.12517950776161,1.1258239
Q3_S1_XGB_seed42,Q3,S1,XGB,196,Train,1.12868176576461,0.98209226
Q3_S1_XGB_seed42,Q3,S1,XGB,197,Train,1.13400469131662,0.98209226
Q3_S1_XGB_seed42,Q3,S1,XGB,198,Train,1.1545232562397,0.98209226
Q3_S1_XGB_seed42,Q3,S1,XGB,199,Train,1.14290667777114,0.98209226
Q3_S1_XGB_seed42,Q3,S1,XGB,200,Train,1.12785654669737,0.98209226
Q3_S1_XGB_seed42,Q3,S1,XGB,201,Train,1.12602340161149,0.98209226
Q3_S1_XGB_seed42,Q3,S1,XGB,202,Train,1.13400469131662,0.98209226
Q3_S1_XGB_seed42,Q3,S1,XGB,203,Train,1.14467492771398,1.1258239
Q3_S1_XGB_seed42,Q3,S1,XGB,205,Train,1.32560048277304,1.2434599
Q3_S1_XGB_seed42,Q3,S1,XGB,206,Train,1.13493357440378,1.0959642
Q3_S1_XGB_seed42,Q3,S1,XGB,207,Train,1.09420703701744,1.1031511
Q3_S1_XGB_seed42,Q3,S1,XGB,208,Train,1.24105449234269,1.2307994
Q3_S1_XGB_seed42,Q3,S1,XGB,209,Train,0.845171439294695,0.8781758
Q3_S1_XGB_seed42,Q3,S1,XGB,211,Train,1.22802583136846,1.22358
Q3_S1_XGB_seed42,Q3,S1,XGB,212,Train,1.19314942116747,0.91362727
Q3_S1_XGB_seed42,Q3,S1,XGB,213,Train,1.0019037098872,0.93829584
Q3_S1_XGB_seed42,Q3,S1,XGB,215,Train,1.2728771554883,0.97950184
Q3_S1_XGB_seed42,Q3,S1,XGB,216,Train,1.01935024138376,0.94556963
Q3_S1_XGB_seed42,Q3,S1,XGB,217,Train,1.12517950776161,1.1258239
Q3_S1_XGB_seed42,Q3,S1,XGB,218,Train,1.12517950776161,1.1258239
Q3_S1_XGB_seed42,Q3,S1,XGB,219,Train,1.13400469131662,0.98209226
Q3_S1_XGB_seed42,Q3,S1,XGB,220,Train,1.14555871834836,0.98209226
Q3_S1_XGB_seed42,Q3,S1,XGB,221,Train,1.13134220052408,0.98209226
Q3_S1_XGB_seed42,Q3,S1,XGB,222,Train,1.30129179304586,1.2434599
Q3_S1_XGB_seed42,Q3,S1,XGB,223,Train,1.12785654669737,1.1258239
Q3_S1_XGB_seed42,Q3,S1,XGB,224,Train,1.13134220052408,0.98209226
Q3_S1_XGB_seed42,Q3,S1,XGB,225,Train,1.11983143864454,1.1258239
Q3_S1_XGB_seed42,Q3,S1,XGB,226,Train,1.10649699406606,1.1258239
Q3_S1_XGB_seed42,Q3,S1,XGB,227,Train,1.11105971599558,0.98209226
Q3_S1_XGB_seed42,Q3,S1,XGB,229,Train,1.07786230064286,1.1031511
Q3_S1_XGB_seed42,Q3,S1,XGB,230,Train,1.23328727511638,1.2307994
Q3_S1_XGB_seed42,Q3,S1,XGB,231,Train,0.852286444133707,0.8781758
Q3_S1_XGB_seed42,Q3,S1,XGB,232,Train,0.900280998471653,0.8679314
Q3_S1_XGB_seed42,Q3,S1,XGB,233,Train,1.24295421262678,1.22358
Q3_S1_XGB_seed42,Q3,S1,XGB,236,Train,1.21062408455055,1.2087486
Q3_S1_XGB_seed42,Q3,S1,XGB,237,Train,1.16301255092905,0.97950184
Q3_S1_XGB_seed42,Q3,S1,XGB,238,Train,0.980590602917416,0.94556963
Q3_S1_XGB_seed42,Q3,S1,XGB,239,Train,1.29849185828608,1.2434599
Q3_S1_XGB_seed42,Q3,S1,XGB,240,Train,1.06854609992783,1.0959642
Q3_S1_XGB_seed42,Q3,S1,XGB,241,Train,1.08519218707036,1.1031511
Q3_S1_XGB_seed42,Q3,S1,XGB,242,Train,1.23328727511638,1.2307994
Q3_S1_XGB_seed42,Q3,S1,XGB,243,Train,0.865067797277029,0.8781758
Q3_S1_XGB_seed42,Q3,S1,XGB,247,Train,0.953713108737876,0.93829584
Q3_S1_XGB_seed42,Q3,S1,XGB,248,Train,1.21062408455055,1.2087486
Q3_S1_XGB_seed42,Q3,S1,XGB,249,Train,1.05954037695122,0.97950184
Q3_S1_XGB_seed42,Q3,S1,XGB,250,Train,0.98640277120882,0.94556963
Q3_S1_XGB_seed42,Q3,S1,XGB,251,Train,1.13053556958367,0.98209226
Q3_S1_XGB_seed42,Q3,S1,XGB,252,Train,1.12250446697086,1.1258239
Q3_S1_XGB_seed42,Q3,S1,XGB,253,Train,1.07549495505976,0.98209226
Q3_S1_XGB_seed42,Q3,S1,XGB,255,Train,1.0829352885134,0.98209226
Q3_S1_XGB_seed42,Q3,S1,XGB,258,Train,1.11105971599558,0.98209226
Q3_S1_XGB_seed42,Q3,S1,XGB,259,Train,1.01386063203782,0.98209226
Q3_S1_XGB_seed42,Q3,S1,XGB,260,Train,0.95690803542294,0.98209226
Q3_S1_XGB_seed42,Q3,S1,XGB,261,Train,1.06021217500802,0.98209226
Q3_S1_XGB_seed42,Q3,S1,XGB,269,Train,1.30972958302411,1.2434599
Q3_S1_XGB_seed42,Q3,S1,XGB,270,Train,1.08077410214474,1.1031511
Q3_S1_XGB_seed42,Q3,S1,XGB,271,Train,1.24825529374785,1.2307994
Q3_S1_XGB_seed42,Q3,S1,XGB,272,Train,0.8581249828584,0.8781758
Q3_S1_XGB_seed42,Q3,S1,XGB,273,Train,0.872200174343443,0.8679314
Q3_S1_XGB_seed42,Q3,S1,XGB,274,Train,1.22559832447829,1.22358
Q3_S1_XGB_seed42,Q3,S1,XGB,276,Train,0.912790229307553,0.93829584
Q3_S1_XGB_seed42,Q3,S1,XGB,277,Train,1.22065556157337,1.2087486
Q3_S1_XGB_seed42,Q3,S1,XGB,278,Train,0.963352339838838,0.97950184
Q3_S1_XGB_seed42,Q3,S1,XGB,279,Train,0.963157212909166,0.94556963
Q3_S1_XGB_seed42,Q3,S1,XGB,280,Train,1.1104689452522,0.98209226
Q3_S1_XGB_seed42,Q3,S1,XGB,281,Train,1.05497462859644,0.98209226
Q3_S1_XGB_seed42,Q3,S1,XGB,282,Train,0.862978249917694,0.98209226
Q3_S1_XGB_seed42,Q3,S1,XGB,283,Train,0.87888676382029,0.98209226
Q3_S1_XGB_seed42,Q3,S1,XGB,293,Train,0.868685024049319,0.8744726
Q3_S1_XGB_seed42,Q3,S1,XGB,294,Train,1.05467108902976,0.98209226
Q3_S1_XGB_seed42,Q3,S1,XGB,297,Train,0.852769356557038,0.98209226
Q3_S1_XGB_seed42,Q3,S1,XGB,298,Train,0.936737206458081,0.98209226
Q3_S1_XGB_seed42,Q3,S1,XGB,309,Train,1.29675737284592,1.2434599
Q3_S1_XGB_seed42,Q3,S1,XGB,310,Train,1.03924089971665,1.0959642
Q3_S1_XGB_seed42,Q3,S1,XGB,311,Train,1.08967007677054,1.1031511
Q3_S1_XGB_seed42,Q3,S1,XGB,312,Train,1.25066139489738,1.2307994
Q3_S1_XGB_seed42,Q3,S1,XGB,313,Train,0.869084535893915,0.8781758
Q3_S1_XGB_seed42,Q3,S1,XGB,314,Train,0.851409310050692,0.8679314
Q3_S1_XGB_seed42,Q3,S1,XGB,315,Train,1.22559832447829,1.22358
Q3_S1_XGB_seed42,Q3,S1,XGB,316,Train,0.910841844839356,0.91362727
Q3_S1_XGB_seed42,Q3,S1,XGB,317,Train,0.928326864671582,0.93829584
Q3_S1_XGB_seed42,Q3,S1,XGB,318,Train,1.18119272473377,1.2087486
Q3_S1_XGB_seed42,Q3,S1,XGB,319,Train,0.905299696851462,0.97950184
Q3_S1_XGB_seed42,Q3,S1,XGB,320,Train,0.9379549656945,0.94556963
Q3_S1_XGB_seed42,Q3,S1,XGB,322,Train,1.18276353494062,1.0587801
Q3_S1_XGB_seed42,Q3,S1,XGB,323,Train,1.14067445902436,1.0587801
Q3_S1_XGB_seed42,Q3,S1,XGB,324,Train,0.945708559227524,0.98209226
Q3_S1_XGB_seed42,Q3,S1,XGB,325,Train,0.843084306328854,0.98209226
Q3_S1_XGB_seed42,Q3,S1,XGB,327,Train,0.849735123882455,0.98209226
Q3_S1_XGB_seed42,Q3,S1,XGB,328,Train,0.923296590464239,0.98209226
Q3_S1_XGB_seed42,Q3,S1,XGB,329,Train,0.889296449334854,0.9396696
Q3_S1_XGB_seed42,Q3,S1,XGB,337,Train,1.26125249017114,1.2434599
Q3_S1_XGB_seed42,Q3,S1,XGB,339,Train,1.08337218436624,1.1031511
Q3_S1_XGB_seed42,Q3,S1,XGB,340,Train,1.24585209835546,1.2307994
Q3_S1_XGB_seed42,Q3,S1,XGB,344,Train,0.860574748101461,0.91362727
Q3_S1_XGB_seed42,Q3,S1,XGB,345,Train,0.88756392902911,0.93829584
Q3_S1_XGB_seed42,Q3,S1,XGB,346,Train,1.21100400087572,1.2087486
Q3_S1_XGB_seed42,Q3,S1,XGB,347,Train,0.85751088308495,0.97950184
Q3_S1_XGB_seed42,Q3,S1,XGB,348,Train,0.864389749860933,0.94556963
Q3_S1_XGB_seed42,Q3,S1,XGB,351,Train,0.836002074941405,0.9396696
Q3_S1_XGB_seed42,Q3,S1,XGB,353,Train,1.17375544001433,1.0587801
Q3_S1_XGB_seed42,Q3,S1,XGB,354,Train,1.12315874473961,1.0587801
Q3_S1_XGB_seed42,Q3,S1,XGB,355,Train,0.962587613991127,1.0587801
Q3_S1_XGB_seed42,Q3,S1,XGB,356,Train,0.889317081642978,0.98209226
Q3_S1_XGB_seed42,Q3,S1,XGB,357,Train,0.819944736050943,0.98209226
Q3_S1_XGB_seed42,Q3,S1,XGB,358,Train,0.817592884243045,0.98209226
Q3_S1_XGB_seed42,Q3,S1,XGB,359,Train,0.8602895986925,0.98209226
Q3_S1_XGB_seed42,Q3,S1,XGB,365,Train,0.79813710988408,0.8174306
Q3_S1_XGB_seed42,Q3,S1,XGB,367,Train,0.781629766743678,0.77975935
Q3_S1_XGB_seed42,Q3,S1,XGB,369,Train,0.783038508514702,0.78849465
Q3_S1_XGB_seed42,Q3,S1,XGB,372,Train,0.823172843965236,0.8354358
Q3_S1_XGB_seed42,Q3,S1,XGB,373,Train,0.847765983879713,0.8506732
Q3_S1_XGB_seed42,Q3,S1,XGB,374,Train,0.859657066279412,0.8620185
Q3_S1_XGB_seed42,Q3,S1,XGB,375,Train,0.84311310408725,0.839382
Q3_S1_XGB_seed42,Q3,S1,XGB,376,Train,0.883342967623177,0.88606834
Q3_S1_XGB_seed42,Q3,S1,XGB,377,Train,0.856396945847507,0.8625613
Q3_S1_XGB_seed42,Q3,S1,XGB,384,Train,1.15149893230951,1.2434599
Q3_S1_XGB_seed42,Q3,S1,XGB,385,Train,1.0783435976576,1.0959642
Q3_S1_XGB_seed42,Q3,S1,XGB,387,Train,1.23569967731168,1.2307994
Q3_S1_XGB_seed42,Q3,S1,XGB,388,Train,0.895908299174609,0.8781758
Q3_S1_XGB_seed42,Q3,S1,XGB,389,Train,0.844698003074952,0.8679314
Q3_S1_XGB_seed42,Q3,S1,XGB,390,Train,1.23045619628522,1.22358
Q3_S1_XGB_seed42,Q3,S1,XGB,391,Train,0.867321866829216,0.91362727
Q3_S1_XGB_seed42,Q3,S1,XGB,392,Train,1.21312809595027,1.2087486
Q3_S1_XGB_seed42,Q3,S1,XGB,393,Train,0.864477864873901,0.97950184
Q3_S1_XGB_seed42,Q3,S1,XGB,394,Train,0.88382959484243,0.94556963
Q3_S1_XGB_seed42,Q3,S1,XGB,395,Train,0.955437669886648,0.93829584
Q3_S1_XGB_seed42,Q3,S1,XGB,396,Train,1.16301255092905,1.0587801
Q3_S1_XGB_seed42,Q3,S1,XGB,398,Train,0.970199574532386,1.0587801
Q3_S1_XGB_seed42,Q3,S1,XGB,400,Train,0.819944736050943,0.98209226
Q3_S1_XGB_seed42,Q3,S1,XGB,402,Train,0.8602895986925,0.98209226
Q3_S1_XGB_seed42,Q3,S1,XGB,403,Train,0.91241396703636,0.98209226
Q3_S1_XGB_seed42,Q3,S1,XGB,410,Train,1.14447454268627,1.1031511
Q3_S1_XGB_seed42,Q3,S1,XGB,412,Train,1.22075195295707,1.22358
Q3_S1_XGB_seed42,Q3,S1,XGB,413,Train,0.876181182417668,0.97950184
Q3_S1_XGB_seed42,Q3,S1,XGB,414,Train,1.10273996168474,1.0959642
Q3_S1_XGB_seed42,Q3,S1,XGB,418,Train,0.814554686813047,0.98209226
Q3_S1_XGB_seed42,Q3,S1,XGB,419,Train,0.861650708592816,0.98209226
Q3_S1_XGB_seed42,Q3,S1,XGB,420,Train,0.916244578278823,0.98209226
Q3_S1_XGB_seed42,Q3,S1,XGB,421,Train,0.940037747326569,0.9396696
Q3_S1_XGB_seed42,Q3,S1,XGB,423,Train,1.13937765430527,1.2434599
Q3_S1_XGB_seed42,Q3,S1,XGB,424,Train,1.21350426002862,1.2307994
Q3_S1_XGB_seed42,Q3,S1,XGB,425,Train,0.855197948455102,0.91362727
Q3_S1_XGB_seed42,Q3,S1,XGB,426,Train,0.927466837520466,0.93829584
Q3_S1_XGB_seed42,Q3,S1,XGB,428,Train,0.893412560197882,0.94556963
Q3_S1_XGB_seed42,Q3,S1,XGB,430,Train,1.04865956183269,1.0587801
Q3_S1_XGB_seed42,Q3,S1,XGB,432,Train,0.849179628294238,0.98209226
Q3_S1_XGB_seed42,Q3,S1,XGB,433,Train,0.807282256517311,0.98209226
Q3_S1_XGB_seed42,Q3,S1,XGB,434,Train,0.817592884243045,0.98209226
Q3_S1_XGB_seed42,Q3,S1,XGB,435,Train,0.85723807848117,0.98209226
Q3_S1_XGB_seed42,Q3,S1,XGB,436,Train,0.92542581048841,0.98209226
Q3_S1_XGB_seed42,Q3,S1,XGB,438,Train,1.03318695144596,1.0587801
Q3_S1_XGB_seed42,Q3,S1,XGB,440,Train,1.16963572563126,1.1031511
Q3_S1_XGB_seed42,Q3,S1,XGB,441,Train,0.882527065649618,0.97950184
Q3_S1_XGB_seed42,Q3,S1,XGB,442,Train,1.16383325436374,1.2307994
Q3_S1_XGB_seed42,Q3,S1,XGB,443,Train,0.951292426671113,0.8781758
Q3_S1_XGB_seed42,Q3,S1,XGB,445,Train,1.1857829084766,1.22358
Q3_S1_XGB_seed42,Q3,S1,XGB,446,Train,0.832809689459086,0.91362727
Q3_S1_XGB_seed42,Q3,S1,XGB,449,Train,1.12875620728424,1.2434599
Q3_S1_XGB_seed42,Q3,S1,XGB,450,Train,1.10736202957446,0.9396696
Q3_S1_XGB_seed42,Q3,S1,XGB,452,Train,1.05806735449034,1.0587801
Q3_S1_XGB_seed42,Q3,S1,XGB,453,Train,1.00415599474417,1.0587801
Q3_S1_XGB_seed42,Q3,S1,XGB,454,Train,0.85553258425342,1.0587801
Q3_S1_XGB_seed42,Q3,S1,XGB,455,Train,1.15306585258658,1.0959642
Q3_S1_XGB_seed42,Q3,S1,XGB,456,Train,0.986006148238874,0.94556963
Q3_S1_XGB_seed42,Q3,S1,XGB,457,Train,0.941131717596831,0.84751457
Q3_S1_XGB_seed42,Q3,S1,XGB,458,Train,0.825563879603713,0.84751457
Q3_S1_XGB_seed42,Q3,S1,XGB,459,Train,0.936810267937746,0.87758094
Q3_S1_XGB_seed42,Q3,S1,XGB,460,Train,0.885627051544251,0.87758094
Q3_S1_XGB_seed42,Q3,S1,XGB,461,Train,0.941420641279253,0.8343261
Q3_S1_XGB_seed42,Q3,S1,XGB,462,Train,0.848291326608718,0.8343261
Q3_S1_XGB_seed42,Q3,S1,XGB,463,Train,0.956020020926017,0.84771556
Q3_S1_XGB_seed42,Q3,S1,XGB,464,Train,0.859202484788517,0.84771556
Q3_S1_XGB_seed42,Q3,S1,XGB,465,Train,0.865613735535156,0.84751457
Q3_S1_XGB_seed42,Q3,S1,XGB,466,Train,0.817248383912483,0.84751457
Q3_S1_XGB_seed42,Q3,S1,XGB,468,Train,0.835995448351632,0.87758094
Q3_S1_XGB_seed42,Q3,S1,XGB,469,Train,0.851409310050692,0.8343261
Q3_S1_XGB_seed42,Q3,S1,XGB,470,Train,0.783441002546699,0.8343261
Q3_S1_XGB_seed42,Q3,S1,XGB,471,Train,0.869236826110561,0.84771556
Q3_S1_XGB_seed42,Q3,S1,XGB,472,Train,0.81018902115494,0.84771556
Q3_S1_XGB_seed42,Q3,S1,XGB,473,Train,0.823880940713752,0.84751457
Q3_S1_XGB_seed42,Q3,S1,XGB,474,Train,1.04546182476858,0.84751457
Q3_S1_XGB_seed42,Q3,S1,XGB,475,Train,0.916989382925319,0.84751457
Q3_S1_XGB_seed42,Q3,S1,XGB,476,Train,0.859994234086558,0.84751457
Q3_S1_XGB_seed42,Q3,S1,XGB,477,Train,0.805333675116914,0.84751457
Q3_S1_XGB_seed42,Q3,S1,XGB,478,Train,0.82588891487761,0.84751457
Q3_S1_XGB_seed42,Q3,S1,XGB,479,Train,0.895343351122245,0.84751457
Q3_S1_XGB_seed42,Q3,S1,XGB,481,Train,1.05048744261926,0.87758094
Q3_S1_XGB_seed42,Q3,S1,XGB,482,Train,0.921288675620535,0.87758094
Q3_S1_XGB_seed42,Q3,S1,XGB,483,Train,0.877943989627788,0.87758094
Q3_S1_XGB_seed42,Q3,S1,XGB,484,Train,0.823886993768721,0.87758094
Q3_S1_XGB_seed42,Q3,S1,XGB,485,Train,0.8581249828584,0.87758094
Q3_S1_XGB_seed42,Q3,S1,XGB,486,Train,0.932322719981046,0.87758094
Q3_S1_XGB_seed42,Q3,S1,XGB,487,Train,0.828159510480667,0.8343261
Q3_S1_XGB_seed42,Q3,S1,XGB,488,Train,1.05658105748769,0.8343261
Q3_S1_XGB_seed42,Q3,S1,XGB,489,Train,0.953609151008525,0.8343261
Q3_S1_XGB_seed42,Q3,S1,XGB,491,Train,0.798477879968868,0.8343261
Q3_S1_XGB_seed42,Q3,S1,XGB,492,Train,0.788936302907142,0.8343261
Q3_S1_XGB_seed42,Q3,S1,XGB,493,Train,0.852090163697418,0.8343261
Q3_S1_XGB_seed42,Q3,S1,XGB,494,Train,0.8327698438009,0.84771556
Q3_S1_XGB_seed42,Q3,S1,XGB,495,Train,1.04859127624119,0.84771556
Q3_S1_XGB_seed42,Q3,S1,XGB,496,Train,0.949832397742186,0.84771556
Q3_S1_XGB_seed42,Q3,S1,XGB,498,Train,0.804542404831259,0.84771556
Q3_S1_XGB_seed42,Q3,S1,XGB,500,Train,0.907598993418392,0.84771556
Q3_S1_XGB_seed42,Q3,S1,XGB,501,Train,0.78496662806375,0.84751457
Q3_S1_XGB_seed42,Q3,S1,XGB,502,Train,0.843075726450442,0.87758094
Q3_S1_XGB_seed42,Q3,S1,XGB,503,Train,0.773318849402548,0.8343261
Q3_S1_XGB_seed42,Q3,S1,XGB,504,Train,0.814691966773043,0.84771556
Q3_S1_XGB_seed42,Q3,S1,XGB,505,Train,0.798961878103158,0.84751457
Q3_S1_XGB_seed42,Q3,S1,XGB,506,Train,0.774189026409601,0.84751457
Q3_S1_XGB_seed42,Q3,S1,XGB,507,Train,0.803044753553073,0.87758094
Q3_S1_XGB_seed42,Q3,S1,XGB,509,Train,0.773505691298633,0.8343261
Q3_S1_XGB_seed42,Q3,S1,XGB,510,Train,0.762147970146058,0.8343261
Q3_S1_XGB_seed42,Q3,S1,XGB,511,Train,0.789023974706805,0.84771556
Q3_S1_XGB_seed42,Q3,S1,XGB,512,Train,0.80120908801594,0.84771556
Q3_S1_XGB_seed42,Q3,S1,XGB,516,Train,0.819383032732699,0.84771556
Q3_S1_XGB_seed42,Q3,S1,XGB,517,Train,0.798980305387909,0.84751457
Q3_S1_XGB_seed42,Q3,S1,XGB,518,Train,0.790360449203176,0.84751457
Q3_S1_XGB_seed42,Q3,S1,XGB,520,Train,0.884504298959516,0.87758094
Q3_S1_XGB_seed42,Q3,S1,XGB,521,Train,0.75772351224412,0.8343261
Q3_S1_XGB_seed42,Q3,S1,XGB,523,Train,0.761612804015922,0.84771556
Q3_S1_XGB_seed42,Q3,S1,XGB,524,Train,0.853178830205228,0.84771556
Q3_S1_XGB_seed42,Q3,S1,XGB,526,Train,0.783923241729417,0.87758094
Q3_S1_XGB_seed42,Q3,S1,XGB,527,Train,0.740499887010204,0.8343261
Q3_S1_XGB_seed42,Q3,S1,XGB,528,Train,0.768057380113704,0.84771556
Q3_S1_XGB_seed42,Q3,S1,XGB,529,Train,0.825577414164749,0.84751457
Q3_S1_XGB_seed42,Q3,S1,XGB,530,Train,0.865837905996859,0.87758094
Q3_S1_XGB_seed42,Q3,S1,XGB,532,Train,0.772844770868304,0.84771556
Q3_S1_XGB_seed42,Q3,S1,XGB,533,Train,0.934190760734528,0.7573294
Q3_S1_XGB_seed42,Q3,S1,XGB,536,Train,0.840866326590497,0.7573294
Q3_S1_XGB_seed42,Q3,S1,XGB,538,Train,0.985099073907519,0.8292894
Q3_S1_XGB_seed42,Q3,S1,XGB,540,Train,0.932856129203703,0.8292894
Q3_S1_XGB_seed42,Q3,S1,XGB,541,Train,0.867183990464843,0.8292894
Q3_S1_XGB_seed42,Q3,S1,XGB,542,Train,0.924553107896262,0.8886299
Q3_S1_XGB_seed42,Q3,S1,XGB,543,Train,0.878845761791743,0.8886299
Q3_S1_XGB_seed42,Q3,S1,XGB,544,Train,0.816352362153621,0.8886299
Q3_S1_XGB_seed42,Q3,S1,XGB,545,Train,0.826695514401272,0.8886299
Q3_S1_XGB_seed42,Q3,S1,XGB,547,Train,0.947648069034162,0.8886299
Q3_S1_XGB_seed42,Q3,S1,XGB,548,Train,0.856663524132423,0.8886299
Q3_S1_XGB_seed42,Q3,S1,XGB,549,Train,0.931224940654771,0.8886299
Q3_S1_XGB_seed42,Q3,S1,XGB,550,Train,0.92029350590003,0.7573294
Q3_S1_XGB_seed42,Q3,S1,XGB,552,Train,0.805740406844413,0.7573294
Q3_S1_XGB_seed42,Q3,S1,XGB,554,Train,0.764316296310271,0.7573294
Q3_S1_XGB_seed42,Q3,S1,XGB,555,Train,0.83175097276162,0.8292894
Q3_S1_XGB_seed42,Q3,S1,XGB,556,Train,0.900643223800407,0.7573294
Q3_S1_XGB_seed42,Q3,S1,XGB,557,Train,0.815198293424885,0.7573294
Q3_S1_XGB_seed42,Q3,S1,XGB,558,Train,0.786408672212412,0.7573294
Q3_S1_XGB_seed42,Q3,S1,XGB,559,Train,0.798982458338327,0.7573294
Q3_S1_XGB_seed42,Q3,S1,XGB,560,Train,0.753279433801201,0.7573294
Q3_S1_XGB_seed42,Q3,S1,XGB,561,Train,0.955897128492629,0.8292894
Q3_S1_XGB_seed42,Q3,S1,XGB,562,Train,0.916456312894737,0.8292894
Q3_S1_XGB_seed42,Q3,S1,XGB,563,Train,0.868476177883672,0.8292894
Q3_S1_XGB_seed42,Q3,S1,XGB,565,Train,0.809825478657467,0.8292894
Q3_S1_XGB_seed42,Q3,S1,XGB,566,Train,0.859708259377373,0.8292894
Q3_S1_XGB_seed42,Q3,S1,XGB,567,Train,0.850960841052855,0.8292894
Q3_S1_XGB_seed42,Q3,S1,XGB,568,Train,0.894147115277187,0.8886299
Q3_S1_XGB_seed42,Q3,S1,XGB,569,Train,0.85142815632786,0.8886299
Q3_S1_XGB_seed42,Q3,S1,XGB,570,Train,0.801146460271435,0.8886299
Q3_S1_XGB_seed42,Q3,S1,XGB,571,Train,0.812647552301802,0.8886299
Q3_S1_XGB_seed42,Q3,S1,XGB,572,Train,0.857654288131218,0.8886299
Q3_S1_XGB_seed42,Q3,S1,XGB,573,Train,0.866234698253165,0.8886299
Q3_S1_XGB_seed42,Q3,S1,XGB,574,Train,0.865776828695711,0.8886299
Q3_S1_XGB_seed42,Q3,S1,XGB,575,Train,0.923347356962982,0.8886299
Q3_S1_XGB_seed42,Q3,S1,XGB,577,Train,0.837502538444339,0.8292894
Q3_S1_XGB_seed42,Q3,S1,XGB,578,Train,0.797969010201319,0.8292894
Q3_S1_XGB_seed42,Q3,S1,XGB,580,Train,0.802422854971014,0.7573294
Q3_S1_XGB_seed42,Q3,S1,XGB,581,Train,0.777988873751503,0.7573294
Q3_S1_XGB_seed42,Q3,S1,XGB,582,Train,0.892298348391422,0.8886299
Q3_S1_XGB_seed42,Q3,S1,XGB,583,Train,0.833194013031795,0.8886299
Q3_S1_XGB_seed42,Q3,S1,XGB,584,Train,0.793809217204316,0.8886299
Q3_S1_XGB_seed42,Q3,S1,XGB,585,Train,0.826226011608823,0.8886299
Q3_S1_XGB_seed42,Q3,S1,XGB,586,Train,0.878699293147255,0.8886299
Q3_S1_XGB_seed42,Q3,S1,XGB,588,Train,0.864427740016764,0.8886299
Q3_S1_XGB_seed42,Q3,S1,XGB,589,Train,0.854874876500284,0.8886299
Q3_S1_XGB_seed42,Q3,S1,XGB,590,Train,0.789650516165938,0.7573294
Q3_S1_XGB_seed42,Q3,S1,XGB,591,Train,0.782523228550948,0.7573294
Q3_S1_XGB_seed42,Q3,S1,XGB,592,Train,0.801146460271435,0.7573294
Q3_S1_XGB_seed42,Q3,S1,XGB,593,Train,0.73363996111312,0.7573294
Q3_S1_XGB_seed42,Q3,S1,XGB,594,Train,0.916456312894737,0.8292894
Q3_S1_XGB_seed42,Q3,S1,XGB,595,Train,0.868997899727548,0.8292894
Q3_S1_XGB_seed42,Q3,S1,XGB,596,Train,0.804859872876447,0.8292894
Q3_S1_XGB_seed42,Q3,S1,XGB,597,Train,0.810800897585135,0.8292894
Q3_S1_XGB_seed42,Q3,S1,XGB,598,Train,0.800041668864993,0.8292894
Q3_S1_XGB_seed42,Q3,S1,XGB,599,Train,0.836468266501584,0.8292894
Q3_S1_XGB_seed42,Q3,S1,XGB,600,Train,0.83074847205683,0.8292894
Q3_S1_XGB_seed42,Q3,S1,XGB,601,Train,0.885246421967059,0.8886299
Q3_S1_XGB_seed42,Q3,S1,XGB,602,Train,0.819970068327537,0.8886299
Q3_S1_XGB_seed42,Q3,S1,XGB,603,Train,0.79470074482459,0.8886299
Q3_S1_XGB_seed42,Q3,S1,XGB,604,Train,0.842822772629174,0.8886299
Q3_S1_XGB_seed42,Q3,S1,XGB,605,Train,0.851500125444752,0.8886299
Q3_S1_XGB_seed42,Q3,S1,XGB,606,Train,0.856573743630585,0.8886299
Q3_S1_XGB_seed42,Q3,S1,XGB,607,Train,0.853159195428482,0.8886299
Q3_S1_XGB_seed42,Q3,S1,XGB,608,Train,0.884006504341295,0.8886299
Q3_S1_XGB_seed42,Q3,S1,XGB,609,Train,0.859008756801763,0.7573294
Q3_S1_XGB_seed42,Q3,S1,XGB,610,Train,0.787478820957529,0.7573294
Q3_S1_XGB_seed42,Q3,S1,XGB,614,Train,0.801715890222028,0.8292894
Q3_S1_XGB_seed42,Q3,S1,XGB,615,Train,0.788862726211253,0.8292894
Q3_S1_XGB_seed42,Q3,S1,XGB,619,Train,0.855412098959476,0.8886299
Q3_S1_XGB_seed42,Q3,S1,XGB,621,Train,0.87841663966553,0.8886299
Q3_S1_XGB_seed42,Q3,S1,XGB,622,Train,0.874141721757814,0.8886299
Q3_S1_XGB_seed42,Q3,S1,XGB,623,Train,0.881852505955376,0.8886299
Q3_S1_XGB_seed42,Q3,S1,XGB,624,Train,0.832374398082112,0.7573294
Q3_S1_XGB_seed42,Q3,S1,XGB,626,Train,0.763034821343403,0.7573294
Q3_S1_XGB_seed42,Q3,S1,XGB,627,Train,0.753909982070491,0.7573294
Q3_S1_XGB_seed42,Q3,S1,XGB,628,Train,0.720251771646694,0.7573294
Q3_S1_XGB_seed42,Q3,S1,XGB,630,Train,0.833276096745915,0.8292894
Q3_S1_XGB_seed42,Q3,S1,XGB,632,Train,0.802888697806569,0.8292894
Q3_S1_XGB_seed42,Q3,S1,XGB,633,Train,0.777173319559092,0.8292894
Q3_S1_XGB_seed42,Q3,S1,XGB,636,Train,0.867796832525943,0.8886299
Q3_S1_XGB_seed42,Q3,S1,XGB,638,Train,0.774399736000629,0.8886299
Q3_S1_XGB_seed42,Q3,S1,XGB,639,Train,0.853183655252342,0.8886299
Q3_S1_XGB_seed42,Q3,S1,XGB,641,Train,0.913307258348461,0.8886299
Q3_S1_XGB_seed42,Q3,S1,XGB,642,Train,0.926720585659848,0.8886299
Q3_S1_XGB_seed42,Q3,S1,XGB,645,Train,0.757660487927601,0.7573294
Q3_S1_XGB_seed42,Q3,S1,XGB,648,Train,0.71312917807553,0.7573294
Q3_S1_XGB_seed42,Q3,S1,XGB,649,Train,0.872930374187904,0.8292894
Q3_S1_XGB_seed42,Q3,S1,XGB,650,Train,0.812924078738548,0.8292894
Q3_S1_XGB_seed42,Q3,S1,XGB,651,Train,0.776881429889234,0.8292894
Q3_S1_XGB_seed42,Q3,S1,XGB,652,Train,0.791868789127212,0.8292894
Q3_S1_XGB_seed42,Q3,S1,XGB,653,Train,0.777772399476774,0.8292894
Q3_S1_XGB_seed42,Q3,S1,XGB,655,Train,0.794376225885031,0.8886299
Q3_S1_XGB_seed42,Q3,S1,XGB,656,Train,0.783682735179066,0.8886299
Q3_S1_XGB_seed42,Q3,S1,XGB,657,Train,0.842772863581729,0.8886299
Q3_S1_XGB_seed42,Q3,S1,XGB,658,Train,0.926720585659848,0.8886299
Q3_S1_XGB_seed42,Q3,S1,XGB,659,Train,0.950158028677875,0.8886299
Q3_S1_XGB_seed42,Q3,S1,XGB,660,Train,0.961127684229507,0.8886299
Q3_S1_XGB_seed42,Q3,S1,XGB,661,Train,0.985847769341663,0.8886299
Q3_S1_XGB_seed42,Q3,S1,XGB,662,Train,0.749146326862969,0.7573294
Q3_S1_XGB_seed42,Q3,S1,XGB,663,Train,0.746590746440129,0.7573294
Q3_S1_XGB_seed42,Q3,S1,XGB,665,Train,0.698084367957614,0.7573294
Q3_S1_XGB_seed42,Q3,S1,XGB,666,Train,0.793151072002874,0.8292894
Q3_S1_XGB_seed42,Q3,S1,XGB,667,Train,0.767418516321959,0.8292894
Q3_S1_XGB_seed42,Q3,S1,XGB,669,Train,0.770900644499919,0.8886299
Q3_S1_XGB_seed42,Q3,S1,XGB,670,Train,0.79375716356903,0.8886299
Q3_S1_XGB_seed42,Q3,S1,XGB,671,Train,0.889507167326115,0.8886299
Q3_S1_XGB_seed42,Q3,S1,XGB,672,Train,0.932642471077175,0.8886299
Q3_S1_XGB_seed42,Q3,S1,XGB,674,Train,0.999553894929436,0.8886299
Q3_S1_XGB_seed42,Q3,S1,XGB,675,Train,1.00528174393871,0.8886299
Q3_S1_XGB_seed42,Q3,S1,XGB,677,Train,0.859113500130653,0.8292894
Q3_S1_XGB_seed42,Q3,S1,XGB,678,Train,0.801961178112691,0.8292894
Q3_S1_XGB_seed42,Q3,S1,XGB,679,Train,0.779106820776095,0.8292894
Q3_S1_XGB_seed42,Q3,S1,XGB,681,Train,0.723048597139057,0.7573294
Q3_S1_XGB_seed42,Q3,S1,XGB,683,Train,0.784398058232244,0.8292894
Q3_S1_XGB_seed42,Q3,S1,XGB,685,Train,0.803492025889185,0.8292894
Q3_S1_XGB_seed42,Q3,S1,XGB,686,Train,0.846700953722188,0.8292894
Q3_S1_XGB_seed42,Q3,S1,XGB,687,Train,0.788559449950821,0.7573294
Q3_S1_XGB_seed42,Q3,S1,XGB,688,Train,0.742008090324318,0.7573294
Q3_S1_XGB_seed42,Q3,S1,XGB,689,Train,0.753272075591055,0.7573294
Q3_S1_XGB_seed42,Q3,S1,XGB,690,Train,0.845300153632359,0.8292894
Q3_S1_XGB_seed42,Q3,S1,XGB,692,Train,0.770956453518485,0.8292894
Q3_S1_XGB_seed42,Q3,S1,XGB,693,Train,0.845953668163504,0.8886299
Q3_S1_XGB_seed42,Q3,S1,XGB,694,Train,0.757645425736901,0.8886299
Q3_S1_XGB_seed42,Q3,S1,XGB,695,Train,0.787196986893441,0.8886299
Q3_S1_XGB_seed42,Q3,S1,XGB,696,Train,0.909280357024702,0.8886299
Q3_S1_XGB_seed42,Q3,S1,XGB,697,Train,0.945687167254019,0.8886299
Q3_S1_XGB_seed42,Q3,S1,XGB,698,Train,0.990399550755274,0.8886299
Q3_S1_XGB_seed42,Q3,S1,XGB,700,Train,1.03125262252782,0.8886299
Q3_S1_XGB_seed42,Q3,S1,XGB,701,Train,0.715131946648899,0.7573294
Q3_S1_XGB_seed42,Q3,S1,XGB,702,Train,0.694710654486211,0.7573294
Q3_S1_XGB_seed42,Q3,S1,XGB,703,Train,0.788919430073695,0.8292894
Q3_S1_XGB_seed42,Q3,S1,XGB,704,Train,0.761627351481268,0.8292894
Q3_S1_XGB_seed42,Q3,S1,XGB,705,Train,0.773622566197128,0.7573294
Q3_S1_XGB_seed42,Q3,S1,XGB,706,Train,0.758798011501759,0.7573294
Q3_S1_XGB_seed42,Q3,S1,XGB,707,Train,0.845300153632359,0.8292894
Q3_S1_XGB_seed42,Q3,S1,XGB,708,Train,0.783261534929068,0.8292894
Q3_S1_XGB_seed42,Q3,S1,XGB,709,Train,0.776944125046722,0.8292894
Q3_S1_XGB_seed42,Q3,S1,XGB,710,Train,0.796554495159318,0.8292894
Q3_S1_XGB_seed42,Q3,S1,XGB,712,Train,0.835166094434971,0.8886299
Q3_S1_XGB_seed42,Q3,S1,XGB,713,Train,0.720543434596451,0.8886299
Q3_S1_XGB_seed42,Q3,S1,XGB,714,Train,0.80168230434905,0.8886299
Q3_S1_XGB_seed42,Q3,S1,XGB,715,Train,0.914208226023996,0.8886299
Q3_S1_XGB_seed42,Q3,S1,XGB,716,Train,0.950314521111876,0.8886299
Q3_S1_XGB_seed42,Q3,S1,XGB,717,Train,1.01467278489236,0.8886299
Q3_S1_XGB_seed42,Q3,S1,XGB,718,Train,1.04080712903253,0.8886299
Q3_S1_XGB_seed42,Q3,S1,XGB,719,Train,1.05524419455208,0.8886299
Q3_S1_XGB_seed42,Q3,S1,XGB,720,Train,0.734007498328761,0.7573294
Q3_S1_XGB_seed42,Q3,S1,XGB,722,Train,0.676977294746911,0.7573294
Q3_S1_XGB_seed42,Q3,S1,XGB,723,Train,0.789712178970565,0.8292894
Q3_S1_XGB_seed42,Q3,S1,XGB,724,Train,0.764783542675837,0.8292894
Q3_S1_XGB_seed42,Q3,S1,XGB,727,Train,0.773622566197128,0.7573294
Q3_S1_XGB_seed42,Q3,S1,XGB,728,Train,0.757893465491069,0.7573294
Q3_S1_XGB_seed42,Q3,S1,XGB,729,Train,0.833479813631314,0.8292894
Q3_S1_XGB_seed42,Q3,S1,XGB,730,Train,0.774698231397807,0.8292894
Q3_S1_XGB_seed42,Q3,S1,XGB,731,Train,0.784464901837064,0.8292894
Q3_S1_XGB_seed42,Q3,S1,XGB,732,Train,0.734007498328761,0.7573294
Q3_S1_XGB_seed42,Q3,S1,XGB,734,Train,0.678103962533706,0.7573294
Q3_S1_XGB_seed42,Q3,S1,XGB,735,Train,0.780982137263124,0.8292894
Q3_S1_XGB_seed42,Q3,S1,XGB,736,Train,0.753567565394396,0.8292894
Q3_S1_XGB_seed42,Q3,S1,XGB,737,Train,0.773622566197128,0.7573294
Q3_S1_XGB_seed42,Q3,S1,XGB,738,Train,0.759388033493715,0.7573294
Q3_S1_XGB_seed42,Q3,S1,XGB,739,Train,0.832480104824992,0.8292894
Q3_S1_XGB_seed42,Q3,S1,XGB,740,Train,0.779106820776095,0.8292894
Q3_S1_XGB_seed42,Q3,S1,XGB,741,Train,0.777080750036464,0.8292894
Q3_S1_XGB_seed42,Q3,S1,XGB,742,Train,0.810865220177659,0.8886299
Q3_S1_XGB_seed42,Q3,S1,XGB,743,Train,0.701220657756291,0.8886299
Q3_S1_XGB_seed42,Q3,S1,XGB,744,Train,0.84311310408725,0.8886299
Q3_S1_XGB_seed42,Q3,S1,XGB,745,Train,0.917655868986698,0.8886299
Q3_S1_XGB_seed42,Q3,S1,XGB,746,Train,0.954799183427052,0.8886299
Q3_S1_XGB_seed42,Q3,S1,XGB,747,Train,1.03125262252782,0.8886299
Q3_S1_XGB_seed42,Q3,S1,XGB,748,Train,1.06493688802797,0.8886299
Q3_S1_XGB_seed42,Q3,S1,XGB,751,Train,0.713594845288137,0.7573294
Q3_S1_XGB_seed42,Q3,S1,XGB,752,Train,0.688370897174795,0.7573294
Q3_S1_XGB_seed42,Q3,S1,XGB,753,Train,0.77255062916464,0.8292894
Q3_S1_XGB_seed42,Q3,S1,XGB,754,Train,0.757006009701427,0.8292894
Q3_S1_XGB_seed42,Q3,S1,XGB,756,Train,0.773622566197128,0.7573294
Q3_S1_XGB_seed42,Q3,S1,XGB,758,Train,0.82066550733501,0.8292894
Q3_S1_XGB_seed42,Q3,S1,XGB,759,Train,0.783682735179066,0.8292894
Q3_S1_XGB_seed42,Q3,S1,XGB,760,Train,0.76856264759232,0.8292894
Q3_S1_XGB_seed42,Q3,S1,XGB,761,Train,0.735217924121935,0.7573294
Q3_S1_XGB_seed42,Q3,S1,XGB,762,Train,0.718441519246758,0.7573294
Q3_S1_XGB_seed42,Q3,S1,XGB,763,Train,0.688449255531412,0.7573294
Q3_S1_XGB_seed42,Q3,S1,XGB,765,Train,0.746859607841232,0.8292894
Q3_S1_XGB_seed42,Q3,S1,XGB,766,Train,0.973186669599277,0.8292894
Q3_S1_XGB_seed42,Q3,S1,XGB,767,Train,0.759768801741319,0.7573294
Q3_S1_XGB_seed42,Q3,S1,XGB,768,Train,0.757802886706236,0.7573294
Q3_S1_XGB_seed42,Q3,S1,XGB,769,Train,0.806844862473226,0.8292894
Q3_S1_XGB_seed42,Q3,S1,XGB,770,Train,0.773320583288713,0.8292894
Q3_S1_XGB_seed42,Q3,S1,XGB,771,Train,0.76993874578373,0.8292894
Q3_S1_XGB_seed42,Q3,S1,XGB,772,Train,0.782289967046785,0.8886299
Q3_S1_XGB_seed42,Q3,S1,XGB,773,Train,0.692891774424785,0.8886299
Q3_S1_XGB_seed42,Q3,S1,XGB,774,Train,0.845013806324218,0.8886299
Q3_S1_XGB_seed42,Q3,S1,XGB,775,Train,0.904396288730716,0.8886299
Q3_S1_XGB_seed42,Q3,S1,XGB,776,Train,0.950876857435849,0.8886299
Q3_S1_XGB_seed42,Q3,S1,XGB,777,Train,1.02582131493631,0.8886299
Q3_S1_XGB_seed42,Q3,S1,XGB,778,Train,1.0696298812969,0.8886299
Q3_S1_XGB_seed42,Q3,S1,XGB,779,Train,1.09690879965459,0.8886299
Q3_S1_XGB_seed42,Q3,S1,XGB,780,Train,0.736439137486459,0.7573294
Q3_S1_XGB_seed42,Q3,S1,XGB,781,Train,0.722248122910828,0.7573294
Q3_S1_XGB_seed42,Q3,S1,XGB,782,Train,0.686057894581173,0.7573294
Q3_S1_XGB_seed42,Q3,S1,XGB,786,Train,0.760839318813295,0.7573294
Q3_S1_XGB_seed42,Q3,S1,XGB,787,Train,0.805847140635809,0.8292894
Q3_S1_XGB_seed42,Q3,S1,XGB,788,Train,0.774518165430972,0.8292894
Q3_S1_XGB_seed42,Q3,S1,XGB,789,Train,0.760204163477313,0.8292894
Q3_S1_XGB_seed42,Q3,S1,XGB,790,Train,0.730069086834549,0.7573294
Q3_S1_XGB_seed42,Q3,S1,XGB,792,Train,0.727544416479067,0.7573294
Q3_S1_XGB_seed42,Q3,S1,XGB,793,Train,0.694543170076781,0.7573294
Q3_S1_XGB_seed42,Q3,S1,XGB,795,Train,0.774518165430972,0.8292894
Q3_S1_XGB_seed42,Q3,S1,XGB,796,Train,0.763045688513871,0.8292894
Q3_S1_XGB_seed42,Q3,S1,XGB,797,Train,0.792985905265767,0.8292894
Q3_S1_XGB_seed42,Q3,S1,XGB,798,Train,0.761920681521003,0.8292894
Q3_S1_XGB_seed42,Q3,S1,XGB,799,Train,0.801961178112691,0.8292894
Q3_S1_XGB_seed42,Q3,S1,XGB,800,Train,0.987330734281547,0.8292894
Q3_S1_XGB_seed42,Q3,S1,XGB,801,Train,0.769420608847027,0.8886299
Q3_S1_XGB_seed42,Q3,S1,XGB,802,Train,0.689257733017462,0.8886299
Q3_S1_XGB_seed42,Q3,S1,XGB,804,Train,0.915126920728385,0.8886299
Q3_S1_XGB_seed42,Q3,S1,XGB,805,Train,0.957724668649905,0.8886299
Q3_S1_XGB_seed42,Q3,S1,XGB,806,Train,1.03063481620061,0.8886299
Q3_S1_XGB_seed42,Q3,S1,XGB,807,Train,1.07716357459863,0.8886299
Q3_S1_XGB_seed42,Q3,S1,XGB,808,Train,1.099765176777,0.8886299
Q3_S1_XGB_seed42,Q3,S1,XGB,809,Train,0.730069086834549,0.7573294
Q3_S1_XGB_seed42,Q3,S1,XGB,810,Train,0.735308773693085,0.7573294
Q3_S1_XGB_seed42,Q3,S1,XGB,813,Train,0.796413664208491,0.8292894
Q3_S1_XGB_seed42,Q3,S1,XGB,814,Train,0.767488558989535,0.8292894
Q3_S1_XGB_seed42,Q3,S1,XGB,815,Train,0.703988669853818,0.7573294
Q3_S1_XGB_seed42,Q3,S1,XGB,816,Train,0.739353567501696,0.7573294
Q3_S1_XGB_seed42,Q3,S1,XGB,817,Train,0.788423061208014,0.8292894
Q3_S1_XGB_seed42,Q3,S1,XGB,818,Train,0.758235053232286,0.8292894
Q3_S1_XGB_seed42,Q3,S1,XGB,819,Train,0.72284929898718,0.7573294
Q3_S1_XGB_seed42,Q3,S1,XGB,820,Train,1.02080147380554,0.8292894
Q3_S1_XGB_seed42,Q3,S1,XGB,821,Train,0.947648069034162,0.8292894
Q3_S1_XGB_seed42,Q3,S1,XGB,822,Train,0.862728357189864,0.8292894
Q3_S1_XGB_seed42,Q3,S1,XGB,823,Train,0.839870245957322,0.8292894
Q3_S1_XGB_seed42,Q3,S1,XGB,824,Train,0.824458849728904,0.8292894
Q3_S1_XGB_seed42,Q3,S1,XGB,825,Train,0.804418862461367,0.8292894
Q3_S1_XGB_seed42,Q3,S1,XGB,827,Train,0.755219649235383,0.8292894
Q3_S1_XGB_seed42,Q3,S1,XGB,828,Train,0.758767649085695,0.8292894
Q3_S1_XGB_seed42,Q3,S1,XGB,830,Train,0.896148516387512,0.8292894
Q3_S1_XGB_seed42,Q3,S1,XGB,831,Train,0.74651756923174,0.8292894
Q3_S1_XGB_seed42,Q3,S1,XGB,832,Train,0.740400830055671,0.8292894
Q3_S1_XGB_seed42,Q3,S1,XGB,833,Train,0.767907275522683,0.8292894
Q3_S1_XGB_seed42,Q3,S1,XGB,834,Train,0.896994041262592,0.8292894
Q3_S1_XGB_seed42,Q3,S1,XGB,836,Train,0.83913565970459,0.8292894
Q3_S1_XGB_seed42,Q3,S1,XGB,837,Train,0.861622810252725,0.8292894
Q3_S1_XGB_seed42,Q3,S1,XGB,838,Train,0.881909255770372,0.8292894
Q3_S1_XGB_seed42,Q3,S1,XGB,839,Train,0.77684465445017,0.8292894
Q3_S1_XGB_seed42,Q3,S1,XGB,841,Train,0.798749567481218,0.8292894
Q3_S1_XGB_seed42,Q3,S1,XGB,843,Train,0.783682735179066,0.8292894
Q3_S1_XGB_seed42,Q3,S1,XGB,845,Train,0.804859872876447,0.8292894
Q3_S1_XGB_seed42,Q3,S1,XGB,846,Train,0.830406809094925,0.8292894
Q3_S1_XGB_seed42,Q3,S1,XGB,848,Train,0.988718904599137,0.8292894
Q3_S1_XGB_seed42,Q3,S1,XGB,849,Train,0.843338733281164,0.8292894
Q3_S1_XGB_seed42,Q3,S1,XGB,850,Train,0.888691948306559,0.8292894
Q3_S1_XGB_seed42,Q3,S1,XGB,851,Train,0.838448835114117,0.8292894
Q3_S1_XGB_seed42,Q3,S1,XGB,853,Train,0.93120974605083,0.8292894
Q3_S1_XGB_seed42,Q3,S1,XGB,855,Train,0.891947087933177,0.8292894
Q3_S1_XGB_seed42,Q3,S1,XGB,856,Train,0.841003664585931,0.8292894
Q3_S1_XGB_seed42,Q3,S1,XGB,858,Train,0.837640427960517,0.8292894
Q3_S1_XGB_seed42,Q3,S1,XGB,859,Train,0.976976532023534,0.8292894
Q3_S1_XGB_seed42,Q3,S1,XGB,860,Train,0.875116602351075,0.8292894
Q3_S1_XGB_seed42,Q3,S1,XGB,861,Train,0.806684329368713,0.8292894
Q3_S1_XGB_seed42,Q3,S1,XGB,862,Train,0.801102499746633,0.8292894
Q3_S1_XGB_seed42,Q3,S1,XGB,863,Train,0.788004693259768,0.8292894
Q3_S1_XGB_seed42,Q3,S1,XGB,865,Train,0.905409565154336,0.8292894
Q3_S1_XGB_seed42,Q3,S1,XGB,866,Train,0.729031856490157,0.8292894
Q3_S1_XGB_seed42,Q3,S1,XGB,868,Train,0.805791496614141,0.8292894
Q3_S1_XGB_seed42,Q3,S1,XGB,869,Train,0.91435430633742,0.8292894
Q3_S1_XGB_seed42,Q3,S1,XGB,870,Train,0.73919054953609,0.8292894
Q3_S1_XGB_seed42,Q3,S1,XGB,871,Train,0.74439488829365,0.8292894
Q3_S1_XGB_seed42,Q3,S1,XGB,873,Train,0.923963860690704,0.8292894
Q3_S1_XGB_seed42,Q3,S1,XGB,874,Train,0.833194013031795,0.8292894
Q3_S1_XGB_seed42,Q3,S1,XGB,875,Train,0.830460308093366,0.8292894
Q3_S1_XGB_seed42,Q3,S1,XGB,877,Train,0.892161082204004,0.8292894
Q3_S1_XGB_seed42,Q3,S1,XGB,879,Train,0.754580500145541,0.8292894
Q3_S1_XGB_seed42,Q3,S1,XGB,880,Train,0.78318641891646,0.8292894
Q3_S1_XGB_seed42,Q3,S1,XGB,881,Train,0.880695747690427,0.8292894
Q3_S1_XGB_seed42,Q3,S1,XGB,882,Train,0.770956453518485,0.8292894
Q3_S1_XGB_seed42,Q3,S1,XGB,884,Train,0.804624381901374,0.8292894
Q3_S1_XGB_seed42,Q3,S1,XGB,885,Train,0.877540164348498,0.8292894
Q3_S1_XGB_seed42,Q3,S1,XGB,886,Train,0.861262296092212,0.83349466
Q3_S1_XGB_seed42,Q3,S1,XGB,887,Train,0.862587271755434,0.8292894
Q3_S1_XGB_seed42,Q3,S1,XGB,889,Train,0.855699794660814,0.8292894
Q3_S1_XGB_seed42,Q3,S1,XGB,890,Train,0.933510742242849,0.8292894
Q3_S1_XGB_seed42,Q3,S1,XGB,891,Train,1.00605846926458,0.8292894
Q3_S1_XGB_seed42,Q3,S1,XGB,892,Train,0.866467395757682,0.8292894
Q3_S1_XGB_seed42,Q3,S1,XGB,894,Train,0.826695514401272,0.8292894
Q3_S1_XGB_seed42,Q3,S1,XGB,895,Train,0.929061249041944,0.8292894
Q3_S1_XGB_seed42,Q3,S1,XGB,896,Train,0.818042662263129,0.8292894
Q3_S1_XGB_seed42,Q3,S1,XGB,897,Train,0.812085675359892,0.8292894
Q3_S1_XGB_seed42,Q3,S1,XGB,898,Train,0.778042560572574,0.8292894
Q3_S1_XGB_seed42,Q3,S1,XGB,899,Train,0.750039220749238,0.8292894
Q3_S1_XGB_seed42,Q3,S1,XGB,900,Train,0.849781838530611,0.8292894
Q3_S1_XGB_seed42,Q3,S1,XGB,901,Train,0.921417913561959,0.8292894
Q3_S1_XGB_seed42,Q3,S1,XGB,902,Train,0.709560263195736,0.8292894
Q3_S1_XGB_seed42,Q3,S1,XGB,903,Train,0.767907275522683,0.8292894
Q3_S1_XGB_seed42,Q3,S1,XGB,905,Train,0.923880804895202,0.8292894
Q3_S1_XGB_seed42,Q3,S1,XGB,906,Train,0.731376879007756,0.8292894
Q3_S1_XGB_seed42,Q3,S1,XGB,907,Train,0.756332494515326,0.8292894
Q3_S1_XGB_seed42,Q3,S1,XGB,908,Train,0.793009162016314,0.8292894
Q3_S1_XGB_seed42,Q3,S1,XGB,909,Train,0.938995087972337,0.8292894
Q3_S1_XGB_seed42,Q3,S1,XGB,911,Train,0.812349202994303,0.8292894
Q3_S1_XGB_seed42,Q3,S1,XGB,913,Train,0.918757744370779,0.8292894
Q3_S1_XGB_seed42,Q3,S1,XGB,916,Train,0.793688616630125,0.8292894
Q3_S1_XGB_seed42,Q3,S1,XGB,917,Train,0.895365302224161,0.8292894
Q3_S1_XGB_seed42,Q3,S1,XGB,918,Train,0.760613981871055,0.8292894
Q3_S1_XGB_seed42,Q3,S1,XGB,919,Train,0.773129311444233,0.8292894
Q3_S1_XGB_seed42,Q3,S1,XGB,920,Train,0.800973771863673,0.8292894
Q3_S1_XGB_seed42,Q3,S1,XGB,921,Train,0.893455868895967,0.8292894
Q3_S1_XGB_seed42,Q3,S1,XGB,923,Train,0.796755167716249,0.8292894
Q3_S1_XGB_seed42,Q3,S1,XGB,924,Train,0.795814694826164,0.8292894
Q3_S1_XGB_seed42,Q3,S1,XGB,925,Train,0.758526566744865,0.8292894
Q3_S1_XGB_seed42,Q3,S1,XGB,926,Train,0.748892319551776,0.8292894
Q3_S1_XGB_seed42,Q3,S1,XGB,928,Train,0.931291021036105,0.8292894
Q3_S1_XGB_seed42,Q3,S1,XGB,929,Train,0.702154693520188,0.8292894
Q3_S1_XGB_seed42,Q3,S1,XGB,930,Train,0.763409984431848,0.8292894
Q3_S1_XGB_seed42,Q3,S1,XGB,931,Train,0.853067002093386,0.8292894
Q3_S1_XGB_seed42,Q3,S1,XGB,932,Train,0.926347305711552,0.8292894
Q3_S1_XGB_seed42,Q3,S1,XGB,933,Train,0.735661375815505,0.8292894
Q3_S1_XGB_seed42,Q3,S1,XGB,934,Train,0.742397974619634,0.8292894
Q3_S1_XGB_seed42,Q3,S1,XGB,935,Train,0.818122373675804,0.8292894
Q3_S1_XGB_seed42,Q3,S1,XGB,936,Train,0.946555392146291,0.8292894
Q3_S1_XGB_seed42,Q3,S1,XGB,937,Train,0.822176110017067,0.8292894
Q3_S1_XGB_seed42,Q3,S1,XGB,938,Train,0.802579810987906,0.8292894
Q3_S1_XGB_seed42,Q3,S1,XGB,939,Train,0.850241359949186,0.8292894
Q3_S1_XGB_seed42,Q3,S1,XGB,940,Train,0.900280998471653,0.8292894
Q3_S1_XGB_seed42,Q3,S1,XGB,941,Train,0.757894222047023,0.8292894
Q3_S1_XGB_seed42,Q3,S1,XGB,942,Train,0.757061429213538,0.8292894
Q3_S1_XGB_seed42,Q3,S1,XGB,944,Train,0.916784083531629,0.8292894
Q3_S1_XGB_seed42,Q3,S1,XGB,946,Train,0.774436547805945,0.8292894
Q3_S1_XGB_seed42,Q3,S1,XGB,947,Train,0.804802264358862,0.8292894
Q3_S1_XGB_seed42,Q3,S1,XGB,948,Train,0.889507167326115,0.8292894
Q3_S1_XGB_seed42,Q3,S1,XGB,949,Train,0.834489600568311,0.83349466
Q3_S1_XGB_seed42,Q3,S1,XGB,950,Train,0.866179569383206,0.8292894
Q3_S1_XGB_seed42,Q3,S1,XGB,951,Train,0.808010862359159,0.8292894
Q3_S1_XGB_seed42,Q3,S1,XGB,952,Train,0.860410176752358,0.8292894
Q3_S1_XGB_seed42,Q3,S1,XGB,953,Train,0.989598819123395,0.8292894
Q3_S1_XGB_seed42,Q3,S1,XGB,954,Train,0.92242775800187,0.8292894
Q3_S1_XGB_seed42,Q3,S1,XGB,956,Train,0.853182190508781,0.8292894
Q3_S1_XGB_seed42,Q3,S1,XGB,959,Train,0.878145002204253,0.8292894
Q3_S1_XGB_seed42,Q3,S1,XGB,960,Train,0.787849267499515,0.8292894
Q3_S1_XGB_seed42,Q3,S1,XGB,961,Train,0.807788120514204,0.8292894
Q3_S1_XGB_seed42,Q3,S1,XGB,962,Train,0.763569965105048,0.8292894
Q3_S1_XGB_seed42,Q3,S1,XGB,963,Train,0.742136835683651,0.8292894
Q3_S1_XGB_seed42,Q3,S1,XGB,967,Train,0.770768562571437,0.8292894
Q3_S1_XGB_seed42,Q3,S1,XGB,968,Train,0.865848949986576,0.8292894
Q3_S1_XGB_seed42,Q3,S1,XGB,969,Train,0.926460609945532,0.8292894
Q3_S1_XGB_seed42,Q3,S1,XGB,970,Train,0.718033884901515,0.8292894
Q3_S1_XGB_seed42,Q3,S1,XGB,971,Train,0.744034833728012,0.8292894
Q3_S1_XGB_seed42,Q3,S1,XGB,972,Train,0.834231145952886,0.8292894
Q3_S1_XGB_seed42,Q3,S1,XGB,973,Train,0.949081938843105,0.8292894
Q3_S1_XGB_seed42,Q3,S1,XGB,974,Train,0.823136893551042,0.8292894
Q3_S1_XGB_seed42,Q3,S1,XGB,975,Train,0.807558799569149,0.8292894
Q3_S1_XGB_seed42,Q3,S1,XGB,976,Train,0.845371896610588,0.8292894
Q3_S1_XGB_seed42,Q3,S1,XGB,977,Train,0.901400479158204,0.8292894
Q3_S1_XGB_seed42,Q3,S1,XGB,978,Train,0.758793795325685,0.8292894
Q3_S1_XGB_seed42,Q3,S1,XGB,979,Train,0.759419253918282,0.8292894
Q3_S1_XGB_seed42,Q3,S1,XGB,981,Train,0.909280357024702,0.8292894
Q3_S1_XGB_seed42,Q3,S1,XGB,982,Train,0.75408366475121,0.8292894
Q3_S1_XGB_seed42,Q3,S1,XGB,983,Train,0.764493341936512,0.8292894
Q3_S1_XGB_seed42,Q3,S1,XGB,985,Train,0.899317323108963,0.8292894
Q3_S1_XGB_seed42,Q3,S1,XGB,990,Train,0.761811915695933,0.8292894
Q3_S1_XGB_seed42,Q3,S1,XGB,991,Train,0.859657066279412,0.8292894
Q3_S1_XGB_seed42,Q3,S1,XGB,992,Train,0.720926707585792,0.8292894
Q3_S1_XGB_seed42,Q3,S1,XGB,993,Train,0.735349221875968,0.8292894
Q3_S1_XGB_seed42,Q3,S1,XGB,994,Train,0.864231348838916,0.8292894
Q3_S1_XGB_seed42,Q3,S1,XGB,996,Train,0.719091440442532,0.8292894
Q3_S1_XGB_seed42,Q3,S1,XGB,997,Train,0.779437546258,0.8292894
Q3_S1_XGB_seed42,Q3,S1,XGB,998,Train,0.860219674132099,0.8292894
Q3_S1_XGB_seed42,Q3,S1,XGB,999,Train,0.928960777763589,0.8292894
Q3_S1_XGB_seed42,Q3,S1,XGB,1000,Train,0.709925720338231,0.8292894
Q3_S1_XGB_seed42,Q3,S1,XGB,1004,Train,0.812887139706805,0.8292894
Q3_S1_XGB_seed42,Q3,S1,XGB,1005,Train,0.798244919255891,0.8292894
Q3_S1_XGB_seed42,Q3,S1,XGB,1006,Train,0.842822772629174,0.8292894
Q3_S1_XGB_seed42,Q3,S1,XGB,1007,Train,0.906955362965224,0.8292894
Q3_S1_XGB_seed42,Q3,S1,XGB,1008,Train,0.747785039139969,0.8292894
Q3_S1_XGB_seed42,Q3,S1,XGB,1009,Train,0.766743793103087,0.8292894
Q3_S1_XGB_seed42,Q3,S1,XGB,1011,Train,0.901897886930289,0.8292894
Q3_S1_XGB_seed42,Q3,S1,XGB,1012,Train,0.759207198504107,0.8292894
Q3_S1_XGB_seed42,Q3,S1,XGB,1013,Train,0.76993874578373,0.8292894
Q3_S1_XGB_seed42,Q3,S1,XGB,1014,Train,0.818834654745319,0.8292894
Q3_S1_XGB_seed42,Q3,S1,XGB,1015,Train,0.905978375447755,0.8292894
Q3_S1_XGB_seed42,Q3,S1,XGB,1016,Train,0.856006369302794,0.8292894
Q3_S1_XGB_seed42,Q3,S1,XGB,1017,Train,0.798470002896076,0.8292894
Q3_S1_XGB_seed42,Q3,S1,XGB,1018,Train,0.867404297372514,0.8292894
Q3_S1_XGB_seed42,Q3,S1,XGB,1020,Train,0.919245673734333,0.8292894
Q3_S1_XGB_seed42,Q3,S1,XGB,1021,Train,1.05737670205315,0.8292894
Q3_S1_XGB_seed42,Q3,S1,XGB,1022,Train,0.853182190508781,0.8292894
Q3_S1_XGB_seed42,Q3,S1,XGB,1023,Train,0.798982458338327,0.8292894
Q3_S1_XGB_seed42,Q3,S1,XGB,1024,Train,0.894639934691145,0.8292894
Q3_S1_XGB_seed42,Q3,S1,XGB,1025,Train,0.836702062630733,0.8292894
Q3_S1_XGB_seed42,Q3,S1,XGB,1028,Train,0.711549340265613,0.8292894
Q3_S1_XGB_seed42,Q3,S1,XGB,1029,Train,0.738760170069949,0.8292894
Q3_S1_XGB_seed42,Q3,S1,XGB,1030,Train,0.861641648130033,0.8292894
Q3_S1_XGB_seed42,Q3,S1,XGB,1032,Train,0.718982616423606,0.8292894
Q3_S1_XGB_seed42,Q3,S1,XGB,1033,Train,0.783095405058374,0.8292894
Q3_S1_XGB_seed42,Q3,S1,XGB,1034,Train,0.865454199500397,0.8292894
Q3_S1_XGB_seed42,Q3,S1,XGB,1035,Train,0.933971259237154,0.8292894
Q3_S1_XGB_seed42,Q3,S1,XGB,1036,Train,0.701623672917154,0.8292894
Q3_S1_XGB_seed42,Q3,S1,XGB,1037,Train,0.757193696411778,0.8292894
Q3_S1_XGB_seed42,Q3,S1,XGB,1038,Train,0.872255273289102,0.8292894
Q3_S1_XGB_seed42,Q3,S1,XGB,1039,Train,0.954144546641154,0.8292894
Q3_S1_XGB_seed42,Q3,S1,XGB,1040,Train,0.814569613592269,0.8292894
Q3_S1_XGB_seed42,Q3,S1,XGB,1042,Train,0.859663223157214,0.8292894
Q3_S1_XGB_seed42,Q3,S1,XGB,1043,Train,0.932819211063934,0.8292894
Q3_S1_XGB_seed42,Q3,S1,XGB,1044,Train,0.753576013281286,0.8292894
Q3_S1_XGB_seed42,Q3,S1,XGB,1045,Train,0.76051362037454,0.8292894
Q3_S1_XGB_seed42,Q3,S1,XGB,1046,Train,0.818834654745319,0.8292894
Q3_S1_XGB_seed42,Q3,S1,XGB,1048,Train,0.756624896500184,0.8292894
Q3_S1_XGB_seed42,Q3,S1,XGB,1049,Train,0.760204163477313,0.8292894
Q3_S1_XGB_seed42,Q3,S1,XGB,1050,Train,0.829191674260014,0.8292894
Q3_S1_XGB_seed42,Q3,S1,XGB,1051,Train,0.922527857069852,0.8292894
Q3_S1_XGB_seed42,Q3,S1,XGB,1052,Train,0.79710536729945,0.83349466
Q3_S1_XGB_seed42,Q3,S1,XGB,1053,Train,0.843595373557105,0.8292894
Q3_S1_XGB_seed42,Q3,S1,XGB,1054,Train,0.820417256414491,0.8292894
Q3_S1_XGB_seed42,Q3,S1,XGB,1055,Train,0.957410318343692,0.8292894
Q3_S1_XGB_seed42,Q3,S1,XGB,1056,Train,0.813872622033883,0.8292894
Q3_S1_XGB_seed42,Q3,S1,XGB,1057,Train,0.774189026409601,0.8292894
Q3_S1_XGB_seed42,Q3,S1,XGB,1060,Train,0.761528027071662,0.8292894
Q3_S1_XGB_seed42,Q3,S1,XGB,1061,Train,0.869420076911184,0.8292894
Q3_S1_XGB_seed42,Q3,S1,XGB,1064,Train,0.800373468473371,0.8292894
Q3_S1_XGB_seed42,Q3,S1,XGB,1065,Train,0.868075884732324,0.8292894
Q3_S1_XGB_seed42,Q3,S1,XGB,1066,Train,0.929363429825195,0.8292894
Q3_S1_XGB_seed42,Q3,S1,XGB,1068,Train,0.770219717628378,0.8292894
Q3_S1_XGB_seed42,Q3,S1,XGB,1069,Train,0.88022855729693,0.8292894
Q3_S1_XGB_seed42,Q3,S1,XGB,1070,Train,0.959219672874343,0.8292894
Q3_S1_XGB_seed42,Q3,S1,XGB,1071,Train,0.802296644258131,0.8292894
Q3_S1_XGB_seed42,Q3,S1,XGB,1073,Train,0.866999035914871,0.8292894
Q3_S1_XGB_seed42,Q3,S1,XGB,1074,Train,0.949217949892863,0.8292894
Q3_S1_XGB_seed42,Q3,S1,XGB,1076,Train,0.760204163477313,0.8292894
Q3_S1_XGB_seed42,Q3,S1,XGB,1077,Train,0.822125963335149,0.8292894
Q3_S1_XGB_seed42,Q3,S1,XGB,1078,Train,0.939426893652025,0.8292894
Q3_S1_XGB_seed42,Q3,S1,XGB,1079,Train,0.750569072247341,0.8292894
Q3_S1_XGB_seed42,Q3,S1,XGB,1080,Train,0.763045688513871,0.8292894
Q3_S1_XGB_seed42,Q3,S1,XGB,1081,Train,0.83332674041077,0.8292894
Q3_S1_XGB_seed42,Q3,S1,XGB,1082,Train,0.926188379655635,0.8292894
Q3_S1_XGB_seed42,Q3,S1,XGB,1083,Train,0.797960018930702,0.8292894
Q3_S1_XGB_seed42,Q3,S1,XGB,1084,Train,0.763999535247556,0.8292894
Q3_S1_XGB_seed42,Q3,S1,XGB,1085,Train,0.895543206493383,0.8292894
Q3_S1_XGB_seed42,Q3,S1,XGB,1086,Train,0.708569706169591,0.8292894
Q3_S1_XGB_seed42,Q3,S1,XGB,1088,Train,0.868075884732324,0.8292894
Q3_S1_XGB_seed42,Q3,S1,XGB,1089,Train,0.944032050879927,0.8292894
Q3_S1_XGB_seed42,Q3,S1,XGB,1090,Train,0.733424008300312,0.8292894
Q3_S1_XGB_seed42,Q3,S1,XGB,1091,Train,0.804932790987593,0.8292894
Q3_S1_XGB_seed42,Q3,S1,XGB,1092,Train,0.875958312856537,0.8292894
Q3_S1_XGB_seed42,Q3,S1,XGB,1093,Train,0.93951362970487,0.8292894
Q3_S1_XGB_seed42,Q3,S1,XGB,1094,Train,0.69677225391561,0.8292894
Q3_S1_XGB_seed42,Q3,S1,XGB,1095,Train,0.786180255102554,0.8292894
Q3_S1_XGB_seed42,Q3,S1,XGB,1096,Train,0.882891632476178,0.8292894
Q3_S1_XGB_seed42,Q3,S1,XGB,1097,Train,0.956680557393612,0.8292894
Q3_S1_XGB_seed42,Q3,S1,XGB,1098,Train,0.792504253391991,0.8292894
Q3_S1_XGB_seed42,Q3,S1,XGB,1099,Train,0.789633487297816,0.8292894
Q3_S1_XGB_seed42,Q3,S1,XGB,1101,Train,0.956942220525115,0.8292894
Q3_S1_XGB_seed42,Q3,S1,XGB,1102,Train,0.734199846749297,0.8292894
Q3_S1_XGB_seed42,Q3,S1,XGB,1103,Train,0.774793449957782,0.8292894
Q3_S1_XGB_seed42,Q3,S1,XGB,1104,Train,0.831410637779578,0.8292894
Q3_S1_XGB_seed42,Q3,S1,XGB,1105,Train,0.945850340334221,0.8292894
Q3_S1_XGB_seed42,Q3,S1,XGB,1108,Train,0.845381357533183,0.8292894
Q3_S1_XGB_seed42,Q3,S1,XGB,1109,Train,0.936970712621457,0.8292894
Q3_S1_XGB_seed42,Q3,S1,XGB,1110,Train,0.799935130890267,0.8292894
Q3_S1_XGB_seed42,Q3,S1,XGB,1111,Train,0.76635763480699,0.8292894
Q3_S1_XGB_seed42,Q3,S1,XGB,1113,Train,0.72141924849785,0.8292894
Q3_S1_XGB_seed42,Q3,S1,XGB,1114,Train,0.814615157530146,0.8292894
Q3_S1_XGB_seed42,Q3,S1,XGB,1115,Train,0.870700482829228,0.8292894
Q3_S1_XGB_seed42,Q3,S1,XGB,1117,Train,0.748026513306267,0.8292894
Q3_S1_XGB_seed42,Q3,S1,XGB,1118,Train,0.819042301069102,0.8292894
Q3_S1_XGB_seed42,Q3,S1,XGB,1119,Train,0.872255273289102,0.8292894
Q3_S1_XGB_seed42,Q3,S1,XGB,1120,Train,0.93951362970487,0.8292894
Q3_S1_XGB_seed42,Q3,S1,XGB,1121,Train,0.699087262596401,0.8292894
Q3_S1_XGB_seed42,Q3,S1,XGB,1122,Train,0.804412761608385,0.8292894
Q3_S1_XGB_seed42,Q3,S1,XGB,1123,Train,0.888225610247878,0.8292894
Q3_S1_XGB_seed42,Q3,S1,XGB,1124,Train,0.959219672874343,0.8292894
Q3_S1_XGB_seed42,Q3,S1,XGB,1125,Train,0.794478660847515,0.8292894
Q3_S1_XGB_seed42,Q3,S1,XGB,1126,Train,0.795044896217672,0.8292894
Q3_S1_XGB_seed42,Q3,S1,XGB,1128,Train,0.97232606069617,0.8292894
Q3_S1_XGB_seed42,Q3,S1,XGB,1130,Train,0.76392809877467,0.8292894
Q3_S1_XGB_seed42,Q3,S1,XGB,1131,Train,0.845381357533183,0.8292894
Q3_S1_XGB_seed42,Q3,S1,XGB,1132,Train,0.954485708802878,0.8292894
Q3_S1_XGB_seed42,Q3,S1,XGB,1133,Train,0.742091685619275,0.8292894
Q3_S1_XGB_seed42,Q3,S1,XGB,1134,Train,0.754667374526097,0.8292894
Q3_S1_XGB_seed42,Q3,S1,XGB,1135,Train,0.869999601044121,0.8292894
Q3_S1_XGB_seed42,Q3,S1,XGB,1136,Train,0.952275901991181,0.8292894
Q3_S1_XGB_seed42,Q3,S1,XGB,1137,Train,0.813523741478924,0.83349466
Q3_S1_XGB_seed42,Q3,S1,XGB,1139,Train,0.765581738055363,0.8292894
Q3_S1_XGB_seed42,Q3,S1,XGB,1140,Train,0.893569868785435,0.8292894
Q3_S1_XGB_seed42,Q3,S1,XGB,1141,Train,0.709030521494937,0.8292894
Q3_S1_XGB_seed42,Q3,S1,XGB,1142,Train,0.824401326732183,0.8292894
Q3_S1_XGB_seed42,Q3,S1,XGB,1143,Train,0.875958312856537,0.8292894
Q3_S1_XGB_seed42,Q3,S1,XGB,1144,Train,0.944607596729703,0.8292894
Q3_S1_XGB_seed42,Q3,S1,XGB,1145,Train,0.766681341537034,0.8292894
Q3_S1_XGB_seed42,Q3,S1,XGB,1146,Train,0.821112449176638,0.8292894
Q3_S1_XGB_seed42,Q3,S1,XGB,1147,Train,0.875958312856537,0.8292894
Q3_S1_XGB_seed42,Q3,S1,XGB,1148,Train,0.935150536886007,0.8292894
Q3_S1_XGB_seed42,Q3,S1,XGB,1149,Train,0.702440630147331,0.8292894
Q3_S1_XGB_seed42,Q3,S1,XGB,1151,Train,0.89089646597602,0.8292894
Q3_S1_XGB_seed42,Q3,S1,XGB,1152,Train,0.957395932449324,0.8292894
Q3_S1_XGB_seed42,Q3,S1,XGB,1153,Train,0.798730965528296,0.8292894
Q3_S1_XGB_seed42,Q3,S1,XGB,1154,Train,0.79375716356903,0.8292894
Q3_S1_XGB_seed42,Q3,S1,XGB,1155,Train,0.909280357024702,0.8292894
Q3_S1_XGB_seed42,Q3,S1,XGB,1157,Train,0.740859563923326,0.8292894
Q3_S1_XGB_seed42,Q3,S1,XGB,1158,Train,0.762574527781987,0.8292894
Q3_S1_XGB_seed42,Q3,S1,XGB,1160,Train,0.965390605715699,0.8292894
Q3_S1_XGB_seed42,Q3,S1,XGB,1161,Train,0.743478810778917,0.8292894
Q3_S1_XGB_seed42,Q3,S1,XGB,1162,Train,0.764183080187211,0.8292894
Q3_S1_XGB_seed42,Q3,S1,XGB,1165,Train,0.86118506512759,0.83349466
Q3_S1_XGB_seed42,Q3,S1,XGB,1166,Train,0.774189026409601,0.8292894
Q3_S1_XGB_seed42,Q3,S1,XGB,1168,Train,0.905073760419263,0.8292894
Q3_S1_XGB_seed42,Q3,S1,XGB,1169,Train,0.723035518357035,0.8292894
Q3_S1_XGB_seed42,Q3,S1,XGB,1170,Train,0.826526360327323,0.8292894
Q3_S1_XGB_seed42,Q3,S1,XGB,1171,Train,0.875958312856537,0.8292894
Q3_S1_XGB_seed42,Q3,S1,XGB,1172,Train,0.944607596729703,0.8292894
Q3_S1_XGB_seed42,Q3,S1,XGB,1173,Train,0.760209160895165,0.8292894
Q3_S1_XGB_seed42,Q3,S1,XGB,1174,Train,0.820740259958004,0.8292894
Q3_S1_XGB_seed42,Q3,S1,XGB,1175,Train,0.872255273289102,0.8292894
Q3_S1_XGB_seed42,Q3,S1,XGB,1176,Train,0.945437666284331,0.8292894
Q3_S1_XGB_seed42,Q3,S1,XGB,1178,Train,0.823357286621594,0.8292894
Q3_S1_XGB_seed42,Q3,S1,XGB,1179,Train,0.891799038593436,0.8292894
Q3_S1_XGB_seed42,Q3,S1,XGB,1180,Train,0.959962561862519,0.8292894
Q3_S1_XGB_seed42,Q3,S1,XGB,1181,Train,0.77684465445017,0.8292894
Q3_S1_XGB_seed42,Q3,S1,XGB,1182,Train,0.794780573757261,0.8292894
Q3_S1_XGB_seed42,Q3,S1,XGB,1184,Train,0.996041319454468,0.8292894
Q3_S1_XGB_seed42,Q3,S1,XGB,1185,Train,0.729274737980591,0.8292894
Q3_S1_XGB_seed42,Q3,S1,XGB,1186,Train,0.765245089682088,0.8292894
Q3_S1_XGB_seed42,Q3,S1,XGB,1187,Train,0.900060352488373,0.8292894
Q3_S1_XGB_seed42,Q3,S1,XGB,1188,Train,0.974200495215366,0.8292894
Q3_S1_XGB_seed42,Q3,S1,XGB,1189,Train,0.741022079805728,0.8292894
Q3_S1_XGB_seed42,Q3,S1,XGB,1191,Train,0.924316467912413,0.8292894
Q3_S1_XGB_seed42,Q3,S1,XGB,1194,Train,1.0309100192963,0.9664212
Q3_S1_XGB_seed42,Q3,S1,XGB,1195,Train,1.0309100192963,0.9664212
Q3_S1_XGB_seed42,Q3,S1,XGB,1196,Train,1.04780321656717,0.9664212
Q3_S1_XGB_seed42,Q3,S1,XGB,1197,Train,1.02116378112696,0.9664212
Q3_S1_XGB_seed42,Q3,S1,XGB,1199,Train,0.942863732067123,0.9664212
Q3_S1_XGB_seed42,Q3,S1,XGB,1200,Train,0.858516034072475,0.9664212
Q3_S1_XGB_seed42,Q3,S1,XGB,1201,Train,0.828220858895706,0.9664212
Q3_S1_XGB_seed42,Q3,S1,XGB,1202,Train,1.16613648991414,0.9900359
Q3_S1_XGB_seed42,Q3,S1,XGB,1203,Train,1.17590341402158,0.9900359
Q3_S1_XGB_seed42,Q3,S1,XGB,1205,Train,1.15864463864469,0.9900359
Q3_S1_XGB_seed42,Q3,S1,XGB,1208,Train,0.945059146949154,0.9900359
Q3_S1_XGB_seed42,Q3,S1,XGB,1209,Train,0.743453636792905,0.9900359
Q3_S1_XGB_seed42,Q3,S1,XGB,1210,Train,0.756610346124391,0.9900359
Q3_S1_XGB_seed42,Q3,S1,XGB,1211,Train,1.14869832591629,1.0232003
Q3_S1_XGB_seed42,Q3,S1,XGB,1212,Train,1.15615284385716,1.0232003
Q3_S1_XGB_seed42,Q3,S1,XGB,1213,Train,1.15366382320943,1.0232003
Q3_S1_XGB_seed42,Q3,S1,XGB,1214,Train,1.16146409290499,1.0232003
Q3_S1_XGB_seed42,Q3,S1,XGB,1216,Train,1.09724257611613,1.0232003
Q3_S1_XGB_seed42,Q3,S1,XGB,1217,Train,0.969373157471161,1.0232003
Q3_S1_XGB_seed42,Q3,S1,XGB,1218,Train,0.767721189179986,1.0232003
Q3_S1_XGB_seed42,Q3,S1,XGB,1219,Train,0.747774846750593,1.0232003
Q3_S1_XGB_seed42,Q3,S1,XGB,1221,Train,1.19192306228115,1.0542711
Q3_S1_XGB_seed42,Q3,S1,XGB,1222,Train,1.19192306228115,1.0542711
Q3_S1_XGB_seed42,Q3,S1,XGB,1223,Train,1.17930396588958,1.0542711
Q3_S1_XGB_seed42,Q3,S1,XGB,1224,Train,1.15378304985468,1.0542711
Q3_S1_XGB_seed42,Q3,S1,XGB,1225,Train,1.14378937187987,1.0542711
Q3_S1_XGB_seed42,Q3,S1,XGB,1226,Train,1.05992184543277,1.0542711
Q3_S1_XGB_seed42,Q3,S1,XGB,1227,Train,0.779325256152953,1.0542711
Q3_S1_XGB_seed42,Q3,S1,XGB,1228,Train,0.765644820823472,1.0542711
Q3_S1_XGB_seed42,Q3,S1,XGB,8,Test,0.852320637196598,0.85147125
Q3_S1_XGB_seed42,Q3,S1,XGB,16,Test,0.757910939800996,0.85147125
Q3_S1_XGB_seed42,Q3,S1,XGB,33,Test,0.947878574037492,0.856835
Q3_S1_XGB_seed42,Q3,S1,XGB,40,Test,0.846204660987704,0.85147125
Q3_S1_XGB_seed42,Q3,S1,XGB,41,Test,0.826322526936951,0.81527793
Q3_S1_XGB_seed42,Q3,S1,XGB,49,Test,0.813872622033883,0.85147125
Q3_S1_XGB_seed42,Q3,S1,XGB,55,Test,1.1800839773586,0.9596782
Q3_S1_XGB_seed42,Q3,S1,XGB,60,Test,0.711458783801433,0.8589941
Q3_S1_XGB_seed42,Q3,S1,XGB,62,Test,1.05868835286937,1.0732423
Q3_S1_XGB_seed42,Q3,S1,XGB,65,Test,0.822125963335149,0.85147125
Q3_S1_XGB_seed42,Q3,S1,XGB,67,Test,0.860852339675353,0.856835
Q3_S1_XGB_seed42,Q3,S1,XGB,69,Test,0.952684962682573,0.99198604
Q3_S1_XGB_seed42,Q3,S1,XGB,70,Test,1.00486544375881,1.0038953
Q3_S1_XGB_seed42,Q3,S1,XGB,74,Test,0.813467798407692,0.85147125
Q3_S1_XGB_seed42,Q3,S1,XGB,77,Test,0.852684600835069,0.9265159
Q3_S1_XGB_seed42,Q3,S1,XGB,78,Test,0.903935228958348,0.99198604
Q3_S1_XGB_seed42,Q3,S1,XGB,81,Test,0.813467798407692,0.85147125
Q3_S1_XGB_seed42,Q3,S1,XGB,87,Test,0.737639852812842,0.84475344
Q3_S1_XGB_seed42,Q3,S1,XGB,90,Test,0.992568658138745,0.9596782
Q3_S1_XGB_seed42,Q3,S1,XGB,95,Test,0.728664117820701,0.84475344
Q3_S1_XGB_seed42,Q3,S1,XGB,98,Test,0.920532930540302,0.90382963
Q3_S1_XGB_seed42,Q3,S1,XGB,100,Test,0.81331948022468,0.81527793
Q3_S1_XGB_seed42,Q3,S1,XGB,108,Test,0.802674817559499,0.85147125
Q3_S1_XGB_seed42,Q3,S1,XGB,112,Test,0.900141392199746,0.99198604
Q3_S1_XGB_seed42,Q3,S1,XGB,113,Test,0.904396288730716,1.0038953
Q3_S1_XGB_seed42,Q3,S1,XGB,119,Test,0.810800723507938,0.8592944
Q3_S1_XGB_seed42,Q3,S1,XGB,122,Test,1.07485139681547,0.9596782
Q3_S1_XGB_seed42,Q3,S1,XGB,126,Test,1.01467278489236,0.9596782
Q3_S1_XGB_seed42,Q3,S1,XGB,143,Test,0.998279458179488,0.99198604
Q3_S1_XGB_seed42,Q3,S1,XGB,151,Test,0.81033471544061,0.87261915
Q3_S1_XGB_seed42,Q3,S1,XGB,153,Test,0.843369921106177,0.9596782
Q3_S1_XGB_seed42,Q3,S1,XGB,154,Test,0.821094228516559,0.9596782
Q3_S1_XGB_seed42,Q3,S1,XGB,155,Test,0.919162757835833,0.9596782
Q3_S1_XGB_seed42,Q3,S1,XGB,156,Test,1.03546229011457,0.9596782
Q3_S1_XGB_seed42,Q3,S1,XGB,171,Test,0.906717139703928,0.87261915
Q3_S1_XGB_seed42,Q3,S1,XGB,173,Test,0.912905287026554,0.87261915
Q3_S1_XGB_seed42,Q3,S1,XGB,204,Test,1.1393357833334,1.1258239
Q3_S1_XGB_seed42,Q3,S1,XGB,210,Test,0.936810267937746,0.8679314
Q3_S1_XGB_seed42,Q3,S1,XGB,214,Test,1.22065556157337,1.2087486
Q3_S1_XGB_seed42,Q3,S1,XGB,228,Test,1.06344855958423,1.0959642
Q3_S1_XGB_seed42,Q3,S1,XGB,234,Test,1.11427419043542,0.91362727
Q3_S1_XGB_seed42,Q3,S1,XGB,235,Test,0.961279319724471,0.93829584
Q3_S1_XGB_seed42,Q3,S1,XGB,244,Test,0.893061283610279,0.8679314
Q3_S1_XGB_seed42,Q3,S1,XGB,245,Test,1.23569967731168,1.22358
Q3_S1_XGB_seed42,Q3,S1,XGB,246,Test,0.971990987958718,0.91362727
Q3_S1_XGB_seed42,Q3,S1,XGB,254,Test,1.03327416363859,0.98209226
Q3_S1_XGB_seed42,Q3,S1,XGB,257,Test,1.12250446697086,1.1258239
Q3_S1_XGB_seed42,Q3,S1,XGB,275,Test,0.939184508560139,0.91362727
Q3_S1_XGB_seed42,Q3,S1,XGB,284,Test,1.00509196322014,0.98209226
Q3_S1_XGB_seed42,Q3,S1,XGB,295,Test,0.912592939485118,0.98209226
Q3_S1_XGB_seed42,Q3,S1,XGB,296,Test,0.823590841598461,0.98209226
Q3_S1_XGB_seed42,Q3,S1,XGB,301,Test,1.0639187054379,0.9396696
Q3_S1_XGB_seed42,Q3,S1,XGB,321,Test,1.19182986579302,1.0587801
Q3_S1_XGB_seed42,Q3,S1,XGB,326,Test,0.826607210133647,0.98209226
Q3_S1_XGB_seed42,Q3,S1,XGB,338,Test,1.04267580718159,1.0959642
Q3_S1_XGB_seed42,Q3,S1,XGB,341,Test,0.893800025847912,0.8781758
Q3_S1_XGB_seed42,Q3,S1,XGB,342,Test,0.822125963335149,0.8679314
Q3_S1_XGB_seed42,Q3,S1,XGB,343,Test,1.23045619628522,1.22358
Q3_S1_XGB_seed42,Q3,S1,XGB,360,Test,0.928486314599026,0.98209226
Q3_S1_XGB_seed42,Q3,S1,XGB,361,Test,0.817874479739484,0.88288325
Q3_S1_XGB_seed42,Q3,S1,XGB,362,Test,0.804103761789322,0.9396696
Q3_S1_XGB_seed42,Q3,S1,XGB,364,Test,0.807372310203011,0.83823246
Q3_S1_XGB_seed42,Q3,S1,XGB,366,Test,0.793688616630125,0.8174306
Q3_S1_XGB_seed42,Q3,S1,XGB,368,Test,0.778410456559892,0.7787266
Q3_S1_XGB_seed42,Q3,S1,XGB,370,Test,0.797044767127811,0.87576914
Q3_S1_XGB_seed42,Q3,S1,XGB,371,Test,0.798595345560752,0.8822625
Q3_S1_XGB_seed42,Q3,S1,XGB,386,Test,1.13574687602424,1.1031511
Q3_S1_XGB_seed42,Q3,S1,XGB,397,Test,1.1186386283466,1.0587801
Q3_S1_XGB_seed42,Q3,S1,XGB,399,Test,0.87291386843261,0.98209226
Q3_S1_XGB_seed42,Q3,S1,XGB,401,Test,0.815966834108385,0.98209226
Q3_S1_XGB_seed42,Q3,S1,XGB,411,Test,0.877864354166367,0.8679314
Q3_S1_XGB_seed42,Q3,S1,XGB,415,Test,0.925526846600607,0.8781758
Q3_S1_XGB_seed42,Q3,S1,XGB,416,Test,0.849045399851102,0.98209226
Q3_S1_XGB_seed42,Q3,S1,XGB,417,Test,0.808514768466947,0.98209226
Q3_S1_XGB_seed42,Q3,S1,XGB,427,Test,1.215634689863,1.2087486
Q3_S1_XGB_seed42,Q3,S1,XGB,429,Test,1.10827609567712,1.0587801
Q3_S1_XGB_seed42,Q3,S1,XGB,431,Test,0.881268697770986,1.0587801
Q3_S1_XGB_seed42,Q3,S1,XGB,437,Test,1.13482643199722,1.0587801
Q3_S1_XGB_seed42,Q3,S1,XGB,439,Test,0.902931191290748,1.0587801
Q3_S1_XGB_seed42,Q3,S1,XGB,444,Test,0.924601655563363,0.8679314
Q3_S1_XGB_seed42,Q3,S1,XGB,447,Test,0.929918995294268,0.93829584
Q3_S1_XGB_seed42,Q3,S1,XGB,448,Test,1.21062408455055,1.2087486
Q3_S1_XGB_seed42,Q3,S1,XGB,467,Test,0.84311310408725,0.87758094
Q3_S1_XGB_seed42,Q3,S1,XGB,480,Test,0.821675056584442,0.87758094
Q3_S1_XGB_seed42,Q3,S1,XGB,490,Test,0.860232526704263,0.8343261
Q3_S1_XGB_seed42,Q3,S1,XGB,497,Test,0.865613735535156,0.84771556
Q3_S1_XGB_seed42,Q3,S1,XGB,499,Test,0.818501856967033,0.84771556
Q3_S1_XGB_seed42,Q3,S1,XGB,508,Test,0.869145624340571,0.87758094
Q3_S1_XGB_seed42,Q3,S1,XGB,513,Test,0.777541657084211,0.84751457
Q3_S1_XGB_seed42,Q3,S1,XGB,514,Test,0.872373442452523,0.87758094
Q3_S1_XGB_seed42,Q3,S1,XGB,515,Test,0.761899976261084,0.8343261
Q3_S1_XGB_seed42,Q3,S1,XGB,519,Test,0.792940350167374,0.87758094
Q3_S1_XGB_seed42,Q3,S1,XGB,522,Test,0.795876748277848,0.8343261
Q3_S1_XGB_seed42,Q3,S1,XGB,525,Test,0.787590206185008,0.84751457
Q3_S1_XGB_seed42,Q3,S1,XGB,531,Test,0.746485628020581,0.8343261
Q3_S1_XGB_seed42,Q3,S1,XGB,534,Test,0.887000548342337,0.7573294
Q3_S1_XGB_seed42,Q3,S1,XGB,535,Test,0.833498423244719,0.7573294
Q3_S1_XGB_seed42,Q3,S1,XGB,537,Test,0.793151072002874,0.7573294
Q3_S1_XGB_seed42,Q3,S1,XGB,539,Test,0.970060488345038,0.8292894
Q3_S1_XGB_seed42,Q3,S1,XGB,546,Test,0.889020469334822,0.8886299
Q3_S1_XGB_seed42,Q3,S1,XGB,551,Test,0.831260172592189,0.7573294
Q3_S1_XGB_seed42,Q3,S1,XGB,553,Test,0.826849384947378,0.7573294
Q3_S1_XGB_seed42,Q3,S1,XGB,564,Test,0.878262057500151,0.8292894
Q3_S1_XGB_seed42,Q3,S1,XGB,576,Test,0.742339670007947,0.7573294
Q3_S1_XGB_seed42,Q3,S1,XGB,579,Test,0.886763619447251,0.7573294
Q3_S1_XGB_seed42,Q3,S1,XGB,587,Test,0.861216463662039,0.8886299
Q3_S1_XGB_seed42,Q3,S1,XGB,611,Test,0.77213333007826,0.7573294
Q3_S1_XGB_seed42,Q3,S1,XGB,612,Test,0.764913144503674,0.7573294
Q3_S1_XGB_seed42,Q3,S1,XGB,613,Test,0.728688971473978,0.7573294
Q3_S1_XGB_seed42,Q3,S1,XGB,616,Test,0.880044085567343,0.8886299
Q3_S1_XGB_seed42,Q3,S1,XGB,617,Test,0.807585700067222,0.8886299
Q3_S1_XGB_seed42,Q3,S1,XGB,618,Test,0.77074592040747,0.8886299
Q3_S1_XGB_seed42,Q3,S1,XGB,620,Test,0.874724003831233,0.8886299
Q3_S1_XGB_seed42,Q3,S1,XGB,625,Test,0.758709176213725,0.7573294
Q3_S1_XGB_seed42,Q3,S1,XGB,629,Test,0.889817242212127,0.8292894
Q3_S1_XGB_seed42,Q3,S1,XGB,631,Test,0.798143063448458,0.8292894
Q3_S1_XGB_seed42,Q3,S1,XGB,634,Test,0.825733401774114,0.8292894
Q3_S1_XGB_seed42,Q3,S1,XGB,635,Test,0.834632208487437,0.8292894
Q3_S1_XGB_seed42,Q3,S1,XGB,637,Test,0.809354767359919,0.8886299
Q3_S1_XGB_seed42,Q3,S1,XGB,640,Test,0.876039548113258,0.8886299
Q3_S1_XGB_seed42,Q3,S1,XGB,643,Test,0.945850340334221,0.8886299
Q3_S1_XGB_seed42,Q3,S1,XGB,644,Test,0.818498551872722,0.7573294
Q3_S1_XGB_seed42,Q3,S1,XGB,646,Test,0.75408366475121,0.7573294
Q3_S1_XGB_seed42,Q3,S1,XGB,647,Test,0.747247842259885,0.7573294
Q3_S1_XGB_seed42,Q3,S1,XGB,654,Test,0.851986068586528,0.8886299
Q3_S1_XGB_seed42,Q3,S1,XGB,664,Test,0.741549273895159,0.7573294
Q3_S1_XGB_seed42,Q3,S1,XGB,668,Test,0.851986068586528,0.8886299
Q3_S1_XGB_seed42,Q3,S1,XGB,673,Test,0.976796171044411,0.8886299
Q3_S1_XGB_seed42,Q3,S1,XGB,676,Test,0.791863787278371,0.7573294
Q3_S1_XGB_seed42,Q3,S1,XGB,680,Test,0.75024454341863,0.7573294
Q3_S1_XGB_seed42,Q3,S1,XGB,682,Test,0.689926541089295,0.7573294
Q3_S1_XGB_seed42,Q3,S1,XGB,684,Test,0.769420608847027,0.8292894
Q3_S1_XGB_seed42,Q3,S1,XGB,691,Test,0.792036479454565,0.8292894
Q3_S1_XGB_seed42,Q3,S1,XGB,699,Test,1.01805929822394,0.8886299
Q3_S1_XGB_seed42,Q3,S1,XGB,721,Test,0.713090900306153,0.7573294
Q3_S1_XGB_seed42,Q3,S1,XGB,733,Test,0.708619564845011,0.7573294
Q3_S1_XGB_seed42,Q3,S1,XGB,749,Test,1.0745623846132,0.8886299
Q3_S1_XGB_seed42,Q3,S1,XGB,750,Test,0.732807913562506,0.7573294
Q3_S1_XGB_seed42,Q3,S1,XGB,757,Test,0.754667374526097,0.7573294
Q3_S1_XGB_seed42,Q3,S1,XGB,764,Test,0.778229870410982,0.8292894
Q3_S1_XGB_seed42,Q3,S1,XGB,783,Test,0.786408672212412,0.8292894
Q3_S1_XGB_seed42,Q3,S1,XGB,784,Test,0.753576013281286,0.8292894
Q3_S1_XGB_seed42,Q3,S1,XGB,785,Test,0.796451175291166,0.8292894
Q3_S1_XGB_seed42,Q3,S1,XGB,791,Test,0.764115759199259,0.7573294
Q3_S1_XGB_seed42,Q3,S1,XGB,794,Test,0.803883097711839,0.8292894
Q3_S1_XGB_seed42,Q3,S1,XGB,803,Test,0.864887132936625,0.8886299
Q3_S1_XGB_seed42,Q3,S1,XGB,811,Test,0.735934933307509,0.7573294
Q3_S1_XGB_seed42,Q3,S1,XGB,812,Test,0.696679662727248,0.7573294
Q3_S1_XGB_seed42,Q3,S1,XGB,826,Test,0.86511259293188,0.8292894
Q3_S1_XGB_seed42,Q3,S1,XGB,829,Test,0.799304941599041,0.8292894
Q3_S1_XGB_seed42,Q3,S1,XGB,835,Test,0.834074420809216,0.8292894
Q3_S1_XGB_seed42,Q3,S1,XGB,840,Test,0.76156027562374,0.8292894
Q3_S1_XGB_seed42,Q3,S1,XGB,842,Test,0.827016737870009,0.8292894
Q3_S1_XGB_seed42,Q3,S1,XGB,844,Test,0.782523228550948,0.8292894
Q3_S1_XGB_seed42,Q3,S1,XGB,847,Test,1.05187627303712,0.83349466
Q3_S1_XGB_seed42,Q3,S1,XGB,852,Test,1.0,0.8292894
Q3_S1_XGB_seed42,Q3,S1,XGB,854,Test,0.98736628129819,0.8292894
Q3_S1_XGB_seed42,Q3,S1,XGB,857,Test,0.829831231648525,0.8292894
Q3_S1_XGB_seed42,Q3,S1,XGB,864,Test,0.829581934480047,0.8292894
Q3_S1_XGB_seed42,Q3,S1,XGB,867,Test,0.753705950531613,0.8292894
Q3_S1_XGB_seed42,Q3,S1,XGB,872,Test,0.756109151147717,0.8292894
Q3_S1_XGB_seed42,Q3,S1,XGB,876,Test,0.850544221972722,0.8292894
Q3_S1_XGB_seed42,Q3,S1,XGB,878,Test,0.768122786122246,0.8292894
Q3_S1_XGB_seed42,Q3,S1,XGB,883,Test,0.764260833453758,0.8292894
Q3_S1_XGB_seed42,Q3,S1,XGB,888,Test,0.829146849424817,0.8292894
Q3_S1_XGB_seed42,Q3,S1,XGB,893,Test,0.813477995464056,0.8292894
Q3_S1_XGB_seed42,Q3,S1,XGB,904,Test,0.844991284927913,0.8292894
Q3_S1_XGB_seed42,Q3,S1,XGB,910,Test,0.822650923078357,0.8292894
Q3_S1_XGB_seed42,Q3,S1,XGB,912,Test,0.842926286538743,0.8292894
Q3_S1_XGB_seed42,Q3,S1,XGB,914,Test,0.756129198325393,0.8292894
Q3_S1_XGB_seed42,Q3,S1,XGB,915,Test,0.763012843752246,0.8292894
Q3_S1_XGB_seed42,Q3,S1,XGB,922,Test,0.898181417669202,0.8292894
Q3_S1_XGB_seed42,Q3,S1,XGB,927,Test,0.852524328493307,0.8292894
Q3_S1_XGB_seed42,Q3,S1,XGB,943,Test,0.806233218706077,0.8292894
Q3_S1_XGB_seed42,Q3,S1,XGB,945,Test,0.766743793103087,0.8292894
Q3_S1_XGB_seed42,Q3,S1,XGB,955,Test,1.01472282521954,0.8292894
Q3_S1_XGB_seed42,Q3,S1,XGB,957,Test,0.80717197123045,0.8292894
Q3_S1_XGB_seed42,Q3,S1,XGB,958,Test,0.835775714089677,0.8292894
Q3_S1_XGB_seed42,Q3,S1,XGB,964,Test,0.855616672954909,0.8292894
Q3_S1_XGB_seed42,Q3,S1,XGB,965,Test,0.933768178822049,0.8292894
Q3_S1_XGB_seed42,Q3,S1,XGB,966,Test,0.705375122357597,0.8292894
Q3_S1_XGB_seed42,Q3,S1,XGB,980,Test,0.799615295736052,0.8292894
Q3_S1_XGB_seed42,Q3,S1,XGB,984,Test,0.808672040193808,0.8292894
Q3_S1_XGB_seed42,Q3,S1,XGB,989,Test,0.856527083574307,0.8292894
Q3_S1_XGB_seed42,Q3,S1,XGB,995,Test,0.94122051777521,0.8292894
Q3_S1_XGB_seed42,Q3,S1,XGB,1001,Test,0.738780628318686,0.8292894
Q3_S1_XGB_seed42,Q3,S1,XGB,1002,Test,0.856382665714486,0.8292894
Q3_S1_XGB_seed42,Q3,S1,XGB,1003,Test,0.951611665438936,0.8292894
Q3_S1_XGB_seed42,Q3,S1,XGB,1010,Test,0.807372310203011,0.8292894
Q3_S1_XGB_seed42,Q3,S1,XGB,1019,Test,0.97754928544809,0.8292894
Q3_S1_XGB_seed42,Q3,S1,XGB,1026,Test,0.766073853156941,0.8292894
Q3_S1_XGB_seed42,Q3,S1,XGB,1027,Test,0.870226290982859,0.8292894
Q3_S1_XGB_seed42,Q3,S1,XGB,1031,Test,0.936481518609124,0.8292894
Q3_S1_XGB_seed42,Q3,S1,XGB,1041,Test,0.793027846274449,0.8292894
Q3_S1_XGB_seed42,Q3,S1,XGB,1047,Test,0.92043966507775,0.8292894
Q3_S1_XGB_seed42,Q3,S1,XGB,1058,Test,0.882445021438997,0.8292894
Q3_S1_XGB_seed42,Q3,S1,XGB,1059,Test,0.696130860398804,0.8292894
Q3_S1_XGB_seed42,Q3,S1,XGB,1062,Test,0.938995087972337,0.8292894
Q3_S1_XGB_seed42,Q3,S1,XGB,1063,Test,0.724687392452051,0.8292894
Q3_S1_XGB_seed42,Q3,S1,XGB,1067,Test,0.692510670315816,0.8292894
Q3_S1_XGB_seed42,Q3,S1,XGB,1072,Test,0.791863787278371,0.8292894
Q3_S1_XGB_seed42,Q3,S1,XGB,1075,Test,0.746982840546495,0.8292894
Q3_S1_XGB_seed42,Q3,S1,XGB,1087,Test,0.788316855346138,0.8292894
Q3_S1_XGB_seed42,Q3,S1,XGB,1100,Test,0.874724003831233,0.8292894
Q3_S1_XGB_seed42,Q3,S1,XGB,1106,Test,0.737991169849063,0.8292894
Q3_S1_XGB_seed42,Q3,S1,XGB,1107,Test,0.760892032233977,0.8292894
Q3_S1_XGB_seed42,Q3,S1,XGB,1112,Test,0.894448704342633,0.8292894
Q3_S1_XGB_seed42,Q3,S1,XGB,1116,Test,0.949081938843105,0.8292894
Q3_S1_XGB_seed42,Q3,S1,XGB,1127,Test,0.893412560197882,0.8292894
Q3_S1_XGB_seed42,Q3,S1,XGB,1129,Test,0.736375333711986,0.8292894
Q3_S1_XGB_seed42,Q3,S1,XGB,1138,Test,0.785294421397043,0.8292894
Q3_S1_XGB_seed42,Q3,S1,XGB,1150,Test,0.818012884857102,0.8292894
Q3_S1_XGB_seed42,Q3,S1,XGB,1156,Test,0.987350077425618,0.8292894
Q3_S1_XGB_seed42,Q3,S1,XGB,1159,Test,0.854579770296881,0.8292894
Q3_S1_XGB_seed42,Q3,S1,XGB,1163,Test,0.880095843518457,0.8292894
Q3_S1_XGB_seed42,Q3,S1,XGB,1164,Test,0.963352339838838,0.8292894
Q3_S1_XGB_seed42,Q3,S1,XGB,1167,Test,0.780601625075104,0.8292894
Q3_S1_XGB_seed42,Q3,S1,XGB,1177,Test,0.717878780699404,0.8292894
Q3_S1_XGB_seed42,Q3,S1,XGB,1183,Test,0.94370407868224,0.8292894
Q3_S1_XGB_seed42,Q3,S1,XGB,1190,Test,0.772100152115195,0.8292894
Q3_S1_XGB_seed42,Q3,S1,XGB,1192,Test,0.970053895441174,0.8292894
Q3_S1_XGB_seed42,Q3,S1,XGB,1193,Test,1.06402417781585,0.9664212
Q3_S1_XGB_seed42,Q3,S1,XGB,1198,Test,1.00621600482152,0.9664212
Q3_S1_XGB_seed42,Q3,S1,XGB,1204,Test,1.17590341402158,0.9900359
Q3_S1_XGB_seed42,Q3,S1,XGB,1206,Test,1.14889975557443,0.9900359
Q3_S1_XGB_seed42,Q3,S1,XGB,1207,Test,1.15184604574972,0.9900359
Q3_S1_XGB_seed42,Q3,S1,XGB,1215,Test,1.12665504657055,1.0232003
Q3_S1_XGB_seed42,Q3,S1,XGB,1220,Test,1.1943087167904,1.0542711
Q3_S2_XGB_seed42,Q3,S2,XGB,5,Train,1.11514676750688,1.0670934
Q3_S2_XGB_seed42,Q3,S2,XGB,6,Train,1.0565765573796,1.0331308
Q3_S2_XGB_seed42,Q3,S2,XGB,7,Train,0.896984787073229,0.90394264
Q3_S2_XGB_seed42,Q3,S2,XGB,9,Train,0.76051362037454,0.7489878
Q3_S2_XGB_seed42,Q3,S2,XGB,10,Train,0.950497286823995,0.9234432
Q3_S2_XGB_seed42,Q3,S2,XGB,12,Train,1.07686468394027,0.8934227
Q3_S2_XGB_seed42,Q3,S2,XGB,13,Train,0.933147035394019,0.91395533
Q3_S2_XGB_seed42,Q3,S2,XGB,14,Train,0.785557623630764,0.79149127
Q3_S2_XGB_seed42,Q3,S2,XGB,15,Train,0.842644918243032,0.7958247
Q3_S2_XGB_seed42,Q3,S2,XGB,17,Train,0.886580948587187,0.87166697
Q3_S2_XGB_seed42,Q3,S2,XGB,18,Train,0.934277126829998,0.90623707
Q3_S2_XGB_seed42,Q3,S2,XGB,20,Train,1.23705008651909,1.2205951
Q3_S2_XGB_seed42,Q3,S2,XGB,21,Train,1.12081929484091,1.1192815
Q3_S2_XGB_seed42,Q3,S2,XGB,22,Train,1.01850275153181,0.90749633
Q3_S2_XGB_seed42,Q3,S2,XGB,23,Train,0.870122736694625,0.90749633
Q3_S2_XGB_seed42,Q3,S2,XGB,24,Train,0.901897886930289,0.8878233
Q3_S2_XGB_seed42,Q3,S2,XGB,28,Train,1.10127559245174,1.0922285
Q3_S2_XGB_seed42,Q3,S2,XGB,29,Train,1.00531824737307,0.99630564
Q3_S2_XGB_seed42,Q3,S2,XGB,30,Train,0.920314571147693,0.9017874
Q3_S2_XGB_seed42,Q3,S2,XGB,31,Train,0.842933486548124,0.86976504
Q3_S2_XGB_seed42,Q3,S2,XGB,32,Train,0.866913768550946,0.8678361
Q3_S2_XGB_seed42,Q3,S2,XGB,34,Train,1.00281893894957,0.9777685
Q3_S2_XGB_seed42,Q3,S2,XGB,35,Train,1.0400567900952,1.0431595
Q3_S2_XGB_seed42,Q3,S2,XGB,36,Train,1.07283135226429,1.0451226
Q3_S2_XGB_seed42,Q3,S2,XGB,37,Train,1.0544181367815,1.0712954
Q3_S2_XGB_seed42,Q3,S2,XGB,38,Train,0.973831697368482,0.97692204
Q3_S2_XGB_seed42,Q3,S2,XGB,39,Train,0.906030407651833,0.9017874
Q3_S2_XGB_seed42,Q3,S2,XGB,42,Train,0.899866388788341,0.8733348
Q3_S2_XGB_seed42,Q3,S2,XGB,43,Train,0.929645323254218,0.9250417
Q3_S2_XGB_seed42,Q3,S2,XGB,44,Train,0.962587613991127,0.963431
Q3_S2_XGB_seed42,Q3,S2,XGB,45,Train,0.964652847972138,0.9531013
Q3_S2_XGB_seed42,Q3,S2,XGB,46,Train,1.00614212656907,0.99826646
Q3_S2_XGB_seed42,Q3,S2,XGB,47,Train,0.841068495208582,0.88506293
Q3_S2_XGB_seed42,Q3,S2,XGB,48,Train,0.777823644006181,0.79149127
Q3_S2_XGB_seed42,Q3,S2,XGB,50,Train,0.736439137486459,0.7376712
Q3_S2_XGB_seed42,Q3,S2,XGB,51,Train,0.827266068741322,0.8395418
Q3_S2_XGB_seed42,Q3,S2,XGB,52,Train,0.965447930384461,0.9271924
Q3_S2_XGB_seed42,Q3,S2,XGB,53,Train,0.823869594684897,0.8253046
Q3_S2_XGB_seed42,Q3,S2,XGB,56,Train,1.06631401603798,0.9617854
Q3_S2_XGB_seed42,Q3,S2,XGB,57,Train,0.920757730594384,0.9078658
Q3_S2_XGB_seed42,Q3,S2,XGB,58,Train,0.874320308993983,0.8964709
Q3_S2_XGB_seed42,Q3,S2,XGB,59,Train,0.924047364068431,0.9490632
Q3_S2_XGB_seed42,Q3,S2,XGB,61,Train,0.949867691891581,0.9590658
Q3_S2_XGB_seed42,Q3,S2,XGB,63,Train,0.976976532023534,0.97261804
Q3_S2_XGB_seed42,Q3,S2,XGB,64,Train,0.906801235757686,0.90858054
Q3_S2_XGB_seed42,Q3,S2,XGB,66,Train,0.812015177575546,0.8195882
Q3_S2_XGB_seed42,Q3,S2,XGB,68,Train,0.898774056329083,0.9067308
Q3_S2_XGB_seed42,Q3,S2,XGB,71,Train,1.03757357258339,1.0874988
Q3_S2_XGB_seed42,Q3,S2,XGB,72,Train,0.953736688508713,0.97261804
Q3_S2_XGB_seed42,Q3,S2,XGB,73,Train,0.883117327217867,0.8828086
Q3_S2_XGB_seed42,Q3,S2,XGB,75,Train,0.800814624767177,0.8028523
Q3_S2_XGB_seed42,Q3,S2,XGB,76,Train,0.821675056584442,0.8404427
Q3_S2_XGB_seed42,Q3,S2,XGB,79,Train,0.912142251080241,0.9531013
Q3_S2_XGB_seed42,Q3,S2,XGB,80,Train,0.934315649073268,0.9337284
Q3_S2_XGB_seed42,Q3,S2,XGB,82,Train,0.772100152115195,0.79149127
Q3_S2_XGB_seed42,Q3,S2,XGB,83,Train,0.82751179955198,0.83122736
Q3_S2_XGB_seed42,Q3,S2,XGB,84,Train,0.735308773693085,0.7432435
Q3_S2_XGB_seed42,Q3,S2,XGB,85,Train,0.804863789287563,0.83186
Q3_S2_XGB_seed42,Q3,S2,XGB,86,Train,0.91052496907352,0.9138674
Q3_S2_XGB_seed42,Q3,S2,XGB,89,Train,1.12534479349634,1.1192815
Q3_S2_XGB_seed42,Q3,S2,XGB,91,Train,0.85684247351947,0.90749633
Q3_S2_XGB_seed42,Q3,S2,XGB,92,Train,0.869365755467141,0.8748004
Q3_S2_XGB_seed42,Q3,S2,XGB,93,Train,0.974544273463535,0.9780167
Q3_S2_XGB_seed42,Q3,S2,XGB,94,Train,0.699692444654365,0.7227121
Q3_S2_XGB_seed42,Q3,S2,XGB,96,Train,1.07945554814053,1.0357772
Q3_S2_XGB_seed42,Q3,S2,XGB,97,Train,0.99614458008211,1.0053406
Q3_S2_XGB_seed42,Q3,S2,XGB,99,Train,0.837452530024711,0.8349747
Q3_S2_XGB_seed42,Q3,S2,XGB,101,Train,0.877938882001441,0.8637229
Q3_S2_XGB_seed42,Q3,S2,XGB,102,Train,0.930366682240684,0.9194094
Q3_S2_XGB_seed42,Q3,S2,XGB,103,Train,0.976414639385889,0.98426914
Q3_S2_XGB_seed42,Q3,S2,XGB,104,Train,1.02231802183271,0.99983263
Q3_S2_XGB_seed42,Q3,S2,XGB,105,Train,1.04170153253153,1.0488851
Q3_S2_XGB_seed42,Q3,S2,XGB,106,Train,0.962148070655844,0.9639685
Q3_S2_XGB_seed42,Q3,S2,XGB,107,Train,0.877227261616662,0.9017874
Q3_S2_XGB_seed42,Q3,S2,XGB,109,Train,0.775453968442856,0.795988
Q3_S2_XGB_seed42,Q3,S2,XGB,110,Train,0.807135366414901,0.82393104
Q3_S2_XGB_seed42,Q3,S2,XGB,111,Train,0.858775531141403,0.88819957
Q3_S2_XGB_seed42,Q3,S2,XGB,114,Train,0.8765668989859,0.8934942
Q3_S2_XGB_seed42,Q3,S2,XGB,115,Train,0.820060973342836,0.8349747
Q3_S2_XGB_seed42,Q3,S2,XGB,116,Train,0.74651756923174,0.78602964
Q3_S2_XGB_seed42,Q3,S2,XGB,117,Train,0.842907501341001,0.8407548
Q3_S2_XGB_seed42,Q3,S2,XGB,118,Train,0.73095404771111,0.7440879
Q3_S2_XGB_seed42,Q3,S2,XGB,120,Train,0.852320637196598,0.8464002
Q3_S2_XGB_seed42,Q3,S2,XGB,123,Train,0.931712883387309,0.90749633
Q3_S2_XGB_seed42,Q3,S2,XGB,124,Train,0.816470299348186,0.8809092
Q3_S2_XGB_seed42,Q3,S2,XGB,125,Train,0.904169723291315,0.90749633
Q3_S2_XGB_seed42,Q3,S2,XGB,127,Train,0.766407774105349,0.7925537
Q3_S2_XGB_seed42,Q3,S2,XGB,129,Train,0.854253259929068,0.85769296
Q3_S2_XGB_seed42,Q3,S2,XGB,130,Train,0.859202484788517,0.8684691
Q3_S2_XGB_seed42,Q3,S2,XGB,131,Train,0.825559406026328,0.864463
Q3_S2_XGB_seed42,Q3,S2,XGB,132,Train,0.779662587096313,0.78471386
Q3_S2_XGB_seed42,Q3,S2,XGB,133,Train,0.897063983849173,0.898583
Q3_S2_XGB_seed42,Q3,S2,XGB,134,Train,0.731582105741902,0.76159245
Q3_S2_XGB_seed42,Q3,S2,XGB,136,Train,1.11873809026471,1.0874988
Q3_S2_XGB_seed42,Q3,S2,XGB,137,Train,1.03307658025924,1.0171882
Q3_S2_XGB_seed42,Q3,S2,XGB,138,Train,0.938094690126679,0.9158383
Q3_S2_XGB_seed42,Q3,S2,XGB,139,Train,0.865836496621492,0.8547629
Q3_S2_XGB_seed42,Q3,S2,XGB,140,Train,0.81886553699064,0.81301093
Q3_S2_XGB_seed42,Q3,S2,XGB,141,Train,0.886590643030329,0.8801208
Q3_S2_XGB_seed42,Q3,S2,XGB,142,Train,0.936618684449866,0.9334989
Q3_S2_XGB_seed42,Q3,S2,XGB,144,Train,1.03909437030581,1.0420704
Q3_S2_XGB_seed42,Q3,S2,XGB,145,Train,0.847375648720677,0.8934227
Q3_S2_XGB_seed42,Q3,S2,XGB,146,Train,0.823886993768721,0.83324605
Q3_S2_XGB_seed42,Q3,S2,XGB,147,Train,0.814845935224556,0.8864144
Q3_S2_XGB_seed42,Q3,S2,XGB,148,Train,0.926494074528407,0.8864754
Q3_S2_XGB_seed42,Q3,S2,XGB,149,Train,0.723790296687503,0.73590845
Q3_S2_XGB_seed42,Q3,S2,XGB,150,Train,0.83911607828791,0.83460945
Q3_S2_XGB_seed42,Q3,S2,XGB,152,Train,1.03982899113222,1.0160298
Q3_S2_XGB_seed42,Q3,S2,XGB,157,Train,0.857957011285251,0.8604988
Q3_S2_XGB_seed42,Q3,S2,XGB,158,Train,0.824492863020455,0.84689385
Q3_S2_XGB_seed42,Q3,S2,XGB,159,Train,0.831933637325084,0.83767366
Q3_S2_XGB_seed42,Q3,S2,XGB,160,Train,0.87058484268274,0.8365245
Q3_S2_XGB_seed42,Q3,S2,XGB,161,Train,0.953709001950396,0.8864144
Q3_S2_XGB_seed42,Q3,S2,XGB,162,Train,0.748051942207763,0.7440879
Q3_S2_XGB_seed42,Q3,S2,XGB,163,Train,0.771800126144815,0.8178768
Q3_S2_XGB_seed42,Q3,S2,XGB,164,Train,1.03559606790605,1.0489302
Q3_S2_XGB_seed42,Q3,S2,XGB,165,Train,0.803044753553073,0.83805895
Q3_S2_XGB_seed42,Q3,S2,XGB,166,Train,0.83233691267763,0.9126379
Q3_S2_XGB_seed42,Q3,S2,XGB,167,Train,0.94383618222052,0.94609755
Q3_S2_XGB_seed42,Q3,S2,XGB,168,Train,1.03751339989451,1.004838
Q3_S2_XGB_seed42,Q3,S2,XGB,169,Train,0.808409412610811,0.84124565
Q3_S2_XGB_seed42,Q3,S2,XGB,170,Train,0.905409565154336,0.8744085
Q3_S2_XGB_seed42,Q3,S2,XGB,172,Train,0.910340354147792,0.88665146
Q3_S2_XGB_seed42,Q3,S2,XGB,195,Train,1.12517950776161,1.1318305
Q3_S2_XGB_seed42,Q3,S2,XGB,196,Train,1.12868176576461,1.1289508
Q3_S2_XGB_seed42,Q3,S2,XGB,197,Train,1.13400469131662,1.1302234
Q3_S2_XGB_seed42,Q3,S2,XGB,198,Train,1.1545232562397,1.1342736
Q3_S2_XGB_seed42,Q3,S2,XGB,199,Train,1.14290667777114,1.1433353
Q3_S2_XGB_seed42,Q3,S2,XGB,200,Train,1.12785654669737,1.1358049
Q3_S2_XGB_seed42,Q3,S2,XGB,201,Train,1.12602340161149,1.1288323
Q3_S2_XGB_seed42,Q3,S2,XGB,202,Train,1.13400469131662,1.1301049
Q3_S2_XGB_seed42,Q3,S2,XGB,203,Train,1.14467492771398,1.1360937
Q3_S2_XGB_seed42,Q3,S2,XGB,205,Train,1.32560048277304,1.31407
Q3_S2_XGB_seed42,Q3,S2,XGB,206,Train,1.13493357440378,1.1176468
Q3_S2_XGB_seed42,Q3,S2,XGB,207,Train,1.09420703701744,1.0923135
Q3_S2_XGB_seed42,Q3,S2,XGB,208,Train,1.24105449234269,1.2250913
Q3_S2_XGB_seed42,Q3,S2,XGB,209,Train,0.845171439294695,0.8579078
Q3_S2_XGB_seed42,Q3,S2,XGB,211,Train,1.22802583136846,1.2474118
Q3_S2_XGB_seed42,Q3,S2,XGB,212,Train,1.19314942116747,1.1185273
Q3_S2_XGB_seed42,Q3,S2,XGB,213,Train,1.0019037098872,0.99077004
Q3_S2_XGB_seed42,Q3,S2,XGB,215,Train,1.2728771554883,1.0812547
Q3_S2_XGB_seed42,Q3,S2,XGB,216,Train,1.01935024138376,0.9921741
Q3_S2_XGB_seed42,Q3,S2,XGB,217,Train,1.12517950776161,1.1313076
Q3_S2_XGB_seed42,Q3,S2,XGB,218,Train,1.12517950776161,1.1297315
Q3_S2_XGB_seed42,Q3,S2,XGB,219,Train,1.13400469131662,1.1294707
Q3_S2_XGB_seed42,Q3,S2,XGB,220,Train,1.14555871834836,1.1328458
Q3_S2_XGB_seed42,Q3,S2,XGB,221,Train,1.13134220052408,1.1393023
Q3_S2_XGB_seed42,Q3,S2,XGB,222,Train,1.30129179304586,1.2696761
Q3_S2_XGB_seed42,Q3,S2,XGB,223,Train,1.12785654669737,1.1318046
Q3_S2_XGB_seed42,Q3,S2,XGB,224,Train,1.13134220052408,1.1285657
Q3_S2_XGB_seed42,Q3,S2,XGB,225,Train,1.11983143864454,1.1171786
Q3_S2_XGB_seed42,Q3,S2,XGB,226,Train,1.10649699406606,1.1065108
Q3_S2_XGB_seed42,Q3,S2,XGB,227,Train,1.11105971599558,1.1132337
Q3_S2_XGB_seed42,Q3,S2,XGB,229,Train,1.07786230064286,1.0852048
Q3_S2_XGB_seed42,Q3,S2,XGB,230,Train,1.23328727511638,1.2370169
Q3_S2_XGB_seed42,Q3,S2,XGB,231,Train,0.852286444133707,0.8637896
Q3_S2_XGB_seed42,Q3,S2,XGB,232,Train,0.900280998471653,0.902593
Q3_S2_XGB_seed42,Q3,S2,XGB,233,Train,1.24295421262678,1.2499622
Q3_S2_XGB_seed42,Q3,S2,XGB,236,Train,1.21062408455055,1.1956339
Q3_S2_XGB_seed42,Q3,S2,XGB,237,Train,1.16301255092905,1.1550622
Q3_S2_XGB_seed42,Q3,S2,XGB,238,Train,0.980590602917416,0.9816069
Q3_S2_XGB_seed42,Q3,S2,XGB,239,Train,1.29849185828608,1.3120134
Q3_S2_XGB_seed42,Q3,S2,XGB,240,Train,1.06854609992783,1.0854393
Q3_S2_XGB_seed42,Q3,S2,XGB,241,Train,1.08519218707036,1.084169
Q3_S2_XGB_seed42,Q3,S2,XGB,242,Train,1.23328727511638,1.2204072
Q3_S2_XGB_seed42,Q3,S2,XGB,243,Train,0.865067797277029,0.8656175
Q3_S2_XGB_seed42,Q3,S2,XGB,247,Train,0.953713108737876,0.94510627
Q3_S2_XGB_seed42,Q3,S2,XGB,248,Train,1.21062408455055,1.2253963
Q3_S2_XGB_seed42,Q3,S2,XGB,249,Train,1.05954037695122,1.0611337
Q3_S2_XGB_seed42,Q3,S2,XGB,250,Train,0.98640277120882,0.9816069
Q3_S2_XGB_seed42,Q3,S2,XGB,251,Train,1.13053556958367,1.1338421
Q3_S2_XGB_seed42,Q3,S2,XGB,252,Train,1.12250446697086,1.121132
Q3_S2_XGB_seed42,Q3,S2,XGB,253,Train,1.07549495505976,1.0928781
Q3_S2_XGB_seed42,Q3,S2,XGB,255,Train,1.0829352885134,1.1058129
Q3_S2_XGB_seed42,Q3,S2,XGB,258,Train,1.11105971599558,1.0970838
Q3_S2_XGB_seed42,Q3,S2,XGB,259,Train,1.01386063203782,1.0106007
Q3_S2_XGB_seed42,Q3,S2,XGB,260,Train,0.95690803542294,0.9801253
Q3_S2_XGB_seed42,Q3,S2,XGB,261,Train,1.06021217500802,1.0391454
Q3_S2_XGB_seed42,Q3,S2,XGB,269,Train,1.30972958302411,1.3099483
Q3_S2_XGB_seed42,Q3,S2,XGB,270,Train,1.08077410214474,1.1011026
Q3_S2_XGB_seed42,Q3,S2,XGB,271,Train,1.24825529374785,1.2526075
Q3_S2_XGB_seed42,Q3,S2,XGB,272,Train,0.8581249828584,0.8660972
Q3_S2_XGB_seed42,Q3,S2,XGB,273,Train,0.872200174343443,0.87645984
Q3_S2_XGB_seed42,Q3,S2,XGB,274,Train,1.22559832447829,1.221263
Q3_S2_XGB_seed42,Q3,S2,XGB,276,Train,0.912790229307553,0.91688216
Q3_S2_XGB_seed42,Q3,S2,XGB,277,Train,1.22065556157337,1.2000272
Q3_S2_XGB_seed42,Q3,S2,XGB,278,Train,0.963352339838838,0.9610208
Q3_S2_XGB_seed42,Q3,S2,XGB,279,Train,0.963157212909166,0.9725143
Q3_S2_XGB_seed42,Q3,S2,XGB,280,Train,1.1104689452522,1.0922657
Q3_S2_XGB_seed42,Q3,S2,XGB,281,Train,1.05497462859644,1.0267798
Q3_S2_XGB_seed42,Q3,S2,XGB,282,Train,0.862978249917694,0.91321945
Q3_S2_XGB_seed42,Q3,S2,XGB,283,Train,0.87888676382029,0.9131952
Q3_S2_XGB_seed42,Q3,S2,XGB,293,Train,0.868685024049319,0.89540845
Q3_S2_XGB_seed42,Q3,S2,XGB,294,Train,1.05467108902976,1.0635831
Q3_S2_XGB_seed42,Q3,S2,XGB,297,Train,0.852769356557038,0.8468007
Q3_S2_XGB_seed42,Q3,S2,XGB,298,Train,0.936737206458081,0.9149332
Q3_S2_XGB_seed42,Q3,S2,XGB,309,Train,1.29675737284592,1.2823771
Q3_S2_XGB_seed42,Q3,S2,XGB,310,Train,1.03924089971665,1.0486554
Q3_S2_XGB_seed42,Q3,S2,XGB,311,Train,1.08967007677054,1.0939245
Q3_S2_XGB_seed42,Q3,S2,XGB,312,Train,1.25066139489738,1.2469072
Q3_S2_XGB_seed42,Q3,S2,XGB,313,Train,0.869084535893915,0.8679616
Q3_S2_XGB_seed42,Q3,S2,XGB,314,Train,0.851409310050692,0.8522531
Q3_S2_XGB_seed42,Q3,S2,XGB,315,Train,1.22559832447829,1.2322607
Q3_S2_XGB_seed42,Q3,S2,XGB,316,Train,0.910841844839356,0.90007293
Q3_S2_XGB_seed42,Q3,S2,XGB,317,Train,0.928326864671582,0.9072358
Q3_S2_XGB_seed42,Q3,S2,XGB,318,Train,1.18119272473377,1.1781669
Q3_S2_XGB_seed42,Q3,S2,XGB,319,Train,0.905299696851462,1.0812547
Q3_S2_XGB_seed42,Q3,S2,XGB,320,Train,0.9379549656945,0.95052993
Q3_S2_XGB_seed42,Q3,S2,XGB,322,Train,1.18276353494062,1.1637973
Q3_S2_XGB_seed42,Q3,S2,XGB,323,Train,1.14067445902436,1.1328391
Q3_S2_XGB_seed42,Q3,S2,XGB,324,Train,0.945708559227524,0.9176669
Q3_S2_XGB_seed42,Q3,S2,XGB,325,Train,0.843084306328854,0.84403896
Q3_S2_XGB_seed42,Q3,S2,XGB,327,Train,0.849735123882455,0.852139
Q3_S2_XGB_seed42,Q3,S2,XGB,328,Train,0.923296590464239,0.9212296
Q3_S2_XGB_seed42,Q3,S2,XGB,329,Train,0.889296449334854,0.88890266
Q3_S2_XGB_seed42,Q3,S2,XGB,337,Train,1.26125249017114,1.2823771
Q3_S2_XGB_seed42,Q3,S2,XGB,339,Train,1.08337218436624,1.0744467
Q3_S2_XGB_seed42,Q3,S2,XGB,340,Train,1.24585209835546,1.2316703
Q3_S2_XGB_seed42,Q3,S2,XGB,344,Train,0.860574748101461,0.8833184
Q3_S2_XGB_seed42,Q3,S2,XGB,345,Train,0.88756392902911,0.91006607
Q3_S2_XGB_seed42,Q3,S2,XGB,346,Train,1.21100400087572,1.2084907
Q3_S2_XGB_seed42,Q3,S2,XGB,347,Train,0.85751088308495,0.8630461
Q3_S2_XGB_seed42,Q3,S2,XGB,348,Train,0.864389749860933,0.8755203
Q3_S2_XGB_seed42,Q3,S2,XGB,351,Train,0.836002074941405,0.88069385
Q3_S2_XGB_seed42,Q3,S2,XGB,353,Train,1.17375544001433,1.1270927
Q3_S2_XGB_seed42,Q3,S2,XGB,354,Train,1.12315874473961,1.114039
Q3_S2_XGB_seed42,Q3,S2,XGB,355,Train,0.962587613991127,0.9914986
Q3_S2_XGB_seed42,Q3,S2,XGB,356,Train,0.889317081642978,0.8861958
Q3_S2_XGB_seed42,Q3,S2,XGB,357,Train,0.819944736050943,0.82636505
Q3_S2_XGB_seed42,Q3,S2,XGB,358,Train,0.817592884243045,0.82683104
Q3_S2_XGB_seed42,Q3,S2,XGB,359,Train,0.8602895986925,0.8461473
Q3_S2_XGB_seed42,Q3,S2,XGB,365,Train,0.79813710988408,0.8250448
Q3_S2_XGB_seed42,Q3,S2,XGB,367,Train,0.781629766743678,0.78639543
Q3_S2_XGB_seed42,Q3,S2,XGB,369,Train,0.783038508514702,0.80067986
Q3_S2_XGB_seed42,Q3,S2,XGB,372,Train,0.823172843965236,0.8443744
Q3_S2_XGB_seed42,Q3,S2,XGB,373,Train,0.847765983879713,0.8752491
Q3_S2_XGB_seed42,Q3,S2,XGB,374,Train,0.859657066279412,0.8629148
Q3_S2_XGB_seed42,Q3,S2,XGB,375,Train,0.84311310408725,0.8500901
Q3_S2_XGB_seed42,Q3,S2,XGB,376,Train,0.883342967623177,0.88509077
Q3_S2_XGB_seed42,Q3,S2,XGB,377,Train,0.856396945847507,0.8736376
Q3_S2_XGB_seed42,Q3,S2,XGB,384,Train,1.15149893230951,1.1642257
Q3_S2_XGB_seed42,Q3,S2,XGB,385,Train,1.0783435976576,1.0704155
Q3_S2_XGB_seed42,Q3,S2,XGB,387,Train,1.23569967731168,1.238487
Q3_S2_XGB_seed42,Q3,S2,XGB,388,Train,0.895908299174609,0.8848101
Q3_S2_XGB_seed42,Q3,S2,XGB,389,Train,0.844698003074952,0.8480684
Q3_S2_XGB_seed42,Q3,S2,XGB,390,Train,1.23045619628522,1.2217907
Q3_S2_XGB_seed42,Q3,S2,XGB,391,Train,0.867321866829216,0.8776954
Q3_S2_XGB_seed42,Q3,S2,XGB,392,Train,1.21312809595027,1.2203571
Q3_S2_XGB_seed42,Q3,S2,XGB,393,Train,0.864477864873901,0.8729154
Q3_S2_XGB_seed42,Q3,S2,XGB,394,Train,0.88382959484243,0.898115
Q3_S2_XGB_seed42,Q3,S2,XGB,395,Train,0.955437669886648,0.9480628
Q3_S2_XGB_seed42,Q3,S2,XGB,396,Train,1.16301255092905,1.1387775
Q3_S2_XGB_seed42,Q3,S2,XGB,398,Train,0.970199574532386,0.9921191
Q3_S2_XGB_seed42,Q3,S2,XGB,400,Train,0.819944736050943,0.8240056
Q3_S2_XGB_seed42,Q3,S2,XGB,402,Train,0.8602895986925,0.84730124
Q3_S2_XGB_seed42,Q3,S2,XGB,403,Train,0.91241396703636,0.9120092
Q3_S2_XGB_seed42,Q3,S2,XGB,410,Train,1.14447454268627,1.121487
Q3_S2_XGB_seed42,Q3,S2,XGB,412,Train,1.22075195295707,1.2217351
Q3_S2_XGB_seed42,Q3,S2,XGB,413,Train,0.876181182417668,0.87723804
Q3_S2_XGB_seed42,Q3,S2,XGB,414,Train,1.10273996168474,1.1089004
Q3_S2_XGB_seed42,Q3,S2,XGB,418,Train,0.814554686813047,0.83352286
Q3_S2_XGB_seed42,Q3,S2,XGB,419,Train,0.861650708592816,0.8511568
Q3_S2_XGB_seed42,Q3,S2,XGB,420,Train,0.916244578278823,0.9130802
Q3_S2_XGB_seed42,Q3,S2,XGB,421,Train,0.940037747326569,0.9250647
Q3_S2_XGB_seed42,Q3,S2,XGB,423,Train,1.13937765430527,1.1430912
Q3_S2_XGB_seed42,Q3,S2,XGB,424,Train,1.21350426002862,1.2316703
Q3_S2_XGB_seed42,Q3,S2,XGB,425,Train,0.855197948455102,0.8833184
Q3_S2_XGB_seed42,Q3,S2,XGB,426,Train,0.927466837520466,0.9372159
Q3_S2_XGB_seed42,Q3,S2,XGB,428,Train,0.893412560197882,0.9006448
Q3_S2_XGB_seed42,Q3,S2,XGB,430,Train,1.04865956183269,1.0486242
Q3_S2_XGB_seed42,Q3,S2,XGB,432,Train,0.849179628294238,0.864585
Q3_S2_XGB_seed42,Q3,S2,XGB,433,Train,0.807282256517311,0.81112206
Q3_S2_XGB_seed42,Q3,S2,XGB,434,Train,0.817592884243045,0.8192164
Q3_S2_XGB_seed42,Q3,S2,XGB,435,Train,0.85723807848117,0.84636784
Q3_S2_XGB_seed42,Q3,S2,XGB,436,Train,0.92542581048841,0.9131493
Q3_S2_XGB_seed42,Q3,S2,XGB,438,Train,1.03318695144596,1.0045711
Q3_S2_XGB_seed42,Q3,S2,XGB,440,Train,1.16963572563126,1.1574146
Q3_S2_XGB_seed42,Q3,S2,XGB,441,Train,0.882527065649618,0.89229095
Q3_S2_XGB_seed42,Q3,S2,XGB,442,Train,1.16383325436374,1.1770866
Q3_S2_XGB_seed42,Q3,S2,XGB,443,Train,0.951292426671113,0.92318124
Q3_S2_XGB_seed42,Q3,S2,XGB,445,Train,1.1857829084766,1.1940591
Q3_S2_XGB_seed42,Q3,S2,XGB,446,Train,0.832809689459086,0.8491712
Q3_S2_XGB_seed42,Q3,S2,XGB,449,Train,1.12875620728424,1.1313953
Q3_S2_XGB_seed42,Q3,S2,XGB,450,Train,1.10736202957446,1.0820335
Q3_S2_XGB_seed42,Q3,S2,XGB,452,Train,1.05806735449034,1.0670576
Q3_S2_XGB_seed42,Q3,S2,XGB,453,Train,1.00415599474417,1.0221744
Q3_S2_XGB_seed42,Q3,S2,XGB,454,Train,0.85553258425342,0.8888488
Q3_S2_XGB_seed42,Q3,S2,XGB,455,Train,1.15306585258658,1.1357486
Q3_S2_XGB_seed42,Q3,S2,XGB,456,Train,0.986006148238874,0.9661588
Q3_S2_XGB_seed42,Q3,S2,XGB,457,Train,0.941131717596831,0.9254079
Q3_S2_XGB_seed42,Q3,S2,XGB,458,Train,0.825563879603713,0.85415244
Q3_S2_XGB_seed42,Q3,S2,XGB,459,Train,0.936810267937746,0.9366236
Q3_S2_XGB_seed42,Q3,S2,XGB,460,Train,0.885627051544251,0.8877702
Q3_S2_XGB_seed42,Q3,S2,XGB,461,Train,0.941420641279253,0.92290336
Q3_S2_XGB_seed42,Q3,S2,XGB,462,Train,0.848291326608718,0.8496397
Q3_S2_XGB_seed42,Q3,S2,XGB,463,Train,0.956020020926017,0.94783056
Q3_S2_XGB_seed42,Q3,S2,XGB,464,Train,0.859202484788517,0.8619642
Q3_S2_XGB_seed42,Q3,S2,XGB,465,Train,0.865613735535156,0.85415244
Q3_S2_XGB_seed42,Q3,S2,XGB,466,Train,0.817248383912483,0.85415244
Q3_S2_XGB_seed42,Q3,S2,XGB,468,Train,0.835995448351632,0.85503745
Q3_S2_XGB_seed42,Q3,S2,XGB,469,Train,0.851409310050692,0.8474079
Q3_S2_XGB_seed42,Q3,S2,XGB,470,Train,0.783441002546699,0.8012562
Q3_S2_XGB_seed42,Q3,S2,XGB,471,Train,0.869236826110561,0.8705484
Q3_S2_XGB_seed42,Q3,S2,XGB,472,Train,0.81018902115494,0.8142603
Q3_S2_XGB_seed42,Q3,S2,XGB,473,Train,0.823880940713752,0.84100217
Q3_S2_XGB_seed42,Q3,S2,XGB,474,Train,1.04546182476858,0.93686485
Q3_S2_XGB_seed42,Q3,S2,XGB,475,Train,0.916989382925319,0.8859528
Q3_S2_XGB_seed42,Q3,S2,XGB,476,Train,0.859994234086558,0.8859528
Q3_S2_XGB_seed42,Q3,S2,XGB,477,Train,0.805333675116914,0.8170557
Q3_S2_XGB_seed42,Q3,S2,XGB,478,Train,0.82588891487761,0.8170557
Q3_S2_XGB_seed42,Q3,S2,XGB,479,Train,0.895343351122245,0.87400866
Q3_S2_XGB_seed42,Q3,S2,XGB,481,Train,1.05048744261926,1.0358853
Q3_S2_XGB_seed42,Q3,S2,XGB,482,Train,0.921288675620535,0.9065275
Q3_S2_XGB_seed42,Q3,S2,XGB,483,Train,0.877943989627788,0.8916436
Q3_S2_XGB_seed42,Q3,S2,XGB,484,Train,0.823886993768721,0.84448165
Q3_S2_XGB_seed42,Q3,S2,XGB,485,Train,0.8581249828584,0.84285015
Q3_S2_XGB_seed42,Q3,S2,XGB,486,Train,0.932322719981046,0.87900186
Q3_S2_XGB_seed42,Q3,S2,XGB,487,Train,0.828159510480667,0.8283691
Q3_S2_XGB_seed42,Q3,S2,XGB,488,Train,1.05658105748769,1.0370065
Q3_S2_XGB_seed42,Q3,S2,XGB,489,Train,0.953609151008525,0.9634584
Q3_S2_XGB_seed42,Q3,S2,XGB,491,Train,0.798477879968868,0.7960742
Q3_S2_XGB_seed42,Q3,S2,XGB,492,Train,0.788936302907142,0.7846054
Q3_S2_XGB_seed42,Q3,S2,XGB,493,Train,0.852090163697418,0.83666414
Q3_S2_XGB_seed42,Q3,S2,XGB,494,Train,0.8327698438009,0.9072994
Q3_S2_XGB_seed42,Q3,S2,XGB,495,Train,1.04859127624119,0.9072994
Q3_S2_XGB_seed42,Q3,S2,XGB,496,Train,0.949832397742186,0.9072994
Q3_S2_XGB_seed42,Q3,S2,XGB,498,Train,0.804542404831259,0.9072994
Q3_S2_XGB_seed42,Q3,S2,XGB,500,Train,0.907598993418392,0.9072994
Q3_S2_XGB_seed42,Q3,S2,XGB,501,Train,0.78496662806375,0.7940372
Q3_S2_XGB_seed42,Q3,S2,XGB,502,Train,0.843075726450442,0.8628258
Q3_S2_XGB_seed42,Q3,S2,XGB,503,Train,0.773318849402548,0.7807594
Q3_S2_XGB_seed42,Q3,S2,XGB,504,Train,0.814691966773043,0.8154247
Q3_S2_XGB_seed42,Q3,S2,XGB,505,Train,0.798961878103158,0.8170557
Q3_S2_XGB_seed42,Q3,S2,XGB,506,Train,0.774189026409601,0.7915293
Q3_S2_XGB_seed42,Q3,S2,XGB,507,Train,0.803044753553073,0.8188587
Q3_S2_XGB_seed42,Q3,S2,XGB,509,Train,0.773505691298633,0.769487
Q3_S2_XGB_seed42,Q3,S2,XGB,510,Train,0.762147970146058,0.7744102
Q3_S2_XGB_seed42,Q3,S2,XGB,511,Train,0.789023974706805,0.7930538
Q3_S2_XGB_seed42,Q3,S2,XGB,512,Train,0.80120908801594,0.8122769
Q3_S2_XGB_seed42,Q3,S2,XGB,516,Train,0.819383032732699,0.81927156
Q3_S2_XGB_seed42,Q3,S2,XGB,517,Train,0.798980305387909,0.8170557
Q3_S2_XGB_seed42,Q3,S2,XGB,518,Train,0.790360449203176,0.78968966
Q3_S2_XGB_seed42,Q3,S2,XGB,520,Train,0.884504298959516,0.8802214
Q3_S2_XGB_seed42,Q3,S2,XGB,521,Train,0.75772351224412,0.75749356
Q3_S2_XGB_seed42,Q3,S2,XGB,523,Train,0.761612804015922,0.7785072
Q3_S2_XGB_seed42,Q3,S2,XGB,524,Train,0.853178830205228,0.8309396
Q3_S2_XGB_seed42,Q3,S2,XGB,526,Train,0.783923241729417,0.7911327
Q3_S2_XGB_seed42,Q3,S2,XGB,527,Train,0.740499887010204,0.7479565
Q3_S2_XGB_seed42,Q3,S2,XGB,528,Train,0.768057380113704,0.77505076
Q3_S2_XGB_seed42,Q3,S2,XGB,529,Train,0.825577414164749,0.819909
Q3_S2_XGB_seed42,Q3,S2,XGB,530,Train,0.865837905996859,0.8636632
Q3_S2_XGB_seed42,Q3,S2,XGB,532,Train,0.772844770868304,0.7675571
Q3_S2_XGB_seed42,Q3,S2,XGB,533,Train,0.934190760734528,0.94483227
Q3_S2_XGB_seed42,Q3,S2,XGB,536,Train,0.840866326590497,0.8565978
Q3_S2_XGB_seed42,Q3,S2,XGB,538,Train,0.985099073907519,0.96752906
Q3_S2_XGB_seed42,Q3,S2,XGB,540,Train,0.932856129203703,0.90636915
Q3_S2_XGB_seed42,Q3,S2,XGB,541,Train,0.867183990464843,0.8716838
Q3_S2_XGB_seed42,Q3,S2,XGB,542,Train,0.924553107896262,0.9321421
Q3_S2_XGB_seed42,Q3,S2,XGB,543,Train,0.878845761791743,0.86420953
Q3_S2_XGB_seed42,Q3,S2,XGB,544,Train,0.816352362153621,0.8022939
Q3_S2_XGB_seed42,Q3,S2,XGB,545,Train,0.826695514401272,0.84042895
Q3_S2_XGB_seed42,Q3,S2,XGB,547,Train,0.947648069034162,0.91613126
Q3_S2_XGB_seed42,Q3,S2,XGB,548,Train,0.856663524132423,0.8815081
Q3_S2_XGB_seed42,Q3,S2,XGB,549,Train,0.931224940654771,0.9158924
Q3_S2_XGB_seed42,Q3,S2,XGB,550,Train,0.92029350590003,0.9107676
Q3_S2_XGB_seed42,Q3,S2,XGB,552,Train,0.805740406844413,0.8043926
Q3_S2_XGB_seed42,Q3,S2,XGB,554,Train,0.764316296310271,0.7625605
Q3_S2_XGB_seed42,Q3,S2,XGB,555,Train,0.83175097276162,0.8213478
Q3_S2_XGB_seed42,Q3,S2,XGB,556,Train,0.900643223800407,0.9005387
Q3_S2_XGB_seed42,Q3,S2,XGB,557,Train,0.815198293424885,0.8284751
Q3_S2_XGB_seed42,Q3,S2,XGB,558,Train,0.786408672212412,0.7875423
Q3_S2_XGB_seed42,Q3,S2,XGB,559,Train,0.798982458338327,0.80467767
Q3_S2_XGB_seed42,Q3,S2,XGB,560,Train,0.753279433801201,0.7558909
Q3_S2_XGB_seed42,Q3,S2,XGB,561,Train,0.955897128492629,0.9317829
Q3_S2_XGB_seed42,Q3,S2,XGB,562,Train,0.916456312894737,0.8658753
Q3_S2_XGB_seed42,Q3,S2,XGB,563,Train,0.868476177883672,0.8233147
Q3_S2_XGB_seed42,Q3,S2,XGB,565,Train,0.809825478657467,0.81546825
Q3_S2_XGB_seed42,Q3,S2,XGB,566,Train,0.859708259377373,0.83916
Q3_S2_XGB_seed42,Q3,S2,XGB,567,Train,0.850960841052855,0.8448029
Q3_S2_XGB_seed42,Q3,S2,XGB,568,Train,0.894147115277187,0.90237206
Q3_S2_XGB_seed42,Q3,S2,XGB,569,Train,0.85142815632786,0.8342536
Q3_S2_XGB_seed42,Q3,S2,XGB,570,Train,0.801146460271435,0.7982153
Q3_S2_XGB_seed42,Q3,S2,XGB,571,Train,0.812647552301802,0.83364666
Q3_S2_XGB_seed42,Q3,S2,XGB,572,Train,0.857654288131218,0.8598516
Q3_S2_XGB_seed42,Q3,S2,XGB,573,Train,0.866234698253165,0.8738673
Q3_S2_XGB_seed42,Q3,S2,XGB,574,Train,0.865776828695711,0.8683888
Q3_S2_XGB_seed42,Q3,S2,XGB,575,Train,0.923347356962982,0.90869355
Q3_S2_XGB_seed42,Q3,S2,XGB,577,Train,0.837502538444339,0.82789576
Q3_S2_XGB_seed42,Q3,S2,XGB,578,Train,0.797969010201319,0.81022483
Q3_S2_XGB_seed42,Q3,S2,XGB,580,Train,0.802422854971014,0.80234355
Q3_S2_XGB_seed42,Q3,S2,XGB,581,Train,0.777988873751503,0.78018355
Q3_S2_XGB_seed42,Q3,S2,XGB,582,Train,0.892298348391422,0.89303833
Q3_S2_XGB_seed42,Q3,S2,XGB,583,Train,0.833194013031795,0.82437664
Q3_S2_XGB_seed42,Q3,S2,XGB,584,Train,0.793809217204316,0.79823524
Q3_S2_XGB_seed42,Q3,S2,XGB,585,Train,0.826226011608823,0.840007
Q3_S2_XGB_seed42,Q3,S2,XGB,586,Train,0.878699293147255,0.8666761
Q3_S2_XGB_seed42,Q3,S2,XGB,588,Train,0.864427740016764,0.8652237
Q3_S2_XGB_seed42,Q3,S2,XGB,589,Train,0.854874876500284,0.866029
Q3_S2_XGB_seed42,Q3,S2,XGB,590,Train,0.789650516165938,0.8003731
Q3_S2_XGB_seed42,Q3,S2,XGB,591,Train,0.782523228550948,0.7760329
Q3_S2_XGB_seed42,Q3,S2,XGB,592,Train,0.801146460271435,0.78867304
Q3_S2_XGB_seed42,Q3,S2,XGB,593,Train,0.73363996111312,0.75203264
Q3_S2_XGB_seed42,Q3,S2,XGB,594,Train,0.916456312894737,0.9042794
Q3_S2_XGB_seed42,Q3,S2,XGB,595,Train,0.868997899727548,0.83523995
Q3_S2_XGB_seed42,Q3,S2,XGB,596,Train,0.804859872876447,0.81154305
Q3_S2_XGB_seed42,Q3,S2,XGB,597,Train,0.810800897585135,0.82165045
Q3_S2_XGB_seed42,Q3,S2,XGB,598,Train,0.800041668864993,0.8130498
Q3_S2_XGB_seed42,Q3,S2,XGB,599,Train,0.836468266501584,0.82165045
Q3_S2_XGB_seed42,Q3,S2,XGB,600,Train,0.83074847205683,0.8482249
Q3_S2_XGB_seed42,Q3,S2,XGB,601,Train,0.885246421967059,0.897151
Q3_S2_XGB_seed42,Q3,S2,XGB,602,Train,0.819970068327537,0.81558657
Q3_S2_XGB_seed42,Q3,S2,XGB,603,Train,0.79470074482459,0.7980227
Q3_S2_XGB_seed42,Q3,S2,XGB,604,Train,0.842822772629174,0.83659804
Q3_S2_XGB_seed42,Q3,S2,XGB,605,Train,0.851500125444752,0.8579372
Q3_S2_XGB_seed42,Q3,S2,XGB,606,Train,0.856573743630585,0.86999243
Q3_S2_XGB_seed42,Q3,S2,XGB,607,Train,0.853159195428482,0.8654039
Q3_S2_XGB_seed42,Q3,S2,XGB,608,Train,0.884006504341295,0.8799577
Q3_S2_XGB_seed42,Q3,S2,XGB,609,Train,0.859008756801763,0.8597124
Q3_S2_XGB_seed42,Q3,S2,XGB,610,Train,0.787478820957529,0.77156186
Q3_S2_XGB_seed42,Q3,S2,XGB,614,Train,0.801715890222028,0.7958572
Q3_S2_XGB_seed42,Q3,S2,XGB,615,Train,0.788862726211253,0.78125495
Q3_S2_XGB_seed42,Q3,S2,XGB,619,Train,0.855412098959476,0.83952534
Q3_S2_XGB_seed42,Q3,S2,XGB,621,Train,0.87841663966553,0.87603116
Q3_S2_XGB_seed42,Q3,S2,XGB,622,Train,0.874141721757814,0.8855728
Q3_S2_XGB_seed42,Q3,S2,XGB,623,Train,0.881852505955376,0.90479636
Q3_S2_XGB_seed42,Q3,S2,XGB,624,Train,0.832374398082112,0.83411574
Q3_S2_XGB_seed42,Q3,S2,XGB,626,Train,0.763034821343403,0.7633377
Q3_S2_XGB_seed42,Q3,S2,XGB,627,Train,0.753909982070491,0.7477038
Q3_S2_XGB_seed42,Q3,S2,XGB,628,Train,0.720251771646694,0.7041705
Q3_S2_XGB_seed42,Q3,S2,XGB,630,Train,0.833276096745915,0.80861425
Q3_S2_XGB_seed42,Q3,S2,XGB,632,Train,0.802888697806569,0.79573977
Q3_S2_XGB_seed42,Q3,S2,XGB,633,Train,0.777173319559092,0.7799245
Q3_S2_XGB_seed42,Q3,S2,XGB,636,Train,0.867796832525943,0.8496733
Q3_S2_XGB_seed42,Q3,S2,XGB,638,Train,0.774399736000629,0.7927177
Q3_S2_XGB_seed42,Q3,S2,XGB,639,Train,0.853183655252342,0.8532012
Q3_S2_XGB_seed42,Q3,S2,XGB,641,Train,0.913307258348461,0.90991944
Q3_S2_XGB_seed42,Q3,S2,XGB,642,Train,0.926720585659848,0.9235417
Q3_S2_XGB_seed42,Q3,S2,XGB,645,Train,0.757660487927601,0.75553113
Q3_S2_XGB_seed42,Q3,S2,XGB,648,Train,0.71312917807553,0.7038361
Q3_S2_XGB_seed42,Q3,S2,XGB,649,Train,0.872930374187904,0.85438454
Q3_S2_XGB_seed42,Q3,S2,XGB,650,Train,0.812924078738548,0.80161643
Q3_S2_XGB_seed42,Q3,S2,XGB,651,Train,0.776881429889234,0.80211025
Q3_S2_XGB_seed42,Q3,S2,XGB,652,Train,0.791868789127212,0.79351085
Q3_S2_XGB_seed42,Q3,S2,XGB,653,Train,0.777772399476774,0.7784426
Q3_S2_XGB_seed42,Q3,S2,XGB,655,Train,0.794376225885031,0.7650823
Q3_S2_XGB_seed42,Q3,S2,XGB,656,Train,0.783682735179066,0.7949348
Q3_S2_XGB_seed42,Q3,S2,XGB,657,Train,0.842772863581729,0.86159754
Q3_S2_XGB_seed42,Q3,S2,XGB,658,Train,0.926720585659848,0.91325027
Q3_S2_XGB_seed42,Q3,S2,XGB,659,Train,0.950158028677875,0.94900465
Q3_S2_XGB_seed42,Q3,S2,XGB,660,Train,0.961127684229507,0.9606533
Q3_S2_XGB_seed42,Q3,S2,XGB,661,Train,0.985847769341663,0.9854805
Q3_S2_XGB_seed42,Q3,S2,XGB,662,Train,0.749146326862969,0.74535406
Q3_S2_XGB_seed42,Q3,S2,XGB,663,Train,0.746590746440129,0.7589642
Q3_S2_XGB_seed42,Q3,S2,XGB,665,Train,0.698084367957614,0.6985206
Q3_S2_XGB_seed42,Q3,S2,XGB,666,Train,0.793151072002874,0.79188395
Q3_S2_XGB_seed42,Q3,S2,XGB,667,Train,0.767418516321959,0.7734949
Q3_S2_XGB_seed42,Q3,S2,XGB,669,Train,0.770900644499919,0.75617975
Q3_S2_XGB_seed42,Q3,S2,XGB,670,Train,0.79375716356903,0.8012541
Q3_S2_XGB_seed42,Q3,S2,XGB,671,Train,0.889507167326115,0.8817602
Q3_S2_XGB_seed42,Q3,S2,XGB,672,Train,0.932642471077175,0.9264134
Q3_S2_XGB_seed42,Q3,S2,XGB,674,Train,0.999553894929436,0.9897779
Q3_S2_XGB_seed42,Q3,S2,XGB,675,Train,1.00528174393871,1.0054555
Q3_S2_XGB_seed42,Q3,S2,XGB,677,Train,0.859113500130653,0.83855003
Q3_S2_XGB_seed42,Q3,S2,XGB,678,Train,0.801961178112691,0.79845893
Q3_S2_XGB_seed42,Q3,S2,XGB,679,Train,0.779106820776095,0.7976368
Q3_S2_XGB_seed42,Q3,S2,XGB,681,Train,0.723048597139057,0.7299643
Q3_S2_XGB_seed42,Q3,S2,XGB,683,Train,0.784398058232244,0.7919162
Q3_S2_XGB_seed42,Q3,S2,XGB,685,Train,0.803492025889185,0.7919162
Q3_S2_XGB_seed42,Q3,S2,XGB,686,Train,0.846700953722188,0.85537946
Q3_S2_XGB_seed42,Q3,S2,XGB,687,Train,0.788559449950821,0.79029137
Q3_S2_XGB_seed42,Q3,S2,XGB,688,Train,0.742008090324318,0.74185365
Q3_S2_XGB_seed42,Q3,S2,XGB,689,Train,0.753272075591055,0.75483024
Q3_S2_XGB_seed42,Q3,S2,XGB,690,Train,0.845300153632359,0.8387466
Q3_S2_XGB_seed42,Q3,S2,XGB,692,Train,0.770956453518485,0.80559504
Q3_S2_XGB_seed42,Q3,S2,XGB,693,Train,0.845953668163504,0.8270675
Q3_S2_XGB_seed42,Q3,S2,XGB,694,Train,0.757645425736901,0.7527211
Q3_S2_XGB_seed42,Q3,S2,XGB,695,Train,0.787196986893441,0.8107737
Q3_S2_XGB_seed42,Q3,S2,XGB,696,Train,0.909280357024702,0.89735746
Q3_S2_XGB_seed42,Q3,S2,XGB,697,Train,0.945687167254019,0.9423572
Q3_S2_XGB_seed42,Q3,S2,XGB,698,Train,0.990399550755274,0.9879265
Q3_S2_XGB_seed42,Q3,S2,XGB,700,Train,1.03125262252782,1.0347553
Q3_S2_XGB_seed42,Q3,S2,XGB,701,Train,0.715131946648899,0.7260503
Q3_S2_XGB_seed42,Q3,S2,XGB,702,Train,0.694710654486211,0.69513524
Q3_S2_XGB_seed42,Q3,S2,XGB,703,Train,0.788919430073695,0.79020303
Q3_S2_XGB_seed42,Q3,S2,XGB,704,Train,0.761627351481268,0.77153933
Q3_S2_XGB_seed42,Q3,S2,XGB,705,Train,0.773622566197128,0.78261733
Q3_S2_XGB_seed42,Q3,S2,XGB,706,Train,0.758798011501759,0.75815743
Q3_S2_XGB_seed42,Q3,S2,XGB,707,Train,0.845300153632359,0.8361755
Q3_S2_XGB_seed42,Q3,S2,XGB,708,Train,0.783261534929068,0.79833907
Q3_S2_XGB_seed42,Q3,S2,XGB,709,Train,0.776944125046722,0.808141
Q3_S2_XGB_seed42,Q3,S2,XGB,710,Train,0.796554495159318,0.79401857
Q3_S2_XGB_seed42,Q3,S2,XGB,712,Train,0.835166094434971,0.8210933
Q3_S2_XGB_seed42,Q3,S2,XGB,713,Train,0.720543434596451,0.74852836
Q3_S2_XGB_seed42,Q3,S2,XGB,714,Train,0.80168230434905,0.81523526
Q3_S2_XGB_seed42,Q3,S2,XGB,715,Train,0.914208226023996,0.90234536
Q3_S2_XGB_seed42,Q3,S2,XGB,716,Train,0.950314521111876,0.9510934
Q3_S2_XGB_seed42,Q3,S2,XGB,717,Train,1.01467278489236,1.0102026
Q3_S2_XGB_seed42,Q3,S2,XGB,718,Train,1.04080712903253,1.0272781
Q3_S2_XGB_seed42,Q3,S2,XGB,719,Train,1.05524419455208,1.0529376
Q3_S2_XGB_seed42,Q3,S2,XGB,720,Train,0.734007498328761,0.7375585
Q3_S2_XGB_seed42,Q3,S2,XGB,722,Train,0.676977294746911,0.6906625
Q3_S2_XGB_seed42,Q3,S2,XGB,723,Train,0.789712178970565,0.7906321
Q3_S2_XGB_seed42,Q3,S2,XGB,724,Train,0.764783542675837,0.76728183
Q3_S2_XGB_seed42,Q3,S2,XGB,727,Train,0.773622566197128,0.7801906
Q3_S2_XGB_seed42,Q3,S2,XGB,728,Train,0.757893465491069,0.7479076
Q3_S2_XGB_seed42,Q3,S2,XGB,729,Train,0.833479813631314,0.83396685
Q3_S2_XGB_seed42,Q3,S2,XGB,730,Train,0.774698231397807,0.78783077
Q3_S2_XGB_seed42,Q3,S2,XGB,731,Train,0.784464901837064,0.79229474
Q3_S2_XGB_seed42,Q3,S2,XGB,732,Train,0.734007498328761,0.7322726
Q3_S2_XGB_seed42,Q3,S2,XGB,734,Train,0.678103962533706,0.68684876
Q3_S2_XGB_seed42,Q3,S2,XGB,735,Train,0.780982137263124,0.78699845
Q3_S2_XGB_seed42,Q3,S2,XGB,736,Train,0.753567565394396,0.762899
Q3_S2_XGB_seed42,Q3,S2,XGB,737,Train,0.773622566197128,0.77297974
Q3_S2_XGB_seed42,Q3,S2,XGB,738,Train,0.759388033493715,0.74810183
Q3_S2_XGB_seed42,Q3,S2,XGB,739,Train,0.832480104824992,0.82400316
Q3_S2_XGB_seed42,Q3,S2,XGB,740,Train,0.779106820776095,0.7802673
Q3_S2_XGB_seed42,Q3,S2,XGB,741,Train,0.777080750036464,0.7886195
Q3_S2_XGB_seed42,Q3,S2,XGB,742,Train,0.810865220177659,0.8042321
Q3_S2_XGB_seed42,Q3,S2,XGB,743,Train,0.701220657756291,0.7266604
Q3_S2_XGB_seed42,Q3,S2,XGB,744,Train,0.84311310408725,0.82252944
Q3_S2_XGB_seed42,Q3,S2,XGB,745,Train,0.917655868986698,0.9117417
Q3_S2_XGB_seed42,Q3,S2,XGB,746,Train,0.954799183427052,0.9584073
Q3_S2_XGB_seed42,Q3,S2,XGB,747,Train,1.03125262252782,1.0260165
Q3_S2_XGB_seed42,Q3,S2,XGB,748,Train,1.06493688802797,1.0409852
Q3_S2_XGB_seed42,Q3,S2,XGB,751,Train,0.713594845288137,0.71974814
Q3_S2_XGB_seed42,Q3,S2,XGB,752,Train,0.688370897174795,0.6883203
Q3_S2_XGB_seed42,Q3,S2,XGB,753,Train,0.77255062916464,0.78381914
Q3_S2_XGB_seed42,Q3,S2,XGB,754,Train,0.757006009701427,0.7622714
Q3_S2_XGB_seed42,Q3,S2,XGB,756,Train,0.773622566197128,0.7698853
Q3_S2_XGB_seed42,Q3,S2,XGB,758,Train,0.82066550733501,0.81660897
Q3_S2_XGB_seed42,Q3,S2,XGB,759,Train,0.783682735179066,0.7786443
Q3_S2_XGB_seed42,Q3,S2,XGB,760,Train,0.76856264759232,0.7786351
Q3_S2_XGB_seed42,Q3,S2,XGB,761,Train,0.735217924121935,0.7295586
Q3_S2_XGB_seed42,Q3,S2,XGB,762,Train,0.718441519246758,0.7165826
Q3_S2_XGB_seed42,Q3,S2,XGB,763,Train,0.688449255531412,0.68614787
Q3_S2_XGB_seed42,Q3,S2,XGB,765,Train,0.746859607841232,0.7583798
Q3_S2_XGB_seed42,Q3,S2,XGB,766,Train,0.973186669599277,0.93503857
Q3_S2_XGB_seed42,Q3,S2,XGB,767,Train,0.759768801741319,0.76672864
Q3_S2_XGB_seed42,Q3,S2,XGB,768,Train,0.757802886706236,0.7522999
Q3_S2_XGB_seed42,Q3,S2,XGB,769,Train,0.806844862473226,0.81041574
Q3_S2_XGB_seed42,Q3,S2,XGB,770,Train,0.773320583288713,0.7705906
Q3_S2_XGB_seed42,Q3,S2,XGB,771,Train,0.76993874578373,0.78722686
Q3_S2_XGB_seed42,Q3,S2,XGB,772,Train,0.782289967046785,0.7828498
Q3_S2_XGB_seed42,Q3,S2,XGB,773,Train,0.692891774424785,0.7181349
Q3_S2_XGB_seed42,Q3,S2,XGB,774,Train,0.845013806324218,0.83325976
Q3_S2_XGB_seed42,Q3,S2,XGB,775,Train,0.904396288730716,0.91009456
Q3_S2_XGB_seed42,Q3,S2,XGB,776,Train,0.950876857435849,0.950048
Q3_S2_XGB_seed42,Q3,S2,XGB,777,Train,1.02582131493631,1.0295315
Q3_S2_XGB_seed42,Q3,S2,XGB,778,Train,1.0696298812969,1.0703702
Q3_S2_XGB_seed42,Q3,S2,XGB,779,Train,1.09690879965459,1.0962905
Q3_S2_XGB_seed42,Q3,S2,XGB,780,Train,0.736439137486459,0.7326903
Q3_S2_XGB_seed42,Q3,S2,XGB,781,Train,0.722248122910828,0.7217029
Q3_S2_XGB_seed42,Q3,S2,XGB,782,Train,0.686057894581173,0.69216245
Q3_S2_XGB_seed42,Q3,S2,XGB,786,Train,0.760839318813295,0.7622354
Q3_S2_XGB_seed42,Q3,S2,XGB,787,Train,0.805847140635809,0.8058255
Q3_S2_XGB_seed42,Q3,S2,XGB,788,Train,0.774518165430972,0.7797369
Q3_S2_XGB_seed42,Q3,S2,XGB,789,Train,0.760204163477313,0.7810958
Q3_S2_XGB_seed42,Q3,S2,XGB,790,Train,0.730069086834549,0.7327598
Q3_S2_XGB_seed42,Q3,S2,XGB,792,Train,0.727544416479067,0.7220259
Q3_S2_XGB_seed42,Q3,S2,XGB,793,Train,0.694543170076781,0.69111085
Q3_S2_XGB_seed42,Q3,S2,XGB,795,Train,0.774518165430972,0.777247
Q3_S2_XGB_seed42,Q3,S2,XGB,796,Train,0.763045688513871,0.79277605
Q3_S2_XGB_seed42,Q3,S2,XGB,797,Train,0.792985905265767,0.78680193
Q3_S2_XGB_seed42,Q3,S2,XGB,798,Train,0.761920681521003,0.76425767
Q3_S2_XGB_seed42,Q3,S2,XGB,799,Train,0.801961178112691,0.78680193
Q3_S2_XGB_seed42,Q3,S2,XGB,800,Train,0.987330734281547,0.931167
Q3_S2_XGB_seed42,Q3,S2,XGB,801,Train,0.769420608847027,0.77876145
Q3_S2_XGB_seed42,Q3,S2,XGB,802,Train,0.689257733017462,0.72452986
Q3_S2_XGB_seed42,Q3,S2,XGB,804,Train,0.915126920728385,0.9357457
Q3_S2_XGB_seed42,Q3,S2,XGB,805,Train,0.957724668649905,0.96947
Q3_S2_XGB_seed42,Q3,S2,XGB,806,Train,1.03063481620061,1.0400558
Q3_S2_XGB_seed42,Q3,S2,XGB,807,Train,1.07716357459863,1.070033
Q3_S2_XGB_seed42,Q3,S2,XGB,808,Train,1.099765176777,1.0977376
Q3_S2_XGB_seed42,Q3,S2,XGB,809,Train,0.730069086834549,0.729996
Q3_S2_XGB_seed42,Q3,S2,XGB,810,Train,0.735308773693085,0.73401624
Q3_S2_XGB_seed42,Q3,S2,XGB,813,Train,0.796413664208491,0.7931661
Q3_S2_XGB_seed42,Q3,S2,XGB,814,Train,0.767488558989535,0.7671632
Q3_S2_XGB_seed42,Q3,S2,XGB,815,Train,0.703988669853818,0.70124257
Q3_S2_XGB_seed42,Q3,S2,XGB,816,Train,0.739353567501696,0.7361491
Q3_S2_XGB_seed42,Q3,S2,XGB,817,Train,0.788423061208014,0.7913383
Q3_S2_XGB_seed42,Q3,S2,XGB,818,Train,0.758235053232286,0.764628
Q3_S2_XGB_seed42,Q3,S2,XGB,819,Train,0.72284929898718,0.71047306
Q3_S2_XGB_seed42,Q3,S2,XGB,820,Train,1.02080147380554,0.9988958
Q3_S2_XGB_seed42,Q3,S2,XGB,821,Train,0.947648069034162,0.9391675
Q3_S2_XGB_seed42,Q3,S2,XGB,822,Train,0.862728357189864,0.879347
Q3_S2_XGB_seed42,Q3,S2,XGB,823,Train,0.839870245957322,0.7835306
Q3_S2_XGB_seed42,Q3,S2,XGB,824,Train,0.824458849728904,0.78844583
Q3_S2_XGB_seed42,Q3,S2,XGB,825,Train,0.804418862461367,0.80791086
Q3_S2_XGB_seed42,Q3,S2,XGB,827,Train,0.755219649235383,0.7835306
Q3_S2_XGB_seed42,Q3,S2,XGB,828,Train,0.758767649085695,0.78844583
Q3_S2_XGB_seed42,Q3,S2,XGB,830,Train,0.896148516387512,0.87881505
Q3_S2_XGB_seed42,Q3,S2,XGB,831,Train,0.74651756923174,0.7835306
Q3_S2_XGB_seed42,Q3,S2,XGB,832,Train,0.740400830055671,0.78844583
Q3_S2_XGB_seed42,Q3,S2,XGB,833,Train,0.767907275522683,0.80791086
Q3_S2_XGB_seed42,Q3,S2,XGB,834,Train,0.896994041262592,0.87881505
Q3_S2_XGB_seed42,Q3,S2,XGB,836,Train,0.83913565970459,0.78844583
Q3_S2_XGB_seed42,Q3,S2,XGB,837,Train,0.861622810252725,0.80791086
Q3_S2_XGB_seed42,Q3,S2,XGB,838,Train,0.881909255770372,0.87881505
Q3_S2_XGB_seed42,Q3,S2,XGB,839,Train,0.77684465445017,0.7835306
Q3_S2_XGB_seed42,Q3,S2,XGB,841,Train,0.798749567481218,0.80791086
Q3_S2_XGB_seed42,Q3,S2,XGB,843,Train,0.783682735179066,0.7835306
Q3_S2_XGB_seed42,Q3,S2,XGB,845,Train,0.804859872876447,0.80791086
Q3_S2_XGB_seed42,Q3,S2,XGB,846,Train,0.830406809094925,0.87881505
Q3_S2_XGB_seed42,Q3,S2,XGB,848,Train,0.988718904599137,0.9611645
Q3_S2_XGB_seed42,Q3,S2,XGB,849,Train,0.843338733281164,0.84356153
Q3_S2_XGB_seed42,Q3,S2,XGB,850,Train,0.888691948306559,0.8792721
Q3_S2_XGB_seed42,Q3,S2,XGB,851,Train,0.838448835114117,0.8341668
Q3_S2_XGB_seed42,Q3,S2,XGB,853,Train,0.93120974605083,0.89644676
Q3_S2_XGB_seed42,Q3,S2,XGB,855,Train,0.891947087933177,0.9149133
Q3_S2_XGB_seed42,Q3,S2,XGB,856,Train,0.841003664585931,0.89644676
Q3_S2_XGB_seed42,Q3,S2,XGB,858,Train,0.837640427960517,0.83102965
Q3_S2_XGB_seed42,Q3,S2,XGB,859,Train,0.976976532023534,0.97061604
Q3_S2_XGB_seed42,Q3,S2,XGB,860,Train,0.875116602351075,0.8848419
Q3_S2_XGB_seed42,Q3,S2,XGB,861,Train,0.806684329368713,0.8332543
Q3_S2_XGB_seed42,Q3,S2,XGB,862,Train,0.801102499746633,0.77302986
Q3_S2_XGB_seed42,Q3,S2,XGB,863,Train,0.788004693259768,0.78307873
Q3_S2_XGB_seed42,Q3,S2,XGB,865,Train,0.905409565154336,0.8997504
Q3_S2_XGB_seed42,Q3,S2,XGB,866,Train,0.729031856490157,0.77302986
Q3_S2_XGB_seed42,Q3,S2,XGB,868,Train,0.805791496614141,0.804189
Q3_S2_XGB_seed42,Q3,S2,XGB,869,Train,0.91435430633742,0.8997504
Q3_S2_XGB_seed42,Q3,S2,XGB,870,Train,0.73919054953609,0.77302986
Q3_S2_XGB_seed42,Q3,S2,XGB,871,Train,0.74439488829365,0.78307873
Q3_S2_XGB_seed42,Q3,S2,XGB,873,Train,0.923963860690704,0.8997504
Q3_S2_XGB_seed42,Q3,S2,XGB,874,Train,0.833194013031795,0.77302986
Q3_S2_XGB_seed42,Q3,S2,XGB,875,Train,0.830460308093366,0.78307873
Q3_S2_XGB_seed42,Q3,S2,XGB,877,Train,0.892161082204004,0.8997504
Q3_S2_XGB_seed42,Q3,S2,XGB,879,Train,0.754580500145541,0.78307873
Q3_S2_XGB_seed42,Q3,S2,XGB,880,Train,0.78318641891646,0.804189
Q3_S2_XGB_seed42,Q3,S2,XGB,881,Train,0.880695747690427,0.8997504
Q3_S2_XGB_seed42,Q3,S2,XGB,882,Train,0.770956453518485,0.77302986
Q3_S2_XGB_seed42,Q3,S2,XGB,884,Train,0.804624381901374,0.804189
Q3_S2_XGB_seed42,Q3,S2,XGB,885,Train,0.877540164348498,0.8997504
Q3_S2_XGB_seed42,Q3,S2,XGB,886,Train,0.861262296092212,0.83815885
Q3_S2_XGB_seed42,Q3,S2,XGB,887,Train,0.862587271755434,0.85530066
Q3_S2_XGB_seed42,Q3,S2,XGB,889,Train,0.855699794660814,0.83771926
Q3_S2_XGB_seed42,Q3,S2,XGB,890,Train,0.933510742242849,0.88962024
Q3_S2_XGB_seed42,Q3,S2,XGB,891,Train,1.00605846926458,0.9233394
Q3_S2_XGB_seed42,Q3,S2,XGB,892,Train,0.866467395757682,0.87837666
Q3_S2_XGB_seed42,Q3,S2,XGB,894,Train,0.826695514401272,0.9233394
Q3_S2_XGB_seed42,Q3,S2,XGB,895,Train,0.929061249041944,0.90919876
Q3_S2_XGB_seed42,Q3,S2,XGB,896,Train,0.818042662263129,0.84208167
Q3_S2_XGB_seed42,Q3,S2,XGB,897,Train,0.812085675359892,0.83572507
Q3_S2_XGB_seed42,Q3,S2,XGB,898,Train,0.778042560572574,0.754616
Q3_S2_XGB_seed42,Q3,S2,XGB,899,Train,0.750039220749238,0.77400917
Q3_S2_XGB_seed42,Q3,S2,XGB,900,Train,0.849781838530611,0.823973
Q3_S2_XGB_seed42,Q3,S2,XGB,901,Train,0.921417913561959,0.90798825
Q3_S2_XGB_seed42,Q3,S2,XGB,902,Train,0.709560263195736,0.754616
Q3_S2_XGB_seed42,Q3,S2,XGB,903,Train,0.767907275522683,0.77400917
Q3_S2_XGB_seed42,Q3,S2,XGB,905,Train,0.923880804895202,0.90798825
Q3_S2_XGB_seed42,Q3,S2,XGB,906,Train,0.731376879007756,0.754616
Q3_S2_XGB_seed42,Q3,S2,XGB,907,Train,0.756332494515326,0.77400917
Q3_S2_XGB_seed42,Q3,S2,XGB,908,Train,0.793009162016314,0.823973
Q3_S2_XGB_seed42,Q3,S2,XGB,909,Train,0.938995087972337,0.90798825
Q3_S2_XGB_seed42,Q3,S2,XGB,911,Train,0.812349202994303,0.77400917
Q3_S2_XGB_seed42,Q3,S2,XGB,913,Train,0.918757744370779,0.90798825
Q3_S2_XGB_seed42,Q3,S2,XGB,916,Train,0.793688616630125,0.823973
Q3_S2_XGB_seed42,Q3,S2,XGB,917,Train,0.895365302224161,0.90798825
Q3_S2_XGB_seed42,Q3,S2,XGB,918,Train,0.760613981871055,0.754616
Q3_S2_XGB_seed42,Q3,S2,XGB,919,Train,0.773129311444233,0.77400917
Q3_S2_XGB_seed42,Q3,S2,XGB,920,Train,0.800973771863673,0.823973
Q3_S2_XGB_seed42,Q3,S2,XGB,921,Train,0.893455868895967,0.90798825
Q3_S2_XGB_seed42,Q3,S2,XGB,923,Train,0.796755167716249,0.81454515
Q3_S2_XGB_seed42,Q3,S2,XGB,924,Train,0.795814694826164,0.8263734
Q3_S2_XGB_seed42,Q3,S2,XGB,925,Train,0.758526566744865,0.7519306
Q3_S2_XGB_seed42,Q3,S2,XGB,926,Train,0.748892319551776,0.7683603
Q3_S2_XGB_seed42,Q3,S2,XGB,928,Train,0.931291021036105,0.91524786
Q3_S2_XGB_seed42,Q3,S2,XGB,929,Train,0.702154693520188,0.7519306
Q3_S2_XGB_seed42,Q3,S2,XGB,930,Train,0.763409984431848,0.7683603
Q3_S2_XGB_seed42,Q3,S2,XGB,931,Train,0.853067002093386,0.8254503
Q3_S2_XGB_seed42,Q3,S2,XGB,932,Train,0.926347305711552,0.91524786
Q3_S2_XGB_seed42,Q3,S2,XGB,933,Train,0.735661375815505,0.7519306
Q3_S2_XGB_seed42,Q3,S2,XGB,934,Train,0.742397974619634,0.7683603
Q3_S2_XGB_seed42,Q3,S2,XGB,935,Train,0.818122373675804,0.8254503
Q3_S2_XGB_seed42,Q3,S2,XGB,936,Train,0.946555392146291,0.91524786
Q3_S2_XGB_seed42,Q3,S2,XGB,937,Train,0.822176110017067,0.7519306
Q3_S2_XGB_seed42,Q3,S2,XGB,938,Train,0.802579810987906,0.7683603
Q3_S2_XGB_seed42,Q3,S2,XGB,939,Train,0.850241359949186,0.8254503
Q3_S2_XGB_seed42,Q3,S2,XGB,940,Train,0.900280998471653,0.91524786
Q3_S2_XGB_seed42,Q3,S2,XGB,941,Train,0.757894222047023,0.7519306
Q3_S2_XGB_seed42,Q3,S2,XGB,942,Train,0.757061429213538,0.7683603
Q3_S2_XGB_seed42,Q3,S2,XGB,944,Train,0.916784083531629,0.91524786
Q3_S2_XGB_seed42,Q3,S2,XGB,946,Train,0.774436547805945,0.7683603
Q3_S2_XGB_seed42,Q3,S2,XGB,947,Train,0.804802264358862,0.8254503
Q3_S2_XGB_seed42,Q3,S2,XGB,948,Train,0.889507167326115,0.91524786
Q3_S2_XGB_seed42,Q3,S2,XGB,949,Train,0.834489600568311,0.82851714
Q3_S2_XGB_seed42,Q3,S2,XGB,950,Train,0.866179569383206,0.8721518
Q3_S2_XGB_seed42,Q3,S2,XGB,951,Train,0.808010862359159,0.8172442
Q3_S2_XGB_seed42,Q3,S2,XGB,952,Train,0.860410176752358,0.85662234
Q3_S2_XGB_seed42,Q3,S2,XGB,953,Train,0.989598819123395,0.90833634
Q3_S2_XGB_seed42,Q3,S2,XGB,954,Train,0.92242775800187,0.8886617
Q3_S2_XGB_seed42,Q3,S2,XGB,956,Train,0.853182190508781,0.90833634
Q3_S2_XGB_seed42,Q3,S2,XGB,959,Train,0.878145002204253,0.87762433
Q3_S2_XGB_seed42,Q3,S2,XGB,960,Train,0.787849267499515,0.8122962
Q3_S2_XGB_seed42,Q3,S2,XGB,961,Train,0.807788120514204,0.8334564
Q3_S2_XGB_seed42,Q3,S2,XGB,962,Train,0.763569965105048,0.76462096
Q3_S2_XGB_seed42,Q3,S2,XGB,963,Train,0.742136835683651,0.77458644
Q3_S2_XGB_seed42,Q3,S2,XGB,967,Train,0.770768562571437,0.77458644
Q3_S2_XGB_seed42,Q3,S2,XGB,968,Train,0.865848949986576,0.84349006
Q3_S2_XGB_seed42,Q3,S2,XGB,969,Train,0.926460609945532,0.91232634
Q3_S2_XGB_seed42,Q3,S2,XGB,970,Train,0.718033884901515,0.76462096
Q3_S2_XGB_seed42,Q3,S2,XGB,971,Train,0.744034833728012,0.77458644
Q3_S2_XGB_seed42,Q3,S2,XGB,972,Train,0.834231145952886,0.84349006
Q3_S2_XGB_seed42,Q3,S2,XGB,973,Train,0.949081938843105,0.91232634
Q3_S2_XGB_seed42,Q3,S2,XGB,974,Train,0.823136893551042,0.76462096
Q3_S2_XGB_seed42,Q3,S2,XGB,975,Train,0.807558799569149,0.77458644
Q3_S2_XGB_seed42,Q3,S2,XGB,976,Train,0.845371896610588,0.84349006
Q3_S2_XGB_seed42,Q3,S2,XGB,977,Train,0.901400479158204,0.91232634
Q3_S2_XGB_seed42,Q3,S2,XGB,978,Train,0.758793795325685,0.76462096
Q3_S2_XGB_seed42,Q3,S2,XGB,979,Train,0.759419253918282,0.77458644
Q3_S2_XGB_seed42,Q3,S2,XGB,981,Train,0.909280357024702,0.91232634
Q3_S2_XGB_seed42,Q3,S2,XGB,982,Train,0.75408366475121,0.76462096
Q3_S2_XGB_seed42,Q3,S2,XGB,983,Train,0.764493341936512,0.77458644
Q3_S2_XGB_seed42,Q3,S2,XGB,985,Train,0.899317323108963,0.91232634
Q3_S2_XGB_seed42,Q3,S2,XGB,990,Train,0.761811915695933,0.78901863
Q3_S2_XGB_seed42,Q3,S2,XGB,991,Train,0.859657066279412,0.8365289
Q3_S2_XGB_seed42,Q3,S2,XGB,992,Train,0.720926707585792,0.74581254
Q3_S2_XGB_seed42,Q3,S2,XGB,993,Train,0.735349221875968,0.76874286
Q3_S2_XGB_seed42,Q3,S2,XGB,994,Train,0.864231348838916,0.8508422
Q3_S2_XGB_seed42,Q3,S2,XGB,996,Train,0.719091440442532,0.74581254
Q3_S2_XGB_seed42,Q3,S2,XGB,997,Train,0.779437546258,0.76874286
Q3_S2_XGB_seed42,Q3,S2,XGB,998,Train,0.860219674132099,0.8508422
Q3_S2_XGB_seed42,Q3,S2,XGB,999,Train,0.928960777763589,0.91310704
Q3_S2_XGB_seed42,Q3,S2,XGB,1000,Train,0.709925720338231,0.74581254
Q3_S2_XGB_seed42,Q3,S2,XGB,1004,Train,0.812887139706805,0.74581254
Q3_S2_XGB_seed42,Q3,S2,XGB,1005,Train,0.798244919255891,0.76874286
Q3_S2_XGB_seed42,Q3,S2,XGB,1006,Train,0.842822772629174,0.8508422
Q3_S2_XGB_seed42,Q3,S2,XGB,1007,Train,0.906955362965224,0.91310704
Q3_S2_XGB_seed42,Q3,S2,XGB,1008,Train,0.747785039139969,0.74581254
Q3_S2_XGB_seed42,Q3,S2,XGB,1009,Train,0.766743793103087,0.76874286
Q3_S2_XGB_seed42,Q3,S2,XGB,1011,Train,0.901897886930289,0.91310704
Q3_S2_XGB_seed42,Q3,S2,XGB,1012,Train,0.759207198504107,0.74581254
Q3_S2_XGB_seed42,Q3,S2,XGB,1013,Train,0.76993874578373,0.76874286
Q3_S2_XGB_seed42,Q3,S2,XGB,1014,Train,0.818834654745319,0.8508422
Q3_S2_XGB_seed42,Q3,S2,XGB,1015,Train,0.905978375447755,0.91310704
Q3_S2_XGB_seed42,Q3,S2,XGB,1016,Train,0.856006369302794,0.83902025
Q3_S2_XGB_seed42,Q3,S2,XGB,1017,Train,0.798470002896076,0.80518246
Q3_S2_XGB_seed42,Q3,S2,XGB,1018,Train,0.867404297372514,0.8651116
Q3_S2_XGB_seed42,Q3,S2,XGB,1020,Train,0.919245673734333,0.8525489
Q3_S2_XGB_seed42,Q3,S2,XGB,1021,Train,1.05737670205315,0.97182924
Q3_S2_XGB_seed42,Q3,S2,XGB,1022,Train,0.853182190508781,0.8623955
Q3_S2_XGB_seed42,Q3,S2,XGB,1023,Train,0.798982458338327,0.8525489
Q3_S2_XGB_seed42,Q3,S2,XGB,1024,Train,0.894639934691145,0.97182924
Q3_S2_XGB_seed42,Q3,S2,XGB,1025,Train,0.836702062630733,0.828733
Q3_S2_XGB_seed42,Q3,S2,XGB,1028,Train,0.711549340265613,0.7470096
Q3_S2_XGB_seed42,Q3,S2,XGB,1029,Train,0.738760170069949,0.7698933
Q3_S2_XGB_seed42,Q3,S2,XGB,1030,Train,0.861641648130033,0.85229623
Q3_S2_XGB_seed42,Q3,S2,XGB,1032,Train,0.718982616423606,0.7470096
Q3_S2_XGB_seed42,Q3,S2,XGB,1033,Train,0.783095405058374,0.7698933
Q3_S2_XGB_seed42,Q3,S2,XGB,1034,Train,0.865454199500397,0.85229623
Q3_S2_XGB_seed42,Q3,S2,XGB,1035,Train,0.933971259237154,0.9298769
Q3_S2_XGB_seed42,Q3,S2,XGB,1036,Train,0.701623672917154,0.7470096
Q3_S2_XGB_seed42,Q3,S2,XGB,1037,Train,0.757193696411778,0.7698933
Q3_S2_XGB_seed42,Q3,S2,XGB,1038,Train,0.872255273289102,0.85229623
Q3_S2_XGB_seed42,Q3,S2,XGB,1039,Train,0.954144546641154,0.9298769
Q3_S2_XGB_seed42,Q3,S2,XGB,1040,Train,0.814569613592269,0.7470096
Q3_S2_XGB_seed42,Q3,S2,XGB,1042,Train,0.859663223157214,0.85229623
Q3_S2_XGB_seed42,Q3,S2,XGB,1043,Train,0.932819211063934,0.9298769
Q3_S2_XGB_seed42,Q3,S2,XGB,1044,Train,0.753576013281286,0.7470096
Q3_S2_XGB_seed42,Q3,S2,XGB,1045,Train,0.76051362037454,0.7698933
Q3_S2_XGB_seed42,Q3,S2,XGB,1046,Train,0.818834654745319,0.85229623
Q3_S2_XGB_seed42,Q3,S2,XGB,1048,Train,0.756624896500184,0.7470096
Q3_S2_XGB_seed42,Q3,S2,XGB,1049,Train,0.760204163477313,0.7698933
Q3_S2_XGB_seed42,Q3,S2,XGB,1050,Train,0.829191674260014,0.85229623
Q3_S2_XGB_seed42,Q3,S2,XGB,1051,Train,0.922527857069852,0.9298769
Q3_S2_XGB_seed42,Q3,S2,XGB,1052,Train,0.79710536729945,0.80116254
Q3_S2_XGB_seed42,Q3,S2,XGB,1053,Train,0.843595373557105,0.8578316
Q3_S2_XGB_seed42,Q3,S2,XGB,1054,Train,0.820417256414491,0.8370572
Q3_S2_XGB_seed42,Q3,S2,XGB,1055,Train,0.957410318343692,0.95573443
Q3_S2_XGB_seed42,Q3,S2,XGB,1056,Train,0.813872622033883,0.82364374
Q3_S2_XGB_seed42,Q3,S2,XGB,1057,Train,0.774189026409601,0.7822269
Q3_S2_XGB_seed42,Q3,S2,XGB,1060,Train,0.761528027071662,0.7735438
Q3_S2_XGB_seed42,Q3,S2,XGB,1061,Train,0.869420076911184,0.85703695
Q3_S2_XGB_seed42,Q3,S2,XGB,1064,Train,0.800373468473371,0.7735438
Q3_S2_XGB_seed42,Q3,S2,XGB,1065,Train,0.868075884732324,0.85703695
Q3_S2_XGB_seed42,Q3,S2,XGB,1066,Train,0.929363429825195,0.9369053
Q3_S2_XGB_seed42,Q3,S2,XGB,1068,Train,0.770219717628378,0.7735438
Q3_S2_XGB_seed42,Q3,S2,XGB,1069,Train,0.88022855729693,0.85703695
Q3_S2_XGB_seed42,Q3,S2,XGB,1070,Train,0.959219672874343,0.9369053
Q3_S2_XGB_seed42,Q3,S2,XGB,1071,Train,0.802296644258131,0.7538832
Q3_S2_XGB_seed42,Q3,S2,XGB,1073,Train,0.866999035914871,0.85703695
Q3_S2_XGB_seed42,Q3,S2,XGB,1074,Train,0.949217949892863,0.9369053
Q3_S2_XGB_seed42,Q3,S2,XGB,1076,Train,0.760204163477313,0.7735438
Q3_S2_XGB_seed42,Q3,S2,XGB,1077,Train,0.822125963335149,0.85703695
Q3_S2_XGB_seed42,Q3,S2,XGB,1078,Train,0.939426893652025,0.9369053
Q3_S2_XGB_seed42,Q3,S2,XGB,1079,Train,0.750569072247341,0.7538832
Q3_S2_XGB_seed42,Q3,S2,XGB,1080,Train,0.763045688513871,0.7735438
Q3_S2_XGB_seed42,Q3,S2,XGB,1081,Train,0.83332674041077,0.85703695
Q3_S2_XGB_seed42,Q3,S2,XGB,1082,Train,0.926188379655635,0.9369053
Q3_S2_XGB_seed42,Q3,S2,XGB,1083,Train,0.797960018930702,0.80333954
Q3_S2_XGB_seed42,Q3,S2,XGB,1084,Train,0.763999535247556,0.7819946
Q3_S2_XGB_seed42,Q3,S2,XGB,1085,Train,0.895543206493383,0.8378297
Q3_S2_XGB_seed42,Q3,S2,XGB,1086,Train,0.708569706169591,0.7388208
Q3_S2_XGB_seed42,Q3,S2,XGB,1088,Train,0.868075884732324,0.8643234
Q3_S2_XGB_seed42,Q3,S2,XGB,1089,Train,0.944032050879927,0.95035654
Q3_S2_XGB_seed42,Q3,S2,XGB,1090,Train,0.733424008300312,0.7388208
Q3_S2_XGB_seed42,Q3,S2,XGB,1091,Train,0.804932790987593,0.7809081
Q3_S2_XGB_seed42,Q3,S2,XGB,1092,Train,0.875958312856537,0.8643234
Q3_S2_XGB_seed42,Q3,S2,XGB,1093,Train,0.93951362970487,0.95035654
Q3_S2_XGB_seed42,Q3,S2,XGB,1094,Train,0.69677225391561,0.7388208
Q3_S2_XGB_seed42,Q3,S2,XGB,1095,Train,0.786180255102554,0.7809081
Q3_S2_XGB_seed42,Q3,S2,XGB,1096,Train,0.882891632476178,0.8643234
Q3_S2_XGB_seed42,Q3,S2,XGB,1097,Train,0.956680557393612,0.95035654
Q3_S2_XGB_seed42,Q3,S2,XGB,1098,Train,0.792504253391991,0.7388208
Q3_S2_XGB_seed42,Q3,S2,XGB,1099,Train,0.789633487297816,0.7809081
Q3_S2_XGB_seed42,Q3,S2,XGB,1101,Train,0.956942220525115,0.95035654
Q3_S2_XGB_seed42,Q3,S2,XGB,1102,Train,0.734199846749297,0.7388208
Q3_S2_XGB_seed42,Q3,S2,XGB,1103,Train,0.774793449957782,0.7809081
Q3_S2_XGB_seed42,Q3,S2,XGB,1104,Train,0.831410637779578,0.8643234
Q3_S2_XGB_seed42,Q3,S2,XGB,1105,Train,0.945850340334221,0.95035654
Q3_S2_XGB_seed42,Q3,S2,XGB,1108,Train,0.845381357533183,0.8643234
Q3_S2_XGB_seed42,Q3,S2,XGB,1109,Train,0.936970712621457,0.95035654
Q3_S2_XGB_seed42,Q3,S2,XGB,1110,Train,0.799935130890267,0.8053928
Q3_S2_XGB_seed42,Q3,S2,XGB,1111,Train,0.76635763480699,0.7841309
Q3_S2_XGB_seed42,Q3,S2,XGB,1113,Train,0.72141924849785,0.74074703
Q3_S2_XGB_seed42,Q3,S2,XGB,1114,Train,0.814615157530146,0.7862342
Q3_S2_XGB_seed42,Q3,S2,XGB,1115,Train,0.870700482829228,0.8688573
Q3_S2_XGB_seed42,Q3,S2,XGB,1117,Train,0.748026513306267,0.74074703
Q3_S2_XGB_seed42,Q3,S2,XGB,1118,Train,0.819042301069102,0.7862342
Q3_S2_XGB_seed42,Q3,S2,XGB,1119,Train,0.872255273289102,0.8688573
Q3_S2_XGB_seed42,Q3,S2,XGB,1120,Train,0.93951362970487,0.95807385
Q3_S2_XGB_seed42,Q3,S2,XGB,1121,Train,0.699087262596401,0.74074703
Q3_S2_XGB_seed42,Q3,S2,XGB,1122,Train,0.804412761608385,0.7862342
Q3_S2_XGB_seed42,Q3,S2,XGB,1123,Train,0.888225610247878,0.8688573
Q3_S2_XGB_seed42,Q3,S2,XGB,1124,Train,0.959219672874343,0.95807385
Q3_S2_XGB_seed42,Q3,S2,XGB,1125,Train,0.794478660847515,0.74074703
Q3_S2_XGB_seed42,Q3,S2,XGB,1126,Train,0.795044896217672,0.7862342
Q3_S2_XGB_seed42,Q3,S2,XGB,1128,Train,0.97232606069617,0.95807385
Q3_S2_XGB_seed42,Q3,S2,XGB,1130,Train,0.76392809877467,0.7862342
Q3_S2_XGB_seed42,Q3,S2,XGB,1131,Train,0.845381357533183,0.8688573
Q3_S2_XGB_seed42,Q3,S2,XGB,1132,Train,0.954485708802878,0.95807385
Q3_S2_XGB_seed42,Q3,S2,XGB,1133,Train,0.742091685619275,0.74074703
Q3_S2_XGB_seed42,Q3,S2,XGB,1134,Train,0.754667374526097,0.7862342
Q3_S2_XGB_seed42,Q3,S2,XGB,1135,Train,0.869999601044121,0.8688573
Q3_S2_XGB_seed42,Q3,S2,XGB,1136,Train,0.952275901991181,0.95807385
Q3_S2_XGB_seed42,Q3,S2,XGB,1137,Train,0.813523741478924,0.83011585
Q3_S2_XGB_seed42,Q3,S2,XGB,1139,Train,0.765581738055363,0.78235793
Q3_S2_XGB_seed42,Q3,S2,XGB,1140,Train,0.893569868785435,0.8425887
Q3_S2_XGB_seed42,Q3,S2,XGB,1141,Train,0.709030521494937,0.7435507
Q3_S2_XGB_seed42,Q3,S2,XGB,1142,Train,0.824401326732183,0.7877094
Q3_S2_XGB_seed42,Q3,S2,XGB,1143,Train,0.875958312856537,0.8796094
Q3_S2_XGB_seed42,Q3,S2,XGB,1144,Train,0.944607596729703,0.9591415
Q3_S2_XGB_seed42,Q3,S2,XGB,1145,Train,0.766681341537034,0.7435507
Q3_S2_XGB_seed42,Q3,S2,XGB,1146,Train,0.821112449176638,0.7877094
Q3_S2_XGB_seed42,Q3,S2,XGB,1147,Train,0.875958312856537,0.8796094
Q3_S2_XGB_seed42,Q3,S2,XGB,1148,Train,0.935150536886007,0.9591415
Q3_S2_XGB_seed42,Q3,S2,XGB,1149,Train,0.702440630147331,0.7435507
Q3_S2_XGB_seed42,Q3,S2,XGB,1151,Train,0.89089646597602,0.8796094
Q3_S2_XGB_seed42,Q3,S2,XGB,1152,Train,0.957395932449324,0.9591415
Q3_S2_XGB_seed42,Q3,S2,XGB,1153,Train,0.798730965528296,0.7435507
Q3_S2_XGB_seed42,Q3,S2,XGB,1154,Train,0.79375716356903,0.7877094
Q3_S2_XGB_seed42,Q3,S2,XGB,1155,Train,0.909280357024702,0.8796094
Q3_S2_XGB_seed42,Q3,S2,XGB,1157,Train,0.740859563923326,0.7435507
Q3_S2_XGB_seed42,Q3,S2,XGB,1158,Train,0.762574527781987,0.7877094
Q3_S2_XGB_seed42,Q3,S2,XGB,1160,Train,0.965390605715699,0.9591415
Q3_S2_XGB_seed42,Q3,S2,XGB,1161,Train,0.743478810778917,0.7435507
Q3_S2_XGB_seed42,Q3,S2,XGB,1162,Train,0.764183080187211,0.7877094
Q3_S2_XGB_seed42,Q3,S2,XGB,1165,Train,0.86118506512759,0.8562015
Q3_S2_XGB_seed42,Q3,S2,XGB,1166,Train,0.774189026409601,0.80047435
Q3_S2_XGB_seed42,Q3,S2,XGB,1168,Train,0.905073760419263,0.84747654
Q3_S2_XGB_seed42,Q3,S2,XGB,1169,Train,0.723035518357035,0.74568194
Q3_S2_XGB_seed42,Q3,S2,XGB,1170,Train,0.826526360327323,0.79664236
Q3_S2_XGB_seed42,Q3,S2,XGB,1171,Train,0.875958312856537,0.88888454
Q3_S2_XGB_seed42,Q3,S2,XGB,1172,Train,0.944607596729703,0.96708107
Q3_S2_XGB_seed42,Q3,S2,XGB,1173,Train,0.760209160895165,0.74568194
Q3_S2_XGB_seed42,Q3,S2,XGB,1174,Train,0.820740259958004,0.79664236
Q3_S2_XGB_seed42,Q3,S2,XGB,1175,Train,0.872255273289102,0.88888454
Q3_S2_XGB_seed42,Q3,S2,XGB,1176,Train,0.945437666284331,0.96708107
Q3_S2_XGB_seed42,Q3,S2,XGB,1178,Train,0.823357286621594,0.79664236
Q3_S2_XGB_seed42,Q3,S2,XGB,1179,Train,0.891799038593436,0.88888454
Q3_S2_XGB_seed42,Q3,S2,XGB,1180,Train,0.959962561862519,0.96708107
Q3_S2_XGB_seed42,Q3,S2,XGB,1181,Train,0.77684465445017,0.74568194
Q3_S2_XGB_seed42,Q3,S2,XGB,1182,Train,0.794780573757261,0.79664236
Q3_S2_XGB_seed42,Q3,S2,XGB,1184,Train,0.996041319454468,0.96708107
Q3_S2_XGB_seed42,Q3,S2,XGB,1185,Train,0.729274737980591,0.74568194
Q3_S2_XGB_seed42,Q3,S2,XGB,1186,Train,0.765245089682088,0.79664236
Q3_S2_XGB_seed42,Q3,S2,XGB,1187,Train,0.900060352488373,0.88888454
Q3_S2_XGB_seed42,Q3,S2,XGB,1188,Train,0.974200495215366,0.96708107
Q3_S2_XGB_seed42,Q3,S2,XGB,1189,Train,0.741022079805728,0.74568194
Q3_S2_XGB_seed42,Q3,S2,XGB,1191,Train,0.924316467912413,0.88888454
Q3_S2_XGB_seed42,Q3,S2,XGB,1194,Train,1.0309100192963,1.0450717
Q3_S2_XGB_seed42,Q3,S2,XGB,1195,Train,1.0309100192963,1.0273386
Q3_S2_XGB_seed42,Q3,S2,XGB,1196,Train,1.04780321656717,1.0363998
Q3_S2_XGB_seed42,Q3,S2,XGB,1197,Train,1.02116378112696,1.0263004
Q3_S2_XGB_seed42,Q3,S2,XGB,1199,Train,0.942863732067123,0.9507828
Q3_S2_XGB_seed42,Q3,S2,XGB,1200,Train,0.858516034072475,0.83865935
Q3_S2_XGB_seed42,Q3,S2,XGB,1201,Train,0.828220858895706,0.8331688
Q3_S2_XGB_seed42,Q3,S2,XGB,1202,Train,1.16613648991414,1.1679262
Q3_S2_XGB_seed42,Q3,S2,XGB,1203,Train,1.17590341402158,1.167714
Q3_S2_XGB_seed42,Q3,S2,XGB,1205,Train,1.15864463864469,1.1512483
Q3_S2_XGB_seed42,Q3,S2,XGB,1208,Train,0.945059146949154,0.94712245
Q3_S2_XGB_seed42,Q3,S2,XGB,1209,Train,0.743453636792905,0.7553286
Q3_S2_XGB_seed42,Q3,S2,XGB,1210,Train,0.756610346124391,0.7512423
Q3_S2_XGB_seed42,Q3,S2,XGB,1211,Train,1.14869832591629,1.1584879
Q3_S2_XGB_seed42,Q3,S2,XGB,1212,Train,1.15615284385716,1.1636571
Q3_S2_XGB_seed42,Q3,S2,XGB,1213,Train,1.15366382320943,1.1484466
Q3_S2_XGB_seed42,Q3,S2,XGB,1214,Train,1.16146409290499,1.154329
Q3_S2_XGB_seed42,Q3,S2,XGB,1216,Train,1.09724257611613,1.1077298
Q3_S2_XGB_seed42,Q3,S2,XGB,1217,Train,0.969373157471161,0.9642944
Q3_S2_XGB_seed42,Q3,S2,XGB,1218,Train,0.767721189179986,0.7625154
Q3_S2_XGB_seed42,Q3,S2,XGB,1219,Train,0.747774846750593,0.7523531
Q3_S2_XGB_seed42,Q3,S2,XGB,1221,Train,1.19192306228115,1.1939586
Q3_S2_XGB_seed42,Q3,S2,XGB,1222,Train,1.19192306228115,1.189295
Q3_S2_XGB_seed42,Q3,S2,XGB,1223,Train,1.17930396588958,1.160328
Q3_S2_XGB_seed42,Q3,S2,XGB,1224,Train,1.15378304985468,1.1573778
Q3_S2_XGB_seed42,Q3,S2,XGB,1225,Train,1.14378937187987,1.143046
Q3_S2_XGB_seed42,Q3,S2,XGB,1226,Train,1.05992184543277,1.0504813
Q3_S2_XGB_seed42,Q3,S2,XGB,1227,Train,0.779325256152953,0.78772265
Q3_S2_XGB_seed42,Q3,S2,XGB,1228,Train,0.765644820823472,0.7820481
Q3_S2_XGB_seed42,Q3,S2,XGB,8,Test,0.852320637196598,1.0198859
Q3_S2_XGB_seed42,Q3,S2,XGB,16,Test,0.757910939800996,0.807497
Q3_S2_XGB_seed42,Q3,S2,XGB,33,Test,0.947878574037492,0.871581
Q3_S2_XGB_seed42,Q3,S2,XGB,40,Test,0.846204660987704,0.9615012
Q3_S2_XGB_seed42,Q3,S2,XGB,41,Test,0.826322526936951,0.8678361
Q3_S2_XGB_seed42,Q3,S2,XGB,49,Test,0.813872622033883,0.8098545
Q3_S2_XGB_seed42,Q3,S2,XGB,55,Test,1.1800839773586,1.0407552
Q3_S2_XGB_seed42,Q3,S2,XGB,60,Test,0.711458783801433,0.8827225
Q3_S2_XGB_seed42,Q3,S2,XGB,62,Test,1.05868835286937,1.0802722
Q3_S2_XGB_seed42,Q3,S2,XGB,65,Test,0.822125963335149,0.864463
Q3_S2_XGB_seed42,Q3,S2,XGB,67,Test,0.860852339675353,0.8786051
Q3_S2_XGB_seed42,Q3,S2,XGB,69,Test,0.952684962682573,0.97742975
Q3_S2_XGB_seed42,Q3,S2,XGB,70,Test,1.00486544375881,1.0473359
Q3_S2_XGB_seed42,Q3,S2,XGB,74,Test,0.813467798407692,0.8349747
Q3_S2_XGB_seed42,Q3,S2,XGB,77,Test,0.852684600835069,0.91827005
Q3_S2_XGB_seed42,Q3,S2,XGB,78,Test,0.903935228958348,1.035448
Q3_S2_XGB_seed42,Q3,S2,XGB,81,Test,0.813467798407692,0.86976504
Q3_S2_XGB_seed42,Q3,S2,XGB,87,Test,0.737639852812842,0.8046077
Q3_S2_XGB_seed42,Q3,S2,XGB,90,Test,0.992568658138745,1.0391656
Q3_S2_XGB_seed42,Q3,S2,XGB,95,Test,0.728664117820701,0.8001859
Q3_S2_XGB_seed42,Q3,S2,XGB,98,Test,0.920532930540302,0.9094012
Q3_S2_XGB_seed42,Q3,S2,XGB,100,Test,0.81331948022468,0.8837618
Q3_S2_XGB_seed42,Q3,S2,XGB,108,Test,0.802674817559499,0.8323102
Q3_S2_XGB_seed42,Q3,S2,XGB,112,Test,0.900141392199746,0.9350691
Q3_S2_XGB_seed42,Q3,S2,XGB,113,Test,0.904396288730716,1.0185663
Q3_S2_XGB_seed42,Q3,S2,XGB,119,Test,0.810800723507938,0.8347018
Q3_S2_XGB_seed42,Q3,S2,XGB,122,Test,1.07485139681547,0.9992715
Q3_S2_XGB_seed42,Q3,S2,XGB,126,Test,1.01467278489236,0.9114389
Q3_S2_XGB_seed42,Q3,S2,XGB,143,Test,0.998279458179488,0.95754445
Q3_S2_XGB_seed42,Q3,S2,XGB,151,Test,0.81033471544061,0.9132894
Q3_S2_XGB_seed42,Q3,S2,XGB,153,Test,0.843369921106177,0.8809092
Q3_S2_XGB_seed42,Q3,S2,XGB,154,Test,0.821094228516559,1.0646389
Q3_S2_XGB_seed42,Q3,S2,XGB,155,Test,0.919162757835833,0.9529471
Q3_S2_XGB_seed42,Q3,S2,XGB,156,Test,1.03546229011457,0.8878233
Q3_S2_XGB_seed42,Q3,S2,XGB,171,Test,0.906717139703928,0.8907055
Q3_S2_XGB_seed42,Q3,S2,XGB,173,Test,0.912905287026554,0.9082397
Q3_S2_XGB_seed42,Q3,S2,XGB,204,Test,1.1393357833334,1.1445141
Q3_S2_XGB_seed42,Q3,S2,XGB,210,Test,0.936810267937746,0.88349986
Q3_S2_XGB_seed42,Q3,S2,XGB,214,Test,1.22065556157337,1.2600154
Q3_S2_XGB_seed42,Q3,S2,XGB,228,Test,1.06344855958423,1.0930749
Q3_S2_XGB_seed42,Q3,S2,XGB,234,Test,1.11427419043542,1.0073442
Q3_S2_XGB_seed42,Q3,S2,XGB,235,Test,0.961279319724471,0.97039354
Q3_S2_XGB_seed42,Q3,S2,XGB,244,Test,0.893061283610279,0.8686095
Q3_S2_XGB_seed42,Q3,S2,XGB,245,Test,1.23569967731168,1.3028152
Q3_S2_XGB_seed42,Q3,S2,XGB,246,Test,0.971990987958718,0.91390586
Q3_S2_XGB_seed42,Q3,S2,XGB,254,Test,1.03327416363859,1.0912974
Q3_S2_XGB_seed42,Q3,S2,XGB,257,Test,1.12250446697086,1.1243294
Q3_S2_XGB_seed42,Q3,S2,XGB,275,Test,0.939184508560139,1.098275
Q3_S2_XGB_seed42,Q3,S2,XGB,284,Test,1.00509196322014,0.9719952
Q3_S2_XGB_seed42,Q3,S2,XGB,295,Test,0.912592939485118,0.9259591
Q3_S2_XGB_seed42,Q3,S2,XGB,296,Test,0.823590841598461,0.8925536
Q3_S2_XGB_seed42,Q3,S2,XGB,301,Test,1.0639187054379,0.9076615
Q3_S2_XGB_seed42,Q3,S2,XGB,321,Test,1.19182986579302,0.97274894
Q3_S2_XGB_seed42,Q3,S2,XGB,326,Test,0.826607210133647,0.8406946
Q3_S2_XGB_seed42,Q3,S2,XGB,338,Test,1.04267580718159,0.98408747
Q3_S2_XGB_seed42,Q3,S2,XGB,341,Test,0.893800025847912,0.8848101
Q3_S2_XGB_seed42,Q3,S2,XGB,342,Test,0.822125963335149,0.90353096
Q3_S2_XGB_seed42,Q3,S2,XGB,343,Test,1.23045619628522,1.1919634
Q3_S2_XGB_seed42,Q3,S2,XGB,360,Test,0.928486314599026,0.9113335
Q3_S2_XGB_seed42,Q3,S2,XGB,361,Test,0.817874479739484,0.9011316
Q3_S2_XGB_seed42,Q3,S2,XGB,362,Test,0.804103761789322,0.8835589
Q3_S2_XGB_seed42,Q3,S2,XGB,364,Test,0.807372310203011,0.8389541
Q3_S2_XGB_seed42,Q3,S2,XGB,366,Test,0.793688616630125,0.90913063
Q3_S2_XGB_seed42,Q3,S2,XGB,368,Test,0.778410456559892,0.7996904
Q3_S2_XGB_seed42,Q3,S2,XGB,370,Test,0.797044767127811,0.96340597
Q3_S2_XGB_seed42,Q3,S2,XGB,371,Test,0.798595345560752,0.8985995
Q3_S2_XGB_seed42,Q3,S2,XGB,386,Test,1.13574687602424,0.99018735
Q3_S2_XGB_seed42,Q3,S2,XGB,397,Test,1.1186386283466,1.0526439
Q3_S2_XGB_seed42,Q3,S2,XGB,399,Test,0.87291386843261,0.8787448
Q3_S2_XGB_seed42,Q3,S2,XGB,401,Test,0.815966834108385,0.827704
Q3_S2_XGB_seed42,Q3,S2,XGB,411,Test,0.877864354166367,0.88958806
Q3_S2_XGB_seed42,Q3,S2,XGB,415,Test,0.925526846600607,0.8616704
Q3_S2_XGB_seed42,Q3,S2,XGB,416,Test,0.849045399851102,0.87589175
Q3_S2_XGB_seed42,Q3,S2,XGB,417,Test,0.808514768466947,0.82277256
Q3_S2_XGB_seed42,Q3,S2,XGB,427,Test,1.215634689863,1.2389954
Q3_S2_XGB_seed42,Q3,S2,XGB,429,Test,1.10827609567712,1.0041573
Q3_S2_XGB_seed42,Q3,S2,XGB,431,Test,0.881268697770986,1.0104574
Q3_S2_XGB_seed42,Q3,S2,XGB,437,Test,1.13482643199722,0.9932066
Q3_S2_XGB_seed42,Q3,S2,XGB,439,Test,0.902931191290748,0.9914986
Q3_S2_XGB_seed42,Q3,S2,XGB,444,Test,0.924601655563363,0.8876498
Q3_S2_XGB_seed42,Q3,S2,XGB,447,Test,0.929918995294268,0.9928155
Q3_S2_XGB_seed42,Q3,S2,XGB,448,Test,1.21062408455055,1.2349164
Q3_S2_XGB_seed42,Q3,S2,XGB,467,Test,0.84311310408725,0.8674396
Q3_S2_XGB_seed42,Q3,S2,XGB,480,Test,0.821675056584442,0.8536323
Q3_S2_XGB_seed42,Q3,S2,XGB,490,Test,0.860232526704263,0.88116896
Q3_S2_XGB_seed42,Q3,S2,XGB,497,Test,0.865613735535156,0.9072994
Q3_S2_XGB_seed42,Q3,S2,XGB,499,Test,0.818501856967033,0.9072994
Q3_S2_XGB_seed42,Q3,S2,XGB,508,Test,0.869145624340571,0.8656608
Q3_S2_XGB_seed42,Q3,S2,XGB,513,Test,0.777541657084211,0.8898594
Q3_S2_XGB_seed42,Q3,S2,XGB,514,Test,0.872373442452523,0.96304065
Q3_S2_XGB_seed42,Q3,S2,XGB,515,Test,0.761899976261084,0.7756264
Q3_S2_XGB_seed42,Q3,S2,XGB,519,Test,0.792940350167374,0.832854
Q3_S2_XGB_seed42,Q3,S2,XGB,522,Test,0.795876748277848,0.77485263
Q3_S2_XGB_seed42,Q3,S2,XGB,525,Test,0.787590206185008,0.92156404
Q3_S2_XGB_seed42,Q3,S2,XGB,531,Test,0.746485628020581,0.7838333
Q3_S2_XGB_seed42,Q3,S2,XGB,534,Test,0.887000548342337,0.90426123
Q3_S2_XGB_seed42,Q3,S2,XGB,535,Test,0.833498423244719,0.8550426
Q3_S2_XGB_seed42,Q3,S2,XGB,537,Test,0.793151072002874,0.805532
Q3_S2_XGB_seed42,Q3,S2,XGB,539,Test,0.970060488345038,0.8982601
Q3_S2_XGB_seed42,Q3,S2,XGB,546,Test,0.889020469334822,0.88848776
Q3_S2_XGB_seed42,Q3,S2,XGB,551,Test,0.831260172592189,0.8436848
Q3_S2_XGB_seed42,Q3,S2,XGB,553,Test,0.826849384947378,0.8073827
Q3_S2_XGB_seed42,Q3,S2,XGB,564,Test,0.878262057500151,0.83916
Q3_S2_XGB_seed42,Q3,S2,XGB,576,Test,0.742339670007947,0.74920493
Q3_S2_XGB_seed42,Q3,S2,XGB,579,Test,0.886763619447251,0.8652337
Q3_S2_XGB_seed42,Q3,S2,XGB,587,Test,0.861216463662039,0.8760338
Q3_S2_XGB_seed42,Q3,S2,XGB,611,Test,0.77213333007826,0.7755386
Q3_S2_XGB_seed42,Q3,S2,XGB,612,Test,0.764913144503674,0.755822
Q3_S2_XGB_seed42,Q3,S2,XGB,613,Test,0.728688971473978,0.7118581
Q3_S2_XGB_seed42,Q3,S2,XGB,616,Test,0.880044085567343,0.84617716
Q3_S2_XGB_seed42,Q3,S2,XGB,617,Test,0.807585700067222,0.7729008
Q3_S2_XGB_seed42,Q3,S2,XGB,618,Test,0.77074592040747,0.7974083
Q3_S2_XGB_seed42,Q3,S2,XGB,620,Test,0.874724003831233,0.8632562
Q3_S2_XGB_seed42,Q3,S2,XGB,625,Test,0.758709176213725,0.7619787
Q3_S2_XGB_seed42,Q3,S2,XGB,629,Test,0.889817242212127,0.85879654
Q3_S2_XGB_seed42,Q3,S2,XGB,631,Test,0.798143063448458,0.8062336
Q3_S2_XGB_seed42,Q3,S2,XGB,634,Test,0.825733401774114,0.79573977
Q3_S2_XGB_seed42,Q3,S2,XGB,635,Test,0.834632208487437,0.84594625
Q3_S2_XGB_seed42,Q3,S2,XGB,637,Test,0.809354767359919,0.77039844
Q3_S2_XGB_seed42,Q3,S2,XGB,640,Test,0.876039548113258,0.8917111
Q3_S2_XGB_seed42,Q3,S2,XGB,643,Test,0.945850340334221,0.9519505
Q3_S2_XGB_seed42,Q3,S2,XGB,644,Test,0.818498551872722,0.8168842
Q3_S2_XGB_seed42,Q3,S2,XGB,646,Test,0.75408366475121,0.75743395
Q3_S2_XGB_seed42,Q3,S2,XGB,647,Test,0.747247842259885,0.7434464
Q3_S2_XGB_seed42,Q3,S2,XGB,654,Test,0.851986068586528,0.84474695
Q3_S2_XGB_seed42,Q3,S2,XGB,664,Test,0.741549273895159,0.7339024
Q3_S2_XGB_seed42,Q3,S2,XGB,668,Test,0.851986068586528,0.82638097
Q3_S2_XGB_seed42,Q3,S2,XGB,673,Test,0.976796171044411,0.9762937
Q3_S2_XGB_seed42,Q3,S2,XGB,676,Test,0.791863787278371,0.7929189
Q3_S2_XGB_seed42,Q3,S2,XGB,680,Test,0.75024454341863,0.74375695
Q3_S2_XGB_seed42,Q3,S2,XGB,682,Test,0.689926541089295,0.69820917
Q3_S2_XGB_seed42,Q3,S2,XGB,684,Test,0.769420608847027,0.77792156
Q3_S2_XGB_seed42,Q3,S2,XGB,691,Test,0.792036479454565,0.79451686
Q3_S2_XGB_seed42,Q3,S2,XGB,699,Test,1.01805929822394,0.9951957
Q3_S2_XGB_seed42,Q3,S2,XGB,721,Test,0.713090900306153,0.7227208
Q3_S2_XGB_seed42,Q3,S2,XGB,733,Test,0.708619564845011,0.7196562
Q3_S2_XGB_seed42,Q3,S2,XGB,749,Test,1.0745623846132,1.0527446
Q3_S2_XGB_seed42,Q3,S2,XGB,750,Test,0.732807913562506,0.7314321
Q3_S2_XGB_seed42,Q3,S2,XGB,757,Test,0.754667374526097,0.7387129
Q3_S2_XGB_seed42,Q3,S2,XGB,764,Test,0.778229870410982,0.77970326
Q3_S2_XGB_seed42,Q3,S2,XGB,783,Test,0.786408672212412,0.7860138
Q3_S2_XGB_seed42,Q3,S2,XGB,784,Test,0.753576013281286,0.77183944
Q3_S2_XGB_seed42,Q3,S2,XGB,785,Test,0.796451175291166,0.7860138
Q3_S2_XGB_seed42,Q3,S2,XGB,791,Test,0.764115759199259,0.7691417
Q3_S2_XGB_seed42,Q3,S2,XGB,794,Test,0.803883097711839,0.810639
Q3_S2_XGB_seed42,Q3,S2,XGB,803,Test,0.864887132936625,0.8469962
Q3_S2_XGB_seed42,Q3,S2,XGB,811,Test,0.735934933307509,0.7291037
Q3_S2_XGB_seed42,Q3,S2,XGB,812,Test,0.696679662727248,0.69893724
Q3_S2_XGB_seed42,Q3,S2,XGB,826,Test,0.86511259293188,0.87881505
Q3_S2_XGB_seed42,Q3,S2,XGB,829,Test,0.799304941599041,0.80791086
Q3_S2_XGB_seed42,Q3,S2,XGB,835,Test,0.834074420809216,0.7835306
Q3_S2_XGB_seed42,Q3,S2,XGB,840,Test,0.76156027562374,0.78844583
Q3_S2_XGB_seed42,Q3,S2,XGB,842,Test,0.827016737870009,0.87881505
Q3_S2_XGB_seed42,Q3,S2,XGB,844,Test,0.782523228550948,0.78844583
Q3_S2_XGB_seed42,Q3,S2,XGB,847,Test,1.05187627303712,0.82352453
Q3_S2_XGB_seed42,Q3,S2,XGB,852,Test,1.0,0.9149133
Q3_S2_XGB_seed42,Q3,S2,XGB,854,Test,0.98736628129819,0.93642277
Q3_S2_XGB_seed42,Q3,S2,XGB,857,Test,0.829831231648525,0.93642277
Q3_S2_XGB_seed42,Q3,S2,XGB,864,Test,0.829581934480047,0.804189
Q3_S2_XGB_seed42,Q3,S2,XGB,867,Test,0.753705950531613,0.78307873
Q3_S2_XGB_seed42,Q3,S2,XGB,872,Test,0.756109151147717,0.804189
Q3_S2_XGB_seed42,Q3,S2,XGB,876,Test,0.850544221972722,0.804189
Q3_S2_XGB_seed42,Q3,S2,XGB,878,Test,0.768122786122246,0.77302986
Q3_S2_XGB_seed42,Q3,S2,XGB,883,Test,0.764260833453758,0.78307873
Q3_S2_XGB_seed42,Q3,S2,XGB,888,Test,0.829146849424817,0.8196393
Q3_S2_XGB_seed42,Q3,S2,XGB,893,Test,0.813477995464056,0.88962024
Q3_S2_XGB_seed42,Q3,S2,XGB,904,Test,0.844991284927913,0.823973
Q3_S2_XGB_seed42,Q3,S2,XGB,910,Test,0.822650923078357,0.754616
Q3_S2_XGB_seed42,Q3,S2,XGB,912,Test,0.842926286538743,0.823973
Q3_S2_XGB_seed42,Q3,S2,XGB,914,Test,0.756129198325393,0.754616
Q3_S2_XGB_seed42,Q3,S2,XGB,915,Test,0.763012843752246,0.77400917
Q3_S2_XGB_seed42,Q3,S2,XGB,922,Test,0.898181417669202,0.86885697
Q3_S2_XGB_seed42,Q3,S2,XGB,927,Test,0.852524328493307,0.8254503
Q3_S2_XGB_seed42,Q3,S2,XGB,943,Test,0.806233218706077,0.8254503
Q3_S2_XGB_seed42,Q3,S2,XGB,945,Test,0.766743793103087,0.7519306
Q3_S2_XGB_seed42,Q3,S2,XGB,955,Test,1.01472282521954,0.9457781
Q3_S2_XGB_seed42,Q3,S2,XGB,957,Test,0.80717197123045,0.8886617
Q3_S2_XGB_seed42,Q3,S2,XGB,958,Test,0.835775714089677,0.9457781
Q3_S2_XGB_seed42,Q3,S2,XGB,964,Test,0.855616672954909,0.84349006
Q3_S2_XGB_seed42,Q3,S2,XGB,965,Test,0.933768178822049,0.91232634
Q3_S2_XGB_seed42,Q3,S2,XGB,966,Test,0.705375122357597,0.76462096
Q3_S2_XGB_seed42,Q3,S2,XGB,980,Test,0.799615295736052,0.84349006
Q3_S2_XGB_seed42,Q3,S2,XGB,984,Test,0.808672040193808,0.84349006
Q3_S2_XGB_seed42,Q3,S2,XGB,989,Test,0.856527083574307,0.82759106
Q3_S2_XGB_seed42,Q3,S2,XGB,995,Test,0.94122051777521,0.91310704
Q3_S2_XGB_seed42,Q3,S2,XGB,1001,Test,0.738780628318686,0.76874286
Q3_S2_XGB_seed42,Q3,S2,XGB,1002,Test,0.856382665714486,0.8508422
Q3_S2_XGB_seed42,Q3,S2,XGB,1003,Test,0.951611665438936,0.91310704
Q3_S2_XGB_seed42,Q3,S2,XGB,1010,Test,0.807372310203011,0.8508422
Q3_S2_XGB_seed42,Q3,S2,XGB,1019,Test,0.97754928544809,0.8623955
Q3_S2_XGB_seed42,Q3,S2,XGB,1026,Test,0.766073853156941,0.78914654
Q3_S2_XGB_seed42,Q3,S2,XGB,1027,Test,0.870226290982859,0.8349622
Q3_S2_XGB_seed42,Q3,S2,XGB,1031,Test,0.936481518609124,0.9298769
Q3_S2_XGB_seed42,Q3,S2,XGB,1041,Test,0.793027846274449,0.7698933
Q3_S2_XGB_seed42,Q3,S2,XGB,1047,Test,0.92043966507775,0.9298769
Q3_S2_XGB_seed42,Q3,S2,XGB,1058,Test,0.882445021438997,0.83083886
Q3_S2_XGB_seed42,Q3,S2,XGB,1059,Test,0.696130860398804,0.7538832
Q3_S2_XGB_seed42,Q3,S2,XGB,1062,Test,0.938995087972337,0.9369053
Q3_S2_XGB_seed42,Q3,S2,XGB,1063,Test,0.724687392452051,0.7538832
Q3_S2_XGB_seed42,Q3,S2,XGB,1067,Test,0.692510670315816,0.7538832
Q3_S2_XGB_seed42,Q3,S2,XGB,1072,Test,0.791863787278371,0.7735438
Q3_S2_XGB_seed42,Q3,S2,XGB,1075,Test,0.746982840546495,0.7538832
Q3_S2_XGB_seed42,Q3,S2,XGB,1087,Test,0.788316855346138,0.7809081
Q3_S2_XGB_seed42,Q3,S2,XGB,1100,Test,0.874724003831233,0.8643234
Q3_S2_XGB_seed42,Q3,S2,XGB,1106,Test,0.737991169849063,0.7388208
Q3_S2_XGB_seed42,Q3,S2,XGB,1107,Test,0.760892032233977,0.7809081
Q3_S2_XGB_seed42,Q3,S2,XGB,1112,Test,0.894448704342633,0.83447486
Q3_S2_XGB_seed42,Q3,S2,XGB,1116,Test,0.949081938843105,0.95807385
Q3_S2_XGB_seed42,Q3,S2,XGB,1127,Test,0.893412560197882,0.8688573
Q3_S2_XGB_seed42,Q3,S2,XGB,1129,Test,0.736375333711986,0.74074703
Q3_S2_XGB_seed42,Q3,S2,XGB,1138,Test,0.785294421397043,0.80397975
Q3_S2_XGB_seed42,Q3,S2,XGB,1150,Test,0.818012884857102,0.7877094
Q3_S2_XGB_seed42,Q3,S2,XGB,1156,Test,0.987350077425618,0.9591415
Q3_S2_XGB_seed42,Q3,S2,XGB,1159,Test,0.854579770296881,0.8796094
Q3_S2_XGB_seed42,Q3,S2,XGB,1163,Test,0.880095843518457,0.8796094
Q3_S2_XGB_seed42,Q3,S2,XGB,1164,Test,0.963352339838838,0.9591415
Q3_S2_XGB_seed42,Q3,S2,XGB,1167,Test,0.780601625075104,0.78710693
Q3_S2_XGB_seed42,Q3,S2,XGB,1177,Test,0.717878780699404,0.74568194
Q3_S2_XGB_seed42,Q3,S2,XGB,1183,Test,0.94370407868224,0.88888454
Q3_S2_XGB_seed42,Q3,S2,XGB,1190,Test,0.772100152115195,0.79664236
Q3_S2_XGB_seed42,Q3,S2,XGB,1192,Test,0.970053895441174,0.96708107
Q3_S2_XGB_seed42,Q3,S2,XGB,1193,Test,1.06402417781585,1.085151
Q3_S2_XGB_seed42,Q3,S2,XGB,1198,Test,1.00621600482152,1.0298709
Q3_S2_XGB_seed42,Q3,S2,XGB,1204,Test,1.17590341402158,1.1451668
Q3_S2_XGB_seed42,Q3,S2,XGB,1206,Test,1.14889975557443,1.1418461
Q3_S2_XGB_seed42,Q3,S2,XGB,1207,Test,1.15184604574972,1.1066337
Q3_S2_XGB_seed42,Q3,S2,XGB,1215,Test,1.12665504657055,1.1427819
Q3_S2_XGB_seed42,Q3,S2,XGB,1220,Test,1.1943087167904,1.1615064
Q3_S3_XGB_seed42,Q3,S3,XGB,5,Train,1.11514676750688,1.0639443
Q3_S3_XGB_seed42,Q3,S3,XGB,6,Train,1.0565765573796,1.0418724
Q3_S3_XGB_seed42,Q3,S3,XGB,7,Train,0.896984787073229,0.8952206
Q3_S3_XGB_seed42,Q3,S3,XGB,9,Train,0.76051362037454,0.75119764
Q3_S3_XGB_seed42,Q3,S3,XGB,10,Train,0.950497286823995,0.92342484
Q3_S3_XGB_seed42,Q3,S3,XGB,12,Train,1.07686468394027,0.89799774
Q3_S3_XGB_seed42,Q3,S3,XGB,13,Train,0.933147035394019,0.9266016
Q3_S3_XGB_seed42,Q3,S3,XGB,14,Train,0.785557623630764,0.79089105
Q3_S3_XGB_seed42,Q3,S3,XGB,15,Train,0.842644918243032,0.79951674
Q3_S3_XGB_seed42,Q3,S3,XGB,17,Train,0.886580948587187,0.86894727
Q3_S3_XGB_seed42,Q3,S3,XGB,18,Train,0.934277126829998,0.8955248
Q3_S3_XGB_seed42,Q3,S3,XGB,20,Train,1.23705008651909,1.183813
Q3_S3_XGB_seed42,Q3,S3,XGB,21,Train,1.12081929484091,1.1196954
Q3_S3_XGB_seed42,Q3,S3,XGB,22,Train,1.01850275153181,0.90905637
Q3_S3_XGB_seed42,Q3,S3,XGB,23,Train,0.870122736694625,0.90905637
Q3_S3_XGB_seed42,Q3,S3,XGB,24,Train,0.901897886930289,0.8889882
Q3_S3_XGB_seed42,Q3,S3,XGB,28,Train,1.10127559245174,1.0878465
Q3_S3_XGB_seed42,Q3,S3,XGB,29,Train,1.00531824737307,0.99457103
Q3_S3_XGB_seed42,Q3,S3,XGB,30,Train,0.920314571147693,0.901544
Q3_S3_XGB_seed42,Q3,S3,XGB,31,Train,0.842933486548124,0.8754552
Q3_S3_XGB_seed42,Q3,S3,XGB,32,Train,0.866913768550946,0.86879736
Q3_S3_XGB_seed42,Q3,S3,XGB,34,Train,1.00281893894957,0.98106474
Q3_S3_XGB_seed42,Q3,S3,XGB,35,Train,1.0400567900952,1.0379928
Q3_S3_XGB_seed42,Q3,S3,XGB,36,Train,1.07283135226429,1.042112
Q3_S3_XGB_seed42,Q3,S3,XGB,37,Train,1.0544181367815,1.070648
Q3_S3_XGB_seed42,Q3,S3,XGB,38,Train,0.973831697368482,0.97851306
Q3_S3_XGB_seed42,Q3,S3,XGB,39,Train,0.906030407651833,0.901544
Q3_S3_XGB_seed42,Q3,S3,XGB,42,Train,0.899866388788341,0.8707608
Q3_S3_XGB_seed42,Q3,S3,XGB,43,Train,0.929645323254218,0.92448276
Q3_S3_XGB_seed42,Q3,S3,XGB,44,Train,0.962587613991127,0.9646942
Q3_S3_XGB_seed42,Q3,S3,XGB,45,Train,0.964652847972138,0.95675135
Q3_S3_XGB_seed42,Q3,S3,XGB,46,Train,1.00614212656907,0.99574965
Q3_S3_XGB_seed42,Q3,S3,XGB,47,Train,0.841068495208582,0.88735896
Q3_S3_XGB_seed42,Q3,S3,XGB,48,Train,0.777823644006181,0.79089105
Q3_S3_XGB_seed42,Q3,S3,XGB,50,Train,0.736439137486459,0.7446689
Q3_S3_XGB_seed42,Q3,S3,XGB,51,Train,0.827266068741322,0.83669025
Q3_S3_XGB_seed42,Q3,S3,XGB,52,Train,0.965447930384461,0.9070572
Q3_S3_XGB_seed42,Q3,S3,XGB,53,Train,0.823869594684897,0.82861376
Q3_S3_XGB_seed42,Q3,S3,XGB,56,Train,1.06631401603798,0.96214974
Q3_S3_XGB_seed42,Q3,S3,XGB,57,Train,0.920757730594384,0.9040998
Q3_S3_XGB_seed42,Q3,S3,XGB,58,Train,0.874320308993983,0.90089226
Q3_S3_XGB_seed42,Q3,S3,XGB,59,Train,0.924047364068431,0.9633925
Q3_S3_XGB_seed42,Q3,S3,XGB,61,Train,0.949867691891581,0.95688176
Q3_S3_XGB_seed42,Q3,S3,XGB,63,Train,0.976976532023534,0.9717966
Q3_S3_XGB_seed42,Q3,S3,XGB,64,Train,0.906801235757686,0.91103154
Q3_S3_XGB_seed42,Q3,S3,XGB,66,Train,0.812015177575546,0.82753444
Q3_S3_XGB_seed42,Q3,S3,XGB,68,Train,0.898774056329083,0.9071964
Q3_S3_XGB_seed42,Q3,S3,XGB,71,Train,1.03757357258339,1.0828412
Q3_S3_XGB_seed42,Q3,S3,XGB,72,Train,0.953736688508713,0.9717966
Q3_S3_XGB_seed42,Q3,S3,XGB,73,Train,0.883117327217867,0.87692565
Q3_S3_XGB_seed42,Q3,S3,XGB,75,Train,0.800814624767177,0.7975935
Q3_S3_XGB_seed42,Q3,S3,XGB,76,Train,0.821675056584442,0.83420056
Q3_S3_XGB_seed42,Q3,S3,XGB,79,Train,0.912142251080241,0.95675135
Q3_S3_XGB_seed42,Q3,S3,XGB,80,Train,0.934315649073268,0.9350534
Q3_S3_XGB_seed42,Q3,S3,XGB,82,Train,0.772100152115195,0.79089105
Q3_S3_XGB_seed42,Q3,S3,XGB,83,Train,0.82751179955198,0.8463714
Q3_S3_XGB_seed42,Q3,S3,XGB,84,Train,0.735308773693085,0.75780153
Q3_S3_XGB_seed42,Q3,S3,XGB,85,Train,0.804863789287563,0.8336718
Q3_S3_XGB_seed42,Q3,S3,XGB,86,Train,0.91052496907352,0.9127944
Q3_S3_XGB_seed42,Q3,S3,XGB,89,Train,1.12534479349634,1.1196954
Q3_S3_XGB_seed42,Q3,S3,XGB,91,Train,0.85684247351947,0.90905637
Q3_S3_XGB_seed42,Q3,S3,XGB,92,Train,0.869365755467141,0.8701083
Q3_S3_XGB_seed42,Q3,S3,XGB,93,Train,0.974544273463535,0.97717863
Q3_S3_XGB_seed42,Q3,S3,XGB,94,Train,0.699692444654365,0.7364493
Q3_S3_XGB_seed42,Q3,S3,XGB,96,Train,1.07945554814053,1.0449361
Q3_S3_XGB_seed42,Q3,S3,XGB,97,Train,0.99614458008211,1.0046109
Q3_S3_XGB_seed42,Q3,S3,XGB,99,Train,0.837452530024711,0.82860744
Q3_S3_XGB_seed42,Q3,S3,XGB,101,Train,0.877938882001441,0.865998
Q3_S3_XGB_seed42,Q3,S3,XGB,102,Train,0.930366682240684,0.918519
Q3_S3_XGB_seed42,Q3,S3,XGB,103,Train,0.976414639385889,0.98577756
Q3_S3_XGB_seed42,Q3,S3,XGB,104,Train,1.02231802183271,0.99922174
Q3_S3_XGB_seed42,Q3,S3,XGB,105,Train,1.04170153253153,1.0490476
Q3_S3_XGB_seed42,Q3,S3,XGB,106,Train,0.962148070655844,0.9694787
Q3_S3_XGB_seed42,Q3,S3,XGB,107,Train,0.877227261616662,0.901544
Q3_S3_XGB_seed42,Q3,S3,XGB,109,Train,0.775453968442856,0.79113835
Q3_S3_XGB_seed42,Q3,S3,XGB,110,Train,0.807135366414901,0.8180695
Q3_S3_XGB_seed42,Q3,S3,XGB,111,Train,0.858775531141403,0.88660306
Q3_S3_XGB_seed42,Q3,S3,XGB,114,Train,0.8765668989859,0.8929563
Q3_S3_XGB_seed42,Q3,S3,XGB,115,Train,0.820060973342836,0.82860744
Q3_S3_XGB_seed42,Q3,S3,XGB,116,Train,0.74651756923174,0.7828103
Q3_S3_XGB_seed42,Q3,S3,XGB,117,Train,0.842907501341001,0.83724284
Q3_S3_XGB_seed42,Q3,S3,XGB,118,Train,0.73095404771111,0.7451598
Q3_S3_XGB_seed42,Q3,S3,XGB,120,Train,0.852320637196598,0.84818333
Q3_S3_XGB_seed42,Q3,S3,XGB,123,Train,0.931712883387309,0.90905637
Q3_S3_XGB_seed42,Q3,S3,XGB,124,Train,0.816470299348186,0.88629186
Q3_S3_XGB_seed42,Q3,S3,XGB,125,Train,0.904169723291315,0.90905637
Q3_S3_XGB_seed42,Q3,S3,XGB,127,Train,0.766407774105349,0.7980754
Q3_S3_XGB_seed42,Q3,S3,XGB,129,Train,0.854253259929068,0.8603384
Q3_S3_XGB_seed42,Q3,S3,XGB,130,Train,0.859202484788517,0.8639962
Q3_S3_XGB_seed42,Q3,S3,XGB,131,Train,0.825559406026328,0.86167544
Q3_S3_XGB_seed42,Q3,S3,XGB,132,Train,0.779662587096313,0.778571
Q3_S3_XGB_seed42,Q3,S3,XGB,133,Train,0.897063983849173,0.89486146
Q3_S3_XGB_seed42,Q3,S3,XGB,134,Train,0.731582105741902,0.78022844
Q3_S3_XGB_seed42,Q3,S3,XGB,136,Train,1.11873809026471,1.0828412
Q3_S3_XGB_seed42,Q3,S3,XGB,137,Train,1.03307658025924,1.0075374
Q3_S3_XGB_seed42,Q3,S3,XGB,138,Train,0.938094690126679,0.91650563
Q3_S3_XGB_seed42,Q3,S3,XGB,139,Train,0.865836496621492,0.8533272
Q3_S3_XGB_seed42,Q3,S3,XGB,140,Train,0.81886553699064,0.81125957
Q3_S3_XGB_seed42,Q3,S3,XGB,141,Train,0.886590643030329,0.88537765
Q3_S3_XGB_seed42,Q3,S3,XGB,142,Train,0.936618684449866,0.9317458
Q3_S3_XGB_seed42,Q3,S3,XGB,144,Train,1.03909437030581,1.0427893
Q3_S3_XGB_seed42,Q3,S3,XGB,145,Train,0.847375648720677,0.89799774
Q3_S3_XGB_seed42,Q3,S3,XGB,146,Train,0.823886993768721,0.8317601
Q3_S3_XGB_seed42,Q3,S3,XGB,147,Train,0.814845935224556,0.8832522
Q3_S3_XGB_seed42,Q3,S3,XGB,148,Train,0.926494074528407,0.86329776
Q3_S3_XGB_seed42,Q3,S3,XGB,149,Train,0.723790296687503,0.7365189
Q3_S3_XGB_seed42,Q3,S3,XGB,150,Train,0.83911607828791,0.83037317
Q3_S3_XGB_seed42,Q3,S3,XGB,152,Train,1.03982899113222,1.0156404
Q3_S3_XGB_seed42,Q3,S3,XGB,157,Train,0.857957011285251,0.8590956
Q3_S3_XGB_seed42,Q3,S3,XGB,158,Train,0.824492863020455,0.8423685
Q3_S3_XGB_seed42,Q3,S3,XGB,159,Train,0.831933637325084,0.838542
Q3_S3_XGB_seed42,Q3,S3,XGB,160,Train,0.87058484268274,0.8437985
Q3_S3_XGB_seed42,Q3,S3,XGB,161,Train,0.953709001950396,0.8832522
Q3_S3_XGB_seed42,Q3,S3,XGB,162,Train,0.748051942207763,0.7451598
Q3_S3_XGB_seed42,Q3,S3,XGB,163,Train,0.771800126144815,0.8220956
Q3_S3_XGB_seed42,Q3,S3,XGB,164,Train,1.03559606790605,1.0397189
Q3_S3_XGB_seed42,Q3,S3,XGB,165,Train,0.803044753553073,0.84388727
Q3_S3_XGB_seed42,Q3,S3,XGB,166,Train,0.83233691267763,0.91676366
Q3_S3_XGB_seed42,Q3,S3,XGB,167,Train,0.94383618222052,0.9435201
Q3_S3_XGB_seed42,Q3,S3,XGB,168,Train,1.03751339989451,1.0170056
Q3_S3_XGB_seed42,Q3,S3,XGB,169,Train,0.808409412610811,0.8473781
Q3_S3_XGB_seed42,Q3,S3,XGB,170,Train,0.905409565154336,0.866492
Q3_S3_XGB_seed42,Q3,S3,XGB,172,Train,0.910340354147792,0.8816335
Q3_S3_XGB_seed42,Q3,S3,XGB,195,Train,1.12517950776161,1.130582
Q3_S3_XGB_seed42,Q3,S3,XGB,196,Train,1.12868176576461,1.1317937
Q3_S3_XGB_seed42,Q3,S3,XGB,197,Train,1.13400469131662,1.1292689
Q3_S3_XGB_seed42,Q3,S3,XGB,198,Train,1.1545232562397,1.1356727
Q3_S3_XGB_seed42,Q3,S3,XGB,199,Train,1.14290667777114,1.1391213
Q3_S3_XGB_seed42,Q3,S3,XGB,200,Train,1.12785654669737,1.1359955
Q3_S3_XGB_seed42,Q3,S3,XGB,201,Train,1.12602340161149,1.131266
Q3_S3_XGB_seed42,Q3,S3,XGB,202,Train,1.13400469131662,1.1286068
Q3_S3_XGB_seed42,Q3,S3,XGB,203,Train,1.14467492771398,1.132974
Q3_S3_XGB_seed42,Q3,S3,XGB,205,Train,1.32560048277304,1.3063813
Q3_S3_XGB_seed42,Q3,S3,XGB,206,Train,1.13493357440378,1.1155949
Q3_S3_XGB_seed42,Q3,S3,XGB,207,Train,1.09420703701744,1.100452
Q3_S3_XGB_seed42,Q3,S3,XGB,208,Train,1.24105449234269,1.2308366
Q3_S3_XGB_seed42,Q3,S3,XGB,209,Train,0.845171439294695,0.8597955
Q3_S3_XGB_seed42,Q3,S3,XGB,211,Train,1.22802583136846,1.2397064
Q3_S3_XGB_seed42,Q3,S3,XGB,212,Train,1.19314942116747,1.0518905
Q3_S3_XGB_seed42,Q3,S3,XGB,213,Train,1.0019037098872,0.9883908
Q3_S3_XGB_seed42,Q3,S3,XGB,215,Train,1.2728771554883,1.0777156
Q3_S3_XGB_seed42,Q3,S3,XGB,216,Train,1.01935024138376,0.9901132
Q3_S3_XGB_seed42,Q3,S3,XGB,217,Train,1.12517950776161,1.1305678
Q3_S3_XGB_seed42,Q3,S3,XGB,218,Train,1.12517950776161,1.1282786
Q3_S3_XGB_seed42,Q3,S3,XGB,219,Train,1.13400469131662,1.1281819
Q3_S3_XGB_seed42,Q3,S3,XGB,220,Train,1.14555871834836,1.1332909
Q3_S3_XGB_seed42,Q3,S3,XGB,221,Train,1.13134220052408,1.136638
Q3_S3_XGB_seed42,Q3,S3,XGB,222,Train,1.30129179304586,1.2765068
Q3_S3_XGB_seed42,Q3,S3,XGB,223,Train,1.12785654669737,1.131056
Q3_S3_XGB_seed42,Q3,S3,XGB,224,Train,1.13134220052408,1.1307157
Q3_S3_XGB_seed42,Q3,S3,XGB,225,Train,1.11983143864454,1.1135943
Q3_S3_XGB_seed42,Q3,S3,XGB,226,Train,1.10649699406606,1.1134803
Q3_S3_XGB_seed42,Q3,S3,XGB,227,Train,1.11105971599558,1.1122489
Q3_S3_XGB_seed42,Q3,S3,XGB,229,Train,1.07786230064286,1.0814215
Q3_S3_XGB_seed42,Q3,S3,XGB,230,Train,1.23328727511638,1.2388523
Q3_S3_XGB_seed42,Q3,S3,XGB,231,Train,0.852286444133707,0.8578996
Q3_S3_XGB_seed42,Q3,S3,XGB,232,Train,0.900280998471653,0.8996121
Q3_S3_XGB_seed42,Q3,S3,XGB,233,Train,1.24295421262678,1.241665
Q3_S3_XGB_seed42,Q3,S3,XGB,236,Train,1.21062408455055,1.1985804
Q3_S3_XGB_seed42,Q3,S3,XGB,237,Train,1.16301255092905,1.134004
Q3_S3_XGB_seed42,Q3,S3,XGB,238,Train,0.980590602917416,0.9815428
Q3_S3_XGB_seed42,Q3,S3,XGB,239,Train,1.29849185828608,1.307337
Q3_S3_XGB_seed42,Q3,S3,XGB,240,Train,1.06854609992783,1.0937588
Q3_S3_XGB_seed42,Q3,S3,XGB,241,Train,1.08519218707036,1.0830784
Q3_S3_XGB_seed42,Q3,S3,XGB,242,Train,1.23328727511638,1.2216706
Q3_S3_XGB_seed42,Q3,S3,XGB,243,Train,0.865067797277029,0.8656338
Q3_S3_XGB_seed42,Q3,S3,XGB,247,Train,0.953713108737876,0.95073956
Q3_S3_XGB_seed42,Q3,S3,XGB,248,Train,1.21062408455055,1.2242737
Q3_S3_XGB_seed42,Q3,S3,XGB,249,Train,1.05954037695122,1.0540638
Q3_S3_XGB_seed42,Q3,S3,XGB,250,Train,0.98640277120882,0.9815428
Q3_S3_XGB_seed42,Q3,S3,XGB,251,Train,1.13053556958367,1.1321787
Q3_S3_XGB_seed42,Q3,S3,XGB,252,Train,1.12250446697086,1.1203781
Q3_S3_XGB_seed42,Q3,S3,XGB,253,Train,1.07549495505976,1.0864425
Q3_S3_XGB_seed42,Q3,S3,XGB,255,Train,1.0829352885134,1.0945033
Q3_S3_XGB_seed42,Q3,S3,XGB,258,Train,1.11105971599558,1.0942855
Q3_S3_XGB_seed42,Q3,S3,XGB,259,Train,1.01386063203782,1.0050845
Q3_S3_XGB_seed42,Q3,S3,XGB,260,Train,0.95690803542294,1.000393
Q3_S3_XGB_seed42,Q3,S3,XGB,261,Train,1.06021217500802,1.0457946
Q3_S3_XGB_seed42,Q3,S3,XGB,269,Train,1.30972958302411,1.3103683
Q3_S3_XGB_seed42,Q3,S3,XGB,270,Train,1.08077410214474,1.1033335
Q3_S3_XGB_seed42,Q3,S3,XGB,271,Train,1.24825529374785,1.2460257
Q3_S3_XGB_seed42,Q3,S3,XGB,272,Train,0.8581249828584,0.8616176
Q3_S3_XGB_seed42,Q3,S3,XGB,273,Train,0.872200174343443,0.8775722
Q3_S3_XGB_seed42,Q3,S3,XGB,274,Train,1.22559832447829,1.2235996
Q3_S3_XGB_seed42,Q3,S3,XGB,276,Train,0.912790229307553,0.9158564
Q3_S3_XGB_seed42,Q3,S3,XGB,277,Train,1.22065556157337,1.2024974
Q3_S3_XGB_seed42,Q3,S3,XGB,278,Train,0.963352339838838,0.951811
Q3_S3_XGB_seed42,Q3,S3,XGB,279,Train,0.963157212909166,0.97026134
Q3_S3_XGB_seed42,Q3,S3,XGB,280,Train,1.1104689452522,1.0892417
Q3_S3_XGB_seed42,Q3,S3,XGB,281,Train,1.05497462859644,1.0242798
Q3_S3_XGB_seed42,Q3,S3,XGB,282,Train,0.862978249917694,0.92126644
Q3_S3_XGB_seed42,Q3,S3,XGB,283,Train,0.87888676382029,0.9208997
Q3_S3_XGB_seed42,Q3,S3,XGB,293,Train,0.868685024049319,0.9054703
Q3_S3_XGB_seed42,Q3,S3,XGB,294,Train,1.05467108902976,1.0533422
Q3_S3_XGB_seed42,Q3,S3,XGB,297,Train,0.852769356557038,0.842135
Q3_S3_XGB_seed42,Q3,S3,XGB,298,Train,0.936737206458081,0.9150099
Q3_S3_XGB_seed42,Q3,S3,XGB,309,Train,1.29675737284592,1.282569
Q3_S3_XGB_seed42,Q3,S3,XGB,310,Train,1.03924089971665,1.0428509
Q3_S3_XGB_seed42,Q3,S3,XGB,311,Train,1.08967007677054,1.0999057
Q3_S3_XGB_seed42,Q3,S3,XGB,312,Train,1.25066139489738,1.2462144
Q3_S3_XGB_seed42,Q3,S3,XGB,313,Train,0.869084535893915,0.8691541
Q3_S3_XGB_seed42,Q3,S3,XGB,314,Train,0.851409310050692,0.85030526
Q3_S3_XGB_seed42,Q3,S3,XGB,315,Train,1.22559832447829,1.2312769
Q3_S3_XGB_seed42,Q3,S3,XGB,316,Train,0.910841844839356,0.90256447
Q3_S3_XGB_seed42,Q3,S3,XGB,317,Train,0.928326864671582,0.9082331
Q3_S3_XGB_seed42,Q3,S3,XGB,318,Train,1.18119272473377,1.1811239
Q3_S3_XGB_seed42,Q3,S3,XGB,319,Train,0.905299696851462,1.0777156
Q3_S3_XGB_seed42,Q3,S3,XGB,320,Train,0.9379549656945,0.9495304
Q3_S3_XGB_seed42,Q3,S3,XGB,322,Train,1.18276353494062,1.1283668
Q3_S3_XGB_seed42,Q3,S3,XGB,323,Train,1.14067445902436,1.12048
Q3_S3_XGB_seed42,Q3,S3,XGB,324,Train,0.945708559227524,0.9278713
Q3_S3_XGB_seed42,Q3,S3,XGB,325,Train,0.843084306328854,0.8427
Q3_S3_XGB_seed42,Q3,S3,XGB,327,Train,0.849735123882455,0.8474182
Q3_S3_XGB_seed42,Q3,S3,XGB,328,Train,0.923296590464239,0.92380285
Q3_S3_XGB_seed42,Q3,S3,XGB,329,Train,0.889296449334854,0.89065754
Q3_S3_XGB_seed42,Q3,S3,XGB,337,Train,1.26125249017114,1.282569
Q3_S3_XGB_seed42,Q3,S3,XGB,339,Train,1.08337218436624,1.0757872
Q3_S3_XGB_seed42,Q3,S3,XGB,340,Train,1.24585209835546,1.2307358
Q3_S3_XGB_seed42,Q3,S3,XGB,344,Train,0.860574748101461,0.894433
Q3_S3_XGB_seed42,Q3,S3,XGB,345,Train,0.88756392902911,0.904987
Q3_S3_XGB_seed42,Q3,S3,XGB,346,Train,1.21100400087572,1.2102745
Q3_S3_XGB_seed42,Q3,S3,XGB,347,Train,0.85751088308495,0.8717885
Q3_S3_XGB_seed42,Q3,S3,XGB,348,Train,0.864389749860933,0.8757928
Q3_S3_XGB_seed42,Q3,S3,XGB,351,Train,0.836002074941405,0.886766
Q3_S3_XGB_seed42,Q3,S3,XGB,353,Train,1.17375544001433,1.1225301
Q3_S3_XGB_seed42,Q3,S3,XGB,354,Train,1.12315874473961,1.1174207
Q3_S3_XGB_seed42,Q3,S3,XGB,355,Train,0.962587613991127,0.99170005
Q3_S3_XGB_seed42,Q3,S3,XGB,356,Train,0.889317081642978,0.8910307
Q3_S3_XGB_seed42,Q3,S3,XGB,357,Train,0.819944736050943,0.82840216
Q3_S3_XGB_seed42,Q3,S3,XGB,358,Train,0.817592884243045,0.81688845
Q3_S3_XGB_seed42,Q3,S3,XGB,359,Train,0.8602895986925,0.8448307
Q3_S3_XGB_seed42,Q3,S3,XGB,365,Train,0.79813710988408,0.82939786
Q3_S3_XGB_seed42,Q3,S3,XGB,367,Train,0.781629766743678,0.7988825
Q3_S3_XGB_seed42,Q3,S3,XGB,369,Train,0.783038508514702,0.81055623
Q3_S3_XGB_seed42,Q3,S3,XGB,372,Train,0.823172843965236,0.8533404
Q3_S3_XGB_seed42,Q3,S3,XGB,373,Train,0.847765983879713,0.8691161
Q3_S3_XGB_seed42,Q3,S3,XGB,374,Train,0.859657066279412,0.86498296
Q3_S3_XGB_seed42,Q3,S3,XGB,375,Train,0.84311310408725,0.84945875
Q3_S3_XGB_seed42,Q3,S3,XGB,376,Train,0.883342967623177,0.8790484
Q3_S3_XGB_seed42,Q3,S3,XGB,377,Train,0.856396945847507,0.878614
Q3_S3_XGB_seed42,Q3,S3,XGB,384,Train,1.15149893230951,1.1625042
Q3_S3_XGB_seed42,Q3,S3,XGB,385,Train,1.0783435976576,1.0728323
Q3_S3_XGB_seed42,Q3,S3,XGB,387,Train,1.23569967731168,1.2401049
Q3_S3_XGB_seed42,Q3,S3,XGB,388,Train,0.895908299174609,0.8887755
Q3_S3_XGB_seed42,Q3,S3,XGB,389,Train,0.844698003074952,0.84897226
Q3_S3_XGB_seed42,Q3,S3,XGB,390,Train,1.23045619628522,1.2234552
Q3_S3_XGB_seed42,Q3,S3,XGB,391,Train,0.867321866829216,0.87671
Q3_S3_XGB_seed42,Q3,S3,XGB,392,Train,1.21312809595027,1.2167538
Q3_S3_XGB_seed42,Q3,S3,XGB,393,Train,0.864477864873901,0.8733774
Q3_S3_XGB_seed42,Q3,S3,XGB,394,Train,0.88382959484243,0.90390956
Q3_S3_XGB_seed42,Q3,S3,XGB,395,Train,0.955437669886648,0.9532376
Q3_S3_XGB_seed42,Q3,S3,XGB,396,Train,1.16301255092905,1.1264615
Q3_S3_XGB_seed42,Q3,S3,XGB,398,Train,0.970199574532386,0.9935142
Q3_S3_XGB_seed42,Q3,S3,XGB,400,Train,0.819944736050943,0.8266201
Q3_S3_XGB_seed42,Q3,S3,XGB,402,Train,0.8602895986925,0.8492684
Q3_S3_XGB_seed42,Q3,S3,XGB,403,Train,0.91241396703636,0.91510314
Q3_S3_XGB_seed42,Q3,S3,XGB,410,Train,1.14447454268627,1.1188576
Q3_S3_XGB_seed42,Q3,S3,XGB,412,Train,1.22075195295707,1.2224699
Q3_S3_XGB_seed42,Q3,S3,XGB,413,Train,0.876181182417668,0.8857989
Q3_S3_XGB_seed42,Q3,S3,XGB,414,Train,1.10273996168474,1.114011
Q3_S3_XGB_seed42,Q3,S3,XGB,418,Train,0.814554686813047,0.82095224
Q3_S3_XGB_seed42,Q3,S3,XGB,419,Train,0.861650708592816,0.8484299
Q3_S3_XGB_seed42,Q3,S3,XGB,420,Train,0.916244578278823,0.9141734
Q3_S3_XGB_seed42,Q3,S3,XGB,421,Train,0.940037747326569,0.93934673
Q3_S3_XGB_seed42,Q3,S3,XGB,423,Train,1.13937765430527,1.1510024
Q3_S3_XGB_seed42,Q3,S3,XGB,424,Train,1.21350426002862,1.2307358
Q3_S3_XGB_seed42,Q3,S3,XGB,425,Train,0.855197948455102,0.894433
Q3_S3_XGB_seed42,Q3,S3,XGB,426,Train,0.927466837520466,0.93231606
Q3_S3_XGB_seed42,Q3,S3,XGB,428,Train,0.893412560197882,0.89995354
Q3_S3_XGB_seed42,Q3,S3,XGB,430,Train,1.04865956183269,1.0481573
Q3_S3_XGB_seed42,Q3,S3,XGB,432,Train,0.849179628294238,0.8669381
Q3_S3_XGB_seed42,Q3,S3,XGB,433,Train,0.807282256517311,0.81809694
Q3_S3_XGB_seed42,Q3,S3,XGB,434,Train,0.817592884243045,0.81575334
Q3_S3_XGB_seed42,Q3,S3,XGB,435,Train,0.85723807848117,0.853475
Q3_S3_XGB_seed42,Q3,S3,XGB,436,Train,0.92542581048841,0.91806465
Q3_S3_XGB_seed42,Q3,S3,XGB,438,Train,1.03318695144596,1.0056552
Q3_S3_XGB_seed42,Q3,S3,XGB,440,Train,1.16963572563126,1.1352704
Q3_S3_XGB_seed42,Q3,S3,XGB,441,Train,0.882527065649618,0.90361136
Q3_S3_XGB_seed42,Q3,S3,XGB,442,Train,1.16383325436374,1.1757388
Q3_S3_XGB_seed42,Q3,S3,XGB,443,Train,0.951292426671113,0.92598915
Q3_S3_XGB_seed42,Q3,S3,XGB,445,Train,1.1857829084766,1.1897569
Q3_S3_XGB_seed42,Q3,S3,XGB,446,Train,0.832809689459086,0.8467147
Q3_S3_XGB_seed42,Q3,S3,XGB,449,Train,1.12875620728424,1.1297001
Q3_S3_XGB_seed42,Q3,S3,XGB,450,Train,1.10736202957446,1.0291994
Q3_S3_XGB_seed42,Q3,S3,XGB,452,Train,1.05806735449034,1.0670805
Q3_S3_XGB_seed42,Q3,S3,XGB,453,Train,1.00415599474417,1.0340695
Q3_S3_XGB_seed42,Q3,S3,XGB,454,Train,0.85553258425342,0.91121864
Q3_S3_XGB_seed42,Q3,S3,XGB,455,Train,1.15306585258658,1.1306261
Q3_S3_XGB_seed42,Q3,S3,XGB,456,Train,0.986006148238874,0.9656624
Q3_S3_XGB_seed42,Q3,S3,XGB,457,Train,0.941131717596831,0.9229635
Q3_S3_XGB_seed42,Q3,S3,XGB,458,Train,0.825563879603713,0.85774124
Q3_S3_XGB_seed42,Q3,S3,XGB,459,Train,0.936810267937746,0.9424648
Q3_S3_XGB_seed42,Q3,S3,XGB,460,Train,0.885627051544251,0.8888263
Q3_S3_XGB_seed42,Q3,S3,XGB,461,Train,0.941420641279253,0.93407995
Q3_S3_XGB_seed42,Q3,S3,XGB,462,Train,0.848291326608718,0.8501639
Q3_S3_XGB_seed42,Q3,S3,XGB,463,Train,0.956020020926017,0.9516623
Q3_S3_XGB_seed42,Q3,S3,XGB,464,Train,0.859202484788517,0.8595957
Q3_S3_XGB_seed42,Q3,S3,XGB,465,Train,0.865613735535156,0.85774124
Q3_S3_XGB_seed42,Q3,S3,XGB,466,Train,0.817248383912483,0.85774124
Q3_S3_XGB_seed42,Q3,S3,XGB,468,Train,0.835995448351632,0.8486157
Q3_S3_XGB_seed42,Q3,S3,XGB,469,Train,0.851409310050692,0.84493685
Q3_S3_XGB_seed42,Q3,S3,XGB,470,Train,0.783441002546699,0.79365563
Q3_S3_XGB_seed42,Q3,S3,XGB,471,Train,0.869236826110561,0.87613904
Q3_S3_XGB_seed42,Q3,S3,XGB,472,Train,0.81018902115494,0.81807286
Q3_S3_XGB_seed42,Q3,S3,XGB,473,Train,0.823880940713752,0.8390007
Q3_S3_XGB_seed42,Q3,S3,XGB,474,Train,1.04546182476858,0.9432389
Q3_S3_XGB_seed42,Q3,S3,XGB,475,Train,0.916989382925319,0.8784208
Q3_S3_XGB_seed42,Q3,S3,XGB,476,Train,0.859994234086558,0.8784208
Q3_S3_XGB_seed42,Q3,S3,XGB,477,Train,0.805333675116914,0.8169535
Q3_S3_XGB_seed42,Q3,S3,XGB,478,Train,0.82588891487761,0.8169535
Q3_S3_XGB_seed42,Q3,S3,XGB,479,Train,0.895343351122245,0.8716805
Q3_S3_XGB_seed42,Q3,S3,XGB,481,Train,1.05048744261926,1.0250465
Q3_S3_XGB_seed42,Q3,S3,XGB,482,Train,0.921288675620535,0.9136982
Q3_S3_XGB_seed42,Q3,S3,XGB,483,Train,0.877943989627788,0.8827638
Q3_S3_XGB_seed42,Q3,S3,XGB,484,Train,0.823886993768721,0.8397844
Q3_S3_XGB_seed42,Q3,S3,XGB,485,Train,0.8581249828584,0.8410942
Q3_S3_XGB_seed42,Q3,S3,XGB,486,Train,0.932322719981046,0.8790392
Q3_S3_XGB_seed42,Q3,S3,XGB,487,Train,0.828159510480667,0.8372612
Q3_S3_XGB_seed42,Q3,S3,XGB,488,Train,1.05658105748769,1.0343277
Q3_S3_XGB_seed42,Q3,S3,XGB,489,Train,0.953609151008525,0.9738338
Q3_S3_XGB_seed42,Q3,S3,XGB,491,Train,0.798477879968868,0.7946229
Q3_S3_XGB_seed42,Q3,S3,XGB,492,Train,0.788936302907142,0.77771676
Q3_S3_XGB_seed42,Q3,S3,XGB,493,Train,0.852090163697418,0.8393329
Q3_S3_XGB_seed42,Q3,S3,XGB,494,Train,0.8327698438009,0.90041804
Q3_S3_XGB_seed42,Q3,S3,XGB,495,Train,1.04859127624119,0.90041804
Q3_S3_XGB_seed42,Q3,S3,XGB,496,Train,0.949832397742186,0.90041804
Q3_S3_XGB_seed42,Q3,S3,XGB,498,Train,0.804542404831259,0.90041804
Q3_S3_XGB_seed42,Q3,S3,XGB,500,Train,0.907598993418392,0.90041804
Q3_S3_XGB_seed42,Q3,S3,XGB,501,Train,0.78496662806375,0.7907667
Q3_S3_XGB_seed42,Q3,S3,XGB,502,Train,0.843075726450442,0.8633513
Q3_S3_XGB_seed42,Q3,S3,XGB,503,Train,0.773318849402548,0.7809371
Q3_S3_XGB_seed42,Q3,S3,XGB,504,Train,0.814691966773043,0.8176245
Q3_S3_XGB_seed42,Q3,S3,XGB,505,Train,0.798961878103158,0.8169535
Q3_S3_XGB_seed42,Q3,S3,XGB,506,Train,0.774189026409601,0.7923924
Q3_S3_XGB_seed42,Q3,S3,XGB,507,Train,0.803044753553073,0.82496893
Q3_S3_XGB_seed42,Q3,S3,XGB,509,Train,0.773505691298633,0.7653521
Q3_S3_XGB_seed42,Q3,S3,XGB,510,Train,0.762147970146058,0.77256644
Q3_S3_XGB_seed42,Q3,S3,XGB,511,Train,0.789023974706805,0.80336666
Q3_S3_XGB_seed42,Q3,S3,XGB,512,Train,0.80120908801594,0.81103355
Q3_S3_XGB_seed42,Q3,S3,XGB,516,Train,0.819383032732699,0.81929004
Q3_S3_XGB_seed42,Q3,S3,XGB,517,Train,0.798980305387909,0.8169535
Q3_S3_XGB_seed42,Q3,S3,XGB,518,Train,0.790360449203176,0.7938682
Q3_S3_XGB_seed42,Q3,S3,XGB,520,Train,0.884504298959516,0.88079923
Q3_S3_XGB_seed42,Q3,S3,XGB,521,Train,0.75772351224412,0.75866437
Q3_S3_XGB_seed42,Q3,S3,XGB,523,Train,0.761612804015922,0.7873122
Q3_S3_XGB_seed42,Q3,S3,XGB,524,Train,0.853178830205228,0.82446843
Q3_S3_XGB_seed42,Q3,S3,XGB,526,Train,0.783923241729417,0.7969499
Q3_S3_XGB_seed42,Q3,S3,XGB,527,Train,0.740499887010204,0.74678177
Q3_S3_XGB_seed42,Q3,S3,XGB,528,Train,0.768057380113704,0.77822757
Q3_S3_XGB_seed42,Q3,S3,XGB,529,Train,0.825577414164749,0.8130916
Q3_S3_XGB_seed42,Q3,S3,XGB,530,Train,0.865837905996859,0.8672702
Q3_S3_XGB_seed42,Q3,S3,XGB,532,Train,0.772844770868304,0.7688617
Q3_S3_XGB_seed42,Q3,S3,XGB,533,Train,0.934190760734528,0.9399787
Q3_S3_XGB_seed42,Q3,S3,XGB,536,Train,0.840866326590497,0.8514724
Q3_S3_XGB_seed42,Q3,S3,XGB,538,Train,0.985099073907519,0.96395445
Q3_S3_XGB_seed42,Q3,S3,XGB,540,Train,0.932856129203703,0.91607684
Q3_S3_XGB_seed42,Q3,S3,XGB,541,Train,0.867183990464843,0.8738444
Q3_S3_XGB_seed42,Q3,S3,XGB,542,Train,0.924553107896262,0.9277538
Q3_S3_XGB_seed42,Q3,S3,XGB,543,Train,0.878845761791743,0.8644901
Q3_S3_XGB_seed42,Q3,S3,XGB,544,Train,0.816352362153621,0.80663973
Q3_S3_XGB_seed42,Q3,S3,XGB,545,Train,0.826695514401272,0.84577686
Q3_S3_XGB_seed42,Q3,S3,XGB,547,Train,0.947648069034162,0.90396196
Q3_S3_XGB_seed42,Q3,S3,XGB,548,Train,0.856663524132423,0.8827006
Q3_S3_XGB_seed42,Q3,S3,XGB,549,Train,0.931224940654771,0.91609955
Q3_S3_XGB_seed42,Q3,S3,XGB,550,Train,0.92029350590003,0.9118732
Q3_S3_XGB_seed42,Q3,S3,XGB,552,Train,0.805740406844413,0.8023658
Q3_S3_XGB_seed42,Q3,S3,XGB,554,Train,0.764316296310271,0.76740235
Q3_S3_XGB_seed42,Q3,S3,XGB,555,Train,0.83175097276162,0.8249711
Q3_S3_XGB_seed42,Q3,S3,XGB,556,Train,0.900643223800407,0.90481925
Q3_S3_XGB_seed42,Q3,S3,XGB,557,Train,0.815198293424885,0.822321
Q3_S3_XGB_seed42,Q3,S3,XGB,558,Train,0.786408672212412,0.7866627
Q3_S3_XGB_seed42,Q3,S3,XGB,559,Train,0.798982458338327,0.79750884
Q3_S3_XGB_seed42,Q3,S3,XGB,560,Train,0.753279433801201,0.7573379
Q3_S3_XGB_seed42,Q3,S3,XGB,561,Train,0.955897128492629,0.9357203
Q3_S3_XGB_seed42,Q3,S3,XGB,562,Train,0.916456312894737,0.86695915
Q3_S3_XGB_seed42,Q3,S3,XGB,563,Train,0.868476177883672,0.81831604
Q3_S3_XGB_seed42,Q3,S3,XGB,565,Train,0.809825478657467,0.81700003
Q3_S3_XGB_seed42,Q3,S3,XGB,566,Train,0.859708259377373,0.8434058
Q3_S3_XGB_seed42,Q3,S3,XGB,567,Train,0.850960841052855,0.8414002
Q3_S3_XGB_seed42,Q3,S3,XGB,568,Train,0.894147115277187,0.9035233
Q3_S3_XGB_seed42,Q3,S3,XGB,569,Train,0.85142815632786,0.84284097
Q3_S3_XGB_seed42,Q3,S3,XGB,570,Train,0.801146460271435,0.8015703
Q3_S3_XGB_seed42,Q3,S3,XGB,571,Train,0.812647552301802,0.83359575
Q3_S3_XGB_seed42,Q3,S3,XGB,572,Train,0.857654288131218,0.8590886
Q3_S3_XGB_seed42,Q3,S3,XGB,573,Train,0.866234698253165,0.8748473
Q3_S3_XGB_seed42,Q3,S3,XGB,574,Train,0.865776828695711,0.8703211
Q3_S3_XGB_seed42,Q3,S3,XGB,575,Train,0.923347356962982,0.9043179
Q3_S3_XGB_seed42,Q3,S3,XGB,577,Train,0.837502538444339,0.83166385
Q3_S3_XGB_seed42,Q3,S3,XGB,578,Train,0.797969010201319,0.80557734
Q3_S3_XGB_seed42,Q3,S3,XGB,580,Train,0.802422854971014,0.80372643
Q3_S3_XGB_seed42,Q3,S3,XGB,581,Train,0.777988873751503,0.7803548
Q3_S3_XGB_seed42,Q3,S3,XGB,582,Train,0.892298348391422,0.8888019
Q3_S3_XGB_seed42,Q3,S3,XGB,583,Train,0.833194013031795,0.8265062
Q3_S3_XGB_seed42,Q3,S3,XGB,584,Train,0.793809217204316,0.80131036
Q3_S3_XGB_seed42,Q3,S3,XGB,585,Train,0.826226011608823,0.8363904
Q3_S3_XGB_seed42,Q3,S3,XGB,586,Train,0.878699293147255,0.8630684
Q3_S3_XGB_seed42,Q3,S3,XGB,588,Train,0.864427740016764,0.8666939
Q3_S3_XGB_seed42,Q3,S3,XGB,589,Train,0.854874876500284,0.8836346
Q3_S3_XGB_seed42,Q3,S3,XGB,590,Train,0.789650516165938,0.8018366
Q3_S3_XGB_seed42,Q3,S3,XGB,591,Train,0.782523228550948,0.7764226
Q3_S3_XGB_seed42,Q3,S3,XGB,592,Train,0.801146460271435,0.7838491
Q3_S3_XGB_seed42,Q3,S3,XGB,593,Train,0.73363996111312,0.7470322
Q3_S3_XGB_seed42,Q3,S3,XGB,594,Train,0.916456312894737,0.90200496
Q3_S3_XGB_seed42,Q3,S3,XGB,595,Train,0.868997899727548,0.83679307
Q3_S3_XGB_seed42,Q3,S3,XGB,596,Train,0.804859872876447,0.79823244
Q3_S3_XGB_seed42,Q3,S3,XGB,597,Train,0.810800897585135,0.8216966
Q3_S3_XGB_seed42,Q3,S3,XGB,598,Train,0.800041668864993,0.804887
Q3_S3_XGB_seed42,Q3,S3,XGB,599,Train,0.836468266501584,0.8216966
Q3_S3_XGB_seed42,Q3,S3,XGB,600,Train,0.83074847205683,0.8409493
Q3_S3_XGB_seed42,Q3,S3,XGB,601,Train,0.885246421967059,0.8912225
Q3_S3_XGB_seed42,Q3,S3,XGB,602,Train,0.819970068327537,0.8149254
Q3_S3_XGB_seed42,Q3,S3,XGB,603,Train,0.79470074482459,0.79314166
Q3_S3_XGB_seed42,Q3,S3,XGB,604,Train,0.842822772629174,0.83109754
Q3_S3_XGB_seed42,Q3,S3,XGB,605,Train,0.851500125444752,0.85406387
Q3_S3_XGB_seed42,Q3,S3,XGB,606,Train,0.856573743630585,0.86950845
Q3_S3_XGB_seed42,Q3,S3,XGB,607,Train,0.853159195428482,0.86773586
Q3_S3_XGB_seed42,Q3,S3,XGB,608,Train,0.884006504341295,0.89002925
Q3_S3_XGB_seed42,Q3,S3,XGB,609,Train,0.859008756801763,0.8529282
Q3_S3_XGB_seed42,Q3,S3,XGB,610,Train,0.787478820957529,0.7805244
Q3_S3_XGB_seed42,Q3,S3,XGB,614,Train,0.801715890222028,0.80046594
Q3_S3_XGB_seed42,Q3,S3,XGB,615,Train,0.788862726211253,0.78302574
Q3_S3_XGB_seed42,Q3,S3,XGB,619,Train,0.855412098959476,0.83621913
Q3_S3_XGB_seed42,Q3,S3,XGB,621,Train,0.87841663966553,0.87702256
Q3_S3_XGB_seed42,Q3,S3,XGB,622,Train,0.874141721757814,0.88301796
Q3_S3_XGB_seed42,Q3,S3,XGB,623,Train,0.881852505955376,0.91093475
Q3_S3_XGB_seed42,Q3,S3,XGB,624,Train,0.832374398082112,0.8320426
Q3_S3_XGB_seed42,Q3,S3,XGB,626,Train,0.763034821343403,0.76887345
Q3_S3_XGB_seed42,Q3,S3,XGB,627,Train,0.753909982070491,0.7473151
Q3_S3_XGB_seed42,Q3,S3,XGB,628,Train,0.720251771646694,0.71157765
Q3_S3_XGB_seed42,Q3,S3,XGB,630,Train,0.833276096745915,0.81377393
Q3_S3_XGB_seed42,Q3,S3,XGB,632,Train,0.802888697806569,0.7996109
Q3_S3_XGB_seed42,Q3,S3,XGB,633,Train,0.777173319559092,0.78229034
Q3_S3_XGB_seed42,Q3,S3,XGB,636,Train,0.867796832525943,0.8502344
Q3_S3_XGB_seed42,Q3,S3,XGB,638,Train,0.774399736000629,0.7915655
Q3_S3_XGB_seed42,Q3,S3,XGB,639,Train,0.853183655252342,0.84514505
Q3_S3_XGB_seed42,Q3,S3,XGB,641,Train,0.913307258348461,0.9122891
Q3_S3_XGB_seed42,Q3,S3,XGB,642,Train,0.926720585659848,0.92393464
Q3_S3_XGB_seed42,Q3,S3,XGB,645,Train,0.757660487927601,0.75291175
Q3_S3_XGB_seed42,Q3,S3,XGB,648,Train,0.71312917807553,0.70563143
Q3_S3_XGB_seed42,Q3,S3,XGB,649,Train,0.872930374187904,0.8541752
Q3_S3_XGB_seed42,Q3,S3,XGB,650,Train,0.812924078738548,0.8019299
Q3_S3_XGB_seed42,Q3,S3,XGB,651,Train,0.776881429889234,0.79480934
Q3_S3_XGB_seed42,Q3,S3,XGB,652,Train,0.791868789127212,0.79589486
Q3_S3_XGB_seed42,Q3,S3,XGB,653,Train,0.777772399476774,0.7766385
Q3_S3_XGB_seed42,Q3,S3,XGB,655,Train,0.794376225885031,0.76216
Q3_S3_XGB_seed42,Q3,S3,XGB,656,Train,0.783682735179066,0.79209155
Q3_S3_XGB_seed42,Q3,S3,XGB,657,Train,0.842772863581729,0.8595273
Q3_S3_XGB_seed42,Q3,S3,XGB,658,Train,0.926720585659848,0.913232
Q3_S3_XGB_seed42,Q3,S3,XGB,659,Train,0.950158028677875,0.9495724
Q3_S3_XGB_seed42,Q3,S3,XGB,660,Train,0.961127684229507,0.96447533
Q3_S3_XGB_seed42,Q3,S3,XGB,661,Train,0.985847769341663,0.9919295
Q3_S3_XGB_seed42,Q3,S3,XGB,662,Train,0.749146326862969,0.7420185
Q3_S3_XGB_seed42,Q3,S3,XGB,663,Train,0.746590746440129,0.7599428
Q3_S3_XGB_seed42,Q3,S3,XGB,665,Train,0.698084367957614,0.69816774
Q3_S3_XGB_seed42,Q3,S3,XGB,666,Train,0.793151072002874,0.7942153
Q3_S3_XGB_seed42,Q3,S3,XGB,667,Train,0.767418516321959,0.773519
Q3_S3_XGB_seed42,Q3,S3,XGB,669,Train,0.770900644499919,0.7562584
Q3_S3_XGB_seed42,Q3,S3,XGB,670,Train,0.79375716356903,0.7963874
Q3_S3_XGB_seed42,Q3,S3,XGB,671,Train,0.889507167326115,0.88474673
Q3_S3_XGB_seed42,Q3,S3,XGB,672,Train,0.932642471077175,0.92733544
Q3_S3_XGB_seed42,Q3,S3,XGB,674,Train,0.999553894929436,0.993095
Q3_S3_XGB_seed42,Q3,S3,XGB,675,Train,1.00528174393871,1.0102109
Q3_S3_XGB_seed42,Q3,S3,XGB,677,Train,0.859113500130653,0.83725065
Q3_S3_XGB_seed42,Q3,S3,XGB,678,Train,0.801961178112691,0.7996801
Q3_S3_XGB_seed42,Q3,S3,XGB,679,Train,0.779106820776095,0.79347426
Q3_S3_XGB_seed42,Q3,S3,XGB,681,Train,0.723048597139057,0.7284914
Q3_S3_XGB_seed42,Q3,S3,XGB,683,Train,0.784398058232244,0.794604
Q3_S3_XGB_seed42,Q3,S3,XGB,685,Train,0.803492025889185,0.794604
Q3_S3_XGB_seed42,Q3,S3,XGB,686,Train,0.846700953722188,0.8552697
Q3_S3_XGB_seed42,Q3,S3,XGB,687,Train,0.788559449950821,0.78802925
Q3_S3_XGB_seed42,Q3,S3,XGB,688,Train,0.742008090324318,0.7391375
Q3_S3_XGB_seed42,Q3,S3,XGB,689,Train,0.753272075591055,0.7579394
Q3_S3_XGB_seed42,Q3,S3,XGB,690,Train,0.845300153632359,0.83642656
Q3_S3_XGB_seed42,Q3,S3,XGB,692,Train,0.770956453518485,0.79562116
Q3_S3_XGB_seed42,Q3,S3,XGB,693,Train,0.845953668163504,0.8275375
Q3_S3_XGB_seed42,Q3,S3,XGB,694,Train,0.757645425736901,0.75280577
Q3_S3_XGB_seed42,Q3,S3,XGB,695,Train,0.787196986893441,0.8049328
Q3_S3_XGB_seed42,Q3,S3,XGB,696,Train,0.909280357024702,0.8997161
Q3_S3_XGB_seed42,Q3,S3,XGB,697,Train,0.945687167254019,0.9407075
Q3_S3_XGB_seed42,Q3,S3,XGB,698,Train,0.990399550755274,0.99272346
Q3_S3_XGB_seed42,Q3,S3,XGB,700,Train,1.03125262252782,1.0319648
Q3_S3_XGB_seed42,Q3,S3,XGB,701,Train,0.715131946648899,0.72520584
Q3_S3_XGB_seed42,Q3,S3,XGB,702,Train,0.694710654486211,0.69399726
Q3_S3_XGB_seed42,Q3,S3,XGB,703,Train,0.788919430073695,0.7921114
Q3_S3_XGB_seed42,Q3,S3,XGB,704,Train,0.761627351481268,0.77109575
Q3_S3_XGB_seed42,Q3,S3,XGB,705,Train,0.773622566197128,0.7812784
Q3_S3_XGB_seed42,Q3,S3,XGB,706,Train,0.758798011501759,0.758626
Q3_S3_XGB_seed42,Q3,S3,XGB,707,Train,0.845300153632359,0.83167017
Q3_S3_XGB_seed42,Q3,S3,XGB,708,Train,0.783261534929068,0.79241306
Q3_S3_XGB_seed42,Q3,S3,XGB,709,Train,0.776944125046722,0.79669225
Q3_S3_XGB_seed42,Q3,S3,XGB,710,Train,0.796554495159318,0.79448086
Q3_S3_XGB_seed42,Q3,S3,XGB,712,Train,0.835166094434971,0.8187132
Q3_S3_XGB_seed42,Q3,S3,XGB,713,Train,0.720543434596451,0.74636596
Q3_S3_XGB_seed42,Q3,S3,XGB,714,Train,0.80168230434905,0.8092148
Q3_S3_XGB_seed42,Q3,S3,XGB,715,Train,0.914208226023996,0.91038406
Q3_S3_XGB_seed42,Q3,S3,XGB,716,Train,0.950314521111876,0.9516203
Q3_S3_XGB_seed42,Q3,S3,XGB,717,Train,1.01467278489236,1.013402
Q3_S3_XGB_seed42,Q3,S3,XGB,718,Train,1.04080712903253,1.027508
Q3_S3_XGB_seed42,Q3,S3,XGB,719,Train,1.05524419455208,1.0446292
Q3_S3_XGB_seed42,Q3,S3,XGB,720,Train,0.734007498328761,0.73247945
Q3_S3_XGB_seed42,Q3,S3,XGB,722,Train,0.676977294746911,0.6885986
Q3_S3_XGB_seed42,Q3,S3,XGB,723,Train,0.789712178970565,0.7891622
Q3_S3_XGB_seed42,Q3,S3,XGB,724,Train,0.764783542675837,0.76588297
Q3_S3_XGB_seed42,Q3,S3,XGB,727,Train,0.773622566197128,0.77955896
Q3_S3_XGB_seed42,Q3,S3,XGB,728,Train,0.757893465491069,0.7513905
Q3_S3_XGB_seed42,Q3,S3,XGB,729,Train,0.833479813631314,0.8314225
Q3_S3_XGB_seed42,Q3,S3,XGB,730,Train,0.774698231397807,0.7861948
Q3_S3_XGB_seed42,Q3,S3,XGB,731,Train,0.784464901837064,0.78355855
Q3_S3_XGB_seed42,Q3,S3,XGB,732,Train,0.734007498328761,0.7298716
Q3_S3_XGB_seed42,Q3,S3,XGB,734,Train,0.678103962533706,0.68705773
Q3_S3_XGB_seed42,Q3,S3,XGB,735,Train,0.780982137263124,0.7819981
Q3_S3_XGB_seed42,Q3,S3,XGB,736,Train,0.753567565394396,0.7611071
Q3_S3_XGB_seed42,Q3,S3,XGB,737,Train,0.773622566197128,0.7730963
Q3_S3_XGB_seed42,Q3,S3,XGB,738,Train,0.759388033493715,0.7513221
Q3_S3_XGB_seed42,Q3,S3,XGB,739,Train,0.832480104824992,0.82467586
Q3_S3_XGB_seed42,Q3,S3,XGB,740,Train,0.779106820776095,0.7784021
Q3_S3_XGB_seed42,Q3,S3,XGB,741,Train,0.777080750036464,0.7819198
Q3_S3_XGB_seed42,Q3,S3,XGB,742,Train,0.810865220177659,0.8036342
Q3_S3_XGB_seed42,Q3,S3,XGB,743,Train,0.701220657756291,0.7294786
Q3_S3_XGB_seed42,Q3,S3,XGB,744,Train,0.84311310408725,0.8260938
Q3_S3_XGB_seed42,Q3,S3,XGB,745,Train,0.917655868986698,0.9133844
Q3_S3_XGB_seed42,Q3,S3,XGB,746,Train,0.954799183427052,0.95780975
Q3_S3_XGB_seed42,Q3,S3,XGB,747,Train,1.03125262252782,1.0206994
Q3_S3_XGB_seed42,Q3,S3,XGB,748,Train,1.06493688802797,1.0351063
Q3_S3_XGB_seed42,Q3,S3,XGB,751,Train,0.713594845288137,0.71694905
Q3_S3_XGB_seed42,Q3,S3,XGB,752,Train,0.688370897174795,0.68794185
Q3_S3_XGB_seed42,Q3,S3,XGB,753,Train,0.77255062916464,0.78112113
Q3_S3_XGB_seed42,Q3,S3,XGB,754,Train,0.757006009701427,0.76127577
Q3_S3_XGB_seed42,Q3,S3,XGB,756,Train,0.773622566197128,0.7691121
Q3_S3_XGB_seed42,Q3,S3,XGB,758,Train,0.82066550733501,0.81635374
Q3_S3_XGB_seed42,Q3,S3,XGB,759,Train,0.783682735179066,0.7772665
Q3_S3_XGB_seed42,Q3,S3,XGB,760,Train,0.76856264759232,0.7810274
Q3_S3_XGB_seed42,Q3,S3,XGB,761,Train,0.735217924121935,0.7287091
Q3_S3_XGB_seed42,Q3,S3,XGB,762,Train,0.718441519246758,0.7180393
Q3_S3_XGB_seed42,Q3,S3,XGB,763,Train,0.688449255531412,0.6893519
Q3_S3_XGB_seed42,Q3,S3,XGB,765,Train,0.746859607841232,0.76191765
Q3_S3_XGB_seed42,Q3,S3,XGB,766,Train,0.973186669599277,0.9035094
Q3_S3_XGB_seed42,Q3,S3,XGB,767,Train,0.759768801741319,0.7673033
Q3_S3_XGB_seed42,Q3,S3,XGB,768,Train,0.757802886706236,0.75434506
Q3_S3_XGB_seed42,Q3,S3,XGB,769,Train,0.806844862473226,0.8116181
Q3_S3_XGB_seed42,Q3,S3,XGB,770,Train,0.773320583288713,0.7764683
Q3_S3_XGB_seed42,Q3,S3,XGB,771,Train,0.76993874578373,0.78342474
Q3_S3_XGB_seed42,Q3,S3,XGB,772,Train,0.782289967046785,0.78539413
Q3_S3_XGB_seed42,Q3,S3,XGB,773,Train,0.692891774424785,0.7270579
Q3_S3_XGB_seed42,Q3,S3,XGB,774,Train,0.845013806324218,0.83929086
Q3_S3_XGB_seed42,Q3,S3,XGB,775,Train,0.904396288730716,0.9092932
Q3_S3_XGB_seed42,Q3,S3,XGB,776,Train,0.950876857435849,0.9568718
Q3_S3_XGB_seed42,Q3,S3,XGB,777,Train,1.02582131493631,1.0299509
Q3_S3_XGB_seed42,Q3,S3,XGB,778,Train,1.0696298812969,1.0664598
Q3_S3_XGB_seed42,Q3,S3,XGB,779,Train,1.09690879965459,1.0831245
Q3_S3_XGB_seed42,Q3,S3,XGB,780,Train,0.736439137486459,0.73007697
Q3_S3_XGB_seed42,Q3,S3,XGB,781,Train,0.722248122910828,0.7197919
Q3_S3_XGB_seed42,Q3,S3,XGB,782,Train,0.686057894581173,0.69173366
Q3_S3_XGB_seed42,Q3,S3,XGB,786,Train,0.760839318813295,0.76696825
Q3_S3_XGB_seed42,Q3,S3,XGB,787,Train,0.805847140635809,0.8094974
Q3_S3_XGB_seed42,Q3,S3,XGB,788,Train,0.774518165430972,0.77577496
Q3_S3_XGB_seed42,Q3,S3,XGB,789,Train,0.760204163477313,0.78024834
Q3_S3_XGB_seed42,Q3,S3,XGB,790,Train,0.730069086834549,0.7298867
Q3_S3_XGB_seed42,Q3,S3,XGB,792,Train,0.727544416479067,0.72171617
Q3_S3_XGB_seed42,Q3,S3,XGB,793,Train,0.694543170076781,0.6932568
Q3_S3_XGB_seed42,Q3,S3,XGB,795,Train,0.774518165430972,0.7743895
Q3_S3_XGB_seed42,Q3,S3,XGB,796,Train,0.763045688513871,0.8096446
Q3_S3_XGB_seed42,Q3,S3,XGB,797,Train,0.792985905265767,0.78424114
Q3_S3_XGB_seed42,Q3,S3,XGB,798,Train,0.761920681521003,0.76519895
Q3_S3_XGB_seed42,Q3,S3,XGB,799,Train,0.801961178112691,0.78424114
Q3_S3_XGB_seed42,Q3,S3,XGB,800,Train,0.987330734281547,0.93056375
Q3_S3_XGB_seed42,Q3,S3,XGB,801,Train,0.769420608847027,0.7841727
Q3_S3_XGB_seed42,Q3,S3,XGB,802,Train,0.689257733017462,0.7296127
Q3_S3_XGB_seed42,Q3,S3,XGB,804,Train,0.915126920728385,0.94214463
Q3_S3_XGB_seed42,Q3,S3,XGB,805,Train,0.957724668649905,0.97719204
Q3_S3_XGB_seed42,Q3,S3,XGB,806,Train,1.03063481620061,1.0424234
Q3_S3_XGB_seed42,Q3,S3,XGB,807,Train,1.07716357459863,1.0664364
Q3_S3_XGB_seed42,Q3,S3,XGB,808,Train,1.099765176777,1.0827678
Q3_S3_XGB_seed42,Q3,S3,XGB,809,Train,0.730069086834549,0.73073506
Q3_S3_XGB_seed42,Q3,S3,XGB,810,Train,0.735308773693085,0.73474437
Q3_S3_XGB_seed42,Q3,S3,XGB,813,Train,0.796413664208491,0.7957325
Q3_S3_XGB_seed42,Q3,S3,XGB,814,Train,0.767488558989535,0.770837
Q3_S3_XGB_seed42,Q3,S3,XGB,815,Train,0.703988669853818,0.7025596
Q3_S3_XGB_seed42,Q3,S3,XGB,816,Train,0.739353567501696,0.73591805
Q3_S3_XGB_seed42,Q3,S3,XGB,817,Train,0.788423061208014,0.79302293
Q3_S3_XGB_seed42,Q3,S3,XGB,818,Train,0.758235053232286,0.77086645
Q3_S3_XGB_seed42,Q3,S3,XGB,819,Train,0.72284929898718,0.7125559
Q3_S3_XGB_seed42,Q3,S3,XGB,820,Train,1.02080147380554,0.99288815
Q3_S3_XGB_seed42,Q3,S3,XGB,821,Train,0.947648069034162,0.9382065
Q3_S3_XGB_seed42,Q3,S3,XGB,822,Train,0.862728357189864,0.8849182
Q3_S3_XGB_seed42,Q3,S3,XGB,823,Train,0.839870245957322,0.7849313
Q3_S3_XGB_seed42,Q3,S3,XGB,824,Train,0.824458849728904,0.791433
Q3_S3_XGB_seed42,Q3,S3,XGB,825,Train,0.804418862461367,0.8064622
Q3_S3_XGB_seed42,Q3,S3,XGB,827,Train,0.755219649235383,0.7849313
Q3_S3_XGB_seed42,Q3,S3,XGB,828,Train,0.758767649085695,0.791433
Q3_S3_XGB_seed42,Q3,S3,XGB,830,Train,0.896148516387512,0.88135505
Q3_S3_XGB_seed42,Q3,S3,XGB,831,Train,0.74651756923174,0.7849313
Q3_S3_XGB_seed42,Q3,S3,XGB,832,Train,0.740400830055671,0.791433
Q3_S3_XGB_seed42,Q3,S3,XGB,833,Train,0.767907275522683,0.8064622
Q3_S3_XGB_seed42,Q3,S3,XGB,834,Train,0.896994041262592,0.88135505
Q3_S3_XGB_seed42,Q3,S3,XGB,836,Train,0.83913565970459,0.791433
Q3_S3_XGB_seed42,Q3,S3,XGB,837,Train,0.861622810252725,0.8064622
Q3_S3_XGB_seed42,Q3,S3,XGB,838,Train,0.881909255770372,0.88135505
Q3_S3_XGB_seed42,Q3,S3,XGB,839,Train,0.77684465445017,0.7849313
Q3_S3_XGB_seed42,Q3,S3,XGB,841,Train,0.798749567481218,0.8064622
Q3_S3_XGB_seed42,Q3,S3,XGB,843,Train,0.783682735179066,0.7849313
Q3_S3_XGB_seed42,Q3,S3,XGB,845,Train,0.804859872876447,0.8064622
Q3_S3_XGB_seed42,Q3,S3,XGB,846,Train,0.830406809094925,0.88135505
Q3_S3_XGB_seed42,Q3,S3,XGB,848,Train,0.988718904599137,0.936465
Q3_S3_XGB_seed42,Q3,S3,XGB,849,Train,0.843338733281164,0.8420138
Q3_S3_XGB_seed42,Q3,S3,XGB,850,Train,0.888691948306559,0.8896257
Q3_S3_XGB_seed42,Q3,S3,XGB,851,Train,0.838448835114117,0.8417181
Q3_S3_XGB_seed42,Q3,S3,XGB,853,Train,0.93120974605083,0.8930241
Q3_S3_XGB_seed42,Q3,S3,XGB,855,Train,0.891947087933177,0.9222145
Q3_S3_XGB_seed42,Q3,S3,XGB,856,Train,0.841003664585931,0.8930241
Q3_S3_XGB_seed42,Q3,S3,XGB,858,Train,0.837640427960517,0.83675426
Q3_S3_XGB_seed42,Q3,S3,XGB,859,Train,0.976976532023534,0.9619515
Q3_S3_XGB_seed42,Q3,S3,XGB,860,Train,0.875116602351075,0.8819468
Q3_S3_XGB_seed42,Q3,S3,XGB,861,Train,0.806684329368713,0.8389122
Q3_S3_XGB_seed42,Q3,S3,XGB,862,Train,0.801102499746633,0.7744745
Q3_S3_XGB_seed42,Q3,S3,XGB,863,Train,0.788004693259768,0.7800004
Q3_S3_XGB_seed42,Q3,S3,XGB,865,Train,0.905409565154336,0.89724463
Q3_S3_XGB_seed42,Q3,S3,XGB,866,Train,0.729031856490157,0.7744745
Q3_S3_XGB_seed42,Q3,S3,XGB,868,Train,0.805791496614141,0.8088042
Q3_S3_XGB_seed42,Q3,S3,XGB,869,Train,0.91435430633742,0.89724463
Q3_S3_XGB_seed42,Q3,S3,XGB,870,Train,0.73919054953609,0.7744745
Q3_S3_XGB_seed42,Q3,S3,XGB,871,Train,0.74439488829365,0.7800004
Q3_S3_XGB_seed42,Q3,S3,XGB,873,Train,0.923963860690704,0.89724463
Q3_S3_XGB_seed42,Q3,S3,XGB,874,Train,0.833194013031795,0.7744745
Q3_S3_XGB_seed42,Q3,S3,XGB,875,Train,0.830460308093366,0.7800004
Q3_S3_XGB_seed42,Q3,S3,XGB,877,Train,0.892161082204004,0.89724463
Q3_S3_XGB_seed42,Q3,S3,XGB,879,Train,0.754580500145541,0.7800004
Q3_S3_XGB_seed42,Q3,S3,XGB,880,Train,0.78318641891646,0.8088042
Q3_S3_XGB_seed42,Q3,S3,XGB,881,Train,0.880695747690427,0.89724463
Q3_S3_XGB_seed42,Q3,S3,XGB,882,Train,0.770956453518485,0.7744745
Q3_S3_XGB_seed42,Q3,S3,XGB,884,Train,0.804624381901374,0.8088042
Q3_S3_XGB_seed42,Q3,S3,XGB,885,Train,0.877540164348498,0.89724463
Q3_S3_XGB_seed42,Q3,S3,XGB,886,Train,0.861262296092212,0.8406069
Q3_S3_XGB_seed42,Q3,S3,XGB,887,Train,0.862587271755434,0.84992903
Q3_S3_XGB_seed42,Q3,S3,XGB,889,Train,0.855699794660814,0.8414725
Q3_S3_XGB_seed42,Q3,S3,XGB,890,Train,0.933510742242849,0.88917327
Q3_S3_XGB_seed42,Q3,S3,XGB,891,Train,1.00605846926458,0.9226255
Q3_S3_XGB_seed42,Q3,S3,XGB,892,Train,0.866467395757682,0.8862254
Q3_S3_XGB_seed42,Q3,S3,XGB,894,Train,0.826695514401272,0.9226255
Q3_S3_XGB_seed42,Q3,S3,XGB,895,Train,0.929061249041944,0.92118555
Q3_S3_XGB_seed42,Q3,S3,XGB,896,Train,0.818042662263129,0.84452075
Q3_S3_XGB_seed42,Q3,S3,XGB,897,Train,0.812085675359892,0.83367354
Q3_S3_XGB_seed42,Q3,S3,XGB,898,Train,0.778042560572574,0.7518166
Q3_S3_XGB_seed42,Q3,S3,XGB,899,Train,0.750039220749238,0.7741295
Q3_S3_XGB_seed42,Q3,S3,XGB,900,Train,0.849781838530611,0.81907254
Q3_S3_XGB_seed42,Q3,S3,XGB,901,Train,0.921417913561959,0.91181725
Q3_S3_XGB_seed42,Q3,S3,XGB,902,Train,0.709560263195736,0.7518166
Q3_S3_XGB_seed42,Q3,S3,XGB,903,Train,0.767907275522683,0.7741295
Q3_S3_XGB_seed42,Q3,S3,XGB,905,Train,0.923880804895202,0.91181725
Q3_S3_XGB_seed42,Q3,S3,XGB,906,Train,0.731376879007756,0.7518166
Q3_S3_XGB_seed42,Q3,S3,XGB,907,Train,0.756332494515326,0.7741295
Q3_S3_XGB_seed42,Q3,S3,XGB,908,Train,0.793009162016314,0.81907254
Q3_S3_XGB_seed42,Q3,S3,XGB,909,Train,0.938995087972337,0.91181725
Q3_S3_XGB_seed42,Q3,S3,XGB,911,Train,0.812349202994303,0.7741295
Q3_S3_XGB_seed42,Q3,S3,XGB,913,Train,0.918757744370779,0.91181725
Q3_S3_XGB_seed42,Q3,S3,XGB,916,Train,0.793688616630125,0.81907254
Q3_S3_XGB_seed42,Q3,S3,XGB,917,Train,0.895365302224161,0.91181725
Q3_S3_XGB_seed42,Q3,S3,XGB,918,Train,0.760613981871055,0.7518166
Q3_S3_XGB_seed42,Q3,S3,XGB,919,Train,0.773129311444233,0.7741295
Q3_S3_XGB_seed42,Q3,S3,XGB,920,Train,0.800973771863673,0.81907254
Q3_S3_XGB_seed42,Q3,S3,XGB,921,Train,0.893455868895967,0.91181725
Q3_S3_XGB_seed42,Q3,S3,XGB,923,Train,0.796755167716249,0.8181527
Q3_S3_XGB_seed42,Q3,S3,XGB,924,Train,0.795814694826164,0.8266104
Q3_S3_XGB_seed42,Q3,S3,XGB,925,Train,0.758526566744865,0.75345004
Q3_S3_XGB_seed42,Q3,S3,XGB,926,Train,0.748892319551776,0.76746786
Q3_S3_XGB_seed42,Q3,S3,XGB,928,Train,0.931291021036105,0.91824305
Q3_S3_XGB_seed42,Q3,S3,XGB,929,Train,0.702154693520188,0.75345004
Q3_S3_XGB_seed42,Q3,S3,XGB,930,Train,0.763409984431848,0.76746786
Q3_S3_XGB_seed42,Q3,S3,XGB,931,Train,0.853067002093386,0.8269577
Q3_S3_XGB_seed42,Q3,S3,XGB,932,Train,0.926347305711552,0.91824305
Q3_S3_XGB_seed42,Q3,S3,XGB,933,Train,0.735661375815505,0.75345004
Q3_S3_XGB_seed42,Q3,S3,XGB,934,Train,0.742397974619634,0.76746786
Q3_S3_XGB_seed42,Q3,S3,XGB,935,Train,0.818122373675804,0.8269577
Q3_S3_XGB_seed42,Q3,S3,XGB,936,Train,0.946555392146291,0.91824305
Q3_S3_XGB_seed42,Q3,S3,XGB,937,Train,0.822176110017067,0.75345004
Q3_S3_XGB_seed42,Q3,S3,XGB,938,Train,0.802579810987906,0.76746786
Q3_S3_XGB_seed42,Q3,S3,XGB,939,Train,0.850241359949186,0.8269577
Q3_S3_XGB_seed42,Q3,S3,XGB,940,Train,0.900280998471653,0.91824305
Q3_S3_XGB_seed42,Q3,S3,XGB,941,Train,0.757894222047023,0.75345004
Q3_S3_XGB_seed42,Q3,S3,XGB,942,Train,0.757061429213538,0.76746786
Q3_S3_XGB_seed42,Q3,S3,XGB,944,Train,0.916784083531629,0.91824305
Q3_S3_XGB_seed42,Q3,S3,XGB,946,Train,0.774436547805945,0.76746786
Q3_S3_XGB_seed42,Q3,S3,XGB,947,Train,0.804802264358862,0.8269577
Q3_S3_XGB_seed42,Q3,S3,XGB,948,Train,0.889507167326115,0.91824305
Q3_S3_XGB_seed42,Q3,S3,XGB,949,Train,0.834489600568311,0.8325405
Q3_S3_XGB_seed42,Q3,S3,XGB,950,Train,0.866179569383206,0.8636836
Q3_S3_XGB_seed42,Q3,S3,XGB,951,Train,0.808010862359159,0.8188193
Q3_S3_XGB_seed42,Q3,S3,XGB,952,Train,0.860410176752358,0.86108017
Q3_S3_XGB_seed42,Q3,S3,XGB,953,Train,0.989598819123395,0.9082766
Q3_S3_XGB_seed42,Q3,S3,XGB,954,Train,0.92242775800187,0.88220376
Q3_S3_XGB_seed42,Q3,S3,XGB,956,Train,0.853182190508781,0.9082766
Q3_S3_XGB_seed42,Q3,S3,XGB,959,Train,0.878145002204253,0.88693756
Q3_S3_XGB_seed42,Q3,S3,XGB,960,Train,0.787849267499515,0.8132311
Q3_S3_XGB_seed42,Q3,S3,XGB,961,Train,0.807788120514204,0.8259195
Q3_S3_XGB_seed42,Q3,S3,XGB,962,Train,0.763569965105048,0.7647696
Q3_S3_XGB_seed42,Q3,S3,XGB,963,Train,0.742136835683651,0.7730552
Q3_S3_XGB_seed42,Q3,S3,XGB,967,Train,0.770768562571437,0.7730552
Q3_S3_XGB_seed42,Q3,S3,XGB,968,Train,0.865848949986576,0.84026384
Q3_S3_XGB_seed42,Q3,S3,XGB,969,Train,0.926460609945532,0.9157332
Q3_S3_XGB_seed42,Q3,S3,XGB,970,Train,0.718033884901515,0.7647696
Q3_S3_XGB_seed42,Q3,S3,XGB,971,Train,0.744034833728012,0.7730552
Q3_S3_XGB_seed42,Q3,S3,XGB,972,Train,0.834231145952886,0.84026384
Q3_S3_XGB_seed42,Q3,S3,XGB,973,Train,0.949081938843105,0.9157332
Q3_S3_XGB_seed42,Q3,S3,XGB,974,Train,0.823136893551042,0.7647696
Q3_S3_XGB_seed42,Q3,S3,XGB,975,Train,0.807558799569149,0.7730552
Q3_S3_XGB_seed42,Q3,S3,XGB,976,Train,0.845371896610588,0.84026384
Q3_S3_XGB_seed42,Q3,S3,XGB,977,Train,0.901400479158204,0.9157332
Q3_S3_XGB_seed42,Q3,S3,XGB,978,Train,0.758793795325685,0.7647696
Q3_S3_XGB_seed42,Q3,S3,XGB,979,Train,0.759419253918282,0.7730552
Q3_S3_XGB_seed42,Q3,S3,XGB,981,Train,0.909280357024702,0.9157332
Q3_S3_XGB_seed42,Q3,S3,XGB,982,Train,0.75408366475121,0.7647696
Q3_S3_XGB_seed42,Q3,S3,XGB,983,Train,0.764493341936512,0.7730552
Q3_S3_XGB_seed42,Q3,S3,XGB,985,Train,0.899317323108963,0.9157332
Q3_S3_XGB_seed42,Q3,S3,XGB,990,Train,0.761811915695933,0.7896088
Q3_S3_XGB_seed42,Q3,S3,XGB,991,Train,0.859657066279412,0.839286
Q3_S3_XGB_seed42,Q3,S3,XGB,992,Train,0.720926707585792,0.74487716
Q3_S3_XGB_seed42,Q3,S3,XGB,993,Train,0.735349221875968,0.76944804
Q3_S3_XGB_seed42,Q3,S3,XGB,994,Train,0.864231348838916,0.8463117
Q3_S3_XGB_seed42,Q3,S3,XGB,996,Train,0.719091440442532,0.74487716
Q3_S3_XGB_seed42,Q3,S3,XGB,997,Train,0.779437546258,0.76944804
Q3_S3_XGB_seed42,Q3,S3,XGB,998,Train,0.860219674132099,0.8463117
Q3_S3_XGB_seed42,Q3,S3,XGB,999,Train,0.928960777763589,0.91790897
Q3_S3_XGB_seed42,Q3,S3,XGB,1000,Train,0.709925720338231,0.74487716
Q3_S3_XGB_seed42,Q3,S3,XGB,1004,Train,0.812887139706805,0.74487716
Q3_S3_XGB_seed42,Q3,S3,XGB,1005,Train,0.798244919255891,0.76944804
Q3_S3_XGB_seed42,Q3,S3,XGB,1006,Train,0.842822772629174,0.8463117
Q3_S3_XGB_seed42,Q3,S3,XGB,1007,Train,0.906955362965224,0.91790897
Q3_S3_XGB_seed42,Q3,S3,XGB,1008,Train,0.747785039139969,0.74487716
Q3_S3_XGB_seed42,Q3,S3,XGB,1009,Train,0.766743793103087,0.76944804
Q3_S3_XGB_seed42,Q3,S3,XGB,1011,Train,0.901897886930289,0.91790897
Q3_S3_XGB_seed42,Q3,S3,XGB,1012,Train,0.759207198504107,0.74487716
Q3_S3_XGB_seed42,Q3,S3,XGB,1013,Train,0.76993874578373,0.76944804
Q3_S3_XGB_seed42,Q3,S3,XGB,1014,Train,0.818834654745319,0.8463117
Q3_S3_XGB_seed42,Q3,S3,XGB,1015,Train,0.905978375447755,0.91790897
Q3_S3_XGB_seed42,Q3,S3,XGB,1016,Train,0.856006369302794,0.83735555
Q3_S3_XGB_seed42,Q3,S3,XGB,1017,Train,0.798470002896076,0.8042007
Q3_S3_XGB_seed42,Q3,S3,XGB,1018,Train,0.867404297372514,0.87169117
Q3_S3_XGB_seed42,Q3,S3,XGB,1020,Train,0.919245673734333,0.8470175
Q3_S3_XGB_seed42,Q3,S3,XGB,1021,Train,1.05737670205315,0.9601264
Q3_S3_XGB_seed42,Q3,S3,XGB,1022,Train,0.853182190508781,0.8610459
Q3_S3_XGB_seed42,Q3,S3,XGB,1023,Train,0.798982458338327,0.8470175
Q3_S3_XGB_seed42,Q3,S3,XGB,1024,Train,0.894639934691145,0.9601264
Q3_S3_XGB_seed42,Q3,S3,XGB,1025,Train,0.836702062630733,0.83138126
Q3_S3_XGB_seed42,Q3,S3,XGB,1028,Train,0.711549340265613,0.74719614
Q3_S3_XGB_seed42,Q3,S3,XGB,1029,Train,0.738760170069949,0.7697544
Q3_S3_XGB_seed42,Q3,S3,XGB,1030,Train,0.861641648130033,0.85186046
Q3_S3_XGB_seed42,Q3,S3,XGB,1032,Train,0.718982616423606,0.74719614
Q3_S3_XGB_seed42,Q3,S3,XGB,1033,Train,0.783095405058374,0.7697544
Q3_S3_XGB_seed42,Q3,S3,XGB,1034,Train,0.865454199500397,0.85186046
Q3_S3_XGB_seed42,Q3,S3,XGB,1035,Train,0.933971259237154,0.9301314
Q3_S3_XGB_seed42,Q3,S3,XGB,1036,Train,0.701623672917154,0.74719614
Q3_S3_XGB_seed42,Q3,S3,XGB,1037,Train,0.757193696411778,0.7697544
Q3_S3_XGB_seed42,Q3,S3,XGB,1038,Train,0.872255273289102,0.85186046
Q3_S3_XGB_seed42,Q3,S3,XGB,1039,Train,0.954144546641154,0.9301314
Q3_S3_XGB_seed42,Q3,S3,XGB,1040,Train,0.814569613592269,0.74719614
Q3_S3_XGB_seed42,Q3,S3,XGB,1042,Train,0.859663223157214,0.85186046
Q3_S3_XGB_seed42,Q3,S3,XGB,1043,Train,0.932819211063934,0.9301314
Q3_S3_XGB_seed42,Q3,S3,XGB,1044,Train,0.753576013281286,0.74719614
Q3_S3_XGB_seed42,Q3,S3,XGB,1045,Train,0.76051362037454,0.7697544
Q3_S3_XGB_seed42,Q3,S3,XGB,1046,Train,0.818834654745319,0.85186046
Q3_S3_XGB_seed42,Q3,S3,XGB,1048,Train,0.756624896500184,0.74719614
Q3_S3_XGB_seed42,Q3,S3,XGB,1049,Train,0.760204163477313,0.7697544
Q3_S3_XGB_seed42,Q3,S3,XGB,1050,Train,0.829191674260014,0.85186046
Q3_S3_XGB_seed42,Q3,S3,XGB,1051,Train,0.922527857069852,0.9301314
Q3_S3_XGB_seed42,Q3,S3,XGB,1052,Train,0.79710536729945,0.8053984
Q3_S3_XGB_seed42,Q3,S3,XGB,1053,Train,0.843595373557105,0.8575031
Q3_S3_XGB_seed42,Q3,S3,XGB,1054,Train,0.820417256414491,0.8365246
Q3_S3_XGB_seed42,Q3,S3,XGB,1055,Train,0.957410318343692,0.9562282
Q3_S3_XGB_seed42,Q3,S3,XGB,1056,Train,0.813872622033883,0.8275917
Q3_S3_XGB_seed42,Q3,S3,XGB,1057,Train,0.774189026409601,0.7850523
Q3_S3_XGB_seed42,Q3,S3,XGB,1060,Train,0.761528027071662,0.77498674
Q3_S3_XGB_seed42,Q3,S3,XGB,1061,Train,0.869420076911184,0.8565338
Q3_S3_XGB_seed42,Q3,S3,XGB,1064,Train,0.800373468473371,0.77498674
Q3_S3_XGB_seed42,Q3,S3,XGB,1065,Train,0.868075884732324,0.8565338
Q3_S3_XGB_seed42,Q3,S3,XGB,1066,Train,0.929363429825195,0.93752927
Q3_S3_XGB_seed42,Q3,S3,XGB,1068,Train,0.770219717628378,0.77498674
Q3_S3_XGB_seed42,Q3,S3,XGB,1069,Train,0.88022855729693,0.8565338
Q3_S3_XGB_seed42,Q3,S3,XGB,1070,Train,0.959219672874343,0.93752927
Q3_S3_XGB_seed42,Q3,S3,XGB,1071,Train,0.802296644258131,0.7532747
Q3_S3_XGB_seed42,Q3,S3,XGB,1073,Train,0.866999035914871,0.8565338
Q3_S3_XGB_seed42,Q3,S3,XGB,1074,Train,0.949217949892863,0.93752927
Q3_S3_XGB_seed42,Q3,S3,XGB,1076,Train,0.760204163477313,0.77498674
Q3_S3_XGB_seed42,Q3,S3,XGB,1077,Train,0.822125963335149,0.8565338
Q3_S3_XGB_seed42,Q3,S3,XGB,1078,Train,0.939426893652025,0.93752927
Q3_S3_XGB_seed42,Q3,S3,XGB,1079,Train,0.750569072247341,0.7532747
Q3_S3_XGB_seed42,Q3,S3,XGB,1080,Train,0.763045688513871,0.77498674
Q3_S3_XGB_seed42,Q3,S3,XGB,1081,Train,0.83332674041077,0.8565338
Q3_S3_XGB_seed42,Q3,S3,XGB,1082,Train,0.926188379655635,0.93752927
Q3_S3_XGB_seed42,Q3,S3,XGB,1083,Train,0.797960018930702,0.8036471
Q3_S3_XGB_seed42,Q3,S3,XGB,1084,Train,0.763999535247556,0.78239626
Q3_S3_XGB_seed42,Q3,S3,XGB,1085,Train,0.895543206493383,0.84951997
Q3_S3_XGB_seed42,Q3,S3,XGB,1086,Train,0.708569706169591,0.73912036
Q3_S3_XGB_seed42,Q3,S3,XGB,1088,Train,0.868075884732324,0.86581355
Q3_S3_XGB_seed42,Q3,S3,XGB,1089,Train,0.944032050879927,0.9461405
Q3_S3_XGB_seed42,Q3,S3,XGB,1090,Train,0.733424008300312,0.73912036
Q3_S3_XGB_seed42,Q3,S3,XGB,1091,Train,0.804932790987593,0.7808835
Q3_S3_XGB_seed42,Q3,S3,XGB,1092,Train,0.875958312856537,0.86581355
Q3_S3_XGB_seed42,Q3,S3,XGB,1093,Train,0.93951362970487,0.9461405
Q3_S3_XGB_seed42,Q3,S3,XGB,1094,Train,0.69677225391561,0.73912036
Q3_S3_XGB_seed42,Q3,S3,XGB,1095,Train,0.786180255102554,0.7808835
Q3_S3_XGB_seed42,Q3,S3,XGB,1096,Train,0.882891632476178,0.86581355
Q3_S3_XGB_seed42,Q3,S3,XGB,1097,Train,0.956680557393612,0.9461405
Q3_S3_XGB_seed42,Q3,S3,XGB,1098,Train,0.792504253391991,0.73912036
Q3_S3_XGB_seed42,Q3,S3,XGB,1099,Train,0.789633487297816,0.7808835
Q3_S3_XGB_seed42,Q3,S3,XGB,1101,Train,0.956942220525115,0.9461405
Q3_S3_XGB_seed42,Q3,S3,XGB,1102,Train,0.734199846749297,0.73912036
Q3_S3_XGB_seed42,Q3,S3,XGB,1103,Train,0.774793449957782,0.7808835
Q3_S3_XGB_seed42,Q3,S3,XGB,1104,Train,0.831410637779578,0.86581355
Q3_S3_XGB_seed42,Q3,S3,XGB,1105,Train,0.945850340334221,0.9461405
Q3_S3_XGB_seed42,Q3,S3,XGB,1108,Train,0.845381357533183,0.86581355
Q3_S3_XGB_seed42,Q3,S3,XGB,1109,Train,0.936970712621457,0.9461405
Q3_S3_XGB_seed42,Q3,S3,XGB,1110,Train,0.799935130890267,0.8046443
Q3_S3_XGB_seed42,Q3,S3,XGB,1111,Train,0.76635763480699,0.7829129
Q3_S3_XGB_seed42,Q3,S3,XGB,1113,Train,0.72141924849785,0.7422764
Q3_S3_XGB_seed42,Q3,S3,XGB,1114,Train,0.814615157530146,0.7858256
Q3_S3_XGB_seed42,Q3,S3,XGB,1115,Train,0.870700482829228,0.8712022
Q3_S3_XGB_seed42,Q3,S3,XGB,1117,Train,0.748026513306267,0.7422764
Q3_S3_XGB_seed42,Q3,S3,XGB,1118,Train,0.819042301069102,0.7858256
Q3_S3_XGB_seed42,Q3,S3,XGB,1119,Train,0.872255273289102,0.8712022
Q3_S3_XGB_seed42,Q3,S3,XGB,1120,Train,0.93951362970487,0.9542891
Q3_S3_XGB_seed42,Q3,S3,XGB,1121,Train,0.699087262596401,0.7422764
Q3_S3_XGB_seed42,Q3,S3,XGB,1122,Train,0.804412761608385,0.7858256
Q3_S3_XGB_seed42,Q3,S3,XGB,1123,Train,0.888225610247878,0.8712022
Q3_S3_XGB_seed42,Q3,S3,XGB,1124,Train,0.959219672874343,0.9542891
Q3_S3_XGB_seed42,Q3,S3,XGB,1125,Train,0.794478660847515,0.7422764
Q3_S3_XGB_seed42,Q3,S3,XGB,1126,Train,0.795044896217672,0.7858256
Q3_S3_XGB_seed42,Q3,S3,XGB,1128,Train,0.97232606069617,0.9542891
Q3_S3_XGB_seed42,Q3,S3,XGB,1130,Train,0.76392809877467,0.7858256
Q3_S3_XGB_seed42,Q3,S3,XGB,1131,Train,0.845381357533183,0.8712022
Q3_S3_XGB_seed42,Q3,S3,XGB,1132,Train,0.954485708802878,0.9542891
Q3_S3_XGB_seed42,Q3,S3,XGB,1133,Train,0.742091685619275,0.7422764
Q3_S3_XGB_seed42,Q3,S3,XGB,1134,Train,0.754667374526097,0.7858256
Q3_S3_XGB_seed42,Q3,S3,XGB,1135,Train,0.869999601044121,0.8712022
Q3_S3_XGB_seed42,Q3,S3,XGB,1136,Train,0.952275901991181,0.9542891
Q3_S3_XGB_seed42,Q3,S3,XGB,1137,Train,0.813523741478924,0.83417165
Q3_S3_XGB_seed42,Q3,S3,XGB,1139,Train,0.765581738055363,0.7822116
Q3_S3_XGB_seed42,Q3,S3,XGB,1140,Train,0.893569868785435,0.8538666
Q3_S3_XGB_seed42,Q3,S3,XGB,1141,Train,0.709030521494937,0.74383146
Q3_S3_XGB_seed42,Q3,S3,XGB,1142,Train,0.824401326732183,0.78773195
Q3_S3_XGB_seed42,Q3,S3,XGB,1143,Train,0.875958312856537,0.8848938
Q3_S3_XGB_seed42,Q3,S3,XGB,1144,Train,0.944607596729703,0.9547419
Q3_S3_XGB_seed42,Q3,S3,XGB,1145,Train,0.766681341537034,0.74383146
Q3_S3_XGB_seed42,Q3,S3,XGB,1146,Train,0.821112449176638,0.78773195
Q3_S3_XGB_seed42,Q3,S3,XGB,1147,Train,0.875958312856537,0.8848938
Q3_S3_XGB_seed42,Q3,S3,XGB,1148,Train,0.935150536886007,0.9547419
Q3_S3_XGB_seed42,Q3,S3,XGB,1149,Train,0.702440630147331,0.74383146
Q3_S3_XGB_seed42,Q3,S3,XGB,1151,Train,0.89089646597602,0.8848938
Q3_S3_XGB_seed42,Q3,S3,XGB,1152,Train,0.957395932449324,0.9547419
Q3_S3_XGB_seed42,Q3,S3,XGB,1153,Train,0.798730965528296,0.74383146
Q3_S3_XGB_seed42,Q3,S3,XGB,1154,Train,0.79375716356903,0.78773195
Q3_S3_XGB_seed42,Q3,S3,XGB,1155,Train,0.909280357024702,0.8848938
Q3_S3_XGB_seed42,Q3,S3,XGB,1157,Train,0.740859563923326,0.74383146
Q3_S3_XGB_seed42,Q3,S3,XGB,1158,Train,0.762574527781987,0.78773195
Q3_S3_XGB_seed42,Q3,S3,XGB,1160,Train,0.965390605715699,0.9547419
Q3_S3_XGB_seed42,Q3,S3,XGB,1161,Train,0.743478810778917,0.74383146
Q3_S3_XGB_seed42,Q3,S3,XGB,1162,Train,0.764183080187211,0.78773195
Q3_S3_XGB_seed42,Q3,S3,XGB,1165,Train,0.86118506512759,0.8494871
Q3_S3_XGB_seed42,Q3,S3,XGB,1166,Train,0.774189026409601,0.80013585
Q3_S3_XGB_seed42,Q3,S3,XGB,1168,Train,0.905073760419263,0.85539806
Q3_S3_XGB_seed42,Q3,S3,XGB,1169,Train,0.723035518357035,0.7463699
Q3_S3_XGB_seed42,Q3,S3,XGB,1170,Train,0.826526360327323,0.79909194
Q3_S3_XGB_seed42,Q3,S3,XGB,1171,Train,0.875958312856537,0.8919073
Q3_S3_XGB_seed42,Q3,S3,XGB,1172,Train,0.944607596729703,0.9636769
Q3_S3_XGB_seed42,Q3,S3,XGB,1173,Train,0.760209160895165,0.7463699
Q3_S3_XGB_seed42,Q3,S3,XGB,1174,Train,0.820740259958004,0.79909194
Q3_S3_XGB_seed42,Q3,S3,XGB,1175,Train,0.872255273289102,0.8919073
Q3_S3_XGB_seed42,Q3,S3,XGB,1176,Train,0.945437666284331,0.9636769
Q3_S3_XGB_seed42,Q3,S3,XGB,1178,Train,0.823357286621594,0.79909194
Q3_S3_XGB_seed42,Q3,S3,XGB,1179,Train,0.891799038593436,0.8919073
Q3_S3_XGB_seed42,Q3,S3,XGB,1180,Train,0.959962561862519,0.9636769
Q3_S3_XGB_seed42,Q3,S3,XGB,1181,Train,0.77684465445017,0.7463699
Q3_S3_XGB_seed42,Q3,S3,XGB,1182,Train,0.794780573757261,0.79909194
Q3_S3_XGB_seed42,Q3,S3,XGB,1184,Train,0.996041319454468,0.9636769
Q3_S3_XGB_seed42,Q3,S3,XGB,1185,Train,0.729274737980591,0.7463699
Q3_S3_XGB_seed42,Q3,S3,XGB,1186,Train,0.765245089682088,0.79909194
Q3_S3_XGB_seed42,Q3,S3,XGB,1187,Train,0.900060352488373,0.8919073
Q3_S3_XGB_seed42,Q3,S3,XGB,1188,Train,0.974200495215366,0.9636769
Q3_S3_XGB_seed42,Q3,S3,XGB,1189,Train,0.741022079805728,0.7463699
Q3_S3_XGB_seed42,Q3,S3,XGB,1191,Train,0.924316467912413,0.8919073
Q3_S3_XGB_seed42,Q3,S3,XGB,1194,Train,1.0309100192963,1.0380579
Q3_S3_XGB_seed42,Q3,S3,XGB,1195,Train,1.0309100192963,1.0339952
Q3_S3_XGB_seed42,Q3,S3,XGB,1196,Train,1.04780321656717,1.0411416
Q3_S3_XGB_seed42,Q3,S3,XGB,1197,Train,1.02116378112696,1.0293088
Q3_S3_XGB_seed42,Q3,S3,XGB,1199,Train,0.942863732067123,0.94457674
Q3_S3_XGB_seed42,Q3,S3,XGB,1200,Train,0.858516034072475,0.8430851
Q3_S3_XGB_seed42,Q3,S3,XGB,1201,Train,0.828220858895706,0.8312993
Q3_S3_XGB_seed42,Q3,S3,XGB,1202,Train,1.16613648991414,1.1678474
Q3_S3_XGB_seed42,Q3,S3,XGB,1203,Train,1.17590341402158,1.1680648
Q3_S3_XGB_seed42,Q3,S3,XGB,1205,Train,1.15864463864469,1.1472263
Q3_S3_XGB_seed42,Q3,S3,XGB,1208,Train,0.945059146949154,0.9564687
Q3_S3_XGB_seed42,Q3,S3,XGB,1209,Train,0.743453636792905,0.7528105
Q3_S3_XGB_seed42,Q3,S3,XGB,1210,Train,0.756610346124391,0.74533206
Q3_S3_XGB_seed42,Q3,S3,XGB,1211,Train,1.14869832591629,1.1578157
Q3_S3_XGB_seed42,Q3,S3,XGB,1212,Train,1.15615284385716,1.1620735
Q3_S3_XGB_seed42,Q3,S3,XGB,1213,Train,1.15366382320943,1.1476946
Q3_S3_XGB_seed42,Q3,S3,XGB,1214,Train,1.16146409290499,1.1501
Q3_S3_XGB_seed42,Q3,S3,XGB,1216,Train,1.09724257611613,1.1036342
Q3_S3_XGB_seed42,Q3,S3,XGB,1217,Train,0.969373157471161,0.9675673
Q3_S3_XGB_seed42,Q3,S3,XGB,1218,Train,0.767721189179986,0.76756454
Q3_S3_XGB_seed42,Q3,S3,XGB,1219,Train,0.747774846750593,0.75638247
Q3_S3_XGB_seed42,Q3,S3,XGB,1221,Train,1.19192306228115,1.1904016
Q3_S3_XGB_seed42,Q3,S3,XGB,1222,Train,1.19192306228115,1.1868056
Q3_S3_XGB_seed42,Q3,S3,XGB,1223,Train,1.17930396588958,1.0877203
Q3_S3_XGB_seed42,Q3,S3,XGB,1224,Train,1.15378304985468,1.1597449
Q3_S3_XGB_seed42,Q3,S3,XGB,1225,Train,1.14378937187987,1.1451181
Q3_S3_XGB_seed42,Q3,S3,XGB,1226,Train,1.05992184543277,1.0409454
Q3_S3_XGB_seed42,Q3,S3,XGB,1227,Train,0.779325256152953,0.81633747
Q3_S3_XGB_seed42,Q3,S3,XGB,1228,Train,0.765644820823472,0.79995364
Q3_S3_XGB_seed42,Q3,S3,XGB,8,Test,0.852320637196598,0.9907302
Q3_S3_XGB_seed42,Q3,S3,XGB,16,Test,0.757910939800996,0.8207641
Q3_S3_XGB_seed42,Q3,S3,XGB,33,Test,0.947878574037492,0.87095463
Q3_S3_XGB_seed42,Q3,S3,XGB,40,Test,0.846204660987704,0.94611126
Q3_S3_XGB_seed42,Q3,S3,XGB,41,Test,0.826322526936951,0.86879736
Q3_S3_XGB_seed42,Q3,S3,XGB,49,Test,0.813872622033883,0.80558413
Q3_S3_XGB_seed42,Q3,S3,XGB,55,Test,1.1800839773586,1.047334
Q3_S3_XGB_seed42,Q3,S3,XGB,60,Test,0.711458783801433,0.88222027
Q3_S3_XGB_seed42,Q3,S3,XGB,62,Test,1.05868835286937,1.0767224
Q3_S3_XGB_seed42,Q3,S3,XGB,65,Test,0.822125963335149,0.86167544
Q3_S3_XGB_seed42,Q3,S3,XGB,67,Test,0.860852339675353,0.902651
Q3_S3_XGB_seed42,Q3,S3,XGB,69,Test,0.952684962682573,0.9699497
Q3_S3_XGB_seed42,Q3,S3,XGB,70,Test,1.00486544375881,0.9957906
Q3_S3_XGB_seed42,Q3,S3,XGB,74,Test,0.813467798407692,0.82860744
Q3_S3_XGB_seed42,Q3,S3,XGB,77,Test,0.852684600835069,0.9221867
Q3_S3_XGB_seed42,Q3,S3,XGB,78,Test,0.903935228958348,1.0284741
Q3_S3_XGB_seed42,Q3,S3,XGB,81,Test,0.813467798407692,0.8754552
Q3_S3_XGB_seed42,Q3,S3,XGB,87,Test,0.737639852812842,0.8164458
Q3_S3_XGB_seed42,Q3,S3,XGB,90,Test,0.992568658138745,0.9810579
Q3_S3_XGB_seed42,Q3,S3,XGB,95,Test,0.728664117820701,0.8064763
Q3_S3_XGB_seed42,Q3,S3,XGB,98,Test,0.920532930540302,0.9160977
Q3_S3_XGB_seed42,Q3,S3,XGB,100,Test,0.81331948022468,0.89692307
Q3_S3_XGB_seed42,Q3,S3,XGB,108,Test,0.802674817559499,0.8195505
Q3_S3_XGB_seed42,Q3,S3,XGB,112,Test,0.900141392199746,0.9390361
Q3_S3_XGB_seed42,Q3,S3,XGB,113,Test,0.904396288730716,1.0189117
Q3_S3_XGB_seed42,Q3,S3,XGB,119,Test,0.810800723507938,0.82017
Q3_S3_XGB_seed42,Q3,S3,XGB,122,Test,1.07485139681547,1.0156404
Q3_S3_XGB_seed42,Q3,S3,XGB,126,Test,1.01467278489236,0.93104875
Q3_S3_XGB_seed42,Q3,S3,XGB,143,Test,0.998279458179488,0.9616307
Q3_S3_XGB_seed42,Q3,S3,XGB,151,Test,0.81033471544061,0.895131
Q3_S3_XGB_seed42,Q3,S3,XGB,153,Test,0.843369921106177,0.88629186
Q3_S3_XGB_seed42,Q3,S3,XGB,154,Test,0.821094228516559,1.0591187
Q3_S3_XGB_seed42,Q3,S3,XGB,155,Test,0.919162757835833,0.9717554
Q3_S3_XGB_seed42,Q3,S3,XGB,156,Test,1.03546229011457,0.8889882
Q3_S3_XGB_seed42,Q3,S3,XGB,171,Test,0.906717139703928,0.85158604
Q3_S3_XGB_seed42,Q3,S3,XGB,173,Test,0.912905287026554,0.8989805
Q3_S3_XGB_seed42,Q3,S3,XGB,204,Test,1.1393357833334,1.1328136
Q3_S3_XGB_seed42,Q3,S3,XGB,210,Test,0.936810267937746,0.87654793
Q3_S3_XGB_seed42,Q3,S3,XGB,214,Test,1.22065556157337,1.2396117
Q3_S3_XGB_seed42,Q3,S3,XGB,228,Test,1.06344855958423,1.1012353
Q3_S3_XGB_seed42,Q3,S3,XGB,234,Test,1.11427419043542,0.9830057
Q3_S3_XGB_seed42,Q3,S3,XGB,235,Test,0.961279319724471,0.9536009
Q3_S3_XGB_seed42,Q3,S3,XGB,244,Test,0.893061283610279,0.8604338
Q3_S3_XGB_seed42,Q3,S3,XGB,245,Test,1.23569967731168,1.2699311
Q3_S3_XGB_seed42,Q3,S3,XGB,246,Test,0.971990987958718,0.90194446
Q3_S3_XGB_seed42,Q3,S3,XGB,254,Test,1.03327416363859,1.0768489
Q3_S3_XGB_seed42,Q3,S3,XGB,257,Test,1.12250446697086,1.1203417
Q3_S3_XGB_seed42,Q3,S3,XGB,275,Test,0.939184508560139,1.0059462
Q3_S3_XGB_seed42,Q3,S3,XGB,284,Test,1.00509196322014,0.9999199
Q3_S3_XGB_seed42,Q3,S3,XGB,295,Test,0.912592939485118,0.91265494
Q3_S3_XGB_seed42,Q3,S3,XGB,296,Test,0.823590841598461,0.8804938
Q3_S3_XGB_seed42,Q3,S3,XGB,301,Test,1.0639187054379,0.91985905
Q3_S3_XGB_seed42,Q3,S3,XGB,321,Test,1.19182986579302,0.98431855
Q3_S3_XGB_seed42,Q3,S3,XGB,326,Test,0.826607210133647,0.82643706
Q3_S3_XGB_seed42,Q3,S3,XGB,338,Test,1.04267580718159,0.9983689
Q3_S3_XGB_seed42,Q3,S3,XGB,341,Test,0.893800025847912,0.8887755
Q3_S3_XGB_seed42,Q3,S3,XGB,342,Test,0.822125963335149,0.9166038
Q3_S3_XGB_seed42,Q3,S3,XGB,343,Test,1.23045619628522,1.1885527
Q3_S3_XGB_seed42,Q3,S3,XGB,360,Test,0.928486314599026,0.9125767
Q3_S3_XGB_seed42,Q3,S3,XGB,361,Test,0.817874479739484,0.89509344
Q3_S3_XGB_seed42,Q3,S3,XGB,362,Test,0.804103761789322,0.890475
Q3_S3_XGB_seed42,Q3,S3,XGB,364,Test,0.807372310203011,0.87226623
Q3_S3_XGB_seed42,Q3,S3,XGB,366,Test,0.793688616630125,0.937946
Q3_S3_XGB_seed42,Q3,S3,XGB,368,Test,0.778410456559892,0.8063447
Q3_S3_XGB_seed42,Q3,S3,XGB,370,Test,0.797044767127811,0.9124622
Q3_S3_XGB_seed42,Q3,S3,XGB,371,Test,0.798595345560752,0.89190054
Q3_S3_XGB_seed42,Q3,S3,XGB,386,Test,1.13574687602424,1.0173205
Q3_S3_XGB_seed42,Q3,S3,XGB,397,Test,1.1186386283466,1.0558295
Q3_S3_XGB_seed42,Q3,S3,XGB,399,Test,0.87291386843261,0.8796198
Q3_S3_XGB_seed42,Q3,S3,XGB,401,Test,0.815966834108385,0.82189816
Q3_S3_XGB_seed42,Q3,S3,XGB,411,Test,0.877864354166367,0.88289416
Q3_S3_XGB_seed42,Q3,S3,XGB,415,Test,0.925526846600607,0.8506466
Q3_S3_XGB_seed42,Q3,S3,XGB,416,Test,0.849045399851102,0.8780469
Q3_S3_XGB_seed42,Q3,S3,XGB,417,Test,0.808514768466947,0.8272942
Q3_S3_XGB_seed42,Q3,S3,XGB,427,Test,1.215634689863,1.2327129
Q3_S3_XGB_seed42,Q3,S3,XGB,429,Test,1.10827609567712,1.0086823
Q3_S3_XGB_seed42,Q3,S3,XGB,431,Test,0.881268697770986,1.0131402
Q3_S3_XGB_seed42,Q3,S3,XGB,437,Test,1.13482643199722,0.985533
Q3_S3_XGB_seed42,Q3,S3,XGB,439,Test,0.902931191290748,0.99170005
Q3_S3_XGB_seed42,Q3,S3,XGB,444,Test,0.924601655563363,0.89937824
Q3_S3_XGB_seed42,Q3,S3,XGB,447,Test,0.929918995294268,0.9831654
Q3_S3_XGB_seed42,Q3,S3,XGB,448,Test,1.21062408455055,1.2294842
Q3_S3_XGB_seed42,Q3,S3,XGB,467,Test,0.84311310408725,0.8611963
Q3_S3_XGB_seed42,Q3,S3,XGB,480,Test,0.821675056584442,0.85984635
Q3_S3_XGB_seed42,Q3,S3,XGB,490,Test,0.860232526704263,0.9034199
Q3_S3_XGB_seed42,Q3,S3,XGB,497,Test,0.865613735535156,0.90041804
Q3_S3_XGB_seed42,Q3,S3,XGB,499,Test,0.818501856967033,0.90041804
Q3_S3_XGB_seed42,Q3,S3,XGB,508,Test,0.869145624340571,0.8690256
Q3_S3_XGB_seed42,Q3,S3,XGB,513,Test,0.777541657084211,0.9027193
Q3_S3_XGB_seed42,Q3,S3,XGB,514,Test,0.872373442452523,0.9670467
Q3_S3_XGB_seed42,Q3,S3,XGB,515,Test,0.761899976261084,0.77809596
Q3_S3_XGB_seed42,Q3,S3,XGB,519,Test,0.792940350167374,0.82252455
Q3_S3_XGB_seed42,Q3,S3,XGB,522,Test,0.795876748277848,0.7768799
Q3_S3_XGB_seed42,Q3,S3,XGB,525,Test,0.787590206185008,0.9254027
Q3_S3_XGB_seed42,Q3,S3,XGB,531,Test,0.746485628020581,0.78839064
Q3_S3_XGB_seed42,Q3,S3,XGB,534,Test,0.887000548342337,0.89719814
Q3_S3_XGB_seed42,Q3,S3,XGB,535,Test,0.833498423244719,0.84249276
Q3_S3_XGB_seed42,Q3,S3,XGB,537,Test,0.793151072002874,0.8123621
Q3_S3_XGB_seed42,Q3,S3,XGB,539,Test,0.970060488345038,0.8743753
Q3_S3_XGB_seed42,Q3,S3,XGB,546,Test,0.889020469334822,0.8819906
Q3_S3_XGB_seed42,Q3,S3,XGB,551,Test,0.831260172592189,0.84476316
Q3_S3_XGB_seed42,Q3,S3,XGB,553,Test,0.826849384947378,0.8064388
Q3_S3_XGB_seed42,Q3,S3,XGB,564,Test,0.878262057500151,0.8434058
Q3_S3_XGB_seed42,Q3,S3,XGB,576,Test,0.742339670007947,0.7496749
Q3_S3_XGB_seed42,Q3,S3,XGB,579,Test,0.886763619447251,0.8663237
Q3_S3_XGB_seed42,Q3,S3,XGB,587,Test,0.861216463662039,0.87438005
Q3_S3_XGB_seed42,Q3,S3,XGB,611,Test,0.77213333007826,0.7793856
Q3_S3_XGB_seed42,Q3,S3,XGB,612,Test,0.764913144503674,0.7642907
Q3_S3_XGB_seed42,Q3,S3,XGB,613,Test,0.728688971473978,0.72815835
Q3_S3_XGB_seed42,Q3,S3,XGB,616,Test,0.880044085567343,0.84592474
Q3_S3_XGB_seed42,Q3,S3,XGB,617,Test,0.807585700067222,0.78297883
Q3_S3_XGB_seed42,Q3,S3,XGB,618,Test,0.77074592040747,0.796609
Q3_S3_XGB_seed42,Q3,S3,XGB,620,Test,0.874724003831233,0.8611896
Q3_S3_XGB_seed42,Q3,S3,XGB,625,Test,0.758709176213725,0.7651797
Q3_S3_XGB_seed42,Q3,S3,XGB,629,Test,0.889817242212127,0.85597545
Q3_S3_XGB_seed42,Q3,S3,XGB,631,Test,0.798143063448458,0.8015076
Q3_S3_XGB_seed42,Q3,S3,XGB,634,Test,0.825733401774114,0.7996109
Q3_S3_XGB_seed42,Q3,S3,XGB,635,Test,0.834632208487437,0.8450004
Q3_S3_XGB_seed42,Q3,S3,XGB,637,Test,0.809354767359919,0.770877
Q3_S3_XGB_seed42,Q3,S3,XGB,640,Test,0.876039548113258,0.88652533
Q3_S3_XGB_seed42,Q3,S3,XGB,643,Test,0.945850340334221,0.9496947
Q3_S3_XGB_seed42,Q3,S3,XGB,644,Test,0.818498551872722,0.8155715
Q3_S3_XGB_seed42,Q3,S3,XGB,646,Test,0.75408366475121,0.7633176
Q3_S3_XGB_seed42,Q3,S3,XGB,647,Test,0.747247842259885,0.7401452
Q3_S3_XGB_seed42,Q3,S3,XGB,654,Test,0.851986068586528,0.84129757
Q3_S3_XGB_seed42,Q3,S3,XGB,664,Test,0.741549273895159,0.73112094
Q3_S3_XGB_seed42,Q3,S3,XGB,668,Test,0.851986068586528,0.82351464
Q3_S3_XGB_seed42,Q3,S3,XGB,673,Test,0.976796171044411,0.9841333
Q3_S3_XGB_seed42,Q3,S3,XGB,676,Test,0.791863787278371,0.79083496
Q3_S3_XGB_seed42,Q3,S3,XGB,680,Test,0.75024454341863,0.7400987
Q3_S3_XGB_seed42,Q3,S3,XGB,682,Test,0.689926541089295,0.6969527
Q3_S3_XGB_seed42,Q3,S3,XGB,684,Test,0.769420608847027,0.77327794
Q3_S3_XGB_seed42,Q3,S3,XGB,691,Test,0.792036479454565,0.79277647
Q3_S3_XGB_seed42,Q3,S3,XGB,699,Test,1.01805929822394,1.0145234
Q3_S3_XGB_seed42,Q3,S3,XGB,721,Test,0.713090900306153,0.7203834
Q3_S3_XGB_seed42,Q3,S3,XGB,733,Test,0.708619564845011,0.71786135
Q3_S3_XGB_seed42,Q3,S3,XGB,749,Test,1.0745623846132,1.0471624
Q3_S3_XGB_seed42,Q3,S3,XGB,750,Test,0.732807913562506,0.7287879
Q3_S3_XGB_seed42,Q3,S3,XGB,757,Test,0.754667374526097,0.75271475
Q3_S3_XGB_seed42,Q3,S3,XGB,764,Test,0.778229870410982,0.7813456
Q3_S3_XGB_seed42,Q3,S3,XGB,783,Test,0.786408672212412,0.7844853
Q3_S3_XGB_seed42,Q3,S3,XGB,784,Test,0.753576013281286,0.7669403
Q3_S3_XGB_seed42,Q3,S3,XGB,785,Test,0.796451175291166,0.7844853
Q3_S3_XGB_seed42,Q3,S3,XGB,791,Test,0.764115759199259,0.767922
Q3_S3_XGB_seed42,Q3,S3,XGB,794,Test,0.803883097711839,0.80973965
Q3_S3_XGB_seed42,Q3,S3,XGB,803,Test,0.864887132936625,0.8691171
Q3_S3_XGB_seed42,Q3,S3,XGB,811,Test,0.735934933307509,0.72848165
Q3_S3_XGB_seed42,Q3,S3,XGB,812,Test,0.696679662727248,0.6979439
Q3_S3_XGB_seed42,Q3,S3,XGB,826,Test,0.86511259293188,0.88135505
Q3_S3_XGB_seed42,Q3,S3,XGB,829,Test,0.799304941599041,0.8064622
Q3_S3_XGB_seed42,Q3,S3,XGB,835,Test,0.834074420809216,0.7849313
Q3_S3_XGB_seed42,Q3,S3,XGB,840,Test,0.76156027562374,0.791433
Q3_S3_XGB_seed42,Q3,S3,XGB,842,Test,0.827016737870009,0.88135505
Q3_S3_XGB_seed42,Q3,S3,XGB,844,Test,0.782523228550948,0.791433
Q3_S3_XGB_seed42,Q3,S3,XGB,847,Test,1.05187627303712,0.8379062
Q3_S3_XGB_seed42,Q3,S3,XGB,852,Test,1.0,0.9222145
Q3_S3_XGB_seed42,Q3,S3,XGB,854,Test,0.98736628129819,0.92058986
Q3_S3_XGB_seed42,Q3,S3,XGB,857,Test,0.829831231648525,0.92058986
Q3_S3_XGB_seed42,Q3,S3,XGB,864,Test,0.829581934480047,0.8088042
Q3_S3_XGB_seed42,Q3,S3,XGB,867,Test,0.753705950531613,0.7800004
Q3_S3_XGB_seed42,Q3,S3,XGB,872,Test,0.756109151147717,0.8088042
Q3_S3_XGB_seed42,Q3,S3,XGB,876,Test,0.850544221972722,0.8088042
Q3_S3_XGB_seed42,Q3,S3,XGB,878,Test,0.768122786122246,0.7744745
Q3_S3_XGB_seed42,Q3,S3,XGB,883,Test,0.764260833453758,0.7800004
Q3_S3_XGB_seed42,Q3,S3,XGB,888,Test,0.829146849424817,0.82290125
Q3_S3_XGB_seed42,Q3,S3,XGB,893,Test,0.813477995464056,0.88917327
Q3_S3_XGB_seed42,Q3,S3,XGB,904,Test,0.844991284927913,0.81907254
Q3_S3_XGB_seed42,Q3,S3,XGB,910,Test,0.822650923078357,0.7518166
Q3_S3_XGB_seed42,Q3,S3,XGB,912,Test,0.842926286538743,0.81907254
Q3_S3_XGB_seed42,Q3,S3,XGB,914,Test,0.756129198325393,0.7518166
Q3_S3_XGB_seed42,Q3,S3,XGB,915,Test,0.763012843752246,0.7741295
Q3_S3_XGB_seed42,Q3,S3,XGB,922,Test,0.898181417669202,0.88140047
Q3_S3_XGB_seed42,Q3,S3,XGB,927,Test,0.852524328493307,0.8269577
Q3_S3_XGB_seed42,Q3,S3,XGB,943,Test,0.806233218706077,0.8269577
Q3_S3_XGB_seed42,Q3,S3,XGB,945,Test,0.766743793103087,0.75345004
Q3_S3_XGB_seed42,Q3,S3,XGB,955,Test,1.01472282521954,0.94084835
Q3_S3_XGB_seed42,Q3,S3,XGB,957,Test,0.80717197123045,0.88220376
Q3_S3_XGB_seed42,Q3,S3,XGB,958,Test,0.835775714089677,0.94084835
Q3_S3_XGB_seed42,Q3,S3,XGB,964,Test,0.855616672954909,0.84026384
Q3_S3_XGB_seed42,Q3,S3,XGB,965,Test,0.933768178822049,0.9157332
Q3_S3_XGB_seed42,Q3,S3,XGB,966,Test,0.705375122357597,0.7647696
Q3_S3_XGB_seed42,Q3,S3,XGB,980,Test,0.799615295736052,0.84026384
Q3_S3_XGB_seed42,Q3,S3,XGB,984,Test,0.808672040193808,0.84026384
Q3_S3_XGB_seed42,Q3,S3,XGB,989,Test,0.856527083574307,0.82728195
Q3_S3_XGB_seed42,Q3,S3,XGB,995,Test,0.94122051777521,0.91790897
Q3_S3_XGB_seed42,Q3,S3,XGB,1001,Test,0.738780628318686,0.76944804
Q3_S3_XGB_seed42,Q3,S3,XGB,1002,Test,0.856382665714486,0.8463117
Q3_S3_XGB_seed42,Q3,S3,XGB,1003,Test,0.951611665438936,0.91790897
Q3_S3_XGB_seed42,Q3,S3,XGB,1010,Test,0.807372310203011,0.8463117
Q3_S3_XGB_seed42,Q3,S3,XGB,1019,Test,0.97754928544809,0.8610459
Q3_S3_XGB_seed42,Q3,S3,XGB,1026,Test,0.766073853156941,0.7948288
Q3_S3_XGB_seed42,Q3,S3,XGB,1027,Test,0.870226290982859,0.84124714
Q3_S3_XGB_seed42,Q3,S3,XGB,1031,Test,0.936481518609124,0.9301314
Q3_S3_XGB_seed42,Q3,S3,XGB,1041,Test,0.793027846274449,0.7697544
Q3_S3_XGB_seed42,Q3,S3,XGB,1047,Test,0.92043966507775,0.9301314
Q3_S3_XGB_seed42,Q3,S3,XGB,1058,Test,0.882445021438997,0.8380791
Q3_S3_XGB_seed42,Q3,S3,XGB,1059,Test,0.696130860398804,0.7532747
Q3_S3_XGB_seed42,Q3,S3,XGB,1062,Test,0.938995087972337,0.93752927
Q3_S3_XGB_seed42,Q3,S3,XGB,1063,Test,0.724687392452051,0.7532747
Q3_S3_XGB_seed42,Q3,S3,XGB,1067,Test,0.692510670315816,0.7532747
Q3_S3_XGB_seed42,Q3,S3,XGB,1072,Test,0.791863787278371,0.77498674
Q3_S3_XGB_seed42,Q3,S3,XGB,1075,Test,0.746982840546495,0.7532747
Q3_S3_XGB_seed42,Q3,S3,XGB,1087,Test,0.788316855346138,0.7808835
Q3_S3_XGB_seed42,Q3,S3,XGB,1100,Test,0.874724003831233,0.86581355
Q3_S3_XGB_seed42,Q3,S3,XGB,1106,Test,0.737991169849063,0.73912036
Q3_S3_XGB_seed42,Q3,S3,XGB,1107,Test,0.760892032233977,0.7808835
Q3_S3_XGB_seed42,Q3,S3,XGB,1112,Test,0.894448704342633,0.84523875
Q3_S3_XGB_seed42,Q3,S3,XGB,1116,Test,0.949081938843105,0.9542891
Q3_S3_XGB_seed42,Q3,S3,XGB,1127,Test,0.893412560197882,0.8712022
Q3_S3_XGB_seed42,Q3,S3,XGB,1129,Test,0.736375333711986,0.7422764
Q3_S3_XGB_seed42,Q3,S3,XGB,1138,Test,0.785294421397043,0.8033233
Q3_S3_XGB_seed42,Q3,S3,XGB,1150,Test,0.818012884857102,0.78773195
Q3_S3_XGB_seed42,Q3,S3,XGB,1156,Test,0.987350077425618,0.9547419
Q3_S3_XGB_seed42,Q3,S3,XGB,1159,Test,0.854579770296881,0.8848938
Q3_S3_XGB_seed42,Q3,S3,XGB,1163,Test,0.880095843518457,0.8848938
Q3_S3_XGB_seed42,Q3,S3,XGB,1164,Test,0.963352339838838,0.9547419
Q3_S3_XGB_seed42,Q3,S3,XGB,1167,Test,0.780601625075104,0.7840679
Q3_S3_XGB_seed42,Q3,S3,XGB,1177,Test,0.717878780699404,0.7463699
Q3_S3_XGB_seed42,Q3,S3,XGB,1183,Test,0.94370407868224,0.8919073
Q3_S3_XGB_seed42,Q3,S3,XGB,1190,Test,0.772100152115195,0.79909194
Q3_S3_XGB_seed42,Q3,S3,XGB,1192,Test,0.970053895441174,0.9636769
Q3_S3_XGB_seed42,Q3,S3,XGB,1193,Test,1.06402417781585,1.065044
Q3_S3_XGB_seed42,Q3,S3,XGB,1198,Test,1.00621600482152,1.0148641
Q3_S3_XGB_seed42,Q3,S3,XGB,1204,Test,1.17590341402158,1.1424608
Q3_S3_XGB_seed42,Q3,S3,XGB,1206,Test,1.14889975557443,1.1291256
Q3_S3_XGB_seed42,Q3,S3,XGB,1207,Test,1.15184604574972,1.0896207
Q3_S3_XGB_seed42,Q3,S3,XGB,1215,Test,1.12665504657055,1.1332755
Q3_S3_XGB_seed42,Q3,S3,XGB,1220,Test,1.1943087167904,1.170412
