Run_ID,Property,Stage,Model,ID,Split,y_true,y_pred
HV_S0_LGBM_seed42,HV,S0,LGBM,5,Train,137.0,215.68139164625754
HV_S0_LGBM_seed42,HV,S0,LGBM,6,Train,161.0,215.68139164625754
HV_S0_LGBM_seed42,HV,S0,LGBM,7,Train,246.0,215.68139164625754
HV_S0_LGBM_seed42,HV,S0,LGBM,9,Train,280.0,215.68139164625754
HV_S0_LGBM_seed42,HV,S0,LGBM,10,Train,201.0,220.80696732479194
HV_S0_LGBM_seed42,HV,S0,LGBM,12,Train,151.0,215.68139164625754
HV_S0_LGBM_seed42,HV,S0,LGBM,13,Train,205.0,215.68139164625754
HV_S0_LGBM_seed42,HV,S0,LGBM,14,Train,255.0,215.68139164625754
HV_S0_LGBM_seed42,HV,S0,LGBM,15,Train,246.0,215.68139164625754
HV_S0_LGBM_seed42,HV,S0,LGBM,17,Train,214.0,220.80696732479194
HV_S0_LGBM_seed42,HV,S0,LGBM,18,Train,210.0,214.05933946691806
HV_S0_LGBM_seed42,HV,S0,LGBM,20,Train,93.0,166.52751828484608
HV_S0_LGBM_seed42,HV,S0,LGBM,21,Train,126.0,166.52751828484608
HV_S0_LGBM_seed42,HV,S0,LGBM,22,Train,157.0,166.52751828484608
HV_S0_LGBM_seed42,HV,S0,LGBM,23,Train,207.0,166.52751828484608
HV_S0_LGBM_seed42,HV,S0,LGBM,24,Train,191.0,166.52751828484608
HV_S0_LGBM_seed42,HV,S0,LGBM,28,Train,185.0,202.17160808950385
HV_S0_LGBM_seed42,HV,S0,LGBM,29,Train,211.0,213.33709986568175
HV_S0_LGBM_seed42,HV,S0,LGBM,30,Train,218.0,222.562208963404
HV_S0_LGBM_seed42,HV,S0,LGBM,31,Train,227.0,215.68139164625754
HV_S0_LGBM_seed42,HV,S0,LGBM,32,Train,199.0,212.37562679844046
HV_S0_LGBM_seed42,HV,S0,LGBM,34,Train,148.0,173.5161870642017
HV_S0_LGBM_seed42,HV,S0,LGBM,35,Train,139.0,156.6035698619897
HV_S0_LGBM_seed42,HV,S0,LGBM,36,Train,132.0,155.28305535146586
HV_S0_LGBM_seed42,HV,S0,LGBM,37,Train,221.0,202.17160808950385
HV_S0_LGBM_seed42,HV,S0,LGBM,38,Train,224.0,213.33709986568175
HV_S0_LGBM_seed42,HV,S0,LGBM,39,Train,233.0,222.562208963404
HV_S0_LGBM_seed42,HV,S0,LGBM,42,Train,192.0,193.15901884905938
HV_S0_LGBM_seed42,HV,S0,LGBM,43,Train,182.0,173.5161870642017
HV_S0_LGBM_seed42,HV,S0,LGBM,44,Train,175.0,156.6035698619897
HV_S0_LGBM_seed42,HV,S0,LGBM,45,Train,174.0,155.28305535146586
HV_S0_LGBM_seed42,HV,S0,LGBM,46,Train,172.0,215.68139164625754
HV_S0_LGBM_seed42,HV,S0,LGBM,47,Train,234.0,215.68139164625754
HV_S0_LGBM_seed42,HV,S0,LGBM,48,Train,260.0,215.68139164625754
HV_S0_LGBM_seed42,HV,S0,LGBM,50,Train,290.0,215.68139164625754
HV_S0_LGBM_seed42,HV,S0,LGBM,51,Train,236.0,220.80696732479194
HV_S0_LGBM_seed42,HV,S0,LGBM,52,Train,216.0,211.24390148344816
HV_S0_LGBM_seed42,HV,S0,LGBM,53,Train,238.0,214.05933946691806
HV_S0_LGBM_seed42,HV,S0,LGBM,56,Train,143.0,166.52751828484608
HV_S0_LGBM_seed42,HV,S0,LGBM,57,Train,191.0,166.52751828484608
HV_S0_LGBM_seed42,HV,S0,LGBM,58,Train,200.0,166.52751828484608
HV_S0_LGBM_seed42,HV,S0,LGBM,59,Train,176.0,166.52751828484608
HV_S0_LGBM_seed42,HV,S0,LGBM,61,Train,300.0,262.6183611013565
HV_S0_LGBM_seed42,HV,S0,LGBM,63,Train,222.0,213.33709986568175
HV_S0_LGBM_seed42,HV,S0,LGBM,64,Train,226.0,222.562208963404
HV_S0_LGBM_seed42,HV,S0,LGBM,66,Train,217.0,212.37562679844046
HV_S0_LGBM_seed42,HV,S0,LGBM,68,Train,188.0,173.5161870642017
HV_S0_LGBM_seed42,HV,S0,LGBM,71,Train,225.0,202.17160808950385
HV_S0_LGBM_seed42,HV,S0,LGBM,72,Train,230.0,213.33709986568175
HV_S0_LGBM_seed42,HV,S0,LGBM,73,Train,234.0,222.562208963404
HV_S0_LGBM_seed42,HV,S0,LGBM,75,Train,228.0,212.37562679844046
HV_S0_LGBM_seed42,HV,S0,LGBM,76,Train,217.0,193.15901884905938
HV_S0_LGBM_seed42,HV,S0,LGBM,79,Train,186.0,155.28305535146586
HV_S0_LGBM_seed42,HV,S0,LGBM,80,Train,199.0,215.68139164625754
HV_S0_LGBM_seed42,HV,S0,LGBM,82,Train,244.0,215.68139164625754
HV_S0_LGBM_seed42,HV,S0,LGBM,83,Train,214.0,215.68139164625754
HV_S0_LGBM_seed42,HV,S0,LGBM,84,Train,282.0,215.68139164625754
HV_S0_LGBM_seed42,HV,S0,LGBM,85,Train,237.0,220.80696732479194
HV_S0_LGBM_seed42,HV,S0,LGBM,86,Train,237.0,211.24390148344816
HV_S0_LGBM_seed42,HV,S0,LGBM,89,Train,120.0,166.52751828484608
HV_S0_LGBM_seed42,HV,S0,LGBM,91,Train,204.0,166.52751828484608
HV_S0_LGBM_seed42,HV,S0,LGBM,92,Train,189.0,166.52751828484608
HV_S0_LGBM_seed42,HV,S0,LGBM,93,Train,153.0,166.52751828484608
HV_S0_LGBM_seed42,HV,S0,LGBM,94,Train,245.0,220.1552482405552
HV_S0_LGBM_seed42,HV,S0,LGBM,96,Train,198.0,202.17160808950385
HV_S0_LGBM_seed42,HV,S0,LGBM,97,Train,204.0,213.33709986568175
HV_S0_LGBM_seed42,HV,S0,LGBM,99,Train,219.0,215.68139164625754
HV_S0_LGBM_seed42,HV,S0,LGBM,101,Train,185.0,193.15901884905938
HV_S0_LGBM_seed42,HV,S0,LGBM,102,Train,169.0,173.5161870642017
HV_S0_LGBM_seed42,HV,S0,LGBM,103,Train,156.0,156.6035698619897
HV_S0_LGBM_seed42,HV,S0,LGBM,104,Train,147.0,155.28305535146586
HV_S0_LGBM_seed42,HV,S0,LGBM,105,Train,215.0,202.17160808950385
HV_S0_LGBM_seed42,HV,S0,LGBM,106,Train,218.0,213.33709986568175
HV_S0_LGBM_seed42,HV,S0,LGBM,107,Train,225.0,222.562208963404
HV_S0_LGBM_seed42,HV,S0,LGBM,109,Train,221.0,212.37562679844046
HV_S0_LGBM_seed42,HV,S0,LGBM,110,Train,210.0,193.15901884905938
HV_S0_LGBM_seed42,HV,S0,LGBM,111,Train,194.0,173.5161870642017
HV_S0_LGBM_seed42,HV,S0,LGBM,114,Train,214.0,215.68139164625754
HV_S0_LGBM_seed42,HV,S0,LGBM,115,Train,223.0,215.68139164625754
HV_S0_LGBM_seed42,HV,S0,LGBM,116,Train,226.0,215.68139164625754
HV_S0_LGBM_seed42,HV,S0,LGBM,117,Train,193.0,215.68139164625754
HV_S0_LGBM_seed42,HV,S0,LGBM,118,Train,277.0,215.68139164625754
HV_S0_LGBM_seed42,HV,S0,LGBM,120,Train,254.0,211.24390148344816
HV_S0_LGBM_seed42,HV,S0,LGBM,123,Train,181.0,166.52751828484608
HV_S0_LGBM_seed42,HV,S0,LGBM,124,Train,210.0,166.52751828484608
HV_S0_LGBM_seed42,HV,S0,LGBM,125,Train,173.0,166.52751828484608
HV_S0_LGBM_seed42,HV,S0,LGBM,127,Train,212.0,214.05933946691806
HV_S0_LGBM_seed42,HV,S0,LGBM,129,Train,300.0,240.74949872624418
HV_S0_LGBM_seed42,HV,S0,LGBM,130,Train,218.0,215.68139164625754
HV_S0_LGBM_seed42,HV,S0,LGBM,131,Train,215.0,215.68139164625754
HV_S0_LGBM_seed42,HV,S0,LGBM,132,Train,210.0,215.68139164625754
HV_S0_LGBM_seed42,HV,S0,LGBM,133,Train,165.0,215.68139164625754
HV_S0_LGBM_seed42,HV,S0,LGBM,134,Train,269.0,215.68139164625754
HV_S0_LGBM_seed42,HV,S0,LGBM,136,Train,175.0,202.17160808950385
HV_S0_LGBM_seed42,HV,S0,LGBM,137,Train,178.0,213.33709986568175
HV_S0_LGBM_seed42,HV,S0,LGBM,138,Train,197.0,222.562208963404
HV_S0_LGBM_seed42,HV,S0,LGBM,139,Train,195.0,215.68139164625754
HV_S0_LGBM_seed42,HV,S0,LGBM,140,Train,192.0,212.37562679844046
HV_S0_LGBM_seed42,HV,S0,LGBM,141,Train,166.0,193.15901884905938
HV_S0_LGBM_seed42,HV,S0,LGBM,142,Train,155.0,173.5161870642017
HV_S0_LGBM_seed42,HV,S0,LGBM,144,Train,132.0,155.28305535146586
HV_S0_LGBM_seed42,HV,S0,LGBM,145,Train,219.0,215.68139164625754
HV_S0_LGBM_seed42,HV,S0,LGBM,146,Train,211.0,215.68139164625754
HV_S0_LGBM_seed42,HV,S0,LGBM,147,Train,190.0,215.68139164625754
HV_S0_LGBM_seed42,HV,S0,LGBM,148,Train,146.0,215.68139164625754
HV_S0_LGBM_seed42,HV,S0,LGBM,149,Train,267.0,215.68139164625754
HV_S0_LGBM_seed42,HV,S0,LGBM,150,Train,213.0,220.80696732479194
HV_S0_LGBM_seed42,HV,S0,LGBM,152,Train,143.0,166.52751828484608
HV_S0_LGBM_seed42,HV,S0,LGBM,157,Train,275.0,271.87670347587687
HV_S0_LGBM_seed42,HV,S0,LGBM,158,Train,226.0,215.68139164625754
HV_S0_LGBM_seed42,HV,S0,LGBM,159,Train,207.0,215.68139164625754
HV_S0_LGBM_seed42,HV,S0,LGBM,160,Train,166.0,215.68139164625754
HV_S0_LGBM_seed42,HV,S0,LGBM,161,Train,132.0,215.68139164625754
HV_S0_LGBM_seed42,HV,S0,LGBM,162,Train,246.0,215.68139164625754
HV_S0_LGBM_seed42,HV,S0,LGBM,163,Train,264.0,211.24390148344816
HV_S0_LGBM_seed42,HV,S0,LGBM,164,Train,141.0,166.52751828484608
HV_S0_LGBM_seed42,HV,S0,LGBM,165,Train,212.0,166.52751828484608
HV_S0_LGBM_seed42,HV,S0,LGBM,166,Train,186.0,166.52751828484608
HV_S0_LGBM_seed42,HV,S0,LGBM,167,Train,142.0,166.52751828484608
HV_S0_LGBM_seed42,HV,S0,LGBM,168,Train,113.0,166.52751828484608
HV_S0_LGBM_seed42,HV,S0,LGBM,169,Train,214.0,211.24390148344816
HV_S0_LGBM_seed42,HV,S0,LGBM,170,Train,158.0,211.24390148344816
HV_S0_LGBM_seed42,HV,S0,LGBM,172,Train,138.0,211.24390148344816
HV_S0_LGBM_seed42,HV,S0,LGBM,195,Train,66.0,86.68149927783797
HV_S0_LGBM_seed42,HV,S0,LGBM,196,Train,67.0,86.68149927783797
HV_S0_LGBM_seed42,HV,S0,LGBM,197,Train,65.0,86.68149927783797
HV_S0_LGBM_seed42,HV,S0,LGBM,198,Train,62.0,86.68149927783797
HV_S0_LGBM_seed42,HV,S0,LGBM,199,Train,64.0,86.68149927783797
HV_S0_LGBM_seed42,HV,S0,LGBM,200,Train,65.0,86.68149927783797
HV_S0_LGBM_seed42,HV,S0,LGBM,201,Train,68.0,86.68149927783797
HV_S0_LGBM_seed42,HV,S0,LGBM,202,Train,65.0,86.68149927783797
HV_S0_LGBM_seed42,HV,S0,LGBM,203,Train,61.0,86.68149927783797
HV_S0_LGBM_seed42,HV,S0,LGBM,205,Train,65.0,87.84202167888812
HV_S0_LGBM_seed42,HV,S0,LGBM,206,Train,166.0,175.15997144977766
HV_S0_LGBM_seed42,HV,S0,LGBM,207,Train,209.0,200.73163186312578
HV_S0_LGBM_seed42,HV,S0,LGBM,208,Train,70.0,71.90536573536502
HV_S0_LGBM_seed42,HV,S0,LGBM,209,Train,130.0,173.09958829650276
HV_S0_LGBM_seed42,HV,S0,LGBM,211,Train,69.0,69.57648186432105
HV_S0_LGBM_seed42,HV,S0,LGBM,212,Train,105.0,164.3031877742865
HV_S0_LGBM_seed42,HV,S0,LGBM,213,Train,179.0,178.32683321296787
HV_S0_LGBM_seed42,HV,S0,LGBM,215,Train,70.0,145.70739737895576
HV_S0_LGBM_seed42,HV,S0,LGBM,216,Train,175.0,183.92399071020373
HV_S0_LGBM_seed42,HV,S0,LGBM,217,Train,66.0,86.68149927783797
HV_S0_LGBM_seed42,HV,S0,LGBM,218,Train,66.0,86.68149927783797
HV_S0_LGBM_seed42,HV,S0,LGBM,219,Train,65.0,86.68149927783797
HV_S0_LGBM_seed42,HV,S0,LGBM,220,Train,63.0,86.68149927783797
HV_S0_LGBM_seed42,HV,S0,LGBM,221,Train,66.0,86.68149927783797
HV_S0_LGBM_seed42,HV,S0,LGBM,222,Train,72.0,87.84202167888812
HV_S0_LGBM_seed42,HV,S0,LGBM,223,Train,65.0,86.68149927783797
HV_S0_LGBM_seed42,HV,S0,LGBM,224,Train,66.0,86.68149927783797
HV_S0_LGBM_seed42,HV,S0,LGBM,225,Train,68.0,86.68149927783797
HV_S0_LGBM_seed42,HV,S0,LGBM,226,Train,73.0,86.68149927783797
HV_S0_LGBM_seed42,HV,S0,LGBM,227,Train,69.0,86.68149927783797
HV_S0_LGBM_seed42,HV,S0,LGBM,229,Train,220.0,200.73163186312578
HV_S0_LGBM_seed42,HV,S0,LGBM,230,Train,70.0,71.90536573536502
HV_S0_LGBM_seed42,HV,S0,LGBM,231,Train,164.0,173.09958829650276
HV_S0_LGBM_seed42,HV,S0,LGBM,232,Train,212.0,206.6659233449802
HV_S0_LGBM_seed42,HV,S0,LGBM,233,Train,66.0,69.57648186432105
HV_S0_LGBM_seed42,HV,S0,LGBM,236,Train,64.0,64.24260871748471
HV_S0_LGBM_seed42,HV,S0,LGBM,237,Train,107.0,145.70739737895576
HV_S0_LGBM_seed42,HV,S0,LGBM,238,Train,185.0,183.92399071020373
HV_S0_LGBM_seed42,HV,S0,LGBM,239,Train,77.0,87.84202167888812
HV_S0_LGBM_seed42,HV,S0,LGBM,240,Train,192.0,175.15997144977766
HV_S0_LGBM_seed42,HV,S0,LGBM,241,Train,215.0,200.73163186312578
HV_S0_LGBM_seed42,HV,S0,LGBM,242,Train,70.0,71.90536573536502
HV_S0_LGBM_seed42,HV,S0,LGBM,243,Train,179.0,173.09958829650276
HV_S0_LGBM_seed42,HV,S0,LGBM,247,Train,184.0,178.32683321296787
HV_S0_LGBM_seed42,HV,S0,LGBM,248,Train,64.0,64.24260871748471
HV_S0_LGBM_seed42,HV,S0,LGBM,249,Train,138.0,145.70739737895576
HV_S0_LGBM_seed42,HV,S0,LGBM,250,Train,182.0,183.92399071020373
HV_S0_LGBM_seed42,HV,S0,LGBM,251,Train,64.0,86.68149927783797
HV_S0_LGBM_seed42,HV,S0,LGBM,252,Train,67.0,86.68149927783797
HV_S0_LGBM_seed42,HV,S0,LGBM,253,Train,80.0,86.68149927783797
HV_S0_LGBM_seed42,HV,S0,LGBM,255,Train,75.0,86.68149927783797
HV_S0_LGBM_seed42,HV,S0,LGBM,258,Train,69.0,86.68149927783797
HV_S0_LGBM_seed42,HV,S0,LGBM,259,Train,94.0,86.68149927783797
HV_S0_LGBM_seed42,HV,S0,LGBM,260,Train,99.0,86.68149927783797
HV_S0_LGBM_seed42,HV,S0,LGBM,261,Train,77.0,86.68149927783797
HV_S0_LGBM_seed42,HV,S0,LGBM,269,Train,72.0,87.84202167888812
HV_S0_LGBM_seed42,HV,S0,LGBM,270,Train,218.0,200.73163186312578
HV_S0_LGBM_seed42,HV,S0,LGBM,271,Train,67.0,71.90536573536502
HV_S0_LGBM_seed42,HV,S0,LGBM,272,Train,186.0,173.09958829650276
HV_S0_LGBM_seed42,HV,S0,LGBM,273,Train,222.0,206.6659233449802
HV_S0_LGBM_seed42,HV,S0,LGBM,274,Train,70.0,69.57648186432105
HV_S0_LGBM_seed42,HV,S0,LGBM,276,Train,200.0,178.32683321296787
HV_S0_LGBM_seed42,HV,S0,LGBM,277,Train,60.0,64.24260871748471
HV_S0_LGBM_seed42,HV,S0,LGBM,278,Train,158.0,145.70739737895576
HV_S0_LGBM_seed42,HV,S0,LGBM,279,Train,189.0,183.92399071020373
HV_S0_LGBM_seed42,HV,S0,LGBM,280,Train,67.0,86.68149927783797
HV_S0_LGBM_seed42,HV,S0,LGBM,281,Train,81.0,86.68149927783797
HV_S0_LGBM_seed42,HV,S0,LGBM,282,Train,118.0,86.68149927783797
HV_S0_LGBM_seed42,HV,S0,LGBM,283,Train,107.0,86.68149927783797
HV_S0_LGBM_seed42,HV,S0,LGBM,293,Train,230.0,207.81818321844253
HV_S0_LGBM_seed42,HV,S0,LGBM,294,Train,77.0,86.68149927783797
HV_S0_LGBM_seed42,HV,S0,LGBM,297,Train,111.0,86.68149927783797
HV_S0_LGBM_seed42,HV,S0,LGBM,298,Train,86.0,86.68149927783797
HV_S0_LGBM_seed42,HV,S0,LGBM,309,Train,74.0,87.84202167888812
HV_S0_LGBM_seed42,HV,S0,LGBM,310,Train,197.0,175.15997144977766
HV_S0_LGBM_seed42,HV,S0,LGBM,311,Train,212.0,200.73163186312578
HV_S0_LGBM_seed42,HV,S0,LGBM,312,Train,66.0,71.90536573536502
HV_S0_LGBM_seed42,HV,S0,LGBM,313,Train,185.0,173.09958829650276
HV_S0_LGBM_seed42,HV,S0,LGBM,314,Train,228.0,206.6659233449802
HV_S0_LGBM_seed42,HV,S0,LGBM,315,Train,70.0,69.57648186432105
HV_S0_LGBM_seed42,HV,S0,LGBM,316,Train,170.0,164.3031877742865
HV_S0_LGBM_seed42,HV,S0,LGBM,317,Train,192.0,178.32683321296787
HV_S0_LGBM_seed42,HV,S0,LGBM,318,Train,70.0,64.24260871748471
HV_S0_LGBM_seed42,HV,S0,LGBM,319,Train,165.0,145.70739737895576
HV_S0_LGBM_seed42,HV,S0,LGBM,320,Train,192.0,183.92399071020373
HV_S0_LGBM_seed42,HV,S0,LGBM,322,Train,102.0,140.16630875251658
HV_S0_LGBM_seed42,HV,S0,LGBM,323,Train,125.0,140.16630875251658
HV_S0_LGBM_seed42,HV,S0,LGBM,324,Train,98.0,86.68149927783797
HV_S0_LGBM_seed42,HV,S0,LGBM,325,Train,119.0,86.68149927783797
HV_S0_LGBM_seed42,HV,S0,LGBM,327,Train,112.0,86.68149927783797
HV_S0_LGBM_seed42,HV,S0,LGBM,328,Train,86.0,86.68149927783797
HV_S0_LGBM_seed42,HV,S0,LGBM,329,Train,224.0,186.16386206018177
HV_S0_LGBM_seed42,HV,S0,LGBM,337,Train,86.0,87.84202167888812
HV_S0_LGBM_seed42,HV,S0,LGBM,339,Train,209.0,200.73163186312578
HV_S0_LGBM_seed42,HV,S0,LGBM,340,Train,68.0,71.90536573536502
HV_S0_LGBM_seed42,HV,S0,LGBM,344,Train,181.0,164.3031877742865
HV_S0_LGBM_seed42,HV,S0,LGBM,345,Train,203.0,178.32683321296787
HV_S0_LGBM_seed42,HV,S0,LGBM,346,Train,61.0,64.24260871748471
HV_S0_LGBM_seed42,HV,S0,LGBM,347,Train,175.0,145.70739737895576
HV_S0_LGBM_seed42,HV,S0,LGBM,348,Train,205.0,183.92399071020373
HV_S0_LGBM_seed42,HV,S0,LGBM,351,Train,237.0,186.16386206018177
HV_S0_LGBM_seed42,HV,S0,LGBM,353,Train,106.0,140.16630875251658
HV_S0_LGBM_seed42,HV,S0,LGBM,354,Train,129.0,140.16630875251658
HV_S0_LGBM_seed42,HV,S0,LGBM,355,Train,175.0,140.16630875251658
HV_S0_LGBM_seed42,HV,S0,LGBM,356,Train,109.0,86.68149927783797
HV_S0_LGBM_seed42,HV,S0,LGBM,357,Train,124.0,86.68149927783797
HV_S0_LGBM_seed42,HV,S0,LGBM,358,Train,122.0,86.68149927783797
HV_S0_LGBM_seed42,HV,S0,LGBM,359,Train,107.0,86.68149927783797
HV_S0_LGBM_seed42,HV,S0,LGBM,365,Train,261.0,241.13902725082457
HV_S0_LGBM_seed42,HV,S0,LGBM,367,Train,201.0,204.4433147292502
HV_S0_LGBM_seed42,HV,S0,LGBM,369,Train,193.0,197.2606930606169
HV_S0_LGBM_seed42,HV,S0,LGBM,372,Train,176.0,194.70878992720174
HV_S0_LGBM_seed42,HV,S0,LGBM,373,Train,169.0,197.24464952837968
HV_S0_LGBM_seed42,HV,S0,LGBM,374,Train,161.0,196.04747331713898
HV_S0_LGBM_seed42,HV,S0,LGBM,375,Train,216.0,230.31452777240773
HV_S0_LGBM_seed42,HV,S0,LGBM,376,Train,191.0,196.64279321768146
HV_S0_LGBM_seed42,HV,S0,LGBM,377,Train,172.0,164.56733614719565
HV_S0_LGBM_seed42,HV,S0,LGBM,384,Train,116.0,87.84202167888812
HV_S0_LGBM_seed42,HV,S0,LGBM,385,Train,175.0,175.15997144977766
HV_S0_LGBM_seed42,HV,S0,LGBM,387,Train,69.0,71.90536573536502
HV_S0_LGBM_seed42,HV,S0,LGBM,388,Train,185.0,173.09958829650276
HV_S0_LGBM_seed42,HV,S0,LGBM,389,Train,177.0,206.6659233449802
HV_S0_LGBM_seed42,HV,S0,LGBM,390,Train,68.0,69.57648186432105
HV_S0_LGBM_seed42,HV,S0,LGBM,391,Train,178.0,164.3031877742865
HV_S0_LGBM_seed42,HV,S0,LGBM,392,Train,63.0,64.24260871748471
HV_S0_LGBM_seed42,HV,S0,LGBM,393,Train,172.0,145.70739737895576
HV_S0_LGBM_seed42,HV,S0,LGBM,394,Train,200.0,183.92399071020373
HV_S0_LGBM_seed42,HV,S0,LGBM,395,Train,154.0,178.32683321296787
HV_S0_LGBM_seed42,HV,S0,LGBM,396,Train,107.0,140.16630875251658
HV_S0_LGBM_seed42,HV,S0,LGBM,398,Train,167.0,140.16630875251658
HV_S0_LGBM_seed42,HV,S0,LGBM,400,Train,124.0,86.68149927783797
HV_S0_LGBM_seed42,HV,S0,LGBM,402,Train,107.0,86.68149927783797
HV_S0_LGBM_seed42,HV,S0,LGBM,403,Train,89.0,86.68149927783797
HV_S0_LGBM_seed42,HV,S0,LGBM,410,Train,172.0,200.73163186312578
HV_S0_LGBM_seed42,HV,S0,LGBM,412,Train,72.0,69.57648186432105
HV_S0_LGBM_seed42,HV,S0,LGBM,413,Train,167.0,145.70739737895576
HV_S0_LGBM_seed42,HV,S0,LGBM,414,Train,162.0,175.15997144977766
HV_S0_LGBM_seed42,HV,S0,LGBM,418,Train,123.0,86.68149927783797
HV_S0_LGBM_seed42,HV,S0,LGBM,419,Train,107.0,86.68149927783797
HV_S0_LGBM_seed42,HV,S0,LGBM,420,Train,88.0,86.68149927783797
HV_S0_LGBM_seed42,HV,S0,LGBM,421,Train,177.0,186.16386206018177
HV_S0_LGBM_seed42,HV,S0,LGBM,423,Train,110.0,87.84202167888812
HV_S0_LGBM_seed42,HV,S0,LGBM,424,Train,75.0,71.90536573536502
HV_S0_LGBM_seed42,HV,S0,LGBM,425,Train,176.0,164.3031877742865
HV_S0_LGBM_seed42,HV,S0,LGBM,426,Train,134.0,178.32683321296787
HV_S0_LGBM_seed42,HV,S0,LGBM,428,Train,200.0,183.92399071020373
HV_S0_LGBM_seed42,HV,S0,LGBM,430,Train,139.0,140.16630875251658
HV_S0_LGBM_seed42,HV,S0,LGBM,432,Train,116.0,86.68149927783797
HV_S0_LGBM_seed42,HV,S0,LGBM,433,Train,126.0,86.68149927783797
HV_S0_LGBM_seed42,HV,S0,LGBM,434,Train,122.0,86.68149927783797
HV_S0_LGBM_seed42,HV,S0,LGBM,435,Train,108.0,86.68149927783797
HV_S0_LGBM_seed42,HV,S0,LGBM,436,Train,85.0,86.68149927783797
HV_S0_LGBM_seed42,HV,S0,LGBM,438,Train,131.0,140.16630875251658
HV_S0_LGBM_seed42,HV,S0,LGBM,440,Train,158.0,200.73163186312578
HV_S0_LGBM_seed42,HV,S0,LGBM,441,Train,161.0,145.70739737895576
HV_S0_LGBM_seed42,HV,S0,LGBM,442,Train,86.0,71.90536573536502
HV_S0_LGBM_seed42,HV,S0,LGBM,443,Train,176.0,173.09958829650276
HV_S0_LGBM_seed42,HV,S0,LGBM,445,Train,77.0,69.57648186432105
HV_S0_LGBM_seed42,HV,S0,LGBM,446,Train,172.0,164.3031877742865
HV_S0_LGBM_seed42,HV,S0,LGBM,449,Train,111.0,87.84202167888812
HV_S0_LGBM_seed42,HV,S0,LGBM,450,Train,103.0,186.16386206018177
HV_S0_LGBM_seed42,HV,S0,LGBM,452,Train,131.0,140.16630875251658
HV_S0_LGBM_seed42,HV,S0,LGBM,453,Train,140.0,140.16630875251658
HV_S0_LGBM_seed42,HV,S0,LGBM,454,Train,200.0,140.16630875251658
HV_S0_LGBM_seed42,HV,S0,LGBM,455,Train,132.0,175.15997144977766
HV_S0_LGBM_seed42,HV,S0,LGBM,456,Train,122.0,183.92399071020373
HV_S0_LGBM_seed42,HV,S0,LGBM,457,Train,218.0,214.97414604004356
HV_S0_LGBM_seed42,HV,S0,LGBM,458,Train,237.0,214.97414604004356
HV_S0_LGBM_seed42,HV,S0,LGBM,459,Train,203.0,191.16877333037175
HV_S0_LGBM_seed42,HV,S0,LGBM,460,Train,204.0,191.16877333037175
HV_S0_LGBM_seed42,HV,S0,LGBM,461,Train,206.0,215.11682583046087
HV_S0_LGBM_seed42,HV,S0,LGBM,462,Train,224.0,215.11682583046087
HV_S0_LGBM_seed42,HV,S0,LGBM,463,Train,198.0,206.19537914385424
HV_S0_LGBM_seed42,HV,S0,LGBM,464,Train,218.0,206.19537914385424
HV_S0_LGBM_seed42,HV,S0,LGBM,465,Train,220.0,214.97414604004356
HV_S0_LGBM_seed42,HV,S0,LGBM,466,Train,230.0,214.97414604004356
HV_S0_LGBM_seed42,HV,S0,LGBM,468,Train,205.0,191.16877333037175
HV_S0_LGBM_seed42,HV,S0,LGBM,469,Train,228.0,215.11682583046087
HV_S0_LGBM_seed42,HV,S0,LGBM,470,Train,232.0,215.11682583046087
HV_S0_LGBM_seed42,HV,S0,LGBM,471,Train,218.0,206.19537914385424
HV_S0_LGBM_seed42,HV,S0,LGBM,472,Train,223.0,206.19537914385424
HV_S0_LGBM_seed42,HV,S0,LGBM,473,Train,232.0,214.97414604004356
HV_S0_LGBM_seed42,HV,S0,LGBM,474,Train,182.0,214.97414604004356
HV_S0_LGBM_seed42,HV,S0,LGBM,475,Train,214.0,214.97414604004356
HV_S0_LGBM_seed42,HV,S0,LGBM,476,Train,229.0,214.97414604004356
HV_S0_LGBM_seed42,HV,S0,LGBM,477,Train,231.0,214.97414604004356
HV_S0_LGBM_seed42,HV,S0,LGBM,478,Train,210.0,214.97414604004356
HV_S0_LGBM_seed42,HV,S0,LGBM,479,Train,177.0,214.97414604004356
HV_S0_LGBM_seed42,HV,S0,LGBM,481,Train,174.0,191.16877333037175
HV_S0_LGBM_seed42,HV,S0,LGBM,482,Train,206.0,191.16877333037175
HV_S0_LGBM_seed42,HV,S0,LGBM,483,Train,208.0,191.16877333037175
HV_S0_LGBM_seed42,HV,S0,LGBM,484,Train,211.0,191.16877333037175
HV_S0_LGBM_seed42,HV,S0,LGBM,485,Train,186.0,191.16877333037175
HV_S0_LGBM_seed42,HV,S0,LGBM,486,Train,150.0,191.16877333037175
HV_S0_LGBM_seed42,HV,S0,LGBM,487,Train,224.0,215.11682583046087
HV_S0_LGBM_seed42,HV,S0,LGBM,488,Train,176.0,215.11682583046087
HV_S0_LGBM_seed42,HV,S0,LGBM,489,Train,194.0,215.11682583046087
HV_S0_LGBM_seed42,HV,S0,LGBM,491,Train,224.0,215.11682583046087
HV_S0_LGBM_seed42,HV,S0,LGBM,492,Train,219.0,215.11682583046087
HV_S0_LGBM_seed42,HV,S0,LGBM,493,Train,181.0,215.11682583046087
HV_S0_LGBM_seed42,HV,S0,LGBM,494,Train,227.0,206.19537914385424
HV_S0_LGBM_seed42,HV,S0,LGBM,495,Train,175.0,206.19537914385424
HV_S0_LGBM_seed42,HV,S0,LGBM,496,Train,196.0,206.19537914385424
HV_S0_LGBM_seed42,HV,S0,LGBM,498,Train,226.0,206.19537914385424
HV_S0_LGBM_seed42,HV,S0,LGBM,500,Train,164.0,206.19537914385424
HV_S0_LGBM_seed42,HV,S0,LGBM,501,Train,221.0,214.97414604004356
HV_S0_LGBM_seed42,HV,S0,LGBM,502,Train,185.0,191.16877333037175
HV_S0_LGBM_seed42,HV,S0,LGBM,503,Train,213.0,215.11682583046087
HV_S0_LGBM_seed42,HV,S0,LGBM,504,Train,202.0,206.19537914385424
HV_S0_LGBM_seed42,HV,S0,LGBM,505,Train,229.0,214.97414604004356
HV_S0_LGBM_seed42,HV,S0,LGBM,506,Train,217.0,214.97414604004356
HV_S0_LGBM_seed42,HV,S0,LGBM,507,Train,212.0,191.16877333037175
HV_S0_LGBM_seed42,HV,S0,LGBM,509,Train,232.0,215.11682583046087
HV_S0_LGBM_seed42,HV,S0,LGBM,510,Train,214.0,215.11682583046087
HV_S0_LGBM_seed42,HV,S0,LGBM,511,Train,229.0,206.19537914385424
HV_S0_LGBM_seed42,HV,S0,LGBM,512,Train,200.0,206.19537914385424
HV_S0_LGBM_seed42,HV,S0,LGBM,516,Train,188.0,206.19537914385424
HV_S0_LGBM_seed42,HV,S0,LGBM,517,Train,214.0,214.97414604004356
HV_S0_LGBM_seed42,HV,S0,LGBM,518,Train,205.0,214.97414604004356
HV_S0_LGBM_seed42,HV,S0,LGBM,520,Train,157.0,191.16877333037175
HV_S0_LGBM_seed42,HV,S0,LGBM,521,Train,230.0,215.11682583046087
HV_S0_LGBM_seed42,HV,S0,LGBM,523,Train,228.0,206.19537914385424
HV_S0_LGBM_seed42,HV,S0,LGBM,524,Train,170.0,206.19537914385424
HV_S0_LGBM_seed42,HV,S0,LGBM,526,Train,208.0,191.16877333037175
HV_S0_LGBM_seed42,HV,S0,LGBM,527,Train,229.0,215.11682583046087
HV_S0_LGBM_seed42,HV,S0,LGBM,528,Train,220.0,206.19537914385424
HV_S0_LGBM_seed42,HV,S0,LGBM,529,Train,189.0,214.97414604004356
HV_S0_LGBM_seed42,HV,S0,LGBM,530,Train,168.0,191.16877333037175
HV_S0_LGBM_seed42,HV,S0,LGBM,532,Train,209.0,206.19537914385424
HV_S0_LGBM_seed42,HV,S0,LGBM,533,Train,269.0,290.72661182299163
HV_S0_LGBM_seed42,HV,S0,LGBM,536,Train,333.0,290.72661182299163
HV_S0_LGBM_seed42,HV,S0,LGBM,538,Train,265.0,241.68051305973196
HV_S0_LGBM_seed42,HV,S0,LGBM,540,Train,306.0,241.68051305973196
HV_S0_LGBM_seed42,HV,S0,LGBM,541,Train,330.0,241.68051305973196
HV_S0_LGBM_seed42,HV,S0,LGBM,542,Train,317.0,234.22130227244486
HV_S0_LGBM_seed42,HV,S0,LGBM,543,Train,331.0,234.22130227244486
HV_S0_LGBM_seed42,HV,S0,LGBM,544,Train,333.0,234.22130227244486
HV_S0_LGBM_seed42,HV,S0,LGBM,545,Train,304.0,234.22130227244486
HV_S0_LGBM_seed42,HV,S0,LGBM,547,Train,227.0,234.22130227244486
HV_S0_LGBM_seed42,HV,S0,LGBM,548,Train,267.0,234.22130227244486
HV_S0_LGBM_seed42,HV,S0,LGBM,549,Train,262.0,234.22130227244486
HV_S0_LGBM_seed42,HV,S0,LGBM,550,Train,271.0,290.72661182299163
HV_S0_LGBM_seed42,HV,S0,LGBM,552,Train,290.0,290.72661182299163
HV_S0_LGBM_seed42,HV,S0,LGBM,554,Train,338.0,290.72661182299163
HV_S0_LGBM_seed42,HV,S0,LGBM,555,Train,328.0,241.68051305973196
HV_S0_LGBM_seed42,HV,S0,LGBM,556,Train,278.0,290.72661182299163
HV_S0_LGBM_seed42,HV,S0,LGBM,557,Train,292.0,290.72661182299163
HV_S0_LGBM_seed42,HV,S0,LGBM,558,Train,297.0,290.72661182299163
HV_S0_LGBM_seed42,HV,S0,LGBM,559,Train,342.0,290.72661182299163
HV_S0_LGBM_seed42,HV,S0,LGBM,560,Train,336.0,290.72661182299163
HV_S0_LGBM_seed42,HV,S0,LGBM,561,Train,281.0,241.68051305973196
HV_S0_LGBM_seed42,HV,S0,LGBM,562,Train,285.0,241.68051305973196
HV_S0_LGBM_seed42,HV,S0,LGBM,563,Train,286.0,241.68051305973196
HV_S0_LGBM_seed42,HV,S0,LGBM,565,Train,345.0,241.68051305973196
HV_S0_LGBM_seed42,HV,S0,LGBM,566,Train,344.0,241.68051305973196
HV_S0_LGBM_seed42,HV,S0,LGBM,567,Train,318.0,241.68051305973196
HV_S0_LGBM_seed42,HV,S0,LGBM,568,Train,326.0,234.22130227244486
HV_S0_LGBM_seed42,HV,S0,LGBM,569,Train,336.0,234.22130227244486
HV_S0_LGBM_seed42,HV,S0,LGBM,570,Train,338.0,234.22130227244486
HV_S0_LGBM_seed42,HV,S0,LGBM,571,Train,284.0,234.22130227244486
HV_S0_LGBM_seed42,HV,S0,LGBM,572,Train,258.0,234.22130227244486
HV_S0_LGBM_seed42,HV,S0,LGBM,573,Train,252.0,234.22130227244486
HV_S0_LGBM_seed42,HV,S0,LGBM,574,Train,245.0,234.22130227244486
HV_S0_LGBM_seed42,HV,S0,LGBM,575,Train,243.0,234.22130227244486
HV_S0_LGBM_seed42,HV,S0,LGBM,577,Train,339.0,241.68051305973196
HV_S0_LGBM_seed42,HV,S0,LGBM,578,Train,344.0,241.68051305973196
HV_S0_LGBM_seed42,HV,S0,LGBM,580,Train,293.0,290.72661182299163
HV_S0_LGBM_seed42,HV,S0,LGBM,581,Train,294.0,290.72661182299163
HV_S0_LGBM_seed42,HV,S0,LGBM,582,Train,329.0,234.22130227244486
HV_S0_LGBM_seed42,HV,S0,LGBM,583,Train,348.0,234.22130227244486
HV_S0_LGBM_seed42,HV,S0,LGBM,584,Train,330.0,234.22130227244486
HV_S0_LGBM_seed42,HV,S0,LGBM,585,Train,273.0,234.22130227244486
HV_S0_LGBM_seed42,HV,S0,LGBM,586,Train,251.0,234.22130227244486
HV_S0_LGBM_seed42,HV,S0,LGBM,588,Train,239.0,234.22130227244486
HV_S0_LGBM_seed42,HV,S0,LGBM,589,Train,232.0,234.22130227244486
HV_S0_LGBM_seed42,HV,S0,LGBM,590,Train,294.0,290.72661182299163
HV_S0_LGBM_seed42,HV,S0,LGBM,591,Train,290.0,290.72661182299163
HV_S0_LGBM_seed42,HV,S0,LGBM,592,Train,338.0,290.72661182299163
HV_S0_LGBM_seed42,HV,S0,LGBM,593,Train,329.0,290.72661182299163
HV_S0_LGBM_seed42,HV,S0,LGBM,594,Train,285.0,241.68051305973196
HV_S0_LGBM_seed42,HV,S0,LGBM,595,Train,297.0,241.68051305973196
HV_S0_LGBM_seed42,HV,S0,LGBM,596,Train,302.0,241.68051305973196
HV_S0_LGBM_seed42,HV,S0,LGBM,597,Train,343.0,241.68051305973196
HV_S0_LGBM_seed42,HV,S0,LGBM,598,Train,340.0,241.68051305973196
HV_S0_LGBM_seed42,HV,S0,LGBM,599,Train,341.0,241.68051305973196
HV_S0_LGBM_seed42,HV,S0,LGBM,600,Train,313.0,241.68051305973196
HV_S0_LGBM_seed42,HV,S0,LGBM,601,Train,321.0,234.22130227244486
HV_S0_LGBM_seed42,HV,S0,LGBM,602,Train,350.0,234.22130227244486
HV_S0_LGBM_seed42,HV,S0,LGBM,603,Train,313.0,234.22130227244486
HV_S0_LGBM_seed42,HV,S0,LGBM,604,Train,253.0,234.22130227244486
HV_S0_LGBM_seed42,HV,S0,LGBM,605,Train,234.0,234.22130227244486
HV_S0_LGBM_seed42,HV,S0,LGBM,606,Train,231.0,234.22130227244486
HV_S0_LGBM_seed42,HV,S0,LGBM,607,Train,227.0,234.22130227244486
HV_S0_LGBM_seed42,HV,S0,LGBM,608,Train,210.0,234.22130227244486
HV_S0_LGBM_seed42,HV,S0,LGBM,609,Train,284.0,290.72661182299163
HV_S0_LGBM_seed42,HV,S0,LGBM,610,Train,296.0,290.72661182299163
HV_S0_LGBM_seed42,HV,S0,LGBM,614,Train,337.0,241.68051305973196
HV_S0_LGBM_seed42,HV,S0,LGBM,615,Train,338.0,241.68051305973196
HV_S0_LGBM_seed42,HV,S0,LGBM,619,Train,238.0,234.22130227244486
HV_S0_LGBM_seed42,HV,S0,LGBM,621,Train,213.0,234.22130227244486
HV_S0_LGBM_seed42,HV,S0,LGBM,622,Train,210.0,234.22130227244486
HV_S0_LGBM_seed42,HV,S0,LGBM,623,Train,201.0,234.22130227244486
HV_S0_LGBM_seed42,HV,S0,LGBM,624,Train,287.0,290.72661182299163
HV_S0_LGBM_seed42,HV,S0,LGBM,626,Train,287.0,290.72661182299163
HV_S0_LGBM_seed42,HV,S0,LGBM,627,Train,335.0,290.72661182299163
HV_S0_LGBM_seed42,HV,S0,LGBM,628,Train,316.0,290.72661182299163
HV_S0_LGBM_seed42,HV,S0,LGBM,630,Train,310.0,241.68051305973196
HV_S0_LGBM_seed42,HV,S0,LGBM,632,Train,335.0,241.68051305973196
HV_S0_LGBM_seed42,HV,S0,LGBM,633,Train,337.0,241.68051305973196
HV_S0_LGBM_seed42,HV,S0,LGBM,636,Train,329.0,234.22130227244486
HV_S0_LGBM_seed42,HV,S0,LGBM,638,Train,309.0,234.22130227244486
HV_S0_LGBM_seed42,HV,S0,LGBM,639,Train,233.0,234.22130227244486
HV_S0_LGBM_seed42,HV,S0,LGBM,641,Train,190.0,234.22130227244486
HV_S0_LGBM_seed42,HV,S0,LGBM,642,Train,179.0,234.22130227244486
HV_S0_LGBM_seed42,HV,S0,LGBM,645,Train,302.0,290.72661182299163
HV_S0_LGBM_seed42,HV,S0,LGBM,648,Train,311.0,290.72661182299163
HV_S0_LGBM_seed42,HV,S0,LGBM,649,Train,293.0,241.68051305973196
HV_S0_LGBM_seed42,HV,S0,LGBM,650,Train,306.0,241.68051305973196
HV_S0_LGBM_seed42,HV,S0,LGBM,651,Train,295.0,241.68051305973196
HV_S0_LGBM_seed42,HV,S0,LGBM,652,Train,333.0,241.68051305973196
HV_S0_LGBM_seed42,HV,S0,LGBM,653,Train,336.0,241.68051305973196
HV_S0_LGBM_seed42,HV,S0,LGBM,655,Train,352.0,234.22130227244486
HV_S0_LGBM_seed42,HV,S0,LGBM,656,Train,289.0,234.22130227244486
HV_S0_LGBM_seed42,HV,S0,LGBM,657,Train,233.0,234.22130227244486
HV_S0_LGBM_seed42,HV,S0,LGBM,658,Train,179.0,234.22130227244486
HV_S0_LGBM_seed42,HV,S0,LGBM,659,Train,168.0,234.22130227244486
HV_S0_LGBM_seed42,HV,S0,LGBM,660,Train,159.0,234.22130227244486
HV_S0_LGBM_seed42,HV,S0,LGBM,661,Train,148.0,234.22130227244486
HV_S0_LGBM_seed42,HV,S0,LGBM,662,Train,299.0,290.72661182299163
HV_S0_LGBM_seed42,HV,S0,LGBM,663,Train,282.0,290.72661182299163
HV_S0_LGBM_seed42,HV,S0,LGBM,665,Train,303.0,290.72661182299163
HV_S0_LGBM_seed42,HV,S0,LGBM,666,Train,331.0,241.68051305973196
HV_S0_LGBM_seed42,HV,S0,LGBM,667,Train,333.0,241.68051305973196
HV_S0_LGBM_seed42,HV,S0,LGBM,669,Train,349.0,234.22130227244486
HV_S0_LGBM_seed42,HV,S0,LGBM,670,Train,264.0,234.22130227244486
HV_S0_LGBM_seed42,HV,S0,LGBM,671,Train,202.0,234.22130227244486
HV_S0_LGBM_seed42,HV,S0,LGBM,672,Train,172.0,234.22130227244486
HV_S0_LGBM_seed42,HV,S0,LGBM,674,Train,142.0,234.22130227244486
HV_S0_LGBM_seed42,HV,S0,LGBM,675,Train,136.0,234.22130227244486
HV_S0_LGBM_seed42,HV,S0,LGBM,677,Train,295.0,241.68051305973196
HV_S0_LGBM_seed42,HV,S0,LGBM,678,Train,305.0,241.68051305973196
HV_S0_LGBM_seed42,HV,S0,LGBM,679,Train,293.0,241.68051305973196
HV_S0_LGBM_seed42,HV,S0,LGBM,681,Train,313.0,290.72661182299163
HV_S0_LGBM_seed42,HV,S0,LGBM,683,Train,326.0,241.68051305973196
HV_S0_LGBM_seed42,HV,S0,LGBM,685,Train,334.0,241.68051305973196
HV_S0_LGBM_seed42,HV,S0,LGBM,686,Train,266.0,241.68051305973196
HV_S0_LGBM_seed42,HV,S0,LGBM,687,Train,295.0,290.72661182299163
HV_S0_LGBM_seed42,HV,S0,LGBM,688,Train,295.0,290.72661182299163
HV_S0_LGBM_seed42,HV,S0,LGBM,689,Train,277.0,290.72661182299163
HV_S0_LGBM_seed42,HV,S0,LGBM,690,Train,297.0,241.68051305973196
HV_S0_LGBM_seed42,HV,S0,LGBM,692,Train,290.0,241.68051305973196
HV_S0_LGBM_seed42,HV,S0,LGBM,693,Train,325.0,234.22130227244486
HV_S0_LGBM_seed42,HV,S0,LGBM,694,Train,351.0,234.22130227244486
HV_S0_LGBM_seed42,HV,S0,LGBM,695,Train,261.0,234.22130227244486
HV_S0_LGBM_seed42,HV,S0,LGBM,696,Train,192.0,234.22130227244486
HV_S0_LGBM_seed42,HV,S0,LGBM,697,Train,166.0,234.22130227244486
HV_S0_LGBM_seed42,HV,S0,LGBM,698,Train,146.0,234.22130227244486
HV_S0_LGBM_seed42,HV,S0,LGBM,700,Train,125.0,234.22130227244486
HV_S0_LGBM_seed42,HV,S0,LGBM,701,Train,309.0,290.72661182299163
HV_S0_LGBM_seed42,HV,S0,LGBM,702,Train,296.0,290.72661182299163
HV_S0_LGBM_seed42,HV,S0,LGBM,703,Train,320.0,241.68051305973196
HV_S0_LGBM_seed42,HV,S0,LGBM,704,Train,324.0,241.68051305973196
HV_S0_LGBM_seed42,HV,S0,LGBM,705,Train,298.0,290.72661182299163
HV_S0_LGBM_seed42,HV,S0,LGBM,706,Train,273.0,290.72661182299163
HV_S0_LGBM_seed42,HV,S0,LGBM,707,Train,297.0,241.68051305973196
HV_S0_LGBM_seed42,HV,S0,LGBM,708,Train,300.0,241.68051305973196
HV_S0_LGBM_seed42,HV,S0,LGBM,709,Train,285.0,241.68051305973196
HV_S0_LGBM_seed42,HV,S0,LGBM,710,Train,326.0,241.68051305973196
HV_S0_LGBM_seed42,HV,S0,LGBM,712,Train,323.0,234.22130227244486
HV_S0_LGBM_seed42,HV,S0,LGBM,713,Train,351.0,234.22130227244486
HV_S0_LGBM_seed42,HV,S0,LGBM,714,Train,245.0,234.22130227244486
HV_S0_LGBM_seed42,HV,S0,LGBM,715,Train,185.0,234.22130227244486
HV_S0_LGBM_seed42,HV,S0,LGBM,716,Train,160.0,234.22130227244486
HV_S0_LGBM_seed42,HV,S0,LGBM,717,Train,132.0,234.22130227244486
HV_S0_LGBM_seed42,HV,S0,LGBM,718,Train,121.0,234.22130227244486
HV_S0_LGBM_seed42,HV,S0,LGBM,719,Train,115.0,234.22130227244486
HV_S0_LGBM_seed42,HV,S0,LGBM,720,Train,292.0,290.72661182299163
HV_S0_LGBM_seed42,HV,S0,LGBM,722,Train,292.0,290.72661182299163
HV_S0_LGBM_seed42,HV,S0,LGBM,723,Train,319.0,241.68051305973196
HV_S0_LGBM_seed42,HV,S0,LGBM,724,Train,320.0,241.68051305973196
HV_S0_LGBM_seed42,HV,S0,LGBM,727,Train,298.0,290.72661182299163
HV_S0_LGBM_seed42,HV,S0,LGBM,728,Train,266.0,290.72661182299163
HV_S0_LGBM_seed42,HV,S0,LGBM,729,Train,297.0,241.68051305973196
HV_S0_LGBM_seed42,HV,S0,LGBM,730,Train,297.0,241.68051305973196
HV_S0_LGBM_seed42,HV,S0,LGBM,731,Train,279.0,241.68051305973196
HV_S0_LGBM_seed42,HV,S0,LGBM,732,Train,292.0,290.72661182299163
HV_S0_LGBM_seed42,HV,S0,LGBM,734,Train,283.0,290.72661182299163
HV_S0_LGBM_seed42,HV,S0,LGBM,735,Train,315.0,241.68051305973196
HV_S0_LGBM_seed42,HV,S0,LGBM,736,Train,319.0,241.68051305973196
HV_S0_LGBM_seed42,HV,S0,LGBM,737,Train,298.0,290.72661182299163
HV_S0_LGBM_seed42,HV,S0,LGBM,738,Train,265.0,290.72661182299163
HV_S0_LGBM_seed42,HV,S0,LGBM,739,Train,298.0,241.68051305973196
HV_S0_LGBM_seed42,HV,S0,LGBM,740,Train,293.0,241.68051305973196
HV_S0_LGBM_seed42,HV,S0,LGBM,741,Train,276.0,241.68051305973196
HV_S0_LGBM_seed42,HV,S0,LGBM,742,Train,323.0,234.22130227244486
HV_S0_LGBM_seed42,HV,S0,LGBM,743,Train,341.0,234.22130227244486
HV_S0_LGBM_seed42,HV,S0,LGBM,744,Train,216.0,234.22130227244486
HV_S0_LGBM_seed42,HV,S0,LGBM,745,Train,179.0,234.22130227244486
HV_S0_LGBM_seed42,HV,S0,LGBM,746,Train,158.0,234.22130227244486
HV_S0_LGBM_seed42,HV,S0,LGBM,747,Train,125.0,234.22130227244486
HV_S0_LGBM_seed42,HV,S0,LGBM,748,Train,111.0,234.22130227244486
HV_S0_LGBM_seed42,HV,S0,LGBM,751,Train,290.0,290.72661182299163
HV_S0_LGBM_seed42,HV,S0,LGBM,752,Train,276.0,290.72661182299163
HV_S0_LGBM_seed42,HV,S0,LGBM,753,Train,311.0,241.68051305973196
HV_S0_LGBM_seed42,HV,S0,LGBM,754,Train,315.0,241.68051305973196
HV_S0_LGBM_seed42,HV,S0,LGBM,756,Train,298.0,290.72661182299163
HV_S0_LGBM_seed42,HV,S0,LGBM,758,Train,298.0,241.68051305973196
HV_S0_LGBM_seed42,HV,S0,LGBM,759,Train,289.0,241.68051305973196
HV_S0_LGBM_seed42,HV,S0,LGBM,760,Train,274.0,241.68051305973196
HV_S0_LGBM_seed42,HV,S0,LGBM,761,Train,291.0,290.72661182299163
HV_S0_LGBM_seed42,HV,S0,LGBM,762,Train,278.0,290.72661182299163
HV_S0_LGBM_seed42,HV,S0,LGBM,763,Train,269.0,290.72661182299163
HV_S0_LGBM_seed42,HV,S0,LGBM,765,Train,313.0,241.68051305973196
HV_S0_LGBM_seed42,HV,S0,LGBM,766,Train,179.0,241.68051305973196
HV_S0_LGBM_seed42,HV,S0,LGBM,767,Train,300.0,290.72661182299163
HV_S0_LGBM_seed42,HV,S0,LGBM,768,Train,259.0,290.72661182299163
HV_S0_LGBM_seed42,HV,S0,LGBM,769,Train,300.0,241.68051305973196
HV_S0_LGBM_seed42,HV,S0,LGBM,770,Train,288.0,241.68051305973196
HV_S0_LGBM_seed42,HV,S0,LGBM,771,Train,273.0,241.68051305973196
HV_S0_LGBM_seed42,HV,S0,LGBM,772,Train,329.0,234.22130227244486
HV_S0_LGBM_seed42,HV,S0,LGBM,773,Train,335.0,234.22130227244486
HV_S0_LGBM_seed42,HV,S0,LGBM,774,Train,215.0,234.22130227244486
HV_S0_LGBM_seed42,HV,S0,LGBM,775,Train,181.0,234.22130227244486
HV_S0_LGBM_seed42,HV,S0,LGBM,776,Train,156.0,234.22130227244486
HV_S0_LGBM_seed42,HV,S0,LGBM,777,Train,124.0,234.22130227244486
HV_S0_LGBM_seed42,HV,S0,LGBM,778,Train,106.0,234.22130227244486
HV_S0_LGBM_seed42,HV,S0,LGBM,779,Train,95.0,234.22130227244486
HV_S0_LGBM_seed42,HV,S0,LGBM,780,Train,290.0,290.72661182299163
HV_S0_LGBM_seed42,HV,S0,LGBM,781,Train,268.0,290.72661182299163
HV_S0_LGBM_seed42,HV,S0,LGBM,782,Train,264.0,290.72661182299163
HV_S0_LGBM_seed42,HV,S0,LGBM,786,Train,299.0,290.72661182299163
HV_S0_LGBM_seed42,HV,S0,LGBM,787,Train,301.0,241.68051305973196
HV_S0_LGBM_seed42,HV,S0,LGBM,788,Train,287.0,241.68051305973196
HV_S0_LGBM_seed42,HV,S0,LGBM,789,Train,272.0,241.68051305973196
HV_S0_LGBM_seed42,HV,S0,LGBM,790,Train,286.0,290.72661182299163
HV_S0_LGBM_seed42,HV,S0,LGBM,792,Train,258.0,290.72661182299163
HV_S0_LGBM_seed42,HV,S0,LGBM,793,Train,259.0,290.72661182299163
HV_S0_LGBM_seed42,HV,S0,LGBM,795,Train,287.0,241.68051305973196
HV_S0_LGBM_seed42,HV,S0,LGBM,796,Train,270.0,241.68051305973196
HV_S0_LGBM_seed42,HV,S0,LGBM,797,Train,291.0,241.68051305973196
HV_S0_LGBM_seed42,HV,S0,LGBM,798,Train,298.0,241.68051305973196
HV_S0_LGBM_seed42,HV,S0,LGBM,799,Train,305.0,241.68051305973196
HV_S0_LGBM_seed42,HV,S0,LGBM,800,Train,172.0,241.68051305973196
HV_S0_LGBM_seed42,HV,S0,LGBM,801,Train,330.0,234.22130227244486
HV_S0_LGBM_seed42,HV,S0,LGBM,802,Train,324.0,234.22130227244486
HV_S0_LGBM_seed42,HV,S0,LGBM,804,Train,176.0,234.22130227244486
HV_S0_LGBM_seed42,HV,S0,LGBM,805,Train,153.0,234.22130227244486
HV_S0_LGBM_seed42,HV,S0,LGBM,806,Train,122.0,234.22130227244486
HV_S0_LGBM_seed42,HV,S0,LGBM,807,Train,100.0,234.22130227244486
HV_S0_LGBM_seed42,HV,S0,LGBM,808,Train,91.0,234.22130227244486
HV_S0_LGBM_seed42,HV,S0,LGBM,809,Train,286.0,290.72661182299163
HV_S0_LGBM_seed42,HV,S0,LGBM,810,Train,282.0,290.72661182299163
HV_S0_LGBM_seed42,HV,S0,LGBM,813,Train,288.0,241.68051305973196
HV_S0_LGBM_seed42,HV,S0,LGBM,814,Train,293.0,241.68051305973196
HV_S0_LGBM_seed42,HV,S0,LGBM,815,Train,248.0,290.72661182299163
HV_S0_LGBM_seed42,HV,S0,LGBM,816,Train,251.0,290.72661182299163
HV_S0_LGBM_seed42,HV,S0,LGBM,817,Train,285.0,241.68051305973196
HV_S0_LGBM_seed42,HV,S0,LGBM,818,Train,291.0,241.68051305973196
HV_S0_LGBM_seed42,HV,S0,LGBM,819,Train,238.0,290.72661182299163
HV_S0_LGBM_seed42,HV,S0,LGBM,820,Train,208.0,241.68051305973196
HV_S0_LGBM_seed42,HV,S0,LGBM,821,Train,227.0,241.68051305973196
HV_S0_LGBM_seed42,HV,S0,LGBM,822,Train,247.0,241.68051305973196
HV_S0_LGBM_seed42,HV,S0,LGBM,823,Train,255.0,241.68051305973196
HV_S0_LGBM_seed42,HV,S0,LGBM,824,Train,244.0,241.68051305973196
HV_S0_LGBM_seed42,HV,S0,LGBM,825,Train,216.0,241.68051305973196
HV_S0_LGBM_seed42,HV,S0,LGBM,827,Train,254.0,241.68051305973196
HV_S0_LGBM_seed42,HV,S0,LGBM,828,Train,240.0,241.68051305973196
HV_S0_LGBM_seed42,HV,S0,LGBM,830,Train,169.0,241.68051305973196
HV_S0_LGBM_seed42,HV,S0,LGBM,831,Train,226.0,241.68051305973196
HV_S0_LGBM_seed42,HV,S0,LGBM,832,Train,220.0,241.68051305973196
HV_S0_LGBM_seed42,HV,S0,LGBM,833,Train,196.0,241.68051305973196
HV_S0_LGBM_seed42,HV,S0,LGBM,834,Train,155.0,241.68051305973196
HV_S0_LGBM_seed42,HV,S0,LGBM,836,Train,336.0,241.68051305973196
HV_S0_LGBM_seed42,HV,S0,LGBM,837,Train,320.0,241.68051305973196
HV_S0_LGBM_seed42,HV,S0,LGBM,838,Train,265.0,241.68051305973196
HV_S0_LGBM_seed42,HV,S0,LGBM,839,Train,320.0,241.68051305973196
HV_S0_LGBM_seed42,HV,S0,LGBM,841,Train,286.0,241.68051305973196
HV_S0_LGBM_seed42,HV,S0,LGBM,843,Train,289.0,241.68051305973196
HV_S0_LGBM_seed42,HV,S0,LGBM,845,Train,302.0,241.68051305973196
HV_S0_LGBM_seed42,HV,S0,LGBM,846,Train,254.0,241.68051305973196
HV_S0_LGBM_seed42,HV,S0,LGBM,848,Train,370.0,241.68051305973196
HV_S0_LGBM_seed42,HV,S0,LGBM,849,Train,299.0,241.68051305973196
HV_S0_LGBM_seed42,HV,S0,LGBM,850,Train,371.0,241.68051305973196
HV_S0_LGBM_seed42,HV,S0,LGBM,851,Train,373.0,241.68051305973196
HV_S0_LGBM_seed42,HV,S0,LGBM,853,Train,351.0,241.68051305973196
HV_S0_LGBM_seed42,HV,S0,LGBM,855,Train,357.0,241.68051305973196
HV_S0_LGBM_seed42,HV,S0,LGBM,856,Train,361.0,241.68051305973196
HV_S0_LGBM_seed42,HV,S0,LGBM,858,Train,381.0,241.68051305973196
HV_S0_LGBM_seed42,HV,S0,LGBM,859,Train,222.0,241.68051305973196
HV_S0_LGBM_seed42,HV,S0,LGBM,860,Train,239.0,241.68051305973196
HV_S0_LGBM_seed42,HV,S0,LGBM,861,Train,242.0,241.68051305973196
HV_S0_LGBM_seed42,HV,S0,LGBM,862,Train,259.0,241.68051305973196
HV_S0_LGBM_seed42,HV,S0,LGBM,863,Train,235.0,241.68051305973196
HV_S0_LGBM_seed42,HV,S0,LGBM,865,Train,158.0,241.68051305973196
HV_S0_LGBM_seed42,HV,S0,LGBM,866,Train,251.0,241.68051305973196
HV_S0_LGBM_seed42,HV,S0,LGBM,868,Train,180.0,241.68051305973196
HV_S0_LGBM_seed42,HV,S0,LGBM,869,Train,151.0,241.68051305973196
HV_S0_LGBM_seed42,HV,S0,LGBM,870,Train,225.0,241.68051305973196
HV_S0_LGBM_seed42,HV,S0,LGBM,871,Train,210.0,241.68051305973196
HV_S0_LGBM_seed42,HV,S0,LGBM,873,Train,141.0,241.68051305973196
HV_S0_LGBM_seed42,HV,S0,LGBM,874,Train,348.0,241.68051305973196
HV_S0_LGBM_seed42,HV,S0,LGBM,875,Train,330.0,241.68051305973196
HV_S0_LGBM_seed42,HV,S0,LGBM,877,Train,235.0,241.68051305973196
HV_S0_LGBM_seed42,HV,S0,LGBM,879,Train,305.0,241.68051305973196
HV_S0_LGBM_seed42,HV,S0,LGBM,880,Train,280.0,241.68051305973196
HV_S0_LGBM_seed42,HV,S0,LGBM,881,Train,223.0,241.68051305973196
HV_S0_LGBM_seed42,HV,S0,LGBM,882,Train,290.0,241.68051305973196
HV_S0_LGBM_seed42,HV,S0,LGBM,884,Train,291.0,241.68051305973196
HV_S0_LGBM_seed42,HV,S0,LGBM,885,Train,219.0,241.68051305973196
HV_S0_LGBM_seed42,HV,S0,LGBM,886,Train,282.0,258.4313962526513
HV_S0_LGBM_seed42,HV,S0,LGBM,887,Train,382.0,241.68051305973196
HV_S0_LGBM_seed42,HV,S0,LGBM,889,Train,287.0,241.68051305973196
HV_S0_LGBM_seed42,HV,S0,LGBM,890,Train,345.0,241.68051305973196
HV_S0_LGBM_seed42,HV,S0,LGBM,891,Train,267.0,241.68051305973196
HV_S0_LGBM_seed42,HV,S0,LGBM,892,Train,359.0,241.68051305973196
HV_S0_LGBM_seed42,HV,S0,LGBM,894,Train,304.0,241.68051305973196
HV_S0_LGBM_seed42,HV,S0,LGBM,895,Train,232.0,241.68051305973196
HV_S0_LGBM_seed42,HV,S0,LGBM,896,Train,248.0,241.68051305973196
HV_S0_LGBM_seed42,HV,S0,LGBM,897,Train,222.0,241.68051305973196
HV_S0_LGBM_seed42,HV,S0,LGBM,898,Train,253.0,241.68051305973196
HV_S0_LGBM_seed42,HV,S0,LGBM,899,Train,229.0,241.68051305973196
HV_S0_LGBM_seed42,HV,S0,LGBM,900,Train,162.0,241.68051305973196
HV_S0_LGBM_seed42,HV,S0,LGBM,901,Train,145.0,241.68051305973196
HV_S0_LGBM_seed42,HV,S0,LGBM,902,Train,245.0,241.68051305973196
HV_S0_LGBM_seed42,HV,S0,LGBM,903,Train,196.0,241.68051305973196
HV_S0_LGBM_seed42,HV,S0,LGBM,905,Train,144.0,241.68051305973196
HV_S0_LGBM_seed42,HV,S0,LGBM,906,Train,220.0,241.68051305973196
HV_S0_LGBM_seed42,HV,S0,LGBM,907,Train,201.0,241.68051305973196
HV_S0_LGBM_seed42,HV,S0,LGBM,908,Train,176.0,241.68051305973196
HV_S0_LGBM_seed42,HV,S0,LGBM,909,Train,135.0,241.68051305973196
HV_S0_LGBM_seed42,HV,S0,LGBM,911,Train,321.0,241.68051305973196
HV_S0_LGBM_seed42,HV,S0,LGBM,913,Train,213.0,241.68051305973196
HV_S0_LGBM_seed42,HV,S0,LGBM,916,Train,272.0,241.68051305973196
HV_S0_LGBM_seed42,HV,S0,LGBM,917,Train,204.0,241.68051305973196
HV_S0_LGBM_seed42,HV,S0,LGBM,918,Train,289.0,241.68051305973196
HV_S0_LGBM_seed42,HV,S0,LGBM,919,Train,279.0,241.68051305973196
HV_S0_LGBM_seed42,HV,S0,LGBM,920,Train,275.0,241.68051305973196
HV_S0_LGBM_seed42,HV,S0,LGBM,921,Train,205.0,241.68051305973196
HV_S0_LGBM_seed42,HV,S0,LGBM,923,Train,248.0,241.68051305973196
HV_S0_LGBM_seed42,HV,S0,LGBM,924,Train,211.0,241.68051305973196
HV_S0_LGBM_seed42,HV,S0,LGBM,925,Train,252.0,241.68051305973196
HV_S0_LGBM_seed42,HV,S0,LGBM,926,Train,216.0,241.68051305973196
HV_S0_LGBM_seed42,HV,S0,LGBM,928,Train,141.0,241.68051305973196
HV_S0_LGBM_seed42,HV,S0,LGBM,929,Train,234.0,241.68051305973196
HV_S0_LGBM_seed42,HV,S0,LGBM,930,Train,188.0,241.68051305973196
HV_S0_LGBM_seed42,HV,S0,LGBM,931,Train,155.0,241.68051305973196
HV_S0_LGBM_seed42,HV,S0,LGBM,932,Train,143.0,241.68051305973196
HV_S0_LGBM_seed42,HV,S0,LGBM,933,Train,218.0,241.68051305973196
HV_S0_LGBM_seed42,HV,S0,LGBM,934,Train,200.0,241.68051305973196
HV_S0_LGBM_seed42,HV,S0,LGBM,935,Train,166.0,241.68051305973196
HV_S0_LGBM_seed42,HV,S0,LGBM,936,Train,132.0,241.68051305973196
HV_S0_LGBM_seed42,HV,S0,LGBM,937,Train,345.0,241.68051305973196
HV_S0_LGBM_seed42,HV,S0,LGBM,938,Train,318.0,241.68051305973196
HV_S0_LGBM_seed42,HV,S0,LGBM,939,Train,272.0,241.68051305973196
HV_S0_LGBM_seed42,HV,S0,LGBM,940,Train,212.0,241.68051305973196
HV_S0_LGBM_seed42,HV,S0,LGBM,941,Train,314.0,241.68051305973196
HV_S0_LGBM_seed42,HV,S0,LGBM,942,Train,292.0,241.68051305973196
HV_S0_LGBM_seed42,HV,S0,LGBM,944,Train,193.0,241.68051305973196
HV_S0_LGBM_seed42,HV,S0,LGBM,946,Train,278.0,241.68051305973196
HV_S0_LGBM_seed42,HV,S0,LGBM,947,Train,264.0,241.68051305973196
HV_S0_LGBM_seed42,HV,S0,LGBM,948,Train,202.0,241.68051305973196
HV_S0_LGBM_seed42,HV,S0,LGBM,949,Train,296.0,258.4313962526513
HV_S0_LGBM_seed42,HV,S0,LGBM,950,Train,360.0,241.68051305973196
HV_S0_LGBM_seed42,HV,S0,LGBM,951,Train,349.0,241.68051305973196
HV_S0_LGBM_seed42,HV,S0,LGBM,952,Train,273.0,241.68051305973196
HV_S0_LGBM_seed42,HV,S0,LGBM,953,Train,365.0,241.68051305973196
HV_S0_LGBM_seed42,HV,S0,LGBM,954,Train,342.0,241.68051305973196
HV_S0_LGBM_seed42,HV,S0,LGBM,956,Train,362.0,241.68051305973196
HV_S0_LGBM_seed42,HV,S0,LGBM,959,Train,244.0,241.68051305973196
HV_S0_LGBM_seed42,HV,S0,LGBM,960,Train,247.0,241.68051305973196
HV_S0_LGBM_seed42,HV,S0,LGBM,961,Train,197.0,241.68051305973196
HV_S0_LGBM_seed42,HV,S0,LGBM,962,Train,243.0,241.68051305973196
HV_S0_LGBM_seed42,HV,S0,LGBM,963,Train,215.0,241.68051305973196
HV_S0_LGBM_seed42,HV,S0,LGBM,967,Train,182.0,241.68051305973196
HV_S0_LGBM_seed42,HV,S0,LGBM,968,Train,150.0,241.68051305973196
HV_S0_LGBM_seed42,HV,S0,LGBM,969,Train,140.0,241.68051305973196
HV_S0_LGBM_seed42,HV,S0,LGBM,970,Train,218.0,241.68051305973196
HV_S0_LGBM_seed42,HV,S0,LGBM,971,Train,196.0,241.68051305973196
HV_S0_LGBM_seed42,HV,S0,LGBM,972,Train,157.0,241.68051305973196
HV_S0_LGBM_seed42,HV,S0,LGBM,973,Train,131.0,241.68051305973196
HV_S0_LGBM_seed42,HV,S0,LGBM,974,Train,343.0,241.68051305973196
HV_S0_LGBM_seed42,HV,S0,LGBM,975,Train,312.0,241.68051305973196
HV_S0_LGBM_seed42,HV,S0,LGBM,976,Train,267.0,241.68051305973196
HV_S0_LGBM_seed42,HV,S0,LGBM,977,Train,206.0,241.68051305973196
HV_S0_LGBM_seed42,HV,S0,LGBM,978,Train,313.0,241.68051305973196
HV_S0_LGBM_seed42,HV,S0,LGBM,979,Train,290.0,241.68051305973196
HV_S0_LGBM_seed42,HV,S0,LGBM,981,Train,192.0,241.68051305973196
HV_S0_LGBM_seed42,HV,S0,LGBM,982,Train,285.0,241.68051305973196
HV_S0_LGBM_seed42,HV,S0,LGBM,983,Train,277.0,241.68051305973196
HV_S0_LGBM_seed42,HV,S0,LGBM,985,Train,197.0,241.68051305973196
HV_S0_LGBM_seed42,HV,S0,LGBM,990,Train,244.0,241.68051305973196
HV_S0_LGBM_seed42,HV,S0,LGBM,991,Train,161.0,241.68051305973196
HV_S0_LGBM_seed42,HV,S0,LGBM,992,Train,239.0,241.68051305973196
HV_S0_LGBM_seed42,HV,S0,LGBM,993,Train,203.0,241.68051305973196
HV_S0_LGBM_seed42,HV,S0,LGBM,994,Train,148.0,241.68051305973196
HV_S0_LGBM_seed42,HV,S0,LGBM,996,Train,210.0,241.68051305973196
HV_S0_LGBM_seed42,HV,S0,LGBM,997,Train,173.0,241.68051305973196
HV_S0_LGBM_seed42,HV,S0,LGBM,998,Train,147.0,241.68051305973196
HV_S0_LGBM_seed42,HV,S0,LGBM,999,Train,139.0,241.68051305973196
HV_S0_LGBM_seed42,HV,S0,LGBM,1000,Train,214.0,241.68051305973196
HV_S0_LGBM_seed42,HV,S0,LGBM,1004,Train,339.0,241.68051305973196
HV_S0_LGBM_seed42,HV,S0,LGBM,1005,Train,309.0,241.68051305973196
HV_S0_LGBM_seed42,HV,S0,LGBM,1006,Train,253.0,241.68051305973196
HV_S0_LGBM_seed42,HV,S0,LGBM,1007,Train,198.0,241.68051305973196
HV_S0_LGBM_seed42,HV,S0,LGBM,1008,Train,312.0,241.68051305973196
HV_S0_LGBM_seed42,HV,S0,LGBM,1009,Train,284.0,241.68051305973196
HV_S0_LGBM_seed42,HV,S0,LGBM,1011,Train,191.0,241.68051305973196
HV_S0_LGBM_seed42,HV,S0,LGBM,1012,Train,281.0,241.68051305973196
HV_S0_LGBM_seed42,HV,S0,LGBM,1013,Train,273.0,241.68051305973196
HV_S0_LGBM_seed42,HV,S0,LGBM,1014,Train,241.0,241.68051305973196
HV_S0_LGBM_seed42,HV,S0,LGBM,1015,Train,189.0,241.68051305973196
HV_S0_LGBM_seed42,HV,S0,LGBM,1016,Train,353.0,241.68051305973196
HV_S0_LGBM_seed42,HV,S0,LGBM,1017,Train,343.0,241.68051305973196
HV_S0_LGBM_seed42,HV,S0,LGBM,1018,Train,259.0,241.68051305973196
HV_S0_LGBM_seed42,HV,S0,LGBM,1020,Train,325.0,241.68051305973196
HV_S0_LGBM_seed42,HV,S0,LGBM,1021,Train,219.0,241.68051305973196
HV_S0_LGBM_seed42,HV,S0,LGBM,1022,Train,362.0,241.68051305973196
HV_S0_LGBM_seed42,HV,S0,LGBM,1023,Train,342.0,241.68051305973196
HV_S0_LGBM_seed42,HV,S0,LGBM,1024,Train,227.0,241.68051305973196
HV_S0_LGBM_seed42,HV,S0,LGBM,1025,Train,243.0,241.68051305973196
HV_S0_LGBM_seed42,HV,S0,LGBM,1028,Train,234.0,241.68051305973196
HV_S0_LGBM_seed42,HV,S0,LGBM,1029,Train,195.0,241.68051305973196
HV_S0_LGBM_seed42,HV,S0,LGBM,1030,Train,149.0,241.68051305973196
HV_S0_LGBM_seed42,HV,S0,LGBM,1032,Train,200.0,241.68051305973196
HV_S0_LGBM_seed42,HV,S0,LGBM,1033,Train,169.0,241.68051305973196
HV_S0_LGBM_seed42,HV,S0,LGBM,1034,Train,145.0,241.68051305973196
HV_S0_LGBM_seed42,HV,S0,LGBM,1035,Train,137.0,241.68051305973196
HV_S0_LGBM_seed42,HV,S0,LGBM,1036,Train,214.0,241.68051305973196
HV_S0_LGBM_seed42,HV,S0,LGBM,1037,Train,179.0,241.68051305973196
HV_S0_LGBM_seed42,HV,S0,LGBM,1038,Train,140.0,241.68051305973196
HV_S0_LGBM_seed42,HV,S0,LGBM,1039,Train,129.0,241.68051305973196
HV_S0_LGBM_seed42,HV,S0,LGBM,1040,Train,336.0,241.68051305973196
HV_S0_LGBM_seed42,HV,S0,LGBM,1042,Train,242.0,241.68051305973196
HV_S0_LGBM_seed42,HV,S0,LGBM,1043,Train,185.0,241.68051305973196
HV_S0_LGBM_seed42,HV,S0,LGBM,1044,Train,306.0,241.68051305973196
HV_S0_LGBM_seed42,HV,S0,LGBM,1045,Train,280.0,241.68051305973196
HV_S0_LGBM_seed42,HV,S0,LGBM,1046,Train,241.0,241.68051305973196
HV_S0_LGBM_seed42,HV,S0,LGBM,1048,Train,283.0,241.68051305973196
HV_S0_LGBM_seed42,HV,S0,LGBM,1049,Train,272.0,241.68051305973196
HV_S0_LGBM_seed42,HV,S0,LGBM,1050,Train,229.0,241.68051305973196
HV_S0_LGBM_seed42,HV,S0,LGBM,1051,Train,181.0,241.68051305973196
HV_S0_LGBM_seed42,HV,S0,LGBM,1052,Train,278.0,258.4313962526513
HV_S0_LGBM_seed42,HV,S0,LGBM,1053,Train,353.0,241.68051305973196
HV_S0_LGBM_seed42,HV,S0,LGBM,1054,Train,311.0,241.68051305973196
HV_S0_LGBM_seed42,HV,S0,LGBM,1055,Train,192.0,241.68051305973196
HV_S0_LGBM_seed42,HV,S0,LGBM,1056,Train,244.0,241.68051305973196
HV_S0_LGBM_seed42,HV,S0,LGBM,1057,Train,217.0,241.68051305973196
HV_S0_LGBM_seed42,HV,S0,LGBM,1060,Train,180.0,241.68051305973196
HV_S0_LGBM_seed42,HV,S0,LGBM,1061,Train,146.0,241.68051305973196
HV_S0_LGBM_seed42,HV,S0,LGBM,1064,Train,160.0,241.68051305973196
HV_S0_LGBM_seed42,HV,S0,LGBM,1065,Train,144.0,241.68051305973196
HV_S0_LGBM_seed42,HV,S0,LGBM,1066,Train,136.0,241.68051305973196
HV_S0_LGBM_seed42,HV,S0,LGBM,1068,Train,169.0,241.68051305973196
HV_S0_LGBM_seed42,HV,S0,LGBM,1069,Train,137.0,241.68051305973196
HV_S0_LGBM_seed42,HV,S0,LGBM,1070,Train,127.0,241.68051305973196
HV_S0_LGBM_seed42,HV,S0,LGBM,1071,Train,336.0,241.68051305973196
HV_S0_LGBM_seed42,HV,S0,LGBM,1073,Train,231.0,241.68051305973196
HV_S0_LGBM_seed42,HV,S0,LGBM,1074,Train,177.0,241.68051305973196
HV_S0_LGBM_seed42,HV,S0,LGBM,1076,Train,272.0,241.68051305973196
HV_S0_LGBM_seed42,HV,S0,LGBM,1077,Train,233.0,241.68051305973196
HV_S0_LGBM_seed42,HV,S0,LGBM,1078,Train,173.0,241.68051305973196
HV_S0_LGBM_seed42,HV,S0,LGBM,1079,Train,279.0,241.68051305973196
HV_S0_LGBM_seed42,HV,S0,LGBM,1080,Train,270.0,241.68051305973196
HV_S0_LGBM_seed42,HV,S0,LGBM,1081,Train,216.0,241.68051305973196
HV_S0_LGBM_seed42,HV,S0,LGBM,1082,Train,175.0,241.68051305973196
HV_S0_LGBM_seed42,HV,S0,LGBM,1083,Train,241.0,241.68051305973196
HV_S0_LGBM_seed42,HV,S0,LGBM,1084,Train,209.0,241.68051305973196
HV_S0_LGBM_seed42,HV,S0,LGBM,1085,Train,136.0,241.68051305973196
HV_S0_LGBM_seed42,HV,S0,LGBM,1086,Train,211.0,241.68051305973196
HV_S0_LGBM_seed42,HV,S0,LGBM,1088,Train,144.0,241.68051305973196
HV_S0_LGBM_seed42,HV,S0,LGBM,1089,Train,133.0,241.68051305973196
HV_S0_LGBM_seed42,HV,S0,LGBM,1090,Train,183.0,241.68051305973196
HV_S0_LGBM_seed42,HV,S0,LGBM,1091,Train,156.0,241.68051305973196
HV_S0_LGBM_seed42,HV,S0,LGBM,1092,Train,141.0,241.68051305973196
HV_S0_LGBM_seed42,HV,S0,LGBM,1093,Train,132.0,241.68051305973196
HV_S0_LGBM_seed42,HV,S0,LGBM,1094,Train,206.0,241.68051305973196
HV_S0_LGBM_seed42,HV,S0,LGBM,1095,Train,163.0,241.68051305973196
HV_S0_LGBM_seed42,HV,S0,LGBM,1096,Train,136.0,241.68051305973196
HV_S0_LGBM_seed42,HV,S0,LGBM,1097,Train,128.0,241.68051305973196
HV_S0_LGBM_seed42,HV,S0,LGBM,1098,Train,332.0,241.68051305973196
HV_S0_LGBM_seed42,HV,S0,LGBM,1099,Train,284.0,241.68051305973196
HV_S0_LGBM_seed42,HV,S0,LGBM,1101,Train,169.0,241.68051305973196
HV_S0_LGBM_seed42,HV,S0,LGBM,1102,Train,302.0,241.68051305973196
HV_S0_LGBM_seed42,HV,S0,LGBM,1103,Train,262.0,241.68051305973196
HV_S0_LGBM_seed42,HV,S0,LGBM,1104,Train,217.0,241.68051305973196
HV_S0_LGBM_seed42,HV,S0,LGBM,1105,Train,170.0,241.68051305973196
HV_S0_LGBM_seed42,HV,S0,LGBM,1108,Train,205.0,241.68051305973196
HV_S0_LGBM_seed42,HV,S0,LGBM,1109,Train,170.0,241.68051305973196
HV_S0_LGBM_seed42,HV,S0,LGBM,1110,Train,234.0,241.68051305973196
HV_S0_LGBM_seed42,HV,S0,LGBM,1111,Train,204.0,241.68051305973196
HV_S0_LGBM_seed42,HV,S0,LGBM,1113,Train,199.0,241.68051305973196
HV_S0_LGBM_seed42,HV,S0,LGBM,1114,Train,157.0,241.68051305973196
HV_S0_LGBM_seed42,HV,S0,LGBM,1115,Train,143.0,241.68051305973196
HV_S0_LGBM_seed42,HV,S0,LGBM,1117,Train,175.0,241.68051305973196
HV_S0_LGBM_seed42,HV,S0,LGBM,1118,Train,153.0,241.68051305973196
HV_S0_LGBM_seed42,HV,S0,LGBM,1119,Train,140.0,241.68051305973196
HV_S0_LGBM_seed42,HV,S0,LGBM,1120,Train,132.0,241.68051305973196
HV_S0_LGBM_seed42,HV,S0,LGBM,1121,Train,202.0,241.68051305973196
HV_S0_LGBM_seed42,HV,S0,LGBM,1122,Train,154.0,241.68051305973196
HV_S0_LGBM_seed42,HV,S0,LGBM,1123,Train,134.0,241.68051305973196
HV_S0_LGBM_seed42,HV,S0,LGBM,1124,Train,127.0,241.68051305973196
HV_S0_LGBM_seed42,HV,S0,LGBM,1125,Train,329.0,241.68051305973196
HV_S0_LGBM_seed42,HV,S0,LGBM,1126,Train,271.0,241.68051305973196
HV_S0_LGBM_seed42,HV,S0,LGBM,1128,Train,166.0,241.68051305973196
HV_S0_LGBM_seed42,HV,S0,LGBM,1130,Train,262.0,241.68051305973196
HV_S0_LGBM_seed42,HV,S0,LGBM,1131,Train,205.0,241.68051305973196
HV_S0_LGBM_seed42,HV,S0,LGBM,1132,Train,166.0,241.68051305973196
HV_S0_LGBM_seed42,HV,S0,LGBM,1133,Train,277.0,241.68051305973196
HV_S0_LGBM_seed42,HV,S0,LGBM,1134,Train,261.0,241.68051305973196
HV_S0_LGBM_seed42,HV,S0,LGBM,1135,Train,193.0,241.68051305973196
HV_S0_LGBM_seed42,HV,S0,LGBM,1136,Train,163.0,241.68051305973196
HV_S0_LGBM_seed42,HV,S0,LGBM,1137,Train,258.0,258.4313962526513
HV_S0_LGBM_seed42,HV,S0,LGBM,1139,Train,197.0,241.68051305973196
HV_S0_LGBM_seed42,HV,S0,LGBM,1140,Train,132.0,241.68051305973196
HV_S0_LGBM_seed42,HV,S0,LGBM,1141,Train,198.0,241.68051305973196
HV_S0_LGBM_seed42,HV,S0,LGBM,1142,Train,151.0,241.68051305973196
HV_S0_LGBM_seed42,HV,S0,LGBM,1143,Train,141.0,241.68051305973196
HV_S0_LGBM_seed42,HV,S0,LGBM,1144,Train,130.0,241.68051305973196
HV_S0_LGBM_seed42,HV,S0,LGBM,1145,Train,168.0,241.68051305973196
HV_S0_LGBM_seed42,HV,S0,LGBM,1146,Train,150.0,241.68051305973196
HV_S0_LGBM_seed42,HV,S0,LGBM,1147,Train,141.0,241.68051305973196
HV_S0_LGBM_seed42,HV,S0,LGBM,1148,Train,131.0,241.68051305973196
HV_S0_LGBM_seed42,HV,S0,LGBM,1149,Train,195.0,241.68051305973196
HV_S0_LGBM_seed42,HV,S0,LGBM,1151,Train,133.0,241.68051305973196
HV_S0_LGBM_seed42,HV,S0,LGBM,1152,Train,125.0,241.68051305973196
HV_S0_LGBM_seed42,HV,S0,LGBM,1153,Train,323.0,241.68051305973196
HV_S0_LGBM_seed42,HV,S0,LGBM,1154,Train,264.0,241.68051305973196
HV_S0_LGBM_seed42,HV,S0,LGBM,1155,Train,192.0,241.68051305973196
HV_S0_LGBM_seed42,HV,S0,LGBM,1157,Train,296.0,241.68051305973196
HV_S0_LGBM_seed42,HV,S0,LGBM,1158,Train,256.0,241.68051305973196
HV_S0_LGBM_seed42,HV,S0,LGBM,1160,Train,161.0,241.68051305973196
HV_S0_LGBM_seed42,HV,S0,LGBM,1161,Train,276.0,241.68051305973196
HV_S0_LGBM_seed42,HV,S0,LGBM,1162,Train,255.0,241.68051305973196
HV_S0_LGBM_seed42,HV,S0,LGBM,1165,Train,177.0,258.4313962526513
HV_S0_LGBM_seed42,HV,S0,LGBM,1166,Train,217.0,241.68051305973196
HV_S0_LGBM_seed42,HV,S0,LGBM,1168,Train,130.0,241.68051305973196
HV_S0_LGBM_seed42,HV,S0,LGBM,1169,Train,187.0,241.68051305973196
HV_S0_LGBM_seed42,HV,S0,LGBM,1170,Train,148.0,241.68051305973196
HV_S0_LGBM_seed42,HV,S0,LGBM,1171,Train,141.0,241.68051305973196
HV_S0_LGBM_seed42,HV,S0,LGBM,1172,Train,130.0,241.68051305973196
HV_S0_LGBM_seed42,HV,S0,LGBM,1173,Train,166.0,241.68051305973196
HV_S0_LGBM_seed42,HV,S0,LGBM,1174,Train,148.0,241.68051305973196
HV_S0_LGBM_seed42,HV,S0,LGBM,1175,Train,140.0,241.68051305973196
HV_S0_LGBM_seed42,HV,S0,LGBM,1176,Train,127.0,241.68051305973196
HV_S0_LGBM_seed42,HV,S0,LGBM,1178,Train,145.0,241.68051305973196
HV_S0_LGBM_seed42,HV,S0,LGBM,1179,Train,135.0,241.68051305973196
HV_S0_LGBM_seed42,HV,S0,LGBM,1180,Train,124.0,241.68051305973196
HV_S0_LGBM_seed42,HV,S0,LGBM,1181,Train,320.0,241.68051305973196
HV_S0_LGBM_seed42,HV,S0,LGBM,1182,Train,256.0,241.68051305973196
HV_S0_LGBM_seed42,HV,S0,LGBM,1184,Train,155.0,241.68051305973196
HV_S0_LGBM_seed42,HV,S0,LGBM,1185,Train,296.0,241.68051305973196
HV_S0_LGBM_seed42,HV,S0,LGBM,1186,Train,248.0,241.68051305973196
HV_S0_LGBM_seed42,HV,S0,LGBM,1187,Train,171.0,241.68051305973196
HV_S0_LGBM_seed42,HV,S0,LGBM,1188,Train,157.0,241.68051305973196
HV_S0_LGBM_seed42,HV,S0,LGBM,1189,Train,270.0,241.68051305973196
HV_S0_LGBM_seed42,HV,S0,LGBM,1191,Train,164.0,241.68051305973196
HV_S0_LGBM_seed42,HV,S0,LGBM,1194,Train,78.0,89.92443378696039
HV_S0_LGBM_seed42,HV,S0,LGBM,1195,Train,78.0,89.92443378696039
HV_S0_LGBM_seed42,HV,S0,LGBM,1196,Train,72.0,89.92443378696039
HV_S0_LGBM_seed42,HV,S0,LGBM,1197,Train,78.0,89.92443378696039
HV_S0_LGBM_seed42,HV,S0,LGBM,1199,Train,96.0,89.92443378696039
HV_S0_LGBM_seed42,HV,S0,LGBM,1200,Train,112.0,89.92443378696039
HV_S0_LGBM_seed42,HV,S0,LGBM,1201,Train,116.0,89.92443378696039
HV_S0_LGBM_seed42,HV,S0,LGBM,1202,Train,76.0,105.6182524630451
HV_S0_LGBM_seed42,HV,S0,LGBM,1203,Train,75.0,105.6182524630451
HV_S0_LGBM_seed42,HV,S0,LGBM,1205,Train,79.0,105.6182524630451
HV_S0_LGBM_seed42,HV,S0,LGBM,1208,Train,105.0,105.6182524630451
HV_S0_LGBM_seed42,HV,S0,LGBM,1209,Train,155.0,105.6182524630451
HV_S0_LGBM_seed42,HV,S0,LGBM,1210,Train,141.0,105.6182524630451
HV_S0_LGBM_seed42,HV,S0,LGBM,1211,Train,86.0,101.5448925022926
HV_S0_LGBM_seed42,HV,S0,LGBM,1212,Train,80.0,101.5448925022926
HV_S0_LGBM_seed42,HV,S0,LGBM,1213,Train,81.0,101.5448925022926
HV_S0_LGBM_seed42,HV,S0,LGBM,1214,Train,75.0,101.5448925022926
HV_S0_LGBM_seed42,HV,S0,LGBM,1216,Train,92.0,101.5448925022926
HV_S0_LGBM_seed42,HV,S0,LGBM,1217,Train,104.0,101.5448925022926
HV_S0_LGBM_seed42,HV,S0,LGBM,1218,Train,148.0,101.5448925022926
HV_S0_LGBM_seed42,HV,S0,LGBM,1219,Train,145.0,101.5448925022926
HV_S0_LGBM_seed42,HV,S0,LGBM,1221,Train,84.0,103.70591016116795
HV_S0_LGBM_seed42,HV,S0,LGBM,1222,Train,84.0,103.70591016116795
HV_S0_LGBM_seed42,HV,S0,LGBM,1223,Train,86.0,103.70591016116795
HV_S0_LGBM_seed42,HV,S0,LGBM,1224,Train,87.0,103.70591016116795
HV_S0_LGBM_seed42,HV,S0,LGBM,1225,Train,88.0,103.70591016116795
HV_S0_LGBM_seed42,HV,S0,LGBM,1226,Train,104.0,103.70591016116795
HV_S0_LGBM_seed42,HV,S0,LGBM,1227,Train,157.0,103.70591016116795
HV_S0_LGBM_seed42,HV,S0,LGBM,1228,Train,144.0,103.70591016116795
HV_S0_LGBM_seed42,HV,S0,LGBM,8,Test,254.0,215.68139164625754
HV_S0_LGBM_seed42,HV,S0,LGBM,16,Test,282.0,215.68139164625754
HV_S0_LGBM_seed42,HV,S0,LGBM,33,Test,165.0,193.15901884905938
HV_S0_LGBM_seed42,HV,S0,LGBM,40,Test,231.0,215.68139164625754
HV_S0_LGBM_seed42,HV,S0,LGBM,41,Test,225.0,212.37562679844046
HV_S0_LGBM_seed42,HV,S0,LGBM,49,Test,244.0,215.68139164625754
HV_S0_LGBM_seed42,HV,S0,LGBM,55,Test,107.0,166.52751828484608
HV_S0_LGBM_seed42,HV,S0,LGBM,60,Test,268.0,224.37888113314852
HV_S0_LGBM_seed42,HV,S0,LGBM,62,Test,211.0,202.17160808950385
HV_S0_LGBM_seed42,HV,S0,LGBM,65,Test,233.0,215.68139164625754
HV_S0_LGBM_seed42,HV,S0,LGBM,67,Test,202.0,193.15901884905938
HV_S0_LGBM_seed42,HV,S0,LGBM,69,Test,171.0,156.6035698619897
HV_S0_LGBM_seed42,HV,S0,LGBM,70,Test,155.0,155.28305535146586
HV_S0_LGBM_seed42,HV,S0,LGBM,74,Test,238.0,215.68139164625754
HV_S0_LGBM_seed42,HV,S0,LGBM,77,Test,211.0,173.5161870642017
HV_S0_LGBM_seed42,HV,S0,LGBM,78,Test,190.0,156.6035698619897
HV_S0_LGBM_seed42,HV,S0,LGBM,81,Test,238.0,215.68139164625754
HV_S0_LGBM_seed42,HV,S0,LGBM,87,Test,252.0,214.05933946691806
HV_S0_LGBM_seed42,HV,S0,LGBM,90,Test,165.0,166.52751828484608
HV_S0_LGBM_seed42,HV,S0,LGBM,95,Test,235.0,214.05933946691806
HV_S0_LGBM_seed42,HV,S0,LGBM,98,Test,212.0,222.562208963404
HV_S0_LGBM_seed42,HV,S0,LGBM,100,Test,207.0,212.37562679844046
HV_S0_LGBM_seed42,HV,S0,LGBM,108,Test,227.0,215.68139164625754
HV_S0_LGBM_seed42,HV,S0,LGBM,112,Test,183.0,156.6035698619897
HV_S0_LGBM_seed42,HV,S0,LGBM,113,Test,181.0,155.28305535146586
HV_S0_LGBM_seed42,HV,S0,LGBM,119,Test,228.0,220.80696732479194
HV_S0_LGBM_seed42,HV,S0,LGBM,122,Test,135.0,166.52751828484608
HV_S0_LGBM_seed42,HV,S0,LGBM,126,Test,132.0,166.52751828484608
HV_S0_LGBM_seed42,HV,S0,LGBM,143,Test,139.0,156.6035698619897
HV_S0_LGBM_seed42,HV,S0,LGBM,151,Test,268.0,211.24390148344816
HV_S0_LGBM_seed42,HV,S0,LGBM,153,Test,206.0,166.52751828484608
HV_S0_LGBM_seed42,HV,S0,LGBM,154,Test,199.0,166.52751828484608
HV_S0_LGBM_seed42,HV,S0,LGBM,155,Test,159.0,166.52751828484608
HV_S0_LGBM_seed42,HV,S0,LGBM,156,Test,120.0,166.52751828484608
HV_S0_LGBM_seed42,HV,S0,LGBM,171,Test,145.0,211.24390148344816
HV_S0_LGBM_seed42,HV,S0,LGBM,173,Test,137.0,211.24390148344816
HV_S0_LGBM_seed42,HV,S0,LGBM,204,Test,63.0,86.68149927783797
HV_S0_LGBM_seed42,HV,S0,LGBM,210,Test,203.0,206.6659233449802
HV_S0_LGBM_seed42,HV,S0,LGBM,214,Test,60.0,64.24260871748471
HV_S0_LGBM_seed42,HV,S0,LGBM,228,Test,195.0,175.15997144977766
HV_S0_LGBM_seed42,HV,S0,LGBM,234,Test,125.0,164.3031877742865
HV_S0_LGBM_seed42,HV,S0,LGBM,235,Test,185.0,178.32683321296787
HV_S0_LGBM_seed42,HV,S0,LGBM,244,Test,216.0,206.6659233449802
HV_S0_LGBM_seed42,HV,S0,LGBM,245,Test,69.0,69.57648186432105
HV_S0_LGBM_seed42,HV,S0,LGBM,246,Test,158.0,164.3031877742865
HV_S0_LGBM_seed42,HV,S0,LGBM,254,Test,89.0,86.68149927783797
HV_S0_LGBM_seed42,HV,S0,LGBM,257,Test,67.0,86.68149927783797
HV_S0_LGBM_seed42,HV,S0,LGBM,275,Test,165.0,164.3031877742865
HV_S0_LGBM_seed42,HV,S0,LGBM,284,Test,82.0,86.68149927783797
HV_S0_LGBM_seed42,HV,S0,LGBM,295,Test,108.0,86.68149927783797
HV_S0_LGBM_seed42,HV,S0,LGBM,296,Test,122.0,86.68149927783797
HV_S0_LGBM_seed42,HV,S0,LGBM,301,Test,140.0,186.16386206018177
HV_S0_LGBM_seed42,HV,S0,LGBM,321,Test,98.0,140.16630875251658
HV_S0_LGBM_seed42,HV,S0,LGBM,326,Test,121.0,86.68149927783797
HV_S0_LGBM_seed42,HV,S0,LGBM,338,Test,195.0,175.15997144977766
HV_S0_LGBM_seed42,HV,S0,LGBM,341,Test,186.0,173.09958829650276
HV_S0_LGBM_seed42,HV,S0,LGBM,342,Test,233.0,206.6659233449802
HV_S0_LGBM_seed42,HV,S0,LGBM,343,Test,68.0,69.57648186432105
HV_S0_LGBM_seed42,HV,S0,LGBM,360,Test,84.0,86.68149927783797
HV_S0_LGBM_seed42,HV,S0,LGBM,361,Test,175.0,209.17200789901935
HV_S0_LGBM_seed42,HV,S0,LGBM,362,Test,257.0,186.16386206018177
HV_S0_LGBM_seed42,HV,S0,LGBM,364,Test,248.0,213.74462578091703
HV_S0_LGBM_seed42,HV,S0,LGBM,366,Test,272.0,241.13902725082457
HV_S0_LGBM_seed42,HV,S0,LGBM,368,Test,195.0,196.3839671547906
HV_S0_LGBM_seed42,HV,S0,LGBM,370,Test,187.0,209.7571332573093
HV_S0_LGBM_seed42,HV,S0,LGBM,371,Test,183.0,210.03377584424837
HV_S0_LGBM_seed42,HV,S0,LGBM,386,Test,177.0,200.73163186312578
HV_S0_LGBM_seed42,HV,S0,LGBM,397,Test,127.0,140.16630875251658
HV_S0_LGBM_seed42,HV,S0,LGBM,399,Test,109.0,86.68149927783797
HV_S0_LGBM_seed42,HV,S0,LGBM,401,Test,122.0,86.68149927783797
HV_S0_LGBM_seed42,HV,S0,LGBM,411,Test,148.0,206.6659233449802
HV_S0_LGBM_seed42,HV,S0,LGBM,415,Test,184.0,173.09958829650276
HV_S0_LGBM_seed42,HV,S0,LGBM,416,Test,117.0,86.68149927783797
HV_S0_LGBM_seed42,HV,S0,LGBM,417,Test,127.0,86.68149927783797
HV_S0_LGBM_seed42,HV,S0,LGBM,427,Test,62.0,64.24260871748471
HV_S0_LGBM_seed42,HV,S0,LGBM,429,Test,120.0,140.16630875251658
HV_S0_LGBM_seed42,HV,S0,LGBM,431,Test,192.0,140.16630875251658
HV_S0_LGBM_seed42,HV,S0,LGBM,437,Test,112.0,140.16630875251658
HV_S0_LGBM_seed42,HV,S0,LGBM,439,Test,186.0,140.16630875251658
HV_S0_LGBM_seed42,HV,S0,LGBM,444,Test,125.0,206.6659233449802
HV_S0_LGBM_seed42,HV,S0,LGBM,447,Test,123.0,178.32683321296787
HV_S0_LGBM_seed42,HV,S0,LGBM,448,Test,64.0,64.24260871748471
HV_S0_LGBM_seed42,HV,S0,LGBM,467,Test,216.0,191.16877333037175
HV_S0_LGBM_seed42,HV,S0,LGBM,480,Test,217.0,191.16877333037175
HV_S0_LGBM_seed42,HV,S0,LGBM,490,Test,223.0,215.11682583046087
HV_S0_LGBM_seed42,HV,S0,LGBM,497,Test,220.0,206.19537914385424
HV_S0_LGBM_seed42,HV,S0,LGBM,499,Test,209.0,206.19537914385424
HV_S0_LGBM_seed42,HV,S0,LGBM,508,Test,170.0,191.16877333037175
HV_S0_LGBM_seed42,HV,S0,LGBM,513,Test,211.0,214.97414604004356
HV_S0_LGBM_seed42,HV,S0,LGBM,514,Test,162.0,191.16877333037175
HV_S0_LGBM_seed42,HV,S0,LGBM,515,Test,206.0,215.11682583046087
HV_S0_LGBM_seed42,HV,S0,LGBM,519,Test,208.0,191.16877333037175
HV_S0_LGBM_seed42,HV,S0,LGBM,522,Test,191.0,215.11682583046087
HV_S0_LGBM_seed42,HV,S0,LGBM,525,Test,215.0,214.97414604004356
HV_S0_LGBM_seed42,HV,S0,LGBM,531,Test,213.0,215.11682583046087
HV_S0_LGBM_seed42,HV,S0,LGBM,534,Test,270.0,290.72661182299163
HV_S0_LGBM_seed42,HV,S0,LGBM,535,Test,286.0,290.72661182299163
HV_S0_LGBM_seed42,HV,S0,LGBM,537,Test,331.0,290.72661182299163
HV_S0_LGBM_seed42,HV,S0,LGBM,539,Test,268.0,241.68051305973196
HV_S0_LGBM_seed42,HV,S0,LGBM,546,Test,244.0,234.22130227244486
HV_S0_LGBM_seed42,HV,S0,LGBM,551,Test,288.0,290.72661182299163
HV_S0_LGBM_seed42,HV,S0,LGBM,553,Test,336.0,290.72661182299163
HV_S0_LGBM_seed42,HV,S0,LGBM,564,Test,332.0,241.68051305973196
HV_S0_LGBM_seed42,HV,S0,LGBM,576,Test,334.0,290.72661182299163
HV_S0_LGBM_seed42,HV,S0,LGBM,579,Test,280.0,290.72661182299163
HV_S0_LGBM_seed42,HV,S0,LGBM,587,Test,248.0,234.22130227244486
HV_S0_LGBM_seed42,HV,S0,LGBM,611,Test,289.0,290.72661182299163
HV_S0_LGBM_seed42,HV,S0,LGBM,612,Test,337.0,290.72661182299163
HV_S0_LGBM_seed42,HV,S0,LGBM,613,Test,320.0,290.72661182299163
HV_S0_LGBM_seed42,HV,S0,LGBM,616,Test,329.0,234.22130227244486
HV_S0_LGBM_seed42,HV,S0,LGBM,617,Test,350.0,234.22130227244486
HV_S0_LGBM_seed42,HV,S0,LGBM,618,Test,313.0,234.22130227244486
HV_S0_LGBM_seed42,HV,S0,LGBM,620,Test,215.0,234.22130227244486
HV_S0_LGBM_seed42,HV,S0,LGBM,625,Test,301.0,290.72661182299163
HV_S0_LGBM_seed42,HV,S0,LGBM,629,Test,288.0,241.68051305973196
HV_S0_LGBM_seed42,HV,S0,LGBM,631,Test,297.0,241.68051305973196
HV_S0_LGBM_seed42,HV,S0,LGBM,634,Test,338.0,241.68051305973196
HV_S0_LGBM_seed42,HV,S0,LGBM,635,Test,285.0,241.68051305973196
HV_S0_LGBM_seed42,HV,S0,LGBM,637,Test,346.0,234.22130227244486
HV_S0_LGBM_seed42,HV,S0,LGBM,640,Test,209.0,234.22130227244486
HV_S0_LGBM_seed42,HV,S0,LGBM,643,Test,170.0,234.22130227244486
HV_S0_LGBM_seed42,HV,S0,LGBM,644,Test,289.0,290.72661182299163
HV_S0_LGBM_seed42,HV,S0,LGBM,646,Test,285.0,290.72661182299163
HV_S0_LGBM_seed42,HV,S0,LGBM,647,Test,327.0,290.72661182299163
HV_S0_LGBM_seed42,HV,S0,LGBM,654,Test,335.0,234.22130227244486
HV_S0_LGBM_seed42,HV,S0,LGBM,664,Test,319.0,290.72661182299163
HV_S0_LGBM_seed42,HV,S0,LGBM,668,Test,335.0,234.22130227244486
HV_S0_LGBM_seed42,HV,S0,LGBM,673,Test,152.0,234.22130227244486
HV_S0_LGBM_seed42,HV,S0,LGBM,676,Test,292.0,290.72661182299163
HV_S0_LGBM_seed42,HV,S0,LGBM,680,Test,298.0,290.72661182299163
HV_S0_LGBM_seed42,HV,S0,LGBM,682,Test,300.0,290.72661182299163
HV_S0_LGBM_seed42,HV,S0,LGBM,684,Test,330.0,241.68051305973196
HV_S0_LGBM_seed42,HV,S0,LGBM,691,Test,303.0,241.68051305973196
HV_S0_LGBM_seed42,HV,S0,LGBM,699,Test,134.0,234.22130227244486
HV_S0_LGBM_seed42,HV,S0,LGBM,721,Test,300.0,290.72661182299163
HV_S0_LGBM_seed42,HV,S0,LGBM,733,Test,294.0,290.72661182299163
HV_S0_LGBM_seed42,HV,S0,LGBM,749,Test,104.0,234.22130227244486
HV_S0_LGBM_seed42,HV,S0,LGBM,750,Test,293.0,290.72661182299163
HV_S0_LGBM_seed42,HV,S0,LGBM,757,Test,261.0,290.72661182299163
HV_S0_LGBM_seed42,HV,S0,LGBM,764,Test,305.0,241.68051305973196
HV_S0_LGBM_seed42,HV,S0,LGBM,783,Test,297.0,241.68051305973196
HV_S0_LGBM_seed42,HV,S0,LGBM,784,Test,306.0,241.68051305973196
HV_S0_LGBM_seed42,HV,S0,LGBM,785,Test,311.0,241.68051305973196
HV_S0_LGBM_seed42,HV,S0,LGBM,791,Test,296.0,290.72661182299163
HV_S0_LGBM_seed42,HV,S0,LGBM,794,Test,303.0,241.68051305973196
HV_S0_LGBM_seed42,HV,S0,LGBM,803,Test,200.0,234.22130227244486
HV_S0_LGBM_seed42,HV,S0,LGBM,811,Test,253.0,290.72661182299163
HV_S0_LGBM_seed42,HV,S0,LGBM,812,Test,252.0,290.72661182299163
HV_S0_LGBM_seed42,HV,S0,LGBM,826,Test,191.0,241.68051305973196
HV_S0_LGBM_seed42,HV,S0,LGBM,829,Test,205.0,241.68051305973196
HV_S0_LGBM_seed42,HV,S0,LGBM,835,Test,346.0,241.68051305973196
HV_S0_LGBM_seed42,HV,S0,LGBM,840,Test,310.0,241.68051305973196
HV_S0_LGBM_seed42,HV,S0,LGBM,842,Test,264.0,241.68051305973196
HV_S0_LGBM_seed42,HV,S0,LGBM,844,Test,290.0,241.68051305973196
HV_S0_LGBM_seed42,HV,S0,LGBM,847,Test,184.0,258.4313962526513
HV_S0_LGBM_seed42,HV,S0,LGBM,852,Test,386.0,241.68051305973196
HV_S0_LGBM_seed42,HV,S0,LGBM,854,Test,285.0,241.68051305973196
HV_S0_LGBM_seed42,HV,S0,LGBM,857,Test,331.0,241.68051305973196
HV_S0_LGBM_seed42,HV,S0,LGBM,864,Test,180.0,241.68051305973196
HV_S0_LGBM_seed42,HV,S0,LGBM,867,Test,218.0,241.68051305973196
HV_S0_LGBM_seed42,HV,S0,LGBM,872,Test,191.0,241.68051305973196
HV_S0_LGBM_seed42,HV,S0,LGBM,876,Test,304.0,241.68051305973196
HV_S0_LGBM_seed42,HV,S0,LGBM,878,Test,316.0,241.68051305973196
HV_S0_LGBM_seed42,HV,S0,LGBM,883,Test,286.0,241.68051305973196
HV_S0_LGBM_seed42,HV,S0,LGBM,888,Test,359.0,241.68051305973196
HV_S0_LGBM_seed42,HV,S0,LGBM,893,Test,373.0,241.68051305973196
HV_S0_LGBM_seed42,HV,S0,LGBM,904,Test,161.0,241.68051305973196
HV_S0_LGBM_seed42,HV,S0,LGBM,910,Test,344.0,241.68051305973196
HV_S0_LGBM_seed42,HV,S0,LGBM,912,Test,288.0,241.68051305973196
HV_S0_LGBM_seed42,HV,S0,LGBM,914,Test,316.0,241.68051305973196
HV_S0_LGBM_seed42,HV,S0,LGBM,915,Test,297.0,241.68051305973196
HV_S0_LGBM_seed42,HV,S0,LGBM,922,Test,238.0,241.68051305973196
HV_S0_LGBM_seed42,HV,S0,LGBM,927,Test,158.0,241.68051305973196
HV_S0_LGBM_seed42,HV,S0,LGBM,943,Test,263.0,241.68051305973196
HV_S0_LGBM_seed42,HV,S0,LGBM,945,Test,284.0,241.68051305973196
HV_S0_LGBM_seed42,HV,S0,LGBM,955,Test,250.0,241.68051305973196
HV_S0_LGBM_seed42,HV,S0,LGBM,957,Test,351.0,241.68051305973196
HV_S0_LGBM_seed42,HV,S0,LGBM,958,Test,284.0,241.68051305973196
HV_S0_LGBM_seed42,HV,S0,LGBM,964,Test,154.0,241.68051305973196
HV_S0_LGBM_seed42,HV,S0,LGBM,965,Test,140.0,241.68051305973196
HV_S0_LGBM_seed42,HV,S0,LGBM,966,Test,228.0,241.68051305973196
HV_S0_LGBM_seed42,HV,S0,LGBM,980,Test,260.0,241.68051305973196
HV_S0_LGBM_seed42,HV,S0,LGBM,984,Test,254.0,241.68051305973196
HV_S0_LGBM_seed42,HV,S0,LGBM,989,Test,244.0,241.68051305973196
HV_S0_LGBM_seed42,HV,S0,LGBM,995,Test,137.0,241.68051305973196
HV_S0_LGBM_seed42,HV,S0,LGBM,1001,Test,189.0,241.68051305973196
HV_S0_LGBM_seed42,HV,S0,LGBM,1002,Test,146.0,241.68051305973196
HV_S0_LGBM_seed42,HV,S0,LGBM,1003,Test,130.0,241.68051305973196
HV_S0_LGBM_seed42,HV,S0,LGBM,1010,Test,248.0,241.68051305973196
HV_S0_LGBM_seed42,HV,S0,LGBM,1019,Test,363.0,241.68051305973196
HV_S0_LGBM_seed42,HV,S0,LGBM,1026,Test,236.0,241.68051305973196
HV_S0_LGBM_seed42,HV,S0,LGBM,1027,Test,151.0,241.68051305973196
HV_S0_LGBM_seed42,HV,S0,LGBM,1031,Test,136.0,241.68051305973196
HV_S0_LGBM_seed42,HV,S0,LGBM,1041,Test,302.0,241.68051305973196
HV_S0_LGBM_seed42,HV,S0,LGBM,1047,Test,182.0,241.68051305973196
HV_S0_LGBM_seed42,HV,S0,LGBM,1058,Test,141.0,241.68051305973196
HV_S0_LGBM_seed42,HV,S0,LGBM,1059,Test,224.0,241.68051305973196
HV_S0_LGBM_seed42,HV,S0,LGBM,1062,Test,135.0,241.68051305973196
HV_S0_LGBM_seed42,HV,S0,LGBM,1063,Test,189.0,241.68051305973196
HV_S0_LGBM_seed42,HV,S0,LGBM,1067,Test,211.0,241.68051305973196
HV_S0_LGBM_seed42,HV,S0,LGBM,1072,Test,292.0,241.68051305973196
HV_S0_LGBM_seed42,HV,S0,LGBM,1075,Test,301.0,241.68051305973196
HV_S0_LGBM_seed42,HV,S0,LGBM,1087,Test,167.0,241.68051305973196
HV_S0_LGBM_seed42,HV,S0,LGBM,1100,Test,215.0,241.68051305973196
HV_S0_LGBM_seed42,HV,S0,LGBM,1106,Test,280.0,241.68051305973196
HV_S0_LGBM_seed42,HV,S0,LGBM,1107,Test,264.0,241.68051305973196
HV_S0_LGBM_seed42,HV,S0,LGBM,1112,Test,134.0,241.68051305973196
HV_S0_LGBM_seed42,HV,S0,LGBM,1116,Test,131.0,241.68051305973196
HV_S0_LGBM_seed42,HV,S0,LGBM,1127,Test,200.0,241.68051305973196
HV_S0_LGBM_seed42,HV,S0,LGBM,1129,Test,300.0,241.68051305973196
HV_S0_LGBM_seed42,HV,S0,LGBM,1138,Test,231.0,241.68051305973196
HV_S0_LGBM_seed42,HV,S0,LGBM,1150,Test,149.0,241.68051305973196
HV_S0_LGBM_seed42,HV,S0,LGBM,1156,Test,159.0,241.68051305973196
HV_S0_LGBM_seed42,HV,S0,LGBM,1159,Test,196.0,241.68051305973196
HV_S0_LGBM_seed42,HV,S0,LGBM,1163,Test,184.0,241.68051305973196
HV_S0_LGBM_seed42,HV,S0,LGBM,1164,Test,158.0,241.68051305973196
HV_S0_LGBM_seed42,HV,S0,LGBM,1167,Test,181.0,241.68051305973196
HV_S0_LGBM_seed42,HV,S0,LGBM,1177,Test,184.0,241.68051305973196
HV_S0_LGBM_seed42,HV,S0,LGBM,1183,Test,171.0,241.68051305973196
HV_S0_LGBM_seed42,HV,S0,LGBM,1190,Test,244.0,241.68051305973196
HV_S0_LGBM_seed42,HV,S0,LGBM,1192,Test,155.0,241.68051305973196
HV_S0_LGBM_seed42,HV,S0,LGBM,1193,Test,68.0,89.92443378696039
HV_S0_LGBM_seed42,HV,S0,LGBM,1198,Test,80.0,89.92443378696039
HV_S0_LGBM_seed42,HV,S0,LGBM,1204,Test,75.0,105.6182524630451
HV_S0_LGBM_seed42,HV,S0,LGBM,1206,Test,80.0,105.6182524630451
HV_S0_LGBM_seed42,HV,S0,LGBM,1207,Test,76.0,105.6182524630451
HV_S0_LGBM_seed42,HV,S0,LGBM,1215,Test,86.0,101.5448925022926
HV_S0_LGBM_seed42,HV,S0,LGBM,1220,Test,83.0,103.70591016116795
HV_S1_LGBM_seed42,HV,S1,LGBM,5,Train,137.0,216.11054722776387
HV_S1_LGBM_seed42,HV,S1,LGBM,6,Train,161.0,216.11054722776387
HV_S1_LGBM_seed42,HV,S1,LGBM,7,Train,246.0,216.11054722776387
HV_S1_LGBM_seed42,HV,S1,LGBM,9,Train,280.0,216.11054722776387
HV_S1_LGBM_seed42,HV,S1,LGBM,10,Train,201.0,219.53170883696365
HV_S1_LGBM_seed42,HV,S1,LGBM,12,Train,151.0,216.11054722776387
HV_S1_LGBM_seed42,HV,S1,LGBM,13,Train,205.0,216.11054722776387
HV_S1_LGBM_seed42,HV,S1,LGBM,14,Train,255.0,216.11054722776387
HV_S1_LGBM_seed42,HV,S1,LGBM,15,Train,246.0,216.11054722776387
HV_S1_LGBM_seed42,HV,S1,LGBM,17,Train,214.0,219.53170883696365
HV_S1_LGBM_seed42,HV,S1,LGBM,18,Train,210.0,220.3515040407589
HV_S1_LGBM_seed42,HV,S1,LGBM,20,Train,93.0,166.4840343501301
HV_S1_LGBM_seed42,HV,S1,LGBM,21,Train,126.0,166.4840343501301
HV_S1_LGBM_seed42,HV,S1,LGBM,22,Train,157.0,166.4840343501301
HV_S1_LGBM_seed42,HV,S1,LGBM,23,Train,207.0,166.4840343501301
HV_S1_LGBM_seed42,HV,S1,LGBM,24,Train,191.0,166.4840343501301
HV_S1_LGBM_seed42,HV,S1,LGBM,28,Train,185.0,202.67806942264923
HV_S1_LGBM_seed42,HV,S1,LGBM,29,Train,211.0,213.17367132001337
HV_S1_LGBM_seed42,HV,S1,LGBM,30,Train,218.0,221.87124992892757
HV_S1_LGBM_seed42,HV,S1,LGBM,31,Train,227.0,216.11054722776387
HV_S1_LGBM_seed42,HV,S1,LGBM,32,Train,199.0,211.75799015933944
HV_S1_LGBM_seed42,HV,S1,LGBM,34,Train,148.0,172.25734087195985
HV_S1_LGBM_seed42,HV,S1,LGBM,35,Train,139.0,158.1562563732851
HV_S1_LGBM_seed42,HV,S1,LGBM,36,Train,132.0,154.50720078304755
HV_S1_LGBM_seed42,HV,S1,LGBM,37,Train,221.0,202.67806942264923
HV_S1_LGBM_seed42,HV,S1,LGBM,38,Train,224.0,213.17367132001337
HV_S1_LGBM_seed42,HV,S1,LGBM,39,Train,233.0,221.87124992892757
HV_S1_LGBM_seed42,HV,S1,LGBM,42,Train,192.0,193.97233525985604
HV_S1_LGBM_seed42,HV,S1,LGBM,43,Train,182.0,172.25734087195985
HV_S1_LGBM_seed42,HV,S1,LGBM,44,Train,175.0,158.1562563732851
HV_S1_LGBM_seed42,HV,S1,LGBM,45,Train,174.0,154.50720078304755
HV_S1_LGBM_seed42,HV,S1,LGBM,46,Train,172.0,216.11054722776387
HV_S1_LGBM_seed42,HV,S1,LGBM,47,Train,234.0,216.11054722776387
HV_S1_LGBM_seed42,HV,S1,LGBM,48,Train,260.0,216.11054722776387
HV_S1_LGBM_seed42,HV,S1,LGBM,50,Train,290.0,216.11054722776387
HV_S1_LGBM_seed42,HV,S1,LGBM,51,Train,236.0,219.53170883696365
HV_S1_LGBM_seed42,HV,S1,LGBM,52,Train,216.0,211.53088922497793
HV_S1_LGBM_seed42,HV,S1,LGBM,53,Train,238.0,220.3515040407589
HV_S1_LGBM_seed42,HV,S1,LGBM,56,Train,143.0,166.4840343501301
HV_S1_LGBM_seed42,HV,S1,LGBM,57,Train,191.0,166.4840343501301
HV_S1_LGBM_seed42,HV,S1,LGBM,58,Train,200.0,166.4840343501301
HV_S1_LGBM_seed42,HV,S1,LGBM,59,Train,176.0,166.4840343501301
HV_S1_LGBM_seed42,HV,S1,LGBM,61,Train,300.0,278.8651305895857
HV_S1_LGBM_seed42,HV,S1,LGBM,63,Train,222.0,213.17367132001337
HV_S1_LGBM_seed42,HV,S1,LGBM,64,Train,226.0,221.87124992892757
HV_S1_LGBM_seed42,HV,S1,LGBM,66,Train,217.0,211.75799015933944
HV_S1_LGBM_seed42,HV,S1,LGBM,68,Train,188.0,172.25734087195985
HV_S1_LGBM_seed42,HV,S1,LGBM,71,Train,225.0,202.67806942264923
HV_S1_LGBM_seed42,HV,S1,LGBM,72,Train,230.0,213.17367132001337
HV_S1_LGBM_seed42,HV,S1,LGBM,73,Train,234.0,221.87124992892757
HV_S1_LGBM_seed42,HV,S1,LGBM,75,Train,228.0,211.75799015933944
HV_S1_LGBM_seed42,HV,S1,LGBM,76,Train,217.0,193.97233525985604
HV_S1_LGBM_seed42,HV,S1,LGBM,79,Train,186.0,154.50720078304755
HV_S1_LGBM_seed42,HV,S1,LGBM,80,Train,199.0,216.11054722776387
HV_S1_LGBM_seed42,HV,S1,LGBM,82,Train,244.0,216.11054722776387
HV_S1_LGBM_seed42,HV,S1,LGBM,83,Train,214.0,216.11054722776387
HV_S1_LGBM_seed42,HV,S1,LGBM,84,Train,282.0,216.11054722776387
HV_S1_LGBM_seed42,HV,S1,LGBM,85,Train,237.0,219.53170883696365
HV_S1_LGBM_seed42,HV,S1,LGBM,86,Train,237.0,211.53088922497793
HV_S1_LGBM_seed42,HV,S1,LGBM,89,Train,120.0,166.4840343501301
HV_S1_LGBM_seed42,HV,S1,LGBM,91,Train,204.0,166.4840343501301
HV_S1_LGBM_seed42,HV,S1,LGBM,92,Train,189.0,166.4840343501301
HV_S1_LGBM_seed42,HV,S1,LGBM,93,Train,153.0,166.4840343501301
HV_S1_LGBM_seed42,HV,S1,LGBM,94,Train,245.0,229.6419789725128
HV_S1_LGBM_seed42,HV,S1,LGBM,96,Train,198.0,202.67806942264923
HV_S1_LGBM_seed42,HV,S1,LGBM,97,Train,204.0,213.17367132001337
HV_S1_LGBM_seed42,HV,S1,LGBM,99,Train,219.0,216.11054722776387
HV_S1_LGBM_seed42,HV,S1,LGBM,101,Train,185.0,193.97233525985604
HV_S1_LGBM_seed42,HV,S1,LGBM,102,Train,169.0,172.25734087195985
HV_S1_LGBM_seed42,HV,S1,LGBM,103,Train,156.0,158.1562563732851
HV_S1_LGBM_seed42,HV,S1,LGBM,104,Train,147.0,154.50720078304755
HV_S1_LGBM_seed42,HV,S1,LGBM,105,Train,215.0,202.67806942264923
HV_S1_LGBM_seed42,HV,S1,LGBM,106,Train,218.0,213.17367132001337
HV_S1_LGBM_seed42,HV,S1,LGBM,107,Train,225.0,221.87124992892757
HV_S1_LGBM_seed42,HV,S1,LGBM,109,Train,221.0,211.75799015933944
HV_S1_LGBM_seed42,HV,S1,LGBM,110,Train,210.0,193.97233525985604
HV_S1_LGBM_seed42,HV,S1,LGBM,111,Train,194.0,172.25734087195985
HV_S1_LGBM_seed42,HV,S1,LGBM,114,Train,214.0,216.11054722776387
HV_S1_LGBM_seed42,HV,S1,LGBM,115,Train,223.0,216.11054722776387
HV_S1_LGBM_seed42,HV,S1,LGBM,116,Train,226.0,216.11054722776387
HV_S1_LGBM_seed42,HV,S1,LGBM,117,Train,193.0,216.11054722776387
HV_S1_LGBM_seed42,HV,S1,LGBM,118,Train,277.0,216.11054722776387
HV_S1_LGBM_seed42,HV,S1,LGBM,120,Train,254.0,211.53088922497793
HV_S1_LGBM_seed42,HV,S1,LGBM,123,Train,181.0,166.4840343501301
HV_S1_LGBM_seed42,HV,S1,LGBM,124,Train,210.0,166.4840343501301
HV_S1_LGBM_seed42,HV,S1,LGBM,125,Train,173.0,166.4840343501301
HV_S1_LGBM_seed42,HV,S1,LGBM,127,Train,212.0,220.3515040407589
HV_S1_LGBM_seed42,HV,S1,LGBM,129,Train,300.0,268.3264155385881
HV_S1_LGBM_seed42,HV,S1,LGBM,130,Train,218.0,216.11054722776387
HV_S1_LGBM_seed42,HV,S1,LGBM,131,Train,215.0,216.11054722776387
HV_S1_LGBM_seed42,HV,S1,LGBM,132,Train,210.0,216.11054722776387
HV_S1_LGBM_seed42,HV,S1,LGBM,133,Train,165.0,216.11054722776387
HV_S1_LGBM_seed42,HV,S1,LGBM,134,Train,269.0,216.11054722776387
HV_S1_LGBM_seed42,HV,S1,LGBM,136,Train,175.0,202.67806942264923
HV_S1_LGBM_seed42,HV,S1,LGBM,137,Train,178.0,213.17367132001337
HV_S1_LGBM_seed42,HV,S1,LGBM,138,Train,197.0,221.87124992892757
HV_S1_LGBM_seed42,HV,S1,LGBM,139,Train,195.0,216.11054722776387
HV_S1_LGBM_seed42,HV,S1,LGBM,140,Train,192.0,211.75799015933944
HV_S1_LGBM_seed42,HV,S1,LGBM,141,Train,166.0,193.97233525985604
HV_S1_LGBM_seed42,HV,S1,LGBM,142,Train,155.0,172.25734087195985
HV_S1_LGBM_seed42,HV,S1,LGBM,144,Train,132.0,154.50720078304755
HV_S1_LGBM_seed42,HV,S1,LGBM,145,Train,219.0,216.11054722776387
HV_S1_LGBM_seed42,HV,S1,LGBM,146,Train,211.0,216.11054722776387
HV_S1_LGBM_seed42,HV,S1,LGBM,147,Train,190.0,216.11054722776387
HV_S1_LGBM_seed42,HV,S1,LGBM,148,Train,146.0,216.11054722776387
HV_S1_LGBM_seed42,HV,S1,LGBM,149,Train,267.0,216.11054722776387
HV_S1_LGBM_seed42,HV,S1,LGBM,150,Train,213.0,219.53170883696365
HV_S1_LGBM_seed42,HV,S1,LGBM,152,Train,143.0,166.4840343501301
HV_S1_LGBM_seed42,HV,S1,LGBM,157,Train,275.0,274.31685571498485
HV_S1_LGBM_seed42,HV,S1,LGBM,158,Train,226.0,216.11054722776387
HV_S1_LGBM_seed42,HV,S1,LGBM,159,Train,207.0,216.11054722776387
HV_S1_LGBM_seed42,HV,S1,LGBM,160,Train,166.0,216.11054722776387
HV_S1_LGBM_seed42,HV,S1,LGBM,161,Train,132.0,216.11054722776387
HV_S1_LGBM_seed42,HV,S1,LGBM,162,Train,246.0,216.11054722776387
HV_S1_LGBM_seed42,HV,S1,LGBM,163,Train,264.0,211.53088922497793
HV_S1_LGBM_seed42,HV,S1,LGBM,164,Train,141.0,166.4840343501301
HV_S1_LGBM_seed42,HV,S1,LGBM,165,Train,212.0,166.4840343501301
HV_S1_LGBM_seed42,HV,S1,LGBM,166,Train,186.0,166.4840343501301
HV_S1_LGBM_seed42,HV,S1,LGBM,167,Train,142.0,166.4840343501301
HV_S1_LGBM_seed42,HV,S1,LGBM,168,Train,113.0,166.4840343501301
HV_S1_LGBM_seed42,HV,S1,LGBM,169,Train,214.0,211.53088922497793
HV_S1_LGBM_seed42,HV,S1,LGBM,170,Train,158.0,211.53088922497793
HV_S1_LGBM_seed42,HV,S1,LGBM,172,Train,138.0,211.53088922497793
HV_S1_LGBM_seed42,HV,S1,LGBM,195,Train,66.0,68.588932255402
HV_S1_LGBM_seed42,HV,S1,LGBM,196,Train,67.0,90.06183033439378
HV_S1_LGBM_seed42,HV,S1,LGBM,197,Train,65.0,90.06183033439378
HV_S1_LGBM_seed42,HV,S1,LGBM,198,Train,62.0,90.06183033439378
HV_S1_LGBM_seed42,HV,S1,LGBM,199,Train,64.0,90.06183033439378
HV_S1_LGBM_seed42,HV,S1,LGBM,200,Train,65.0,90.06183033439378
HV_S1_LGBM_seed42,HV,S1,LGBM,201,Train,68.0,90.06183033439378
HV_S1_LGBM_seed42,HV,S1,LGBM,202,Train,65.0,90.06183033439378
HV_S1_LGBM_seed42,HV,S1,LGBM,203,Train,61.0,68.588932255402
HV_S1_LGBM_seed42,HV,S1,LGBM,205,Train,65.0,87.57084190656562
HV_S1_LGBM_seed42,HV,S1,LGBM,206,Train,166.0,171.4687459112965
HV_S1_LGBM_seed42,HV,S1,LGBM,207,Train,209.0,201.7317521269131
HV_S1_LGBM_seed42,HV,S1,LGBM,208,Train,70.0,71.11774613914854
HV_S1_LGBM_seed42,HV,S1,LGBM,209,Train,130.0,172.5548378212397
HV_S1_LGBM_seed42,HV,S1,LGBM,211,Train,69.0,70.1342333116872
HV_S1_LGBM_seed42,HV,S1,LGBM,212,Train,105.0,164.1373650912732
HV_S1_LGBM_seed42,HV,S1,LGBM,213,Train,179.0,177.6099553618985
HV_S1_LGBM_seed42,HV,S1,LGBM,215,Train,70.0,145.54861458329177
HV_S1_LGBM_seed42,HV,S1,LGBM,216,Train,175.0,183.4613345257109
HV_S1_LGBM_seed42,HV,S1,LGBM,217,Train,66.0,68.588932255402
HV_S1_LGBM_seed42,HV,S1,LGBM,218,Train,66.0,68.588932255402
HV_S1_LGBM_seed42,HV,S1,LGBM,219,Train,65.0,90.06183033439378
HV_S1_LGBM_seed42,HV,S1,LGBM,220,Train,63.0,90.06183033439378
HV_S1_LGBM_seed42,HV,S1,LGBM,221,Train,66.0,90.06183033439378
HV_S1_LGBM_seed42,HV,S1,LGBM,222,Train,72.0,87.57084190656562
HV_S1_LGBM_seed42,HV,S1,LGBM,223,Train,65.0,68.588932255402
HV_S1_LGBM_seed42,HV,S1,LGBM,224,Train,66.0,90.06183033439378
HV_S1_LGBM_seed42,HV,S1,LGBM,225,Train,68.0,68.588932255402
HV_S1_LGBM_seed42,HV,S1,LGBM,226,Train,73.0,68.588932255402
HV_S1_LGBM_seed42,HV,S1,LGBM,227,Train,69.0,90.06183033439378
HV_S1_LGBM_seed42,HV,S1,LGBM,229,Train,220.0,201.7317521269131
HV_S1_LGBM_seed42,HV,S1,LGBM,230,Train,70.0,71.11774613914854
HV_S1_LGBM_seed42,HV,S1,LGBM,231,Train,164.0,172.5548378212397
HV_S1_LGBM_seed42,HV,S1,LGBM,232,Train,212.0,208.56248706017172
HV_S1_LGBM_seed42,HV,S1,LGBM,233,Train,66.0,70.1342333116872
HV_S1_LGBM_seed42,HV,S1,LGBM,236,Train,64.0,63.79799445198251
HV_S1_LGBM_seed42,HV,S1,LGBM,237,Train,107.0,145.54861458329177
HV_S1_LGBM_seed42,HV,S1,LGBM,238,Train,185.0,183.4613345257109
HV_S1_LGBM_seed42,HV,S1,LGBM,239,Train,77.0,87.57084190656562
HV_S1_LGBM_seed42,HV,S1,LGBM,240,Train,192.0,171.4687459112965
HV_S1_LGBM_seed42,HV,S1,LGBM,241,Train,215.0,201.7317521269131
HV_S1_LGBM_seed42,HV,S1,LGBM,242,Train,70.0,71.11774613914854
HV_S1_LGBM_seed42,HV,S1,LGBM,243,Train,179.0,172.5548378212397
HV_S1_LGBM_seed42,HV,S1,LGBM,247,Train,184.0,177.6099553618985
HV_S1_LGBM_seed42,HV,S1,LGBM,248,Train,64.0,63.79799445198251
HV_S1_LGBM_seed42,HV,S1,LGBM,249,Train,138.0,145.54861458329177
HV_S1_LGBM_seed42,HV,S1,LGBM,250,Train,182.0,183.4613345257109
HV_S1_LGBM_seed42,HV,S1,LGBM,251,Train,64.0,90.06183033439378
HV_S1_LGBM_seed42,HV,S1,LGBM,252,Train,67.0,68.588932255402
HV_S1_LGBM_seed42,HV,S1,LGBM,253,Train,80.0,90.06183033439378
HV_S1_LGBM_seed42,HV,S1,LGBM,255,Train,75.0,90.06183033439378
HV_S1_LGBM_seed42,HV,S1,LGBM,258,Train,69.0,90.06183033439378
HV_S1_LGBM_seed42,HV,S1,LGBM,259,Train,94.0,90.06183033439378
HV_S1_LGBM_seed42,HV,S1,LGBM,260,Train,99.0,90.06183033439378
HV_S1_LGBM_seed42,HV,S1,LGBM,261,Train,77.0,90.06183033439378
HV_S1_LGBM_seed42,HV,S1,LGBM,269,Train,72.0,87.57084190656562
HV_S1_LGBM_seed42,HV,S1,LGBM,270,Train,218.0,201.7317521269131
HV_S1_LGBM_seed42,HV,S1,LGBM,271,Train,67.0,71.11774613914854
HV_S1_LGBM_seed42,HV,S1,LGBM,272,Train,186.0,172.5548378212397
HV_S1_LGBM_seed42,HV,S1,LGBM,273,Train,222.0,208.56248706017172
HV_S1_LGBM_seed42,HV,S1,LGBM,274,Train,70.0,70.1342333116872
HV_S1_LGBM_seed42,HV,S1,LGBM,276,Train,200.0,177.6099553618985
HV_S1_LGBM_seed42,HV,S1,LGBM,277,Train,60.0,63.79799445198251
HV_S1_LGBM_seed42,HV,S1,LGBM,278,Train,158.0,145.54861458329177
HV_S1_LGBM_seed42,HV,S1,LGBM,279,Train,189.0,183.4613345257109
HV_S1_LGBM_seed42,HV,S1,LGBM,280,Train,67.0,90.06183033439378
HV_S1_LGBM_seed42,HV,S1,LGBM,281,Train,81.0,90.06183033439378
HV_S1_LGBM_seed42,HV,S1,LGBM,282,Train,118.0,90.06183033439378
HV_S1_LGBM_seed42,HV,S1,LGBM,283,Train,107.0,90.06183033439378
HV_S1_LGBM_seed42,HV,S1,LGBM,293,Train,230.0,221.91926516956593
HV_S1_LGBM_seed42,HV,S1,LGBM,294,Train,77.0,90.06183033439378
HV_S1_LGBM_seed42,HV,S1,LGBM,297,Train,111.0,90.06183033439378
HV_S1_LGBM_seed42,HV,S1,LGBM,298,Train,86.0,90.06183033439378
HV_S1_LGBM_seed42,HV,S1,LGBM,309,Train,74.0,87.57084190656562
HV_S1_LGBM_seed42,HV,S1,LGBM,310,Train,197.0,171.4687459112965
HV_S1_LGBM_seed42,HV,S1,LGBM,311,Train,212.0,201.7317521269131
HV_S1_LGBM_seed42,HV,S1,LGBM,312,Train,66.0,71.11774613914854
HV_S1_LGBM_seed42,HV,S1,LGBM,313,Train,185.0,172.5548378212397
HV_S1_LGBM_seed42,HV,S1,LGBM,314,Train,228.0,208.56248706017172
HV_S1_LGBM_seed42,HV,S1,LGBM,315,Train,70.0,70.1342333116872
HV_S1_LGBM_seed42,HV,S1,LGBM,316,Train,170.0,164.1373650912732
HV_S1_LGBM_seed42,HV,S1,LGBM,317,Train,192.0,177.6099553618985
HV_S1_LGBM_seed42,HV,S1,LGBM,318,Train,70.0,63.79799445198251
HV_S1_LGBM_seed42,HV,S1,LGBM,319,Train,165.0,145.54861458329177
HV_S1_LGBM_seed42,HV,S1,LGBM,320,Train,192.0,183.4613345257109
HV_S1_LGBM_seed42,HV,S1,LGBM,322,Train,102.0,138.53158496060607
HV_S1_LGBM_seed42,HV,S1,LGBM,323,Train,125.0,138.53158496060607
HV_S1_LGBM_seed42,HV,S1,LGBM,324,Train,98.0,90.06183033439378
HV_S1_LGBM_seed42,HV,S1,LGBM,325,Train,119.0,90.06183033439378
HV_S1_LGBM_seed42,HV,S1,LGBM,327,Train,112.0,90.06183033439378
HV_S1_LGBM_seed42,HV,S1,LGBM,328,Train,86.0,90.06183033439378
HV_S1_LGBM_seed42,HV,S1,LGBM,329,Train,224.0,185.16775298253802
HV_S1_LGBM_seed42,HV,S1,LGBM,337,Train,86.0,87.57084190656562
HV_S1_LGBM_seed42,HV,S1,LGBM,339,Train,209.0,201.7317521269131
HV_S1_LGBM_seed42,HV,S1,LGBM,340,Train,68.0,71.11774613914854
HV_S1_LGBM_seed42,HV,S1,LGBM,344,Train,181.0,164.1373650912732
HV_S1_LGBM_seed42,HV,S1,LGBM,345,Train,203.0,177.6099553618985
HV_S1_LGBM_seed42,HV,S1,LGBM,346,Train,61.0,63.79799445198251
HV_S1_LGBM_seed42,HV,S1,LGBM,347,Train,175.0,145.54861458329177
HV_S1_LGBM_seed42,HV,S1,LGBM,348,Train,205.0,183.4613345257109
HV_S1_LGBM_seed42,HV,S1,LGBM,351,Train,237.0,185.16775298253802
HV_S1_LGBM_seed42,HV,S1,LGBM,353,Train,106.0,138.53158496060607
HV_S1_LGBM_seed42,HV,S1,LGBM,354,Train,129.0,138.53158496060607
HV_S1_LGBM_seed42,HV,S1,LGBM,355,Train,175.0,138.53158496060607
HV_S1_LGBM_seed42,HV,S1,LGBM,356,Train,109.0,90.06183033439378
HV_S1_LGBM_seed42,HV,S1,LGBM,357,Train,124.0,90.06183033439378
HV_S1_LGBM_seed42,HV,S1,LGBM,358,Train,122.0,90.06183033439378
HV_S1_LGBM_seed42,HV,S1,LGBM,359,Train,107.0,90.06183033439378
HV_S1_LGBM_seed42,HV,S1,LGBM,365,Train,261.0,248.87543546017932
HV_S1_LGBM_seed42,HV,S1,LGBM,367,Train,201.0,200.49534744718832
HV_S1_LGBM_seed42,HV,S1,LGBM,369,Train,193.0,194.51241801532964
HV_S1_LGBM_seed42,HV,S1,LGBM,372,Train,176.0,185.8323119737929
HV_S1_LGBM_seed42,HV,S1,LGBM,373,Train,169.0,188.05253985082064
HV_S1_LGBM_seed42,HV,S1,LGBM,374,Train,161.0,185.08029184615546
HV_S1_LGBM_seed42,HV,S1,LGBM,375,Train,216.0,224.28380943465416
HV_S1_LGBM_seed42,HV,S1,LGBM,376,Train,191.0,192.25524511293403
HV_S1_LGBM_seed42,HV,S1,LGBM,377,Train,172.0,171.77793874676155
HV_S1_LGBM_seed42,HV,S1,LGBM,384,Train,116.0,87.57084190656562
HV_S1_LGBM_seed42,HV,S1,LGBM,385,Train,175.0,171.4687459112965
HV_S1_LGBM_seed42,HV,S1,LGBM,387,Train,69.0,71.11774613914854
HV_S1_LGBM_seed42,HV,S1,LGBM,388,Train,185.0,172.5548378212397
HV_S1_LGBM_seed42,HV,S1,LGBM,389,Train,177.0,208.56248706017172
HV_S1_LGBM_seed42,HV,S1,LGBM,390,Train,68.0,70.1342333116872
HV_S1_LGBM_seed42,HV,S1,LGBM,391,Train,178.0,164.1373650912732
HV_S1_LGBM_seed42,HV,S1,LGBM,392,Train,63.0,63.79799445198251
HV_S1_LGBM_seed42,HV,S1,LGBM,393,Train,172.0,145.54861458329177
HV_S1_LGBM_seed42,HV,S1,LGBM,394,Train,200.0,183.4613345257109
HV_S1_LGBM_seed42,HV,S1,LGBM,395,Train,154.0,177.6099553618985
HV_S1_LGBM_seed42,HV,S1,LGBM,396,Train,107.0,138.53158496060607
HV_S1_LGBM_seed42,HV,S1,LGBM,398,Train,167.0,138.53158496060607
HV_S1_LGBM_seed42,HV,S1,LGBM,400,Train,124.0,90.06183033439378
HV_S1_LGBM_seed42,HV,S1,LGBM,402,Train,107.0,90.06183033439378
HV_S1_LGBM_seed42,HV,S1,LGBM,403,Train,89.0,90.06183033439378
HV_S1_LGBM_seed42,HV,S1,LGBM,410,Train,172.0,201.7317521269131
HV_S1_LGBM_seed42,HV,S1,LGBM,412,Train,72.0,70.1342333116872
HV_S1_LGBM_seed42,HV,S1,LGBM,413,Train,167.0,145.54861458329177
HV_S1_LGBM_seed42,HV,S1,LGBM,414,Train,162.0,171.4687459112965
HV_S1_LGBM_seed42,HV,S1,LGBM,418,Train,123.0,90.06183033439378
HV_S1_LGBM_seed42,HV,S1,LGBM,419,Train,107.0,90.06183033439378
HV_S1_LGBM_seed42,HV,S1,LGBM,420,Train,88.0,90.06183033439378
HV_S1_LGBM_seed42,HV,S1,LGBM,421,Train,177.0,185.16775298253802
HV_S1_LGBM_seed42,HV,S1,LGBM,423,Train,110.0,87.57084190656562
HV_S1_LGBM_seed42,HV,S1,LGBM,424,Train,75.0,71.11774613914854
HV_S1_LGBM_seed42,HV,S1,LGBM,425,Train,176.0,164.1373650912732
HV_S1_LGBM_seed42,HV,S1,LGBM,426,Train,134.0,177.6099553618985
HV_S1_LGBM_seed42,HV,S1,LGBM,428,Train,200.0,183.4613345257109
HV_S1_LGBM_seed42,HV,S1,LGBM,430,Train,139.0,138.53158496060607
HV_S1_LGBM_seed42,HV,S1,LGBM,432,Train,116.0,90.06183033439378
HV_S1_LGBM_seed42,HV,S1,LGBM,433,Train,126.0,90.06183033439378
HV_S1_LGBM_seed42,HV,S1,LGBM,434,Train,122.0,90.06183033439378
HV_S1_LGBM_seed42,HV,S1,LGBM,435,Train,108.0,90.06183033439378
HV_S1_LGBM_seed42,HV,S1,LGBM,436,Train,85.0,90.06183033439378
HV_S1_LGBM_seed42,HV,S1,LGBM,438,Train,131.0,138.53158496060607
HV_S1_LGBM_seed42,HV,S1,LGBM,440,Train,158.0,201.7317521269131
HV_S1_LGBM_seed42,HV,S1,LGBM,441,Train,161.0,145.54861458329177
HV_S1_LGBM_seed42,HV,S1,LGBM,442,Train,86.0,71.11774613914854
HV_S1_LGBM_seed42,HV,S1,LGBM,443,Train,176.0,172.5548378212397
HV_S1_LGBM_seed42,HV,S1,LGBM,445,Train,77.0,70.1342333116872
HV_S1_LGBM_seed42,HV,S1,LGBM,446,Train,172.0,164.1373650912732
HV_S1_LGBM_seed42,HV,S1,LGBM,449,Train,111.0,87.57084190656562
HV_S1_LGBM_seed42,HV,S1,LGBM,450,Train,103.0,185.16775298253802
HV_S1_LGBM_seed42,HV,S1,LGBM,452,Train,131.0,138.53158496060607
HV_S1_LGBM_seed42,HV,S1,LGBM,453,Train,140.0,138.53158496060607
HV_S1_LGBM_seed42,HV,S1,LGBM,454,Train,200.0,138.53158496060607
HV_S1_LGBM_seed42,HV,S1,LGBM,455,Train,132.0,171.4687459112965
HV_S1_LGBM_seed42,HV,S1,LGBM,456,Train,122.0,183.4613345257109
HV_S1_LGBM_seed42,HV,S1,LGBM,457,Train,218.0,214.9854070116225
HV_S1_LGBM_seed42,HV,S1,LGBM,458,Train,237.0,214.9854070116225
HV_S1_LGBM_seed42,HV,S1,LGBM,459,Train,203.0,191.1545500705859
HV_S1_LGBM_seed42,HV,S1,LGBM,460,Train,204.0,191.1545500705859
HV_S1_LGBM_seed42,HV,S1,LGBM,461,Train,206.0,214.79499547691316
HV_S1_LGBM_seed42,HV,S1,LGBM,462,Train,224.0,214.79499547691316
HV_S1_LGBM_seed42,HV,S1,LGBM,463,Train,198.0,205.42594617662792
HV_S1_LGBM_seed42,HV,S1,LGBM,464,Train,218.0,205.42594617662792
HV_S1_LGBM_seed42,HV,S1,LGBM,465,Train,220.0,214.9854070116225
HV_S1_LGBM_seed42,HV,S1,LGBM,466,Train,230.0,214.9854070116225
HV_S1_LGBM_seed42,HV,S1,LGBM,468,Train,205.0,191.1545500705859
HV_S1_LGBM_seed42,HV,S1,LGBM,469,Train,228.0,214.79499547691316
HV_S1_LGBM_seed42,HV,S1,LGBM,470,Train,232.0,214.79499547691316
HV_S1_LGBM_seed42,HV,S1,LGBM,471,Train,218.0,205.42594617662792
HV_S1_LGBM_seed42,HV,S1,LGBM,472,Train,223.0,205.42594617662792
HV_S1_LGBM_seed42,HV,S1,LGBM,473,Train,232.0,214.9854070116225
HV_S1_LGBM_seed42,HV,S1,LGBM,474,Train,182.0,214.9854070116225
HV_S1_LGBM_seed42,HV,S1,LGBM,475,Train,214.0,214.9854070116225
HV_S1_LGBM_seed42,HV,S1,LGBM,476,Train,229.0,214.9854070116225
HV_S1_LGBM_seed42,HV,S1,LGBM,477,Train,231.0,214.9854070116225
HV_S1_LGBM_seed42,HV,S1,LGBM,478,Train,210.0,214.9854070116225
HV_S1_LGBM_seed42,HV,S1,LGBM,479,Train,177.0,214.9854070116225
HV_S1_LGBM_seed42,HV,S1,LGBM,481,Train,174.0,191.1545500705859
HV_S1_LGBM_seed42,HV,S1,LGBM,482,Train,206.0,191.1545500705859
HV_S1_LGBM_seed42,HV,S1,LGBM,483,Train,208.0,191.1545500705859
HV_S1_LGBM_seed42,HV,S1,LGBM,484,Train,211.0,191.1545500705859
HV_S1_LGBM_seed42,HV,S1,LGBM,485,Train,186.0,191.1545500705859
HV_S1_LGBM_seed42,HV,S1,LGBM,486,Train,150.0,191.1545500705859
HV_S1_LGBM_seed42,HV,S1,LGBM,487,Train,224.0,214.79499547691316
HV_S1_LGBM_seed42,HV,S1,LGBM,488,Train,176.0,214.79499547691316
HV_S1_LGBM_seed42,HV,S1,LGBM,489,Train,194.0,214.79499547691316
HV_S1_LGBM_seed42,HV,S1,LGBM,491,Train,224.0,214.79499547691316
HV_S1_LGBM_seed42,HV,S1,LGBM,492,Train,219.0,214.79499547691316
HV_S1_LGBM_seed42,HV,S1,LGBM,493,Train,181.0,214.79499547691316
HV_S1_LGBM_seed42,HV,S1,LGBM,494,Train,227.0,205.42594617662792
HV_S1_LGBM_seed42,HV,S1,LGBM,495,Train,175.0,205.42594617662792
HV_S1_LGBM_seed42,HV,S1,LGBM,496,Train,196.0,205.42594617662792
HV_S1_LGBM_seed42,HV,S1,LGBM,498,Train,226.0,205.42594617662792
HV_S1_LGBM_seed42,HV,S1,LGBM,500,Train,164.0,205.42594617662792
HV_S1_LGBM_seed42,HV,S1,LGBM,501,Train,221.0,214.9854070116225
HV_S1_LGBM_seed42,HV,S1,LGBM,502,Train,185.0,191.1545500705859
HV_S1_LGBM_seed42,HV,S1,LGBM,503,Train,213.0,214.79499547691316
HV_S1_LGBM_seed42,HV,S1,LGBM,504,Train,202.0,205.42594617662792
HV_S1_LGBM_seed42,HV,S1,LGBM,505,Train,229.0,214.9854070116225
HV_S1_LGBM_seed42,HV,S1,LGBM,506,Train,217.0,214.9854070116225
HV_S1_LGBM_seed42,HV,S1,LGBM,507,Train,212.0,191.1545500705859
HV_S1_LGBM_seed42,HV,S1,LGBM,509,Train,232.0,214.79499547691316
HV_S1_LGBM_seed42,HV,S1,LGBM,510,Train,214.0,214.79499547691316
HV_S1_LGBM_seed42,HV,S1,LGBM,511,Train,229.0,205.42594617662792
HV_S1_LGBM_seed42,HV,S1,LGBM,512,Train,200.0,205.42594617662792
HV_S1_LGBM_seed42,HV,S1,LGBM,516,Train,188.0,205.42594617662792
HV_S1_LGBM_seed42,HV,S1,LGBM,517,Train,214.0,214.9854070116225
HV_S1_LGBM_seed42,HV,S1,LGBM,518,Train,205.0,214.9854070116225
HV_S1_LGBM_seed42,HV,S1,LGBM,520,Train,157.0,191.1545500705859
HV_S1_LGBM_seed42,HV,S1,LGBM,521,Train,230.0,214.79499547691316
HV_S1_LGBM_seed42,HV,S1,LGBM,523,Train,228.0,205.42594617662792
HV_S1_LGBM_seed42,HV,S1,LGBM,524,Train,170.0,205.42594617662792
HV_S1_LGBM_seed42,HV,S1,LGBM,526,Train,208.0,191.1545500705859
HV_S1_LGBM_seed42,HV,S1,LGBM,527,Train,229.0,214.79499547691316
HV_S1_LGBM_seed42,HV,S1,LGBM,528,Train,220.0,205.42594617662792
HV_S1_LGBM_seed42,HV,S1,LGBM,529,Train,189.0,214.9854070116225
HV_S1_LGBM_seed42,HV,S1,LGBM,530,Train,168.0,191.1545500705859
HV_S1_LGBM_seed42,HV,S1,LGBM,532,Train,209.0,205.42594617662792
HV_S1_LGBM_seed42,HV,S1,LGBM,533,Train,269.0,290.75918167764814
HV_S1_LGBM_seed42,HV,S1,LGBM,536,Train,333.0,290.75918167764814
HV_S1_LGBM_seed42,HV,S1,LGBM,538,Train,265.0,241.6810839484755
HV_S1_LGBM_seed42,HV,S1,LGBM,540,Train,306.0,241.6810839484755
HV_S1_LGBM_seed42,HV,S1,LGBM,541,Train,330.0,241.6810839484755
HV_S1_LGBM_seed42,HV,S1,LGBM,542,Train,317.0,234.23560819608124
HV_S1_LGBM_seed42,HV,S1,LGBM,543,Train,331.0,234.23560819608124
HV_S1_LGBM_seed42,HV,S1,LGBM,544,Train,333.0,234.23560819608124
HV_S1_LGBM_seed42,HV,S1,LGBM,545,Train,304.0,234.23560819608124
HV_S1_LGBM_seed42,HV,S1,LGBM,547,Train,227.0,234.23560819608124
HV_S1_LGBM_seed42,HV,S1,LGBM,548,Train,267.0,234.23560819608124
HV_S1_LGBM_seed42,HV,S1,LGBM,549,Train,262.0,234.23560819608124
HV_S1_LGBM_seed42,HV,S1,LGBM,550,Train,271.0,290.75918167764814
HV_S1_LGBM_seed42,HV,S1,LGBM,552,Train,290.0,290.75918167764814
HV_S1_LGBM_seed42,HV,S1,LGBM,554,Train,338.0,290.75918167764814
HV_S1_LGBM_seed42,HV,S1,LGBM,555,Train,328.0,241.6810839484755
HV_S1_LGBM_seed42,HV,S1,LGBM,556,Train,278.0,290.75918167764814
HV_S1_LGBM_seed42,HV,S1,LGBM,557,Train,292.0,290.75918167764814
HV_S1_LGBM_seed42,HV,S1,LGBM,558,Train,297.0,290.75918167764814
HV_S1_LGBM_seed42,HV,S1,LGBM,559,Train,342.0,290.75918167764814
HV_S1_LGBM_seed42,HV,S1,LGBM,560,Train,336.0,290.75918167764814
HV_S1_LGBM_seed42,HV,S1,LGBM,561,Train,281.0,241.6810839484755
HV_S1_LGBM_seed42,HV,S1,LGBM,562,Train,285.0,241.6810839484755
HV_S1_LGBM_seed42,HV,S1,LGBM,563,Train,286.0,241.6810839484755
HV_S1_LGBM_seed42,HV,S1,LGBM,565,Train,345.0,241.6810839484755
HV_S1_LGBM_seed42,HV,S1,LGBM,566,Train,344.0,241.6810839484755
HV_S1_LGBM_seed42,HV,S1,LGBM,567,Train,318.0,241.6810839484755
HV_S1_LGBM_seed42,HV,S1,LGBM,568,Train,326.0,234.23560819608124
HV_S1_LGBM_seed42,HV,S1,LGBM,569,Train,336.0,234.23560819608124
HV_S1_LGBM_seed42,HV,S1,LGBM,570,Train,338.0,234.23560819608124
HV_S1_LGBM_seed42,HV,S1,LGBM,571,Train,284.0,234.23560819608124
HV_S1_LGBM_seed42,HV,S1,LGBM,572,Train,258.0,234.23560819608124
HV_S1_LGBM_seed42,HV,S1,LGBM,573,Train,252.0,234.23560819608124
HV_S1_LGBM_seed42,HV,S1,LGBM,574,Train,245.0,234.23560819608124
HV_S1_LGBM_seed42,HV,S1,LGBM,575,Train,243.0,234.23560819608124
HV_S1_LGBM_seed42,HV,S1,LGBM,577,Train,339.0,241.6810839484755
HV_S1_LGBM_seed42,HV,S1,LGBM,578,Train,344.0,241.6810839484755
HV_S1_LGBM_seed42,HV,S1,LGBM,580,Train,293.0,290.75918167764814
HV_S1_LGBM_seed42,HV,S1,LGBM,581,Train,294.0,290.75918167764814
HV_S1_LGBM_seed42,HV,S1,LGBM,582,Train,329.0,234.23560819608124
HV_S1_LGBM_seed42,HV,S1,LGBM,583,Train,348.0,234.23560819608124
HV_S1_LGBM_seed42,HV,S1,LGBM,584,Train,330.0,234.23560819608124
HV_S1_LGBM_seed42,HV,S1,LGBM,585,Train,273.0,234.23560819608124
HV_S1_LGBM_seed42,HV,S1,LGBM,586,Train,251.0,234.23560819608124
HV_S1_LGBM_seed42,HV,S1,LGBM,588,Train,239.0,234.23560819608124
HV_S1_LGBM_seed42,HV,S1,LGBM,589,Train,232.0,234.23560819608124
HV_S1_LGBM_seed42,HV,S1,LGBM,590,Train,294.0,290.75918167764814
HV_S1_LGBM_seed42,HV,S1,LGBM,591,Train,290.0,290.75918167764814
HV_S1_LGBM_seed42,HV,S1,LGBM,592,Train,338.0,290.75918167764814
HV_S1_LGBM_seed42,HV,S1,LGBM,593,Train,329.0,290.75918167764814
HV_S1_LGBM_seed42,HV,S1,LGBM,594,Train,285.0,241.6810839484755
HV_S1_LGBM_seed42,HV,S1,LGBM,595,Train,297.0,241.6810839484755
HV_S1_LGBM_seed42,HV,S1,LGBM,596,Train,302.0,241.6810839484755
HV_S1_LGBM_seed42,HV,S1,LGBM,597,Train,343.0,241.6810839484755
HV_S1_LGBM_seed42,HV,S1,LGBM,598,Train,340.0,241.6810839484755
HV_S1_LGBM_seed42,HV,S1,LGBM,599,Train,341.0,241.6810839484755
HV_S1_LGBM_seed42,HV,S1,LGBM,600,Train,313.0,241.6810839484755
HV_S1_LGBM_seed42,HV,S1,LGBM,601,Train,321.0,234.23560819608124
HV_S1_LGBM_seed42,HV,S1,LGBM,602,Train,350.0,234.23560819608124
HV_S1_LGBM_seed42,HV,S1,LGBM,603,Train,313.0,234.23560819608124
HV_S1_LGBM_seed42,HV,S1,LGBM,604,Train,253.0,234.23560819608124
HV_S1_LGBM_seed42,HV,S1,LGBM,605,Train,234.0,234.23560819608124
HV_S1_LGBM_seed42,HV,S1,LGBM,606,Train,231.0,234.23560819608124
HV_S1_LGBM_seed42,HV,S1,LGBM,607,Train,227.0,234.23560819608124
HV_S1_LGBM_seed42,HV,S1,LGBM,608,Train,210.0,234.23560819608124
HV_S1_LGBM_seed42,HV,S1,LGBM,609,Train,284.0,290.75918167764814
HV_S1_LGBM_seed42,HV,S1,LGBM,610,Train,296.0,290.75918167764814
HV_S1_LGBM_seed42,HV,S1,LGBM,614,Train,337.0,241.6810839484755
HV_S1_LGBM_seed42,HV,S1,LGBM,615,Train,338.0,241.6810839484755
HV_S1_LGBM_seed42,HV,S1,LGBM,619,Train,238.0,234.23560819608124
HV_S1_LGBM_seed42,HV,S1,LGBM,621,Train,213.0,234.23560819608124
HV_S1_LGBM_seed42,HV,S1,LGBM,622,Train,210.0,234.23560819608124
HV_S1_LGBM_seed42,HV,S1,LGBM,623,Train,201.0,234.23560819608124
HV_S1_LGBM_seed42,HV,S1,LGBM,624,Train,287.0,290.75918167764814
HV_S1_LGBM_seed42,HV,S1,LGBM,626,Train,287.0,290.75918167764814
HV_S1_LGBM_seed42,HV,S1,LGBM,627,Train,335.0,290.75918167764814
HV_S1_LGBM_seed42,HV,S1,LGBM,628,Train,316.0,290.75918167764814
HV_S1_LGBM_seed42,HV,S1,LGBM,630,Train,310.0,241.6810839484755
HV_S1_LGBM_seed42,HV,S1,LGBM,632,Train,335.0,241.6810839484755
HV_S1_LGBM_seed42,HV,S1,LGBM,633,Train,337.0,241.6810839484755
HV_S1_LGBM_seed42,HV,S1,LGBM,636,Train,329.0,234.23560819608124
HV_S1_LGBM_seed42,HV,S1,LGBM,638,Train,309.0,234.23560819608124
HV_S1_LGBM_seed42,HV,S1,LGBM,639,Train,233.0,234.23560819608124
HV_S1_LGBM_seed42,HV,S1,LGBM,641,Train,190.0,234.23560819608124
HV_S1_LGBM_seed42,HV,S1,LGBM,642,Train,179.0,234.23560819608124
HV_S1_LGBM_seed42,HV,S1,LGBM,645,Train,302.0,290.75918167764814
HV_S1_LGBM_seed42,HV,S1,LGBM,648,Train,311.0,290.75918167764814
HV_S1_LGBM_seed42,HV,S1,LGBM,649,Train,293.0,241.6810839484755
HV_S1_LGBM_seed42,HV,S1,LGBM,650,Train,306.0,241.6810839484755
HV_S1_LGBM_seed42,HV,S1,LGBM,651,Train,295.0,241.6810839484755
HV_S1_LGBM_seed42,HV,S1,LGBM,652,Train,333.0,241.6810839484755
HV_S1_LGBM_seed42,HV,S1,LGBM,653,Train,336.0,241.6810839484755
HV_S1_LGBM_seed42,HV,S1,LGBM,655,Train,352.0,234.23560819608124
HV_S1_LGBM_seed42,HV,S1,LGBM,656,Train,289.0,234.23560819608124
HV_S1_LGBM_seed42,HV,S1,LGBM,657,Train,233.0,234.23560819608124
HV_S1_LGBM_seed42,HV,S1,LGBM,658,Train,179.0,234.23560819608124
HV_S1_LGBM_seed42,HV,S1,LGBM,659,Train,168.0,234.23560819608124
HV_S1_LGBM_seed42,HV,S1,LGBM,660,Train,159.0,234.23560819608124
HV_S1_LGBM_seed42,HV,S1,LGBM,661,Train,148.0,234.23560819608124
HV_S1_LGBM_seed42,HV,S1,LGBM,662,Train,299.0,290.75918167764814
HV_S1_LGBM_seed42,HV,S1,LGBM,663,Train,282.0,290.75918167764814
HV_S1_LGBM_seed42,HV,S1,LGBM,665,Train,303.0,290.75918167764814
HV_S1_LGBM_seed42,HV,S1,LGBM,666,Train,331.0,241.6810839484755
HV_S1_LGBM_seed42,HV,S1,LGBM,667,Train,333.0,241.6810839484755
HV_S1_LGBM_seed42,HV,S1,LGBM,669,Train,349.0,234.23560819608124
HV_S1_LGBM_seed42,HV,S1,LGBM,670,Train,264.0,234.23560819608124
HV_S1_LGBM_seed42,HV,S1,LGBM,671,Train,202.0,234.23560819608124
HV_S1_LGBM_seed42,HV,S1,LGBM,672,Train,172.0,234.23560819608124
HV_S1_LGBM_seed42,HV,S1,LGBM,674,Train,142.0,234.23560819608124
HV_S1_LGBM_seed42,HV,S1,LGBM,675,Train,136.0,234.23560819608124
HV_S1_LGBM_seed42,HV,S1,LGBM,677,Train,295.0,241.6810839484755
HV_S1_LGBM_seed42,HV,S1,LGBM,678,Train,305.0,241.6810839484755
HV_S1_LGBM_seed42,HV,S1,LGBM,679,Train,293.0,241.6810839484755
HV_S1_LGBM_seed42,HV,S1,LGBM,681,Train,313.0,290.75918167764814
HV_S1_LGBM_seed42,HV,S1,LGBM,683,Train,326.0,241.6810839484755
HV_S1_LGBM_seed42,HV,S1,LGBM,685,Train,334.0,241.6810839484755
HV_S1_LGBM_seed42,HV,S1,LGBM,686,Train,266.0,241.6810839484755
HV_S1_LGBM_seed42,HV,S1,LGBM,687,Train,295.0,290.75918167764814
HV_S1_LGBM_seed42,HV,S1,LGBM,688,Train,295.0,290.75918167764814
HV_S1_LGBM_seed42,HV,S1,LGBM,689,Train,277.0,290.75918167764814
HV_S1_LGBM_seed42,HV,S1,LGBM,690,Train,297.0,241.6810839484755
HV_S1_LGBM_seed42,HV,S1,LGBM,692,Train,290.0,241.6810839484755
HV_S1_LGBM_seed42,HV,S1,LGBM,693,Train,325.0,234.23560819608124
HV_S1_LGBM_seed42,HV,S1,LGBM,694,Train,351.0,234.23560819608124
HV_S1_LGBM_seed42,HV,S1,LGBM,695,Train,261.0,234.23560819608124
HV_S1_LGBM_seed42,HV,S1,LGBM,696,Train,192.0,234.23560819608124
HV_S1_LGBM_seed42,HV,S1,LGBM,697,Train,166.0,234.23560819608124
HV_S1_LGBM_seed42,HV,S1,LGBM,698,Train,146.0,234.23560819608124
HV_S1_LGBM_seed42,HV,S1,LGBM,700,Train,125.0,234.23560819608124
HV_S1_LGBM_seed42,HV,S1,LGBM,701,Train,309.0,290.75918167764814
HV_S1_LGBM_seed42,HV,S1,LGBM,702,Train,296.0,290.75918167764814
HV_S1_LGBM_seed42,HV,S1,LGBM,703,Train,320.0,241.6810839484755
HV_S1_LGBM_seed42,HV,S1,LGBM,704,Train,324.0,241.6810839484755
HV_S1_LGBM_seed42,HV,S1,LGBM,705,Train,298.0,290.75918167764814
HV_S1_LGBM_seed42,HV,S1,LGBM,706,Train,273.0,290.75918167764814
HV_S1_LGBM_seed42,HV,S1,LGBM,707,Train,297.0,241.6810839484755
HV_S1_LGBM_seed42,HV,S1,LGBM,708,Train,300.0,241.6810839484755
HV_S1_LGBM_seed42,HV,S1,LGBM,709,Train,285.0,241.6810839484755
HV_S1_LGBM_seed42,HV,S1,LGBM,710,Train,326.0,241.6810839484755
HV_S1_LGBM_seed42,HV,S1,LGBM,712,Train,323.0,234.23560819608124
HV_S1_LGBM_seed42,HV,S1,LGBM,713,Train,351.0,234.23560819608124
HV_S1_LGBM_seed42,HV,S1,LGBM,714,Train,245.0,234.23560819608124
HV_S1_LGBM_seed42,HV,S1,LGBM,715,Train,185.0,234.23560819608124
HV_S1_LGBM_seed42,HV,S1,LGBM,716,Train,160.0,234.23560819608124
HV_S1_LGBM_seed42,HV,S1,LGBM,717,Train,132.0,234.23560819608124
HV_S1_LGBM_seed42,HV,S1,LGBM,718,Train,121.0,234.23560819608124
HV_S1_LGBM_seed42,HV,S1,LGBM,719,Train,115.0,234.23560819608124
HV_S1_LGBM_seed42,HV,S1,LGBM,720,Train,292.0,290.75918167764814
HV_S1_LGBM_seed42,HV,S1,LGBM,722,Train,292.0,290.75918167764814
HV_S1_LGBM_seed42,HV,S1,LGBM,723,Train,319.0,241.6810839484755
HV_S1_LGBM_seed42,HV,S1,LGBM,724,Train,320.0,241.6810839484755
HV_S1_LGBM_seed42,HV,S1,LGBM,727,Train,298.0,290.75918167764814
HV_S1_LGBM_seed42,HV,S1,LGBM,728,Train,266.0,290.75918167764814
HV_S1_LGBM_seed42,HV,S1,LGBM,729,Train,297.0,241.6810839484755
HV_S1_LGBM_seed42,HV,S1,LGBM,730,Train,297.0,241.6810839484755
HV_S1_LGBM_seed42,HV,S1,LGBM,731,Train,279.0,241.6810839484755
HV_S1_LGBM_seed42,HV,S1,LGBM,732,Train,292.0,290.75918167764814
HV_S1_LGBM_seed42,HV,S1,LGBM,734,Train,283.0,290.75918167764814
HV_S1_LGBM_seed42,HV,S1,LGBM,735,Train,315.0,241.6810839484755
HV_S1_LGBM_seed42,HV,S1,LGBM,736,Train,319.0,241.6810839484755
HV_S1_LGBM_seed42,HV,S1,LGBM,737,Train,298.0,290.75918167764814
HV_S1_LGBM_seed42,HV,S1,LGBM,738,Train,265.0,290.75918167764814
HV_S1_LGBM_seed42,HV,S1,LGBM,739,Train,298.0,241.6810839484755
HV_S1_LGBM_seed42,HV,S1,LGBM,740,Train,293.0,241.6810839484755
HV_S1_LGBM_seed42,HV,S1,LGBM,741,Train,276.0,241.6810839484755
HV_S1_LGBM_seed42,HV,S1,LGBM,742,Train,323.0,234.23560819608124
HV_S1_LGBM_seed42,HV,S1,LGBM,743,Train,341.0,234.23560819608124
HV_S1_LGBM_seed42,HV,S1,LGBM,744,Train,216.0,234.23560819608124
HV_S1_LGBM_seed42,HV,S1,LGBM,745,Train,179.0,234.23560819608124
HV_S1_LGBM_seed42,HV,S1,LGBM,746,Train,158.0,234.23560819608124
HV_S1_LGBM_seed42,HV,S1,LGBM,747,Train,125.0,234.23560819608124
HV_S1_LGBM_seed42,HV,S1,LGBM,748,Train,111.0,234.23560819608124
HV_S1_LGBM_seed42,HV,S1,LGBM,751,Train,290.0,290.75918167764814
HV_S1_LGBM_seed42,HV,S1,LGBM,752,Train,276.0,290.75918167764814
HV_S1_LGBM_seed42,HV,S1,LGBM,753,Train,311.0,241.6810839484755
HV_S1_LGBM_seed42,HV,S1,LGBM,754,Train,315.0,241.6810839484755
HV_S1_LGBM_seed42,HV,S1,LGBM,756,Train,298.0,290.75918167764814
HV_S1_LGBM_seed42,HV,S1,LGBM,758,Train,298.0,241.6810839484755
HV_S1_LGBM_seed42,HV,S1,LGBM,759,Train,289.0,241.6810839484755
HV_S1_LGBM_seed42,HV,S1,LGBM,760,Train,274.0,241.6810839484755
HV_S1_LGBM_seed42,HV,S1,LGBM,761,Train,291.0,290.75918167764814
HV_S1_LGBM_seed42,HV,S1,LGBM,762,Train,278.0,290.75918167764814
HV_S1_LGBM_seed42,HV,S1,LGBM,763,Train,269.0,290.75918167764814
HV_S1_LGBM_seed42,HV,S1,LGBM,765,Train,313.0,241.6810839484755
HV_S1_LGBM_seed42,HV,S1,LGBM,766,Train,179.0,241.6810839484755
HV_S1_LGBM_seed42,HV,S1,LGBM,767,Train,300.0,290.75918167764814
HV_S1_LGBM_seed42,HV,S1,LGBM,768,Train,259.0,290.75918167764814
HV_S1_LGBM_seed42,HV,S1,LGBM,769,Train,300.0,241.6810839484755
HV_S1_LGBM_seed42,HV,S1,LGBM,770,Train,288.0,241.6810839484755
HV_S1_LGBM_seed42,HV,S1,LGBM,771,Train,273.0,241.6810839484755
HV_S1_LGBM_seed42,HV,S1,LGBM,772,Train,329.0,234.23560819608124
HV_S1_LGBM_seed42,HV,S1,LGBM,773,Train,335.0,234.23560819608124
HV_S1_LGBM_seed42,HV,S1,LGBM,774,Train,215.0,234.23560819608124
HV_S1_LGBM_seed42,HV,S1,LGBM,775,Train,181.0,234.23560819608124
HV_S1_LGBM_seed42,HV,S1,LGBM,776,Train,156.0,234.23560819608124
HV_S1_LGBM_seed42,HV,S1,LGBM,777,Train,124.0,234.23560819608124
HV_S1_LGBM_seed42,HV,S1,LGBM,778,Train,106.0,234.23560819608124
HV_S1_LGBM_seed42,HV,S1,LGBM,779,Train,95.0,234.23560819608124
HV_S1_LGBM_seed42,HV,S1,LGBM,780,Train,290.0,290.75918167764814
HV_S1_LGBM_seed42,HV,S1,LGBM,781,Train,268.0,290.75918167764814
HV_S1_LGBM_seed42,HV,S1,LGBM,782,Train,264.0,290.75918167764814
HV_S1_LGBM_seed42,HV,S1,LGBM,786,Train,299.0,290.75918167764814
HV_S1_LGBM_seed42,HV,S1,LGBM,787,Train,301.0,241.6810839484755
HV_S1_LGBM_seed42,HV,S1,LGBM,788,Train,287.0,241.6810839484755
HV_S1_LGBM_seed42,HV,S1,LGBM,789,Train,272.0,241.6810839484755
HV_S1_LGBM_seed42,HV,S1,LGBM,790,Train,286.0,290.75918167764814
HV_S1_LGBM_seed42,HV,S1,LGBM,792,Train,258.0,290.75918167764814
HV_S1_LGBM_seed42,HV,S1,LGBM,793,Train,259.0,290.75918167764814
HV_S1_LGBM_seed42,HV,S1,LGBM,795,Train,287.0,241.6810839484755
HV_S1_LGBM_seed42,HV,S1,LGBM,796,Train,270.0,241.6810839484755
HV_S1_LGBM_seed42,HV,S1,LGBM,797,Train,291.0,241.6810839484755
HV_S1_LGBM_seed42,HV,S1,LGBM,798,Train,298.0,241.6810839484755
HV_S1_LGBM_seed42,HV,S1,LGBM,799,Train,305.0,241.6810839484755
HV_S1_LGBM_seed42,HV,S1,LGBM,800,Train,172.0,241.6810839484755
HV_S1_LGBM_seed42,HV,S1,LGBM,801,Train,330.0,234.23560819608124
HV_S1_LGBM_seed42,HV,S1,LGBM,802,Train,324.0,234.23560819608124
HV_S1_LGBM_seed42,HV,S1,LGBM,804,Train,176.0,234.23560819608124
HV_S1_LGBM_seed42,HV,S1,LGBM,805,Train,153.0,234.23560819608124
HV_S1_LGBM_seed42,HV,S1,LGBM,806,Train,122.0,234.23560819608124
HV_S1_LGBM_seed42,HV,S1,LGBM,807,Train,100.0,234.23560819608124
HV_S1_LGBM_seed42,HV,S1,LGBM,808,Train,91.0,234.23560819608124
HV_S1_LGBM_seed42,HV,S1,LGBM,809,Train,286.0,290.75918167764814
HV_S1_LGBM_seed42,HV,S1,LGBM,810,Train,282.0,290.75918167764814
HV_S1_LGBM_seed42,HV,S1,LGBM,813,Train,288.0,241.6810839484755
HV_S1_LGBM_seed42,HV,S1,LGBM,814,Train,293.0,241.6810839484755
HV_S1_LGBM_seed42,HV,S1,LGBM,815,Train,248.0,290.75918167764814
HV_S1_LGBM_seed42,HV,S1,LGBM,816,Train,251.0,290.75918167764814
HV_S1_LGBM_seed42,HV,S1,LGBM,817,Train,285.0,241.6810839484755
HV_S1_LGBM_seed42,HV,S1,LGBM,818,Train,291.0,241.6810839484755
HV_S1_LGBM_seed42,HV,S1,LGBM,819,Train,238.0,290.75918167764814
HV_S1_LGBM_seed42,HV,S1,LGBM,820,Train,208.0,241.6810839484755
HV_S1_LGBM_seed42,HV,S1,LGBM,821,Train,227.0,241.6810839484755
HV_S1_LGBM_seed42,HV,S1,LGBM,822,Train,247.0,241.6810839484755
HV_S1_LGBM_seed42,HV,S1,LGBM,823,Train,255.0,241.6810839484755
HV_S1_LGBM_seed42,HV,S1,LGBM,824,Train,244.0,241.6810839484755
HV_S1_LGBM_seed42,HV,S1,LGBM,825,Train,216.0,241.6810839484755
HV_S1_LGBM_seed42,HV,S1,LGBM,827,Train,254.0,241.6810839484755
HV_S1_LGBM_seed42,HV,S1,LGBM,828,Train,240.0,241.6810839484755
HV_S1_LGBM_seed42,HV,S1,LGBM,830,Train,169.0,241.6810839484755
HV_S1_LGBM_seed42,HV,S1,LGBM,831,Train,226.0,241.6810839484755
HV_S1_LGBM_seed42,HV,S1,LGBM,832,Train,220.0,241.6810839484755
HV_S1_LGBM_seed42,HV,S1,LGBM,833,Train,196.0,241.6810839484755
HV_S1_LGBM_seed42,HV,S1,LGBM,834,Train,155.0,241.6810839484755
HV_S1_LGBM_seed42,HV,S1,LGBM,836,Train,336.0,241.6810839484755
HV_S1_LGBM_seed42,HV,S1,LGBM,837,Train,320.0,241.6810839484755
HV_S1_LGBM_seed42,HV,S1,LGBM,838,Train,265.0,241.6810839484755
HV_S1_LGBM_seed42,HV,S1,LGBM,839,Train,320.0,241.6810839484755
HV_S1_LGBM_seed42,HV,S1,LGBM,841,Train,286.0,241.6810839484755
HV_S1_LGBM_seed42,HV,S1,LGBM,843,Train,289.0,241.6810839484755
HV_S1_LGBM_seed42,HV,S1,LGBM,845,Train,302.0,241.6810839484755
HV_S1_LGBM_seed42,HV,S1,LGBM,846,Train,254.0,241.6810839484755
HV_S1_LGBM_seed42,HV,S1,LGBM,848,Train,370.0,241.6810839484755
HV_S1_LGBM_seed42,HV,S1,LGBM,849,Train,299.0,241.6810839484755
HV_S1_LGBM_seed42,HV,S1,LGBM,850,Train,371.0,241.6810839484755
HV_S1_LGBM_seed42,HV,S1,LGBM,851,Train,373.0,241.6810839484755
HV_S1_LGBM_seed42,HV,S1,LGBM,853,Train,351.0,241.6810839484755
HV_S1_LGBM_seed42,HV,S1,LGBM,855,Train,357.0,241.6810839484755
HV_S1_LGBM_seed42,HV,S1,LGBM,856,Train,361.0,241.6810839484755
HV_S1_LGBM_seed42,HV,S1,LGBM,858,Train,381.0,241.6810839484755
HV_S1_LGBM_seed42,HV,S1,LGBM,859,Train,222.0,241.6810839484755
HV_S1_LGBM_seed42,HV,S1,LGBM,860,Train,239.0,241.6810839484755
HV_S1_LGBM_seed42,HV,S1,LGBM,861,Train,242.0,241.6810839484755
HV_S1_LGBM_seed42,HV,S1,LGBM,862,Train,259.0,241.6810839484755
HV_S1_LGBM_seed42,HV,S1,LGBM,863,Train,235.0,241.6810839484755
HV_S1_LGBM_seed42,HV,S1,LGBM,865,Train,158.0,241.6810839484755
HV_S1_LGBM_seed42,HV,S1,LGBM,866,Train,251.0,241.6810839484755
HV_S1_LGBM_seed42,HV,S1,LGBM,868,Train,180.0,241.6810839484755
HV_S1_LGBM_seed42,HV,S1,LGBM,869,Train,151.0,241.6810839484755
HV_S1_LGBM_seed42,HV,S1,LGBM,870,Train,225.0,241.6810839484755
HV_S1_LGBM_seed42,HV,S1,LGBM,871,Train,210.0,241.6810839484755
HV_S1_LGBM_seed42,HV,S1,LGBM,873,Train,141.0,241.6810839484755
HV_S1_LGBM_seed42,HV,S1,LGBM,874,Train,348.0,241.6810839484755
HV_S1_LGBM_seed42,HV,S1,LGBM,875,Train,330.0,241.6810839484755
HV_S1_LGBM_seed42,HV,S1,LGBM,877,Train,235.0,241.6810839484755
HV_S1_LGBM_seed42,HV,S1,LGBM,879,Train,305.0,241.6810839484755
HV_S1_LGBM_seed42,HV,S1,LGBM,880,Train,280.0,241.6810839484755
HV_S1_LGBM_seed42,HV,S1,LGBM,881,Train,223.0,241.6810839484755
HV_S1_LGBM_seed42,HV,S1,LGBM,882,Train,290.0,241.6810839484755
HV_S1_LGBM_seed42,HV,S1,LGBM,884,Train,291.0,241.6810839484755
HV_S1_LGBM_seed42,HV,S1,LGBM,885,Train,219.0,241.6810839484755
HV_S1_LGBM_seed42,HV,S1,LGBM,886,Train,282.0,258.2285894965397
HV_S1_LGBM_seed42,HV,S1,LGBM,887,Train,382.0,241.6810839484755
HV_S1_LGBM_seed42,HV,S1,LGBM,889,Train,287.0,241.6810839484755
HV_S1_LGBM_seed42,HV,S1,LGBM,890,Train,345.0,241.6810839484755
HV_S1_LGBM_seed42,HV,S1,LGBM,891,Train,267.0,241.6810839484755
HV_S1_LGBM_seed42,HV,S1,LGBM,892,Train,359.0,241.6810839484755
HV_S1_LGBM_seed42,HV,S1,LGBM,894,Train,304.0,241.6810839484755
HV_S1_LGBM_seed42,HV,S1,LGBM,895,Train,232.0,241.6810839484755
HV_S1_LGBM_seed42,HV,S1,LGBM,896,Train,248.0,241.6810839484755
HV_S1_LGBM_seed42,HV,S1,LGBM,897,Train,222.0,241.6810839484755
HV_S1_LGBM_seed42,HV,S1,LGBM,898,Train,253.0,241.6810839484755
HV_S1_LGBM_seed42,HV,S1,LGBM,899,Train,229.0,241.6810839484755
HV_S1_LGBM_seed42,HV,S1,LGBM,900,Train,162.0,241.6810839484755
HV_S1_LGBM_seed42,HV,S1,LGBM,901,Train,145.0,241.6810839484755
HV_S1_LGBM_seed42,HV,S1,LGBM,902,Train,245.0,241.6810839484755
HV_S1_LGBM_seed42,HV,S1,LGBM,903,Train,196.0,241.6810839484755
HV_S1_LGBM_seed42,HV,S1,LGBM,905,Train,144.0,241.6810839484755
HV_S1_LGBM_seed42,HV,S1,LGBM,906,Train,220.0,241.6810839484755
HV_S1_LGBM_seed42,HV,S1,LGBM,907,Train,201.0,241.6810839484755
HV_S1_LGBM_seed42,HV,S1,LGBM,908,Train,176.0,241.6810839484755
HV_S1_LGBM_seed42,HV,S1,LGBM,909,Train,135.0,241.6810839484755
HV_S1_LGBM_seed42,HV,S1,LGBM,911,Train,321.0,241.6810839484755
HV_S1_LGBM_seed42,HV,S1,LGBM,913,Train,213.0,241.6810839484755
HV_S1_LGBM_seed42,HV,S1,LGBM,916,Train,272.0,241.6810839484755
HV_S1_LGBM_seed42,HV,S1,LGBM,917,Train,204.0,241.6810839484755
HV_S1_LGBM_seed42,HV,S1,LGBM,918,Train,289.0,241.6810839484755
HV_S1_LGBM_seed42,HV,S1,LGBM,919,Train,279.0,241.6810839484755
HV_S1_LGBM_seed42,HV,S1,LGBM,920,Train,275.0,241.6810839484755
HV_S1_LGBM_seed42,HV,S1,LGBM,921,Train,205.0,241.6810839484755
HV_S1_LGBM_seed42,HV,S1,LGBM,923,Train,248.0,241.6810839484755
HV_S1_LGBM_seed42,HV,S1,LGBM,924,Train,211.0,241.6810839484755
HV_S1_LGBM_seed42,HV,S1,LGBM,925,Train,252.0,241.6810839484755
HV_S1_LGBM_seed42,HV,S1,LGBM,926,Train,216.0,241.6810839484755
HV_S1_LGBM_seed42,HV,S1,LGBM,928,Train,141.0,241.6810839484755
HV_S1_LGBM_seed42,HV,S1,LGBM,929,Train,234.0,241.6810839484755
HV_S1_LGBM_seed42,HV,S1,LGBM,930,Train,188.0,241.6810839484755
HV_S1_LGBM_seed42,HV,S1,LGBM,931,Train,155.0,241.6810839484755
HV_S1_LGBM_seed42,HV,S1,LGBM,932,Train,143.0,241.6810839484755
HV_S1_LGBM_seed42,HV,S1,LGBM,933,Train,218.0,241.6810839484755
HV_S1_LGBM_seed42,HV,S1,LGBM,934,Train,200.0,241.6810839484755
HV_S1_LGBM_seed42,HV,S1,LGBM,935,Train,166.0,241.6810839484755
HV_S1_LGBM_seed42,HV,S1,LGBM,936,Train,132.0,241.6810839484755
HV_S1_LGBM_seed42,HV,S1,LGBM,937,Train,345.0,241.6810839484755
HV_S1_LGBM_seed42,HV,S1,LGBM,938,Train,318.0,241.6810839484755
HV_S1_LGBM_seed42,HV,S1,LGBM,939,Train,272.0,241.6810839484755
HV_S1_LGBM_seed42,HV,S1,LGBM,940,Train,212.0,241.6810839484755
HV_S1_LGBM_seed42,HV,S1,LGBM,941,Train,314.0,241.6810839484755
HV_S1_LGBM_seed42,HV,S1,LGBM,942,Train,292.0,241.6810839484755
HV_S1_LGBM_seed42,HV,S1,LGBM,944,Train,193.0,241.6810839484755
HV_S1_LGBM_seed42,HV,S1,LGBM,946,Train,278.0,241.6810839484755
HV_S1_LGBM_seed42,HV,S1,LGBM,947,Train,264.0,241.6810839484755
HV_S1_LGBM_seed42,HV,S1,LGBM,948,Train,202.0,241.6810839484755
HV_S1_LGBM_seed42,HV,S1,LGBM,949,Train,296.0,258.2285894965397
HV_S1_LGBM_seed42,HV,S1,LGBM,950,Train,360.0,241.6810839484755
HV_S1_LGBM_seed42,HV,S1,LGBM,951,Train,349.0,241.6810839484755
HV_S1_LGBM_seed42,HV,S1,LGBM,952,Train,273.0,241.6810839484755
HV_S1_LGBM_seed42,HV,S1,LGBM,953,Train,365.0,241.6810839484755
HV_S1_LGBM_seed42,HV,S1,LGBM,954,Train,342.0,241.6810839484755
HV_S1_LGBM_seed42,HV,S1,LGBM,956,Train,362.0,241.6810839484755
HV_S1_LGBM_seed42,HV,S1,LGBM,959,Train,244.0,241.6810839484755
HV_S1_LGBM_seed42,HV,S1,LGBM,960,Train,247.0,241.6810839484755
HV_S1_LGBM_seed42,HV,S1,LGBM,961,Train,197.0,241.6810839484755
HV_S1_LGBM_seed42,HV,S1,LGBM,962,Train,243.0,241.6810839484755
HV_S1_LGBM_seed42,HV,S1,LGBM,963,Train,215.0,241.6810839484755
HV_S1_LGBM_seed42,HV,S1,LGBM,967,Train,182.0,241.6810839484755
HV_S1_LGBM_seed42,HV,S1,LGBM,968,Train,150.0,241.6810839484755
HV_S1_LGBM_seed42,HV,S1,LGBM,969,Train,140.0,241.6810839484755
HV_S1_LGBM_seed42,HV,S1,LGBM,970,Train,218.0,241.6810839484755
HV_S1_LGBM_seed42,HV,S1,LGBM,971,Train,196.0,241.6810839484755
HV_S1_LGBM_seed42,HV,S1,LGBM,972,Train,157.0,241.6810839484755
HV_S1_LGBM_seed42,HV,S1,LGBM,973,Train,131.0,241.6810839484755
HV_S1_LGBM_seed42,HV,S1,LGBM,974,Train,343.0,241.6810839484755
HV_S1_LGBM_seed42,HV,S1,LGBM,975,Train,312.0,241.6810839484755
HV_S1_LGBM_seed42,HV,S1,LGBM,976,Train,267.0,241.6810839484755
HV_S1_LGBM_seed42,HV,S1,LGBM,977,Train,206.0,241.6810839484755
HV_S1_LGBM_seed42,HV,S1,LGBM,978,Train,313.0,241.6810839484755
HV_S1_LGBM_seed42,HV,S1,LGBM,979,Train,290.0,241.6810839484755
HV_S1_LGBM_seed42,HV,S1,LGBM,981,Train,192.0,241.6810839484755
HV_S1_LGBM_seed42,HV,S1,LGBM,982,Train,285.0,241.6810839484755
HV_S1_LGBM_seed42,HV,S1,LGBM,983,Train,277.0,241.6810839484755
HV_S1_LGBM_seed42,HV,S1,LGBM,985,Train,197.0,241.6810839484755
HV_S1_LGBM_seed42,HV,S1,LGBM,990,Train,244.0,241.6810839484755
HV_S1_LGBM_seed42,HV,S1,LGBM,991,Train,161.0,241.6810839484755
HV_S1_LGBM_seed42,HV,S1,LGBM,992,Train,239.0,241.6810839484755
HV_S1_LGBM_seed42,HV,S1,LGBM,993,Train,203.0,241.6810839484755
HV_S1_LGBM_seed42,HV,S1,LGBM,994,Train,148.0,241.6810839484755
HV_S1_LGBM_seed42,HV,S1,LGBM,996,Train,210.0,241.6810839484755
HV_S1_LGBM_seed42,HV,S1,LGBM,997,Train,173.0,241.6810839484755
HV_S1_LGBM_seed42,HV,S1,LGBM,998,Train,147.0,241.6810839484755
HV_S1_LGBM_seed42,HV,S1,LGBM,999,Train,139.0,241.6810839484755
HV_S1_LGBM_seed42,HV,S1,LGBM,1000,Train,214.0,241.6810839484755
HV_S1_LGBM_seed42,HV,S1,LGBM,1004,Train,339.0,241.6810839484755
HV_S1_LGBM_seed42,HV,S1,LGBM,1005,Train,309.0,241.6810839484755
HV_S1_LGBM_seed42,HV,S1,LGBM,1006,Train,253.0,241.6810839484755
HV_S1_LGBM_seed42,HV,S1,LGBM,1007,Train,198.0,241.6810839484755
HV_S1_LGBM_seed42,HV,S1,LGBM,1008,Train,312.0,241.6810839484755
HV_S1_LGBM_seed42,HV,S1,LGBM,1009,Train,284.0,241.6810839484755
HV_S1_LGBM_seed42,HV,S1,LGBM,1011,Train,191.0,241.6810839484755
HV_S1_LGBM_seed42,HV,S1,LGBM,1012,Train,281.0,241.6810839484755
HV_S1_LGBM_seed42,HV,S1,LGBM,1013,Train,273.0,241.6810839484755
HV_S1_LGBM_seed42,HV,S1,LGBM,1014,Train,241.0,241.6810839484755
HV_S1_LGBM_seed42,HV,S1,LGBM,1015,Train,189.0,241.6810839484755
HV_S1_LGBM_seed42,HV,S1,LGBM,1016,Train,353.0,241.6810839484755
HV_S1_LGBM_seed42,HV,S1,LGBM,1017,Train,343.0,241.6810839484755
HV_S1_LGBM_seed42,HV,S1,LGBM,1018,Train,259.0,241.6810839484755
HV_S1_LGBM_seed42,HV,S1,LGBM,1020,Train,325.0,241.6810839484755
HV_S1_LGBM_seed42,HV,S1,LGBM,1021,Train,219.0,241.6810839484755
HV_S1_LGBM_seed42,HV,S1,LGBM,1022,Train,362.0,241.6810839484755
HV_S1_LGBM_seed42,HV,S1,LGBM,1023,Train,342.0,241.6810839484755
HV_S1_LGBM_seed42,HV,S1,LGBM,1024,Train,227.0,241.6810839484755
HV_S1_LGBM_seed42,HV,S1,LGBM,1025,Train,243.0,241.6810839484755
HV_S1_LGBM_seed42,HV,S1,LGBM,1028,Train,234.0,241.6810839484755
HV_S1_LGBM_seed42,HV,S1,LGBM,1029,Train,195.0,241.6810839484755
HV_S1_LGBM_seed42,HV,S1,LGBM,1030,Train,149.0,241.6810839484755
HV_S1_LGBM_seed42,HV,S1,LGBM,1032,Train,200.0,241.6810839484755
HV_S1_LGBM_seed42,HV,S1,LGBM,1033,Train,169.0,241.6810839484755
HV_S1_LGBM_seed42,HV,S1,LGBM,1034,Train,145.0,241.6810839484755
HV_S1_LGBM_seed42,HV,S1,LGBM,1035,Train,137.0,241.6810839484755
HV_S1_LGBM_seed42,HV,S1,LGBM,1036,Train,214.0,241.6810839484755
HV_S1_LGBM_seed42,HV,S1,LGBM,1037,Train,179.0,241.6810839484755
HV_S1_LGBM_seed42,HV,S1,LGBM,1038,Train,140.0,241.6810839484755
HV_S1_LGBM_seed42,HV,S1,LGBM,1039,Train,129.0,241.6810839484755
HV_S1_LGBM_seed42,HV,S1,LGBM,1040,Train,336.0,241.6810839484755
HV_S1_LGBM_seed42,HV,S1,LGBM,1042,Train,242.0,241.6810839484755
HV_S1_LGBM_seed42,HV,S1,LGBM,1043,Train,185.0,241.6810839484755
HV_S1_LGBM_seed42,HV,S1,LGBM,1044,Train,306.0,241.6810839484755
HV_S1_LGBM_seed42,HV,S1,LGBM,1045,Train,280.0,241.6810839484755
HV_S1_LGBM_seed42,HV,S1,LGBM,1046,Train,241.0,241.6810839484755
HV_S1_LGBM_seed42,HV,S1,LGBM,1048,Train,283.0,241.6810839484755
HV_S1_LGBM_seed42,HV,S1,LGBM,1049,Train,272.0,241.6810839484755
HV_S1_LGBM_seed42,HV,S1,LGBM,1050,Train,229.0,241.6810839484755
HV_S1_LGBM_seed42,HV,S1,LGBM,1051,Train,181.0,241.6810839484755
HV_S1_LGBM_seed42,HV,S1,LGBM,1052,Train,278.0,258.2285894965397
HV_S1_LGBM_seed42,HV,S1,LGBM,1053,Train,353.0,241.6810839484755
HV_S1_LGBM_seed42,HV,S1,LGBM,1054,Train,311.0,241.6810839484755
HV_S1_LGBM_seed42,HV,S1,LGBM,1055,Train,192.0,241.6810839484755
HV_S1_LGBM_seed42,HV,S1,LGBM,1056,Train,244.0,241.6810839484755
HV_S1_LGBM_seed42,HV,S1,LGBM,1057,Train,217.0,241.6810839484755
HV_S1_LGBM_seed42,HV,S1,LGBM,1060,Train,180.0,241.6810839484755
HV_S1_LGBM_seed42,HV,S1,LGBM,1061,Train,146.0,241.6810839484755
HV_S1_LGBM_seed42,HV,S1,LGBM,1064,Train,160.0,241.6810839484755
HV_S1_LGBM_seed42,HV,S1,LGBM,1065,Train,144.0,241.6810839484755
HV_S1_LGBM_seed42,HV,S1,LGBM,1066,Train,136.0,241.6810839484755
HV_S1_LGBM_seed42,HV,S1,LGBM,1068,Train,169.0,241.6810839484755
HV_S1_LGBM_seed42,HV,S1,LGBM,1069,Train,137.0,241.6810839484755
HV_S1_LGBM_seed42,HV,S1,LGBM,1070,Train,127.0,241.6810839484755
HV_S1_LGBM_seed42,HV,S1,LGBM,1071,Train,336.0,241.6810839484755
HV_S1_LGBM_seed42,HV,S1,LGBM,1073,Train,231.0,241.6810839484755
HV_S1_LGBM_seed42,HV,S1,LGBM,1074,Train,177.0,241.6810839484755
HV_S1_LGBM_seed42,HV,S1,LGBM,1076,Train,272.0,241.6810839484755
HV_S1_LGBM_seed42,HV,S1,LGBM,1077,Train,233.0,241.6810839484755
HV_S1_LGBM_seed42,HV,S1,LGBM,1078,Train,173.0,241.6810839484755
HV_S1_LGBM_seed42,HV,S1,LGBM,1079,Train,279.0,241.6810839484755
HV_S1_LGBM_seed42,HV,S1,LGBM,1080,Train,270.0,241.6810839484755
HV_S1_LGBM_seed42,HV,S1,LGBM,1081,Train,216.0,241.6810839484755
HV_S1_LGBM_seed42,HV,S1,LGBM,1082,Train,175.0,241.6810839484755
HV_S1_LGBM_seed42,HV,S1,LGBM,1083,Train,241.0,241.6810839484755
HV_S1_LGBM_seed42,HV,S1,LGBM,1084,Train,209.0,241.6810839484755
HV_S1_LGBM_seed42,HV,S1,LGBM,1085,Train,136.0,241.6810839484755
HV_S1_LGBM_seed42,HV,S1,LGBM,1086,Train,211.0,241.6810839484755
HV_S1_LGBM_seed42,HV,S1,LGBM,1088,Train,144.0,241.6810839484755
HV_S1_LGBM_seed42,HV,S1,LGBM,1089,Train,133.0,241.6810839484755
HV_S1_LGBM_seed42,HV,S1,LGBM,1090,Train,183.0,241.6810839484755
HV_S1_LGBM_seed42,HV,S1,LGBM,1091,Train,156.0,241.6810839484755
HV_S1_LGBM_seed42,HV,S1,LGBM,1092,Train,141.0,241.6810839484755
HV_S1_LGBM_seed42,HV,S1,LGBM,1093,Train,132.0,241.6810839484755
HV_S1_LGBM_seed42,HV,S1,LGBM,1094,Train,206.0,241.6810839484755
HV_S1_LGBM_seed42,HV,S1,LGBM,1095,Train,163.0,241.6810839484755
HV_S1_LGBM_seed42,HV,S1,LGBM,1096,Train,136.0,241.6810839484755
HV_S1_LGBM_seed42,HV,S1,LGBM,1097,Train,128.0,241.6810839484755
HV_S1_LGBM_seed42,HV,S1,LGBM,1098,Train,332.0,241.6810839484755
HV_S1_LGBM_seed42,HV,S1,LGBM,1099,Train,284.0,241.6810839484755
HV_S1_LGBM_seed42,HV,S1,LGBM,1101,Train,169.0,241.6810839484755
HV_S1_LGBM_seed42,HV,S1,LGBM,1102,Train,302.0,241.6810839484755
HV_S1_LGBM_seed42,HV,S1,LGBM,1103,Train,262.0,241.6810839484755
HV_S1_LGBM_seed42,HV,S1,LGBM,1104,Train,217.0,241.6810839484755
HV_S1_LGBM_seed42,HV,S1,LGBM,1105,Train,170.0,241.6810839484755
HV_S1_LGBM_seed42,HV,S1,LGBM,1108,Train,205.0,241.6810839484755
HV_S1_LGBM_seed42,HV,S1,LGBM,1109,Train,170.0,241.6810839484755
HV_S1_LGBM_seed42,HV,S1,LGBM,1110,Train,234.0,241.6810839484755
HV_S1_LGBM_seed42,HV,S1,LGBM,1111,Train,204.0,241.6810839484755
HV_S1_LGBM_seed42,HV,S1,LGBM,1113,Train,199.0,241.6810839484755
HV_S1_LGBM_seed42,HV,S1,LGBM,1114,Train,157.0,241.6810839484755
HV_S1_LGBM_seed42,HV,S1,LGBM,1115,Train,143.0,241.6810839484755
HV_S1_LGBM_seed42,HV,S1,LGBM,1117,Train,175.0,241.6810839484755
HV_S1_LGBM_seed42,HV,S1,LGBM,1118,Train,153.0,241.6810839484755
HV_S1_LGBM_seed42,HV,S1,LGBM,1119,Train,140.0,241.6810839484755
HV_S1_LGBM_seed42,HV,S1,LGBM,1120,Train,132.0,241.6810839484755
HV_S1_LGBM_seed42,HV,S1,LGBM,1121,Train,202.0,241.6810839484755
HV_S1_LGBM_seed42,HV,S1,LGBM,1122,Train,154.0,241.6810839484755
HV_S1_LGBM_seed42,HV,S1,LGBM,1123,Train,134.0,241.6810839484755
HV_S1_LGBM_seed42,HV,S1,LGBM,1124,Train,127.0,241.6810839484755
HV_S1_LGBM_seed42,HV,S1,LGBM,1125,Train,329.0,241.6810839484755
HV_S1_LGBM_seed42,HV,S1,LGBM,1126,Train,271.0,241.6810839484755
HV_S1_LGBM_seed42,HV,S1,LGBM,1128,Train,166.0,241.6810839484755
HV_S1_LGBM_seed42,HV,S1,LGBM,1130,Train,262.0,241.6810839484755
HV_S1_LGBM_seed42,HV,S1,LGBM,1131,Train,205.0,241.6810839484755
HV_S1_LGBM_seed42,HV,S1,LGBM,1132,Train,166.0,241.6810839484755
HV_S1_LGBM_seed42,HV,S1,LGBM,1133,Train,277.0,241.6810839484755
HV_S1_LGBM_seed42,HV,S1,LGBM,1134,Train,261.0,241.6810839484755
HV_S1_LGBM_seed42,HV,S1,LGBM,1135,Train,193.0,241.6810839484755
HV_S1_LGBM_seed42,HV,S1,LGBM,1136,Train,163.0,241.6810839484755
HV_S1_LGBM_seed42,HV,S1,LGBM,1137,Train,258.0,258.2285894965397
HV_S1_LGBM_seed42,HV,S1,LGBM,1139,Train,197.0,241.6810839484755
HV_S1_LGBM_seed42,HV,S1,LGBM,1140,Train,132.0,241.6810839484755
HV_S1_LGBM_seed42,HV,S1,LGBM,1141,Train,198.0,241.6810839484755
HV_S1_LGBM_seed42,HV,S1,LGBM,1142,Train,151.0,241.6810839484755
HV_S1_LGBM_seed42,HV,S1,LGBM,1143,Train,141.0,241.6810839484755
HV_S1_LGBM_seed42,HV,S1,LGBM,1144,Train,130.0,241.6810839484755
HV_S1_LGBM_seed42,HV,S1,LGBM,1145,Train,168.0,241.6810839484755
HV_S1_LGBM_seed42,HV,S1,LGBM,1146,Train,150.0,241.6810839484755
HV_S1_LGBM_seed42,HV,S1,LGBM,1147,Train,141.0,241.6810839484755
HV_S1_LGBM_seed42,HV,S1,LGBM,1148,Train,131.0,241.6810839484755
HV_S1_LGBM_seed42,HV,S1,LGBM,1149,Train,195.0,241.6810839484755
HV_S1_LGBM_seed42,HV,S1,LGBM,1151,Train,133.0,241.6810839484755
HV_S1_LGBM_seed42,HV,S1,LGBM,1152,Train,125.0,241.6810839484755
HV_S1_LGBM_seed42,HV,S1,LGBM,1153,Train,323.0,241.6810839484755
HV_S1_LGBM_seed42,HV,S1,LGBM,1154,Train,264.0,241.6810839484755
HV_S1_LGBM_seed42,HV,S1,LGBM,1155,Train,192.0,241.6810839484755
HV_S1_LGBM_seed42,HV,S1,LGBM,1157,Train,296.0,241.6810839484755
HV_S1_LGBM_seed42,HV,S1,LGBM,1158,Train,256.0,241.6810839484755
HV_S1_LGBM_seed42,HV,S1,LGBM,1160,Train,161.0,241.6810839484755
HV_S1_LGBM_seed42,HV,S1,LGBM,1161,Train,276.0,241.6810839484755
HV_S1_LGBM_seed42,HV,S1,LGBM,1162,Train,255.0,241.6810839484755
HV_S1_LGBM_seed42,HV,S1,LGBM,1165,Train,177.0,258.2285894965397
HV_S1_LGBM_seed42,HV,S1,LGBM,1166,Train,217.0,241.6810839484755
HV_S1_LGBM_seed42,HV,S1,LGBM,1168,Train,130.0,241.6810839484755
HV_S1_LGBM_seed42,HV,S1,LGBM,1169,Train,187.0,241.6810839484755
HV_S1_LGBM_seed42,HV,S1,LGBM,1170,Train,148.0,241.6810839484755
HV_S1_LGBM_seed42,HV,S1,LGBM,1171,Train,141.0,241.6810839484755
HV_S1_LGBM_seed42,HV,S1,LGBM,1172,Train,130.0,241.6810839484755
HV_S1_LGBM_seed42,HV,S1,LGBM,1173,Train,166.0,241.6810839484755
HV_S1_LGBM_seed42,HV,S1,LGBM,1174,Train,148.0,241.6810839484755
HV_S1_LGBM_seed42,HV,S1,LGBM,1175,Train,140.0,241.6810839484755
HV_S1_LGBM_seed42,HV,S1,LGBM,1176,Train,127.0,241.6810839484755
HV_S1_LGBM_seed42,HV,S1,LGBM,1178,Train,145.0,241.6810839484755
HV_S1_LGBM_seed42,HV,S1,LGBM,1179,Train,135.0,241.6810839484755
HV_S1_LGBM_seed42,HV,S1,LGBM,1180,Train,124.0,241.6810839484755
HV_S1_LGBM_seed42,HV,S1,LGBM,1181,Train,320.0,241.6810839484755
HV_S1_LGBM_seed42,HV,S1,LGBM,1182,Train,256.0,241.6810839484755
HV_S1_LGBM_seed42,HV,S1,LGBM,1184,Train,155.0,241.6810839484755
HV_S1_LGBM_seed42,HV,S1,LGBM,1185,Train,296.0,241.6810839484755
HV_S1_LGBM_seed42,HV,S1,LGBM,1186,Train,248.0,241.6810839484755
HV_S1_LGBM_seed42,HV,S1,LGBM,1187,Train,171.0,241.6810839484755
HV_S1_LGBM_seed42,HV,S1,LGBM,1188,Train,157.0,241.6810839484755
HV_S1_LGBM_seed42,HV,S1,LGBM,1189,Train,270.0,241.6810839484755
HV_S1_LGBM_seed42,HV,S1,LGBM,1191,Train,164.0,241.6810839484755
HV_S1_LGBM_seed42,HV,S1,LGBM,1194,Train,78.0,90.10464142766598
HV_S1_LGBM_seed42,HV,S1,LGBM,1195,Train,78.0,90.10464142766598
HV_S1_LGBM_seed42,HV,S1,LGBM,1196,Train,72.0,90.10464142766598
HV_S1_LGBM_seed42,HV,S1,LGBM,1197,Train,78.0,90.10464142766598
HV_S1_LGBM_seed42,HV,S1,LGBM,1199,Train,96.0,90.10464142766598
HV_S1_LGBM_seed42,HV,S1,LGBM,1200,Train,112.0,90.10464142766598
HV_S1_LGBM_seed42,HV,S1,LGBM,1201,Train,116.0,90.10464142766598
HV_S1_LGBM_seed42,HV,S1,LGBM,1202,Train,76.0,104.81986570653437
HV_S1_LGBM_seed42,HV,S1,LGBM,1203,Train,75.0,104.81986570653437
HV_S1_LGBM_seed42,HV,S1,LGBM,1205,Train,79.0,104.81986570653437
HV_S1_LGBM_seed42,HV,S1,LGBM,1208,Train,105.0,104.81986570653437
HV_S1_LGBM_seed42,HV,S1,LGBM,1209,Train,155.0,104.81986570653437
HV_S1_LGBM_seed42,HV,S1,LGBM,1210,Train,141.0,104.81986570653437
HV_S1_LGBM_seed42,HV,S1,LGBM,1211,Train,86.0,101.48602156843397
HV_S1_LGBM_seed42,HV,S1,LGBM,1212,Train,80.0,101.48602156843397
HV_S1_LGBM_seed42,HV,S1,LGBM,1213,Train,81.0,101.48602156843397
HV_S1_LGBM_seed42,HV,S1,LGBM,1214,Train,75.0,101.48602156843397
HV_S1_LGBM_seed42,HV,S1,LGBM,1216,Train,92.0,101.48602156843397
HV_S1_LGBM_seed42,HV,S1,LGBM,1217,Train,104.0,101.48602156843397
HV_S1_LGBM_seed42,HV,S1,LGBM,1218,Train,148.0,101.48602156843397
HV_S1_LGBM_seed42,HV,S1,LGBM,1219,Train,145.0,101.48602156843397
HV_S1_LGBM_seed42,HV,S1,LGBM,1221,Train,84.0,104.33102232572588
HV_S1_LGBM_seed42,HV,S1,LGBM,1222,Train,84.0,104.33102232572588
HV_S1_LGBM_seed42,HV,S1,LGBM,1223,Train,86.0,104.33102232572588
HV_S1_LGBM_seed42,HV,S1,LGBM,1224,Train,87.0,104.33102232572588
HV_S1_LGBM_seed42,HV,S1,LGBM,1225,Train,88.0,104.33102232572588
HV_S1_LGBM_seed42,HV,S1,LGBM,1226,Train,104.0,104.33102232572588
HV_S1_LGBM_seed42,HV,S1,LGBM,1227,Train,157.0,104.33102232572588
HV_S1_LGBM_seed42,HV,S1,LGBM,1228,Train,144.0,104.33102232572588
HV_S1_LGBM_seed42,HV,S1,LGBM,8,Test,254.0,216.11054722776387
HV_S1_LGBM_seed42,HV,S1,LGBM,16,Test,282.0,216.11054722776387
HV_S1_LGBM_seed42,HV,S1,LGBM,33,Test,165.0,193.97233525985604
HV_S1_LGBM_seed42,HV,S1,LGBM,40,Test,231.0,216.11054722776387
HV_S1_LGBM_seed42,HV,S1,LGBM,41,Test,225.0,211.75799015933944
HV_S1_LGBM_seed42,HV,S1,LGBM,49,Test,244.0,216.11054722776387
HV_S1_LGBM_seed42,HV,S1,LGBM,55,Test,107.0,166.4840343501301
HV_S1_LGBM_seed42,HV,S1,LGBM,60,Test,268.0,225.11431475735557
HV_S1_LGBM_seed42,HV,S1,LGBM,62,Test,211.0,202.67806942264923
HV_S1_LGBM_seed42,HV,S1,LGBM,65,Test,233.0,216.11054722776387
HV_S1_LGBM_seed42,HV,S1,LGBM,67,Test,202.0,193.97233525985604
HV_S1_LGBM_seed42,HV,S1,LGBM,69,Test,171.0,158.1562563732851
HV_S1_LGBM_seed42,HV,S1,LGBM,70,Test,155.0,154.50720078304755
HV_S1_LGBM_seed42,HV,S1,LGBM,74,Test,238.0,216.11054722776387
HV_S1_LGBM_seed42,HV,S1,LGBM,77,Test,211.0,172.25734087195985
HV_S1_LGBM_seed42,HV,S1,LGBM,78,Test,190.0,158.1562563732851
HV_S1_LGBM_seed42,HV,S1,LGBM,81,Test,238.0,216.11054722776387
HV_S1_LGBM_seed42,HV,S1,LGBM,87,Test,252.0,220.3515040407589
HV_S1_LGBM_seed42,HV,S1,LGBM,90,Test,165.0,166.4840343501301
HV_S1_LGBM_seed42,HV,S1,LGBM,95,Test,235.0,220.3515040407589
HV_S1_LGBM_seed42,HV,S1,LGBM,98,Test,212.0,221.87124992892757
HV_S1_LGBM_seed42,HV,S1,LGBM,100,Test,207.0,211.75799015933944
HV_S1_LGBM_seed42,HV,S1,LGBM,108,Test,227.0,216.11054722776387
HV_S1_LGBM_seed42,HV,S1,LGBM,112,Test,183.0,158.1562563732851
HV_S1_LGBM_seed42,HV,S1,LGBM,113,Test,181.0,154.50720078304755
HV_S1_LGBM_seed42,HV,S1,LGBM,119,Test,228.0,219.53170883696365
HV_S1_LGBM_seed42,HV,S1,LGBM,122,Test,135.0,166.4840343501301
HV_S1_LGBM_seed42,HV,S1,LGBM,126,Test,132.0,166.4840343501301
HV_S1_LGBM_seed42,HV,S1,LGBM,143,Test,139.0,158.1562563732851
HV_S1_LGBM_seed42,HV,S1,LGBM,151,Test,268.0,211.53088922497793
HV_S1_LGBM_seed42,HV,S1,LGBM,153,Test,206.0,166.4840343501301
HV_S1_LGBM_seed42,HV,S1,LGBM,154,Test,199.0,166.4840343501301
HV_S1_LGBM_seed42,HV,S1,LGBM,155,Test,159.0,166.4840343501301
HV_S1_LGBM_seed42,HV,S1,LGBM,156,Test,120.0,166.4840343501301
HV_S1_LGBM_seed42,HV,S1,LGBM,171,Test,145.0,211.53088922497793
HV_S1_LGBM_seed42,HV,S1,LGBM,173,Test,137.0,211.53088922497793
HV_S1_LGBM_seed42,HV,S1,LGBM,204,Test,63.0,68.588932255402
HV_S1_LGBM_seed42,HV,S1,LGBM,210,Test,203.0,208.56248706017172
HV_S1_LGBM_seed42,HV,S1,LGBM,214,Test,60.0,63.79799445198251
HV_S1_LGBM_seed42,HV,S1,LGBM,228,Test,195.0,171.4687459112965
HV_S1_LGBM_seed42,HV,S1,LGBM,234,Test,125.0,164.1373650912732
HV_S1_LGBM_seed42,HV,S1,LGBM,235,Test,185.0,177.6099553618985
HV_S1_LGBM_seed42,HV,S1,LGBM,244,Test,216.0,208.56248706017172
HV_S1_LGBM_seed42,HV,S1,LGBM,245,Test,69.0,70.1342333116872
HV_S1_LGBM_seed42,HV,S1,LGBM,246,Test,158.0,164.1373650912732
HV_S1_LGBM_seed42,HV,S1,LGBM,254,Test,89.0,90.06183033439378
HV_S1_LGBM_seed42,HV,S1,LGBM,257,Test,67.0,68.588932255402
HV_S1_LGBM_seed42,HV,S1,LGBM,275,Test,165.0,164.1373650912732
HV_S1_LGBM_seed42,HV,S1,LGBM,284,Test,82.0,90.06183033439378
HV_S1_LGBM_seed42,HV,S1,LGBM,295,Test,108.0,90.06183033439378
HV_S1_LGBM_seed42,HV,S1,LGBM,296,Test,122.0,90.06183033439378
HV_S1_LGBM_seed42,HV,S1,LGBM,301,Test,140.0,185.16775298253802
HV_S1_LGBM_seed42,HV,S1,LGBM,321,Test,98.0,138.53158496060607
HV_S1_LGBM_seed42,HV,S1,LGBM,326,Test,121.0,90.06183033439378
HV_S1_LGBM_seed42,HV,S1,LGBM,338,Test,195.0,171.4687459112965
HV_S1_LGBM_seed42,HV,S1,LGBM,341,Test,186.0,172.5548378212397
HV_S1_LGBM_seed42,HV,S1,LGBM,342,Test,233.0,208.56248706017172
HV_S1_LGBM_seed42,HV,S1,LGBM,343,Test,68.0,70.1342333116872
HV_S1_LGBM_seed42,HV,S1,LGBM,360,Test,84.0,90.06183033439378
HV_S1_LGBM_seed42,HV,S1,LGBM,361,Test,175.0,212.09992813929296
HV_S1_LGBM_seed42,HV,S1,LGBM,362,Test,257.0,185.16775298253802
HV_S1_LGBM_seed42,HV,S1,LGBM,364,Test,248.0,209.3336913460081
HV_S1_LGBM_seed42,HV,S1,LGBM,366,Test,272.0,248.87543546017932
HV_S1_LGBM_seed42,HV,S1,LGBM,368,Test,195.0,196.96537740682697
HV_S1_LGBM_seed42,HV,S1,LGBM,370,Test,187.0,208.2832034199699
HV_S1_LGBM_seed42,HV,S1,LGBM,371,Test,183.0,211.5098625225532
HV_S1_LGBM_seed42,HV,S1,LGBM,386,Test,177.0,201.7317521269131
HV_S1_LGBM_seed42,HV,S1,LGBM,397,Test,127.0,138.53158496060607
HV_S1_LGBM_seed42,HV,S1,LGBM,399,Test,109.0,90.06183033439378
HV_S1_LGBM_seed42,HV,S1,LGBM,401,Test,122.0,90.06183033439378
HV_S1_LGBM_seed42,HV,S1,LGBM,411,Test,148.0,208.56248706017172
HV_S1_LGBM_seed42,HV,S1,LGBM,415,Test,184.0,172.5548378212397
HV_S1_LGBM_seed42,HV,S1,LGBM,416,Test,117.0,90.06183033439378
HV_S1_LGBM_seed42,HV,S1,LGBM,417,Test,127.0,90.06183033439378
HV_S1_LGBM_seed42,HV,S1,LGBM,427,Test,62.0,63.79799445198251
HV_S1_LGBM_seed42,HV,S1,LGBM,429,Test,120.0,138.53158496060607
HV_S1_LGBM_seed42,HV,S1,LGBM,431,Test,192.0,138.53158496060607
HV_S1_LGBM_seed42,HV,S1,LGBM,437,Test,112.0,138.53158496060607
HV_S1_LGBM_seed42,HV,S1,LGBM,439,Test,186.0,138.53158496060607
HV_S1_LGBM_seed42,HV,S1,LGBM,444,Test,125.0,208.56248706017172
HV_S1_LGBM_seed42,HV,S1,LGBM,447,Test,123.0,177.6099553618985
HV_S1_LGBM_seed42,HV,S1,LGBM,448,Test,64.0,63.79799445198251
HV_S1_LGBM_seed42,HV,S1,LGBM,467,Test,216.0,191.1545500705859
HV_S1_LGBM_seed42,HV,S1,LGBM,480,Test,217.0,191.1545500705859
HV_S1_LGBM_seed42,HV,S1,LGBM,490,Test,223.0,214.79499547691316
HV_S1_LGBM_seed42,HV,S1,LGBM,497,Test,220.0,205.42594617662792
HV_S1_LGBM_seed42,HV,S1,LGBM,499,Test,209.0,205.42594617662792
HV_S1_LGBM_seed42,HV,S1,LGBM,508,Test,170.0,191.1545500705859
HV_S1_LGBM_seed42,HV,S1,LGBM,513,Test,211.0,214.9854070116225
HV_S1_LGBM_seed42,HV,S1,LGBM,514,Test,162.0,191.1545500705859
HV_S1_LGBM_seed42,HV,S1,LGBM,515,Test,206.0,214.79499547691316
HV_S1_LGBM_seed42,HV,S1,LGBM,519,Test,208.0,191.1545500705859
HV_S1_LGBM_seed42,HV,S1,LGBM,522,Test,191.0,214.79499547691316
HV_S1_LGBM_seed42,HV,S1,LGBM,525,Test,215.0,214.9854070116225
HV_S1_LGBM_seed42,HV,S1,LGBM,531,Test,213.0,214.79499547691316
HV_S1_LGBM_seed42,HV,S1,LGBM,534,Test,270.0,290.75918167764814
HV_S1_LGBM_seed42,HV,S1,LGBM,535,Test,286.0,290.75918167764814
HV_S1_LGBM_seed42,HV,S1,LGBM,537,Test,331.0,290.75918167764814
HV_S1_LGBM_seed42,HV,S1,LGBM,539,Test,268.0,241.6810839484755
HV_S1_LGBM_seed42,HV,S1,LGBM,546,Test,244.0,234.23560819608124
HV_S1_LGBM_seed42,HV,S1,LGBM,551,Test,288.0,290.75918167764814
HV_S1_LGBM_seed42,HV,S1,LGBM,553,Test,336.0,290.75918167764814
HV_S1_LGBM_seed42,HV,S1,LGBM,564,Test,332.0,241.6810839484755
HV_S1_LGBM_seed42,HV,S1,LGBM,576,Test,334.0,290.75918167764814
HV_S1_LGBM_seed42,HV,S1,LGBM,579,Test,280.0,290.75918167764814
HV_S1_LGBM_seed42,HV,S1,LGBM,587,Test,248.0,234.23560819608124
HV_S1_LGBM_seed42,HV,S1,LGBM,611,Test,289.0,290.75918167764814
HV_S1_LGBM_seed42,HV,S1,LGBM,612,Test,337.0,290.75918167764814
HV_S1_LGBM_seed42,HV,S1,LGBM,613,Test,320.0,290.75918167764814
HV_S1_LGBM_seed42,HV,S1,LGBM,616,Test,329.0,234.23560819608124
HV_S1_LGBM_seed42,HV,S1,LGBM,617,Test,350.0,234.23560819608124
HV_S1_LGBM_seed42,HV,S1,LGBM,618,Test,313.0,234.23560819608124
HV_S1_LGBM_seed42,HV,S1,LGBM,620,Test,215.0,234.23560819608124
HV_S1_LGBM_seed42,HV,S1,LGBM,625,Test,301.0,290.75918167764814
HV_S1_LGBM_seed42,HV,S1,LGBM,629,Test,288.0,241.6810839484755
HV_S1_LGBM_seed42,HV,S1,LGBM,631,Test,297.0,241.6810839484755
HV_S1_LGBM_seed42,HV,S1,LGBM,634,Test,338.0,241.6810839484755
HV_S1_LGBM_seed42,HV,S1,LGBM,635,Test,285.0,241.6810839484755
HV_S1_LGBM_seed42,HV,S1,LGBM,637,Test,346.0,234.23560819608124
HV_S1_LGBM_seed42,HV,S1,LGBM,640,Test,209.0,234.23560819608124
HV_S1_LGBM_seed42,HV,S1,LGBM,643,Test,170.0,234.23560819608124
HV_S1_LGBM_seed42,HV,S1,LGBM,644,Test,289.0,290.75918167764814
HV_S1_LGBM_seed42,HV,S1,LGBM,646,Test,285.0,290.75918167764814
HV_S1_LGBM_seed42,HV,S1,LGBM,647,Test,327.0,290.75918167764814
HV_S1_LGBM_seed42,HV,S1,LGBM,654,Test,335.0,234.23560819608124
HV_S1_LGBM_seed42,HV,S1,LGBM,664,Test,319.0,290.75918167764814
HV_S1_LGBM_seed42,HV,S1,LGBM,668,Test,335.0,234.23560819608124
HV_S1_LGBM_seed42,HV,S1,LGBM,673,Test,152.0,234.23560819608124
HV_S1_LGBM_seed42,HV,S1,LGBM,676,Test,292.0,290.75918167764814
HV_S1_LGBM_seed42,HV,S1,LGBM,680,Test,298.0,290.75918167764814
HV_S1_LGBM_seed42,HV,S1,LGBM,682,Test,300.0,290.75918167764814
HV_S1_LGBM_seed42,HV,S1,LGBM,684,Test,330.0,241.6810839484755
HV_S1_LGBM_seed42,HV,S1,LGBM,691,Test,303.0,241.6810839484755
HV_S1_LGBM_seed42,HV,S1,LGBM,699,Test,134.0,234.23560819608124
HV_S1_LGBM_seed42,HV,S1,LGBM,721,Test,300.0,290.75918167764814
HV_S1_LGBM_seed42,HV,S1,LGBM,733,Test,294.0,290.75918167764814
HV_S1_LGBM_seed42,HV,S1,LGBM,749,Test,104.0,234.23560819608124
HV_S1_LGBM_seed42,HV,S1,LGBM,750,Test,293.0,290.75918167764814
HV_S1_LGBM_seed42,HV,S1,LGBM,757,Test,261.0,290.75918167764814
HV_S1_LGBM_seed42,HV,S1,LGBM,764,Test,305.0,241.6810839484755
HV_S1_LGBM_seed42,HV,S1,LGBM,783,Test,297.0,241.6810839484755
HV_S1_LGBM_seed42,HV,S1,LGBM,784,Test,306.0,241.6810839484755
HV_S1_LGBM_seed42,HV,S1,LGBM,785,Test,311.0,241.6810839484755
HV_S1_LGBM_seed42,HV,S1,LGBM,791,Test,296.0,290.75918167764814
HV_S1_LGBM_seed42,HV,S1,LGBM,794,Test,303.0,241.6810839484755
HV_S1_LGBM_seed42,HV,S1,LGBM,803,Test,200.0,234.23560819608124
HV_S1_LGBM_seed42,HV,S1,LGBM,811,Test,253.0,290.75918167764814
HV_S1_LGBM_seed42,HV,S1,LGBM,812,Test,252.0,290.75918167764814
HV_S1_LGBM_seed42,HV,S1,LGBM,826,Test,191.0,241.6810839484755
HV_S1_LGBM_seed42,HV,S1,LGBM,829,Test,205.0,241.6810839484755
HV_S1_LGBM_seed42,HV,S1,LGBM,835,Test,346.0,241.6810839484755
HV_S1_LGBM_seed42,HV,S1,LGBM,840,Test,310.0,241.6810839484755
HV_S1_LGBM_seed42,HV,S1,LGBM,842,Test,264.0,241.6810839484755
HV_S1_LGBM_seed42,HV,S1,LGBM,844,Test,290.0,241.6810839484755
HV_S1_LGBM_seed42,HV,S1,LGBM,847,Test,184.0,258.2285894965397
HV_S1_LGBM_seed42,HV,S1,LGBM,852,Test,386.0,241.6810839484755
HV_S1_LGBM_seed42,HV,S1,LGBM,854,Test,285.0,241.6810839484755
HV_S1_LGBM_seed42,HV,S1,LGBM,857,Test,331.0,241.6810839484755
HV_S1_LGBM_seed42,HV,S1,LGBM,864,Test,180.0,241.6810839484755
HV_S1_LGBM_seed42,HV,S1,LGBM,867,Test,218.0,241.6810839484755
HV_S1_LGBM_seed42,HV,S1,LGBM,872,Test,191.0,241.6810839484755
HV_S1_LGBM_seed42,HV,S1,LGBM,876,Test,304.0,241.6810839484755
HV_S1_LGBM_seed42,HV,S1,LGBM,878,Test,316.0,241.6810839484755
HV_S1_LGBM_seed42,HV,S1,LGBM,883,Test,286.0,241.6810839484755
HV_S1_LGBM_seed42,HV,S1,LGBM,888,Test,359.0,241.6810839484755
HV_S1_LGBM_seed42,HV,S1,LGBM,893,Test,373.0,241.6810839484755
HV_S1_LGBM_seed42,HV,S1,LGBM,904,Test,161.0,241.6810839484755
HV_S1_LGBM_seed42,HV,S1,LGBM,910,Test,344.0,241.6810839484755
HV_S1_LGBM_seed42,HV,S1,LGBM,912,Test,288.0,241.6810839484755
HV_S1_LGBM_seed42,HV,S1,LGBM,914,Test,316.0,241.6810839484755
HV_S1_LGBM_seed42,HV,S1,LGBM,915,Test,297.0,241.6810839484755
HV_S1_LGBM_seed42,HV,S1,LGBM,922,Test,238.0,241.6810839484755
HV_S1_LGBM_seed42,HV,S1,LGBM,927,Test,158.0,241.6810839484755
HV_S1_LGBM_seed42,HV,S1,LGBM,943,Test,263.0,241.6810839484755
HV_S1_LGBM_seed42,HV,S1,LGBM,945,Test,284.0,241.6810839484755
HV_S1_LGBM_seed42,HV,S1,LGBM,955,Test,250.0,241.6810839484755
HV_S1_LGBM_seed42,HV,S1,LGBM,957,Test,351.0,241.6810839484755
HV_S1_LGBM_seed42,HV,S1,LGBM,958,Test,284.0,241.6810839484755
HV_S1_LGBM_seed42,HV,S1,LGBM,964,Test,154.0,241.6810839484755
HV_S1_LGBM_seed42,HV,S1,LGBM,965,Test,140.0,241.6810839484755
HV_S1_LGBM_seed42,HV,S1,LGBM,966,Test,228.0,241.6810839484755
HV_S1_LGBM_seed42,HV,S1,LGBM,980,Test,260.0,241.6810839484755
HV_S1_LGBM_seed42,HV,S1,LGBM,984,Test,254.0,241.6810839484755
HV_S1_LGBM_seed42,HV,S1,LGBM,989,Test,244.0,241.6810839484755
HV_S1_LGBM_seed42,HV,S1,LGBM,995,Test,137.0,241.6810839484755
HV_S1_LGBM_seed42,HV,S1,LGBM,1001,Test,189.0,241.6810839484755
HV_S1_LGBM_seed42,HV,S1,LGBM,1002,Test,146.0,241.6810839484755
HV_S1_LGBM_seed42,HV,S1,LGBM,1003,Test,130.0,241.6810839484755
HV_S1_LGBM_seed42,HV,S1,LGBM,1010,Test,248.0,241.6810839484755
HV_S1_LGBM_seed42,HV,S1,LGBM,1019,Test,363.0,241.6810839484755
HV_S1_LGBM_seed42,HV,S1,LGBM,1026,Test,236.0,241.6810839484755
HV_S1_LGBM_seed42,HV,S1,LGBM,1027,Test,151.0,241.6810839484755
HV_S1_LGBM_seed42,HV,S1,LGBM,1031,Test,136.0,241.6810839484755
HV_S1_LGBM_seed42,HV,S1,LGBM,1041,Test,302.0,241.6810839484755
HV_S1_LGBM_seed42,HV,S1,LGBM,1047,Test,182.0,241.6810839484755
HV_S1_LGBM_seed42,HV,S1,LGBM,1058,Test,141.0,241.6810839484755
HV_S1_LGBM_seed42,HV,S1,LGBM,1059,Test,224.0,241.6810839484755
HV_S1_LGBM_seed42,HV,S1,LGBM,1062,Test,135.0,241.6810839484755
HV_S1_LGBM_seed42,HV,S1,LGBM,1063,Test,189.0,241.6810839484755
HV_S1_LGBM_seed42,HV,S1,LGBM,1067,Test,211.0,241.6810839484755
HV_S1_LGBM_seed42,HV,S1,LGBM,1072,Test,292.0,241.6810839484755
HV_S1_LGBM_seed42,HV,S1,LGBM,1075,Test,301.0,241.6810839484755
HV_S1_LGBM_seed42,HV,S1,LGBM,1087,Test,167.0,241.6810839484755
HV_S1_LGBM_seed42,HV,S1,LGBM,1100,Test,215.0,241.6810839484755
HV_S1_LGBM_seed42,HV,S1,LGBM,1106,Test,280.0,241.6810839484755
HV_S1_LGBM_seed42,HV,S1,LGBM,1107,Test,264.0,241.6810839484755
HV_S1_LGBM_seed42,HV,S1,LGBM,1112,Test,134.0,241.6810839484755
HV_S1_LGBM_seed42,HV,S1,LGBM,1116,Test,131.0,241.6810839484755
HV_S1_LGBM_seed42,HV,S1,LGBM,1127,Test,200.0,241.6810839484755
HV_S1_LGBM_seed42,HV,S1,LGBM,1129,Test,300.0,241.6810839484755
HV_S1_LGBM_seed42,HV,S1,LGBM,1138,Test,231.0,241.6810839484755
HV_S1_LGBM_seed42,HV,S1,LGBM,1150,Test,149.0,241.6810839484755
HV_S1_LGBM_seed42,HV,S1,LGBM,1156,Test,159.0,241.6810839484755
HV_S1_LGBM_seed42,HV,S1,LGBM,1159,Test,196.0,241.6810839484755
HV_S1_LGBM_seed42,HV,S1,LGBM,1163,Test,184.0,241.6810839484755
HV_S1_LGBM_seed42,HV,S1,LGBM,1164,Test,158.0,241.6810839484755
HV_S1_LGBM_seed42,HV,S1,LGBM,1167,Test,181.0,241.6810839484755
HV_S1_LGBM_seed42,HV,S1,LGBM,1177,Test,184.0,241.6810839484755
HV_S1_LGBM_seed42,HV,S1,LGBM,1183,Test,171.0,241.6810839484755
HV_S1_LGBM_seed42,HV,S1,LGBM,1190,Test,244.0,241.6810839484755
HV_S1_LGBM_seed42,HV,S1,LGBM,1192,Test,155.0,241.6810839484755
HV_S1_LGBM_seed42,HV,S1,LGBM,1193,Test,68.0,90.10464142766598
HV_S1_LGBM_seed42,HV,S1,LGBM,1198,Test,80.0,90.10464142766598
HV_S1_LGBM_seed42,HV,S1,LGBM,1204,Test,75.0,104.81986570653437
HV_S1_LGBM_seed42,HV,S1,LGBM,1206,Test,80.0,104.81986570653437
HV_S1_LGBM_seed42,HV,S1,LGBM,1207,Test,76.0,104.81986570653437
HV_S1_LGBM_seed42,HV,S1,LGBM,1215,Test,86.0,101.48602156843397
HV_S1_LGBM_seed42,HV,S1,LGBM,1220,Test,83.0,104.33102232572588
HV_S2_LGBM_seed42,HV,S2,LGBM,5,Train,137.0,157.20542786867648
HV_S2_LGBM_seed42,HV,S2,LGBM,6,Train,161.0,167.24492627748216
HV_S2_LGBM_seed42,HV,S2,LGBM,7,Train,246.0,247.69380140548068
HV_S2_LGBM_seed42,HV,S2,LGBM,9,Train,280.0,282.09499037165403
HV_S2_LGBM_seed42,HV,S2,LGBM,10,Train,201.0,200.8594233147436
HV_S2_LGBM_seed42,HV,S2,LGBM,12,Train,151.0,202.19440595736978
HV_S2_LGBM_seed42,HV,S2,LGBM,13,Train,205.0,200.95979373544802
HV_S2_LGBM_seed42,HV,S2,LGBM,14,Train,255.0,246.96846597953768
HV_S2_LGBM_seed42,HV,S2,LGBM,15,Train,246.0,242.06746809433983
HV_S2_LGBM_seed42,HV,S2,LGBM,17,Train,214.0,213.72013861714564
HV_S2_LGBM_seed42,HV,S2,LGBM,18,Train,210.0,216.84877941436312
HV_S2_LGBM_seed42,HV,S2,LGBM,20,Train,93.0,100.63758384275852
HV_S2_LGBM_seed42,HV,S2,LGBM,21,Train,126.0,128.5679869682233
HV_S2_LGBM_seed42,HV,S2,LGBM,22,Train,157.0,187.40788750977978
HV_S2_LGBM_seed42,HV,S2,LGBM,23,Train,207.0,187.40788750977978
HV_S2_LGBM_seed42,HV,S2,LGBM,24,Train,191.0,191.27628811889232
HV_S2_LGBM_seed42,HV,S2,LGBM,28,Train,185.0,202.42720540052667
HV_S2_LGBM_seed42,HV,S2,LGBM,29,Train,211.0,200.00786817791663
HV_S2_LGBM_seed42,HV,S2,LGBM,30,Train,218.0,222.69156690496825
HV_S2_LGBM_seed42,HV,S2,LGBM,31,Train,227.0,210.06186272697445
HV_S2_LGBM_seed42,HV,S2,LGBM,32,Train,199.0,188.16154690055038
HV_S2_LGBM_seed42,HV,S2,LGBM,34,Train,148.0,157.58195412664955
HV_S2_LGBM_seed42,HV,S2,LGBM,35,Train,139.0,143.419174793618
HV_S2_LGBM_seed42,HV,S2,LGBM,36,Train,132.0,139.49186360471413
HV_S2_LGBM_seed42,HV,S2,LGBM,37,Train,221.0,206.2108056233876
HV_S2_LGBM_seed42,HV,S2,LGBM,38,Train,224.0,215.57046677645727
HV_S2_LGBM_seed42,HV,S2,LGBM,39,Train,233.0,222.69156690496825
HV_S2_LGBM_seed42,HV,S2,LGBM,42,Train,192.0,201.4842100175506
HV_S2_LGBM_seed42,HV,S2,LGBM,43,Train,182.0,180.7580782754598
HV_S2_LGBM_seed42,HV,S2,LGBM,44,Train,175.0,176.58574581488003
HV_S2_LGBM_seed42,HV,S2,LGBM,45,Train,174.0,175.43581378967312
HV_S2_LGBM_seed42,HV,S2,LGBM,46,Train,172.0,172.96919803512057
HV_S2_LGBM_seed42,HV,S2,LGBM,47,Train,234.0,200.61323781932415
HV_S2_LGBM_seed42,HV,S2,LGBM,48,Train,260.0,246.96846597953768
HV_S2_LGBM_seed42,HV,S2,LGBM,50,Train,290.0,273.9145883263388
HV_S2_LGBM_seed42,HV,S2,LGBM,51,Train,236.0,231.8190167627893
HV_S2_LGBM_seed42,HV,S2,LGBM,52,Train,216.0,221.46416916412113
HV_S2_LGBM_seed42,HV,S2,LGBM,53,Train,238.0,232.26787224151835
HV_S2_LGBM_seed42,HV,S2,LGBM,56,Train,143.0,170.2181829372994
HV_S2_LGBM_seed42,HV,S2,LGBM,57,Train,191.0,186.91723002323576
HV_S2_LGBM_seed42,HV,S2,LGBM,58,Train,200.0,182.8080705006828
HV_S2_LGBM_seed42,HV,S2,LGBM,59,Train,176.0,155.9613732611036
HV_S2_LGBM_seed42,HV,S2,LGBM,61,Train,300.0,278.08668462670653
HV_S2_LGBM_seed42,HV,S2,LGBM,63,Train,222.0,222.22745801611623
HV_S2_LGBM_seed42,HV,S2,LGBM,64,Train,226.0,222.72069204509242
HV_S2_LGBM_seed42,HV,S2,LGBM,66,Train,217.0,222.81837499136657
HV_S2_LGBM_seed42,HV,S2,LGBM,68,Train,188.0,180.37711420104074
HV_S2_LGBM_seed42,HV,S2,LGBM,71,Train,225.0,202.67675309424962
HV_S2_LGBM_seed42,HV,S2,LGBM,72,Train,230.0,222.22745801611623
HV_S2_LGBM_seed42,HV,S2,LGBM,73,Train,234.0,230.06424789579236
HV_S2_LGBM_seed42,HV,S2,LGBM,75,Train,228.0,234.35902858641052
HV_S2_LGBM_seed42,HV,S2,LGBM,76,Train,217.0,210.24140719704326
HV_S2_LGBM_seed42,HV,S2,LGBM,79,Train,186.0,175.43581378967312
HV_S2_LGBM_seed42,HV,S2,LGBM,80,Train,199.0,197.5925982669345
HV_S2_LGBM_seed42,HV,S2,LGBM,82,Train,244.0,246.96846597953768
HV_S2_LGBM_seed42,HV,S2,LGBM,83,Train,214.0,190.93050232972902
HV_S2_LGBM_seed42,HV,S2,LGBM,84,Train,282.0,281.6337702196296
HV_S2_LGBM_seed42,HV,S2,LGBM,85,Train,237.0,226.0546272405283
HV_S2_LGBM_seed42,HV,S2,LGBM,86,Train,237.0,222.54600199054514
HV_S2_LGBM_seed42,HV,S2,LGBM,89,Train,120.0,128.5679869682233
HV_S2_LGBM_seed42,HV,S2,LGBM,91,Train,204.0,187.40788750977978
HV_S2_LGBM_seed42,HV,S2,LGBM,92,Train,189.0,184.886522278103
HV_S2_LGBM_seed42,HV,S2,LGBM,93,Train,153.0,145.03056238031107
HV_S2_LGBM_seed42,HV,S2,LGBM,94,Train,245.0,241.36279154898017
HV_S2_LGBM_seed42,HV,S2,LGBM,96,Train,198.0,204.35928381556883
HV_S2_LGBM_seed42,HV,S2,LGBM,97,Train,204.0,203.37663889842375
HV_S2_LGBM_seed42,HV,S2,LGBM,99,Train,219.0,222.5050207122954
HV_S2_LGBM_seed42,HV,S2,LGBM,101,Train,185.0,190.41519498078924
HV_S2_LGBM_seed42,HV,S2,LGBM,102,Train,169.0,167.34405775325243
HV_S2_LGBM_seed42,HV,S2,LGBM,103,Train,156.0,155.5901890356076
HV_S2_LGBM_seed42,HV,S2,LGBM,104,Train,147.0,153.2436185669595
HV_S2_LGBM_seed42,HV,S2,LGBM,105,Train,215.0,208.3971885082738
HV_S2_LGBM_seed42,HV,S2,LGBM,106,Train,218.0,219.63883010124425
HV_S2_LGBM_seed42,HV,S2,LGBM,107,Train,225.0,222.69156690496825
HV_S2_LGBM_seed42,HV,S2,LGBM,109,Train,221.0,214.57252638176803
HV_S2_LGBM_seed42,HV,S2,LGBM,110,Train,210.0,206.81354501300396
HV_S2_LGBM_seed42,HV,S2,LGBM,111,Train,194.0,186.30296958992113
HV_S2_LGBM_seed42,HV,S2,LGBM,114,Train,214.0,202.15752072510892
HV_S2_LGBM_seed42,HV,S2,LGBM,115,Train,223.0,222.5050207122954
HV_S2_LGBM_seed42,HV,S2,LGBM,116,Train,226.0,219.57451048950276
HV_S2_LGBM_seed42,HV,S2,LGBM,117,Train,193.0,217.56161487638084
HV_S2_LGBM_seed42,HV,S2,LGBM,118,Train,277.0,259.6619952424533
HV_S2_LGBM_seed42,HV,S2,LGBM,120,Train,254.0,237.67807994695607
HV_S2_LGBM_seed42,HV,S2,LGBM,123,Train,181.0,187.40788750977978
HV_S2_LGBM_seed42,HV,S2,LGBM,124,Train,210.0,188.78093654727343
HV_S2_LGBM_seed42,HV,S2,LGBM,125,Train,173.0,187.40788750977978
HV_S2_LGBM_seed42,HV,S2,LGBM,127,Train,212.0,209.73794124417248
HV_S2_LGBM_seed42,HV,S2,LGBM,129,Train,300.0,280.92732115443175
HV_S2_LGBM_seed42,HV,S2,LGBM,130,Train,218.0,208.49885817882918
HV_S2_LGBM_seed42,HV,S2,LGBM,131,Train,215.0,209.71178636014355
HV_S2_LGBM_seed42,HV,S2,LGBM,132,Train,210.0,234.8210317273009
HV_S2_LGBM_seed42,HV,S2,LGBM,133,Train,165.0,164.72553269947554
HV_S2_LGBM_seed42,HV,S2,LGBM,134,Train,269.0,255.33544286942953
HV_S2_LGBM_seed42,HV,S2,LGBM,136,Train,175.0,202.67675309424962
HV_S2_LGBM_seed42,HV,S2,LGBM,137,Train,178.0,198.27479955215023
HV_S2_LGBM_seed42,HV,S2,LGBM,138,Train,197.0,212.65953351071255
HV_S2_LGBM_seed42,HV,S2,LGBM,139,Train,195.0,203.44847538234978
HV_S2_LGBM_seed42,HV,S2,LGBM,140,Train,192.0,198.65107917363926
HV_S2_LGBM_seed42,HV,S2,LGBM,141,Train,166.0,169.2949393515772
HV_S2_LGBM_seed42,HV,S2,LGBM,142,Train,155.0,158.79882251820882
HV_S2_LGBM_seed42,HV,S2,LGBM,144,Train,132.0,129.96697968982502
HV_S2_LGBM_seed42,HV,S2,LGBM,145,Train,219.0,202.19440595736978
HV_S2_LGBM_seed42,HV,S2,LGBM,146,Train,211.0,210.5874801906125
HV_S2_LGBM_seed42,HV,S2,LGBM,147,Train,190.0,160.67325827466402
HV_S2_LGBM_seed42,HV,S2,LGBM,148,Train,146.0,180.48124374144567
HV_S2_LGBM_seed42,HV,S2,LGBM,149,Train,267.0,248.35028701518274
HV_S2_LGBM_seed42,HV,S2,LGBM,150,Train,213.0,230.99237131851842
HV_S2_LGBM_seed42,HV,S2,LGBM,152,Train,143.0,162.85025337070968
HV_S2_LGBM_seed42,HV,S2,LGBM,157,Train,275.0,275.23056700849975
HV_S2_LGBM_seed42,HV,S2,LGBM,158,Train,226.0,217.1532049903661
HV_S2_LGBM_seed42,HV,S2,LGBM,159,Train,207.0,208.5342389652055
HV_S2_LGBM_seed42,HV,S2,LGBM,160,Train,166.0,180.1470985075027
HV_S2_LGBM_seed42,HV,S2,LGBM,161,Train,132.0,160.67325827466402
HV_S2_LGBM_seed42,HV,S2,LGBM,162,Train,246.0,259.6619952424533
HV_S2_LGBM_seed42,HV,S2,LGBM,163,Train,264.0,257.48324441896784
HV_S2_LGBM_seed42,HV,S2,LGBM,164,Train,141.0,144.10334629852795
HV_S2_LGBM_seed42,HV,S2,LGBM,165,Train,212.0,203.79192464313795
HV_S2_LGBM_seed42,HV,S2,LGBM,166,Train,186.0,176.37378101757255
HV_S2_LGBM_seed42,HV,S2,LGBM,167,Train,142.0,150.50443405718116
HV_S2_LGBM_seed42,HV,S2,LGBM,168,Train,113.0,128.68400659776623
HV_S2_LGBM_seed42,HV,S2,LGBM,169,Train,214.0,218.34059113585258
HV_S2_LGBM_seed42,HV,S2,LGBM,170,Train,158.0,169.80049146109124
HV_S2_LGBM_seed42,HV,S2,LGBM,172,Train,138.0,165.7280896520668
HV_S2_LGBM_seed42,HV,S2,LGBM,195,Train,66.0,63.832281016299305
HV_S2_LGBM_seed42,HV,S2,LGBM,196,Train,67.0,64.19206653873043
HV_S2_LGBM_seed42,HV,S2,LGBM,197,Train,65.0,68.29600052063284
HV_S2_LGBM_seed42,HV,S2,LGBM,198,Train,62.0,66.67607214835787
HV_S2_LGBM_seed42,HV,S2,LGBM,199,Train,64.0,62.84747955051157
HV_S2_LGBM_seed42,HV,S2,LGBM,200,Train,65.0,63.125011921131986
HV_S2_LGBM_seed42,HV,S2,LGBM,201,Train,68.0,64.19206653873043
HV_S2_LGBM_seed42,HV,S2,LGBM,202,Train,65.0,68.29600052063284
HV_S2_LGBM_seed42,HV,S2,LGBM,203,Train,61.0,66.52376247191897
HV_S2_LGBM_seed42,HV,S2,LGBM,205,Train,65.0,71.65202927577616
HV_S2_LGBM_seed42,HV,S2,LGBM,206,Train,166.0,173.46418341478497
HV_S2_LGBM_seed42,HV,S2,LGBM,207,Train,209.0,202.53638116962432
HV_S2_LGBM_seed42,HV,S2,LGBM,208,Train,70.0,76.85120467212693
HV_S2_LGBM_seed42,HV,S2,LGBM,209,Train,130.0,137.99469299225007
HV_S2_LGBM_seed42,HV,S2,LGBM,211,Train,69.0,63.573146632703924
HV_S2_LGBM_seed42,HV,S2,LGBM,212,Train,105.0,148.73603275221097
HV_S2_LGBM_seed42,HV,S2,LGBM,213,Train,179.0,170.56489425325577
HV_S2_LGBM_seed42,HV,S2,LGBM,215,Train,70.0,125.39086462540442
HV_S2_LGBM_seed42,HV,S2,LGBM,216,Train,175.0,181.47622296000105
HV_S2_LGBM_seed42,HV,S2,LGBM,217,Train,66.0,63.832281016299305
HV_S2_LGBM_seed42,HV,S2,LGBM,218,Train,66.0,64.68783362094914
HV_S2_LGBM_seed42,HV,S2,LGBM,219,Train,65.0,68.29600052063284
HV_S2_LGBM_seed42,HV,S2,LGBM,220,Train,63.0,66.67607214835787
HV_S2_LGBM_seed42,HV,S2,LGBM,221,Train,66.0,62.84747955051157
HV_S2_LGBM_seed42,HV,S2,LGBM,222,Train,72.0,83.43009611140515
HV_S2_LGBM_seed42,HV,S2,LGBM,223,Train,65.0,63.832281016299305
HV_S2_LGBM_seed42,HV,S2,LGBM,224,Train,66.0,65.09599878226436
HV_S2_LGBM_seed42,HV,S2,LGBM,225,Train,68.0,71.67028572903122
HV_S2_LGBM_seed42,HV,S2,LGBM,226,Train,73.0,71.22025957033048
HV_S2_LGBM_seed42,HV,S2,LGBM,227,Train,69.0,65.38748453713201
HV_S2_LGBM_seed42,HV,S2,LGBM,229,Train,220.0,218.60345239436816
HV_S2_LGBM_seed42,HV,S2,LGBM,230,Train,70.0,67.37178967193606
HV_S2_LGBM_seed42,HV,S2,LGBM,231,Train,164.0,175.26869494775337
HV_S2_LGBM_seed42,HV,S2,LGBM,232,Train,212.0,216.5955463452041
HV_S2_LGBM_seed42,HV,S2,LGBM,233,Train,66.0,67.1851139374237
HV_S2_LGBM_seed42,HV,S2,LGBM,236,Train,64.0,62.33023940997852
HV_S2_LGBM_seed42,HV,S2,LGBM,237,Train,107.0,137.86868064389262
HV_S2_LGBM_seed42,HV,S2,LGBM,238,Train,185.0,184.05088740886825
HV_S2_LGBM_seed42,HV,S2,LGBM,239,Train,77.0,69.86352545057744
HV_S2_LGBM_seed42,HV,S2,LGBM,240,Train,192.0,176.88278730217522
HV_S2_LGBM_seed42,HV,S2,LGBM,241,Train,215.0,215.54340436879173
HV_S2_LGBM_seed42,HV,S2,LGBM,242,Train,70.0,73.61572497182895
HV_S2_LGBM_seed42,HV,S2,LGBM,243,Train,179.0,177.70832912313625
HV_S2_LGBM_seed42,HV,S2,LGBM,247,Train,184.0,166.63021888249068
HV_S2_LGBM_seed42,HV,S2,LGBM,248,Train,64.0,63.22557302052539
HV_S2_LGBM_seed42,HV,S2,LGBM,249,Train,138.0,133.7394945736033
HV_S2_LGBM_seed42,HV,S2,LGBM,250,Train,182.0,184.05088740886825
HV_S2_LGBM_seed42,HV,S2,LGBM,251,Train,64.0,65.35542991537565
HV_S2_LGBM_seed42,HV,S2,LGBM,252,Train,67.0,65.99279675031885
HV_S2_LGBM_seed42,HV,S2,LGBM,253,Train,80.0,73.51275819697973
HV_S2_LGBM_seed42,HV,S2,LGBM,255,Train,75.0,74.97069962387887
HV_S2_LGBM_seed42,HV,S2,LGBM,258,Train,69.0,77.75414565717313
HV_S2_LGBM_seed42,HV,S2,LGBM,259,Train,94.0,93.6708395754769
HV_S2_LGBM_seed42,HV,S2,LGBM,260,Train,99.0,95.34007408155479
HV_S2_LGBM_seed42,HV,S2,LGBM,261,Train,77.0,77.24187683822626
HV_S2_LGBM_seed42,HV,S2,LGBM,269,Train,72.0,69.7361233439244
HV_S2_LGBM_seed42,HV,S2,LGBM,270,Train,218.0,203.0634289037651
HV_S2_LGBM_seed42,HV,S2,LGBM,271,Train,67.0,69.68283474831632
HV_S2_LGBM_seed42,HV,S2,LGBM,272,Train,186.0,180.03263364250984
HV_S2_LGBM_seed42,HV,S2,LGBM,273,Train,222.0,217.6783468787211
HV_S2_LGBM_seed42,HV,S2,LGBM,274,Train,70.0,72.78667184546138
HV_S2_LGBM_seed42,HV,S2,LGBM,276,Train,200.0,192.62269440293483
HV_S2_LGBM_seed42,HV,S2,LGBM,277,Train,60.0,68.68493349448445
HV_S2_LGBM_seed42,HV,S2,LGBM,278,Train,158.0,160.74528784088955
HV_S2_LGBM_seed42,HV,S2,LGBM,279,Train,189.0,180.89117119364568
HV_S2_LGBM_seed42,HV,S2,LGBM,280,Train,67.0,71.57252812792805
HV_S2_LGBM_seed42,HV,S2,LGBM,281,Train,81.0,87.97848840959595
HV_S2_LGBM_seed42,HV,S2,LGBM,282,Train,118.0,106.31013208091849
HV_S2_LGBM_seed42,HV,S2,LGBM,283,Train,107.0,101.79891411889297
HV_S2_LGBM_seed42,HV,S2,LGBM,293,Train,230.0,224.22717298633432
HV_S2_LGBM_seed42,HV,S2,LGBM,294,Train,77.0,76.75712631027355
HV_S2_LGBM_seed42,HV,S2,LGBM,297,Train,111.0,117.6081679771033
HV_S2_LGBM_seed42,HV,S2,LGBM,298,Train,86.0,96.59588348498643
HV_S2_LGBM_seed42,HV,S2,LGBM,309,Train,74.0,78.74388773983944
HV_S2_LGBM_seed42,HV,S2,LGBM,310,Train,197.0,187.52356800344887
HV_S2_LGBM_seed42,HV,S2,LGBM,311,Train,212.0,213.1875079319329
HV_S2_LGBM_seed42,HV,S2,LGBM,312,Train,66.0,65.78978958644605
HV_S2_LGBM_seed42,HV,S2,LGBM,313,Train,185.0,182.80503387890192
HV_S2_LGBM_seed42,HV,S2,LGBM,314,Train,228.0,220.74358504435253
HV_S2_LGBM_seed42,HV,S2,LGBM,315,Train,70.0,64.9224452316387
HV_S2_LGBM_seed42,HV,S2,LGBM,316,Train,170.0,164.9551705157559
HV_S2_LGBM_seed42,HV,S2,LGBM,317,Train,192.0,198.1360741900866
HV_S2_LGBM_seed42,HV,S2,LGBM,318,Train,70.0,68.21678745930019
HV_S2_LGBM_seed42,HV,S2,LGBM,319,Train,165.0,125.39086462540442
HV_S2_LGBM_seed42,HV,S2,LGBM,320,Train,192.0,184.31137072191876
HV_S2_LGBM_seed42,HV,S2,LGBM,322,Train,102.0,111.85187684787971
HV_S2_LGBM_seed42,HV,S2,LGBM,323,Train,125.0,136.60211292366986
HV_S2_LGBM_seed42,HV,S2,LGBM,324,Train,98.0,98.59640936599553
HV_S2_LGBM_seed42,HV,S2,LGBM,325,Train,119.0,115.15995934988052
HV_S2_LGBM_seed42,HV,S2,LGBM,327,Train,112.0,105.71129058656967
HV_S2_LGBM_seed42,HV,S2,LGBM,328,Train,86.0,85.07888186525258
HV_S2_LGBM_seed42,HV,S2,LGBM,329,Train,224.0,230.300810064232
HV_S2_LGBM_seed42,HV,S2,LGBM,337,Train,86.0,78.74388773983944
HV_S2_LGBM_seed42,HV,S2,LGBM,339,Train,209.0,204.12383149715134
HV_S2_LGBM_seed42,HV,S2,LGBM,340,Train,68.0,69.15725349961554
HV_S2_LGBM_seed42,HV,S2,LGBM,344,Train,181.0,166.86093017876237
HV_S2_LGBM_seed42,HV,S2,LGBM,345,Train,203.0,198.82946827389569
HV_S2_LGBM_seed42,HV,S2,LGBM,346,Train,61.0,59.12962011712605
HV_S2_LGBM_seed42,HV,S2,LGBM,347,Train,175.0,159.79041970480523
HV_S2_LGBM_seed42,HV,S2,LGBM,348,Train,205.0,205.39726263303473
HV_S2_LGBM_seed42,HV,S2,LGBM,351,Train,237.0,220.4443230052619
HV_S2_LGBM_seed42,HV,S2,LGBM,353,Train,106.0,115.39384201813475
HV_S2_LGBM_seed42,HV,S2,LGBM,354,Train,129.0,130.62798819533845
HV_S2_LGBM_seed42,HV,S2,LGBM,355,Train,175.0,159.06508063400133
HV_S2_LGBM_seed42,HV,S2,LGBM,356,Train,109.0,111.87355257246745
HV_S2_LGBM_seed42,HV,S2,LGBM,357,Train,124.0,120.67723510121604
HV_S2_LGBM_seed42,HV,S2,LGBM,358,Train,122.0,126.65587249462088
HV_S2_LGBM_seed42,HV,S2,LGBM,359,Train,107.0,108.52716408583017
HV_S2_LGBM_seed42,HV,S2,LGBM,365,Train,261.0,248.02853334771095
HV_S2_LGBM_seed42,HV,S2,LGBM,367,Train,201.0,187.0048094546924
HV_S2_LGBM_seed42,HV,S2,LGBM,369,Train,193.0,195.80543769963091
HV_S2_LGBM_seed42,HV,S2,LGBM,372,Train,176.0,187.897820841243
HV_S2_LGBM_seed42,HV,S2,LGBM,373,Train,169.0,164.41384454667363
HV_S2_LGBM_seed42,HV,S2,LGBM,374,Train,161.0,169.01916921887337
HV_S2_LGBM_seed42,HV,S2,LGBM,375,Train,216.0,214.6469139644998
HV_S2_LGBM_seed42,HV,S2,LGBM,376,Train,191.0,181.50503892049514
HV_S2_LGBM_seed42,HV,S2,LGBM,377,Train,172.0,166.96765759490438
HV_S2_LGBM_seed42,HV,S2,LGBM,384,Train,116.0,107.41058753682901
HV_S2_LGBM_seed42,HV,S2,LGBM,385,Train,175.0,175.515639423405
HV_S2_LGBM_seed42,HV,S2,LGBM,387,Train,69.0,65.6923542297157
HV_S2_LGBM_seed42,HV,S2,LGBM,388,Train,185.0,185.06672199407205
HV_S2_LGBM_seed42,HV,S2,LGBM,389,Train,177.0,175.02033939178318
HV_S2_LGBM_seed42,HV,S2,LGBM,390,Train,68.0,69.54667492190468
HV_S2_LGBM_seed42,HV,S2,LGBM,391,Train,178.0,174.42814653652297
HV_S2_LGBM_seed42,HV,S2,LGBM,392,Train,63.0,64.51700175019702
HV_S2_LGBM_seed42,HV,S2,LGBM,393,Train,172.0,157.87917378618118
HV_S2_LGBM_seed42,HV,S2,LGBM,394,Train,200.0,197.61560816948904
HV_S2_LGBM_seed42,HV,S2,LGBM,395,Train,154.0,165.15184517941776
HV_S2_LGBM_seed42,HV,S2,LGBM,396,Train,107.0,126.5619620127822
HV_S2_LGBM_seed42,HV,S2,LGBM,398,Train,167.0,148.2767032758161
HV_S2_LGBM_seed42,HV,S2,LGBM,400,Train,124.0,123.38681333857497
HV_S2_LGBM_seed42,HV,S2,LGBM,402,Train,107.0,109.55151233318499
HV_S2_LGBM_seed42,HV,S2,LGBM,403,Train,89.0,87.88366086296314
HV_S2_LGBM_seed42,HV,S2,LGBM,410,Train,172.0,188.47004259016393
HV_S2_LGBM_seed42,HV,S2,LGBM,412,Train,72.0,75.4357067310921
HV_S2_LGBM_seed42,HV,S2,LGBM,413,Train,167.0,161.63040397871754
HV_S2_LGBM_seed42,HV,S2,LGBM,414,Train,162.0,158.14110650427213
HV_S2_LGBM_seed42,HV,S2,LGBM,418,Train,123.0,124.30764165752255
HV_S2_LGBM_seed42,HV,S2,LGBM,419,Train,107.0,106.64834243373951
HV_S2_LGBM_seed42,HV,S2,LGBM,420,Train,88.0,85.77207038523578
HV_S2_LGBM_seed42,HV,S2,LGBM,421,Train,177.0,183.0645611439917
HV_S2_LGBM_seed42,HV,S2,LGBM,423,Train,110.0,109.44251716120618
HV_S2_LGBM_seed42,HV,S2,LGBM,424,Train,75.0,69.15725349961554
HV_S2_LGBM_seed42,HV,S2,LGBM,425,Train,176.0,166.86093017876237
HV_S2_LGBM_seed42,HV,S2,LGBM,426,Train,134.0,151.08433602487835
HV_S2_LGBM_seed42,HV,S2,LGBM,428,Train,200.0,194.45249483723924
HV_S2_LGBM_seed42,HV,S2,LGBM,430,Train,139.0,146.33544203948367
HV_S2_LGBM_seed42,HV,S2,LGBM,432,Train,116.0,115.49998685381453
HV_S2_LGBM_seed42,HV,S2,LGBM,433,Train,126.0,122.1991476489366
HV_S2_LGBM_seed42,HV,S2,LGBM,434,Train,122.0,123.91643820312737
HV_S2_LGBM_seed42,HV,S2,LGBM,435,Train,108.0,105.63771479786759
HV_S2_LGBM_seed42,HV,S2,LGBM,436,Train,85.0,86.9954180238133
HV_S2_LGBM_seed42,HV,S2,LGBM,438,Train,131.0,154.6724433461646
HV_S2_LGBM_seed42,HV,S2,LGBM,440,Train,158.0,163.92301498507598
HV_S2_LGBM_seed42,HV,S2,LGBM,441,Train,161.0,150.85479004535568
HV_S2_LGBM_seed42,HV,S2,LGBM,442,Train,86.0,81.65608622959243
HV_S2_LGBM_seed42,HV,S2,LGBM,443,Train,176.0,168.78065961753052
HV_S2_LGBM_seed42,HV,S2,LGBM,445,Train,77.0,74.38935461845588
HV_S2_LGBM_seed42,HV,S2,LGBM,446,Train,172.0,168.05905120332127
HV_S2_LGBM_seed42,HV,S2,LGBM,449,Train,111.0,108.7837014498301
HV_S2_LGBM_seed42,HV,S2,LGBM,450,Train,103.0,135.73400274325277
HV_S2_LGBM_seed42,HV,S2,LGBM,452,Train,131.0,131.4704518615438
HV_S2_LGBM_seed42,HV,S2,LGBM,453,Train,140.0,132.76865350668143
HV_S2_LGBM_seed42,HV,S2,LGBM,454,Train,200.0,181.27618479492082
HV_S2_LGBM_seed42,HV,S2,LGBM,455,Train,132.0,151.20866793343046
HV_S2_LGBM_seed42,HV,S2,LGBM,456,Train,122.0,133.5235474260122
HV_S2_LGBM_seed42,HV,S2,LGBM,457,Train,218.0,221.07266369449664
HV_S2_LGBM_seed42,HV,S2,LGBM,458,Train,237.0,219.35800220861304
HV_S2_LGBM_seed42,HV,S2,LGBM,459,Train,203.0,190.98235861991887
HV_S2_LGBM_seed42,HV,S2,LGBM,460,Train,204.0,203.72411566065938
HV_S2_LGBM_seed42,HV,S2,LGBM,461,Train,206.0,207.4686549821129
HV_S2_LGBM_seed42,HV,S2,LGBM,462,Train,224.0,224.82904155222883
HV_S2_LGBM_seed42,HV,S2,LGBM,463,Train,198.0,203.46037299593425
HV_S2_LGBM_seed42,HV,S2,LGBM,464,Train,218.0,216.31777008530295
HV_S2_LGBM_seed42,HV,S2,LGBM,465,Train,220.0,219.35800220861304
HV_S2_LGBM_seed42,HV,S2,LGBM,466,Train,230.0,219.35800220861304
HV_S2_LGBM_seed42,HV,S2,LGBM,468,Train,205.0,196.19092348835977
HV_S2_LGBM_seed42,HV,S2,LGBM,469,Train,228.0,228.84337118916778
HV_S2_LGBM_seed42,HV,S2,LGBM,470,Train,232.0,229.60368699290277
HV_S2_LGBM_seed42,HV,S2,LGBM,471,Train,218.0,216.55259890078284
HV_S2_LGBM_seed42,HV,S2,LGBM,472,Train,223.0,218.62704830055614
HV_S2_LGBM_seed42,HV,S2,LGBM,473,Train,232.0,224.02905076155469
HV_S2_LGBM_seed42,HV,S2,LGBM,474,Train,182.0,206.00516338057378
HV_S2_LGBM_seed42,HV,S2,LGBM,475,Train,214.0,220.44333761272424
HV_S2_LGBM_seed42,HV,S2,LGBM,476,Train,229.0,220.44333761272424
HV_S2_LGBM_seed42,HV,S2,LGBM,477,Train,231.0,219.25107339281038
HV_S2_LGBM_seed42,HV,S2,LGBM,478,Train,210.0,219.25107339281038
HV_S2_LGBM_seed42,HV,S2,LGBM,479,Train,177.0,196.90774734787638
HV_S2_LGBM_seed42,HV,S2,LGBM,481,Train,174.0,180.62138659695094
HV_S2_LGBM_seed42,HV,S2,LGBM,482,Train,206.0,206.49139057395485
HV_S2_LGBM_seed42,HV,S2,LGBM,483,Train,208.0,210.68572482483586
HV_S2_LGBM_seed42,HV,S2,LGBM,484,Train,211.0,207.78171018787154
HV_S2_LGBM_seed42,HV,S2,LGBM,485,Train,186.0,197.69526735847066
HV_S2_LGBM_seed42,HV,S2,LGBM,486,Train,150.0,171.82999777691555
HV_S2_LGBM_seed42,HV,S2,LGBM,487,Train,224.0,219.5567149022481
HV_S2_LGBM_seed42,HV,S2,LGBM,488,Train,176.0,184.09413823133414
HV_S2_LGBM_seed42,HV,S2,LGBM,489,Train,194.0,189.115612343927
HV_S2_LGBM_seed42,HV,S2,LGBM,491,Train,224.0,224.61271715210415
HV_S2_LGBM_seed42,HV,S2,LGBM,492,Train,219.0,216.68891331689264
HV_S2_LGBM_seed42,HV,S2,LGBM,493,Train,181.0,199.66996065822826
HV_S2_LGBM_seed42,HV,S2,LGBM,494,Train,227.0,199.97423768630694
HV_S2_LGBM_seed42,HV,S2,LGBM,495,Train,175.0,199.97423768630694
HV_S2_LGBM_seed42,HV,S2,LGBM,496,Train,196.0,199.97423768630694
HV_S2_LGBM_seed42,HV,S2,LGBM,498,Train,226.0,199.97423768630694
HV_S2_LGBM_seed42,HV,S2,LGBM,500,Train,164.0,199.97423768630694
HV_S2_LGBM_seed42,HV,S2,LGBM,501,Train,221.0,209.1391180018977
HV_S2_LGBM_seed42,HV,S2,LGBM,502,Train,185.0,179.18029014845578
HV_S2_LGBM_seed42,HV,S2,LGBM,503,Train,213.0,203.62120492557642
HV_S2_LGBM_seed42,HV,S2,LGBM,504,Train,202.0,196.07329515567113
HV_S2_LGBM_seed42,HV,S2,LGBM,505,Train,229.0,219.25107339281038
HV_S2_LGBM_seed42,HV,S2,LGBM,506,Train,217.0,215.24069197900698
HV_S2_LGBM_seed42,HV,S2,LGBM,507,Train,212.0,193.76576170538232
HV_S2_LGBM_seed42,HV,S2,LGBM,509,Train,232.0,235.3657833490433
HV_S2_LGBM_seed42,HV,S2,LGBM,510,Train,214.0,212.853636696029
HV_S2_LGBM_seed42,HV,S2,LGBM,511,Train,229.0,225.93516863475486
HV_S2_LGBM_seed42,HV,S2,LGBM,512,Train,200.0,203.8132924674892
HV_S2_LGBM_seed42,HV,S2,LGBM,516,Train,188.0,187.46473301367374
HV_S2_LGBM_seed42,HV,S2,LGBM,517,Train,214.0,219.25107339281038
HV_S2_LGBM_seed42,HV,S2,LGBM,518,Train,205.0,211.5339555654345
HV_S2_LGBM_seed42,HV,S2,LGBM,520,Train,157.0,169.30431223845625
HV_S2_LGBM_seed42,HV,S2,LGBM,521,Train,230.0,226.03515170648748
HV_S2_LGBM_seed42,HV,S2,LGBM,523,Train,228.0,217.5023132286995
HV_S2_LGBM_seed42,HV,S2,LGBM,524,Train,170.0,184.2091359565579
HV_S2_LGBM_seed42,HV,S2,LGBM,526,Train,208.0,199.67595353813456
HV_S2_LGBM_seed42,HV,S2,LGBM,527,Train,229.0,228.91301571873987
HV_S2_LGBM_seed42,HV,S2,LGBM,528,Train,220.0,218.6640792356139
HV_S2_LGBM_seed42,HV,S2,LGBM,529,Train,189.0,203.0046715739105
HV_S2_LGBM_seed42,HV,S2,LGBM,530,Train,168.0,165.25805821411285
HV_S2_LGBM_seed42,HV,S2,LGBM,532,Train,209.0,212.89979262732467
HV_S2_LGBM_seed42,HV,S2,LGBM,533,Train,269.0,269.3992008290258
HV_S2_LGBM_seed42,HV,S2,LGBM,536,Train,333.0,323.10655023785176
HV_S2_LGBM_seed42,HV,S2,LGBM,538,Train,265.0,271.9016474611769
HV_S2_LGBM_seed42,HV,S2,LGBM,540,Train,306.0,316.62824825545886
HV_S2_LGBM_seed42,HV,S2,LGBM,541,Train,330.0,330.010444758833
HV_S2_LGBM_seed42,HV,S2,LGBM,542,Train,317.0,317.08185946009047
HV_S2_LGBM_seed42,HV,S2,LGBM,543,Train,331.0,336.8920927875069
HV_S2_LGBM_seed42,HV,S2,LGBM,544,Train,333.0,333.09887768426415
HV_S2_LGBM_seed42,HV,S2,LGBM,545,Train,304.0,291.3993366758895
HV_S2_LGBM_seed42,HV,S2,LGBM,547,Train,227.0,245.94744324883564
HV_S2_LGBM_seed42,HV,S2,LGBM,548,Train,267.0,259.6398594024783
HV_S2_LGBM_seed42,HV,S2,LGBM,549,Train,262.0,259.82540321459715
HV_S2_LGBM_seed42,HV,S2,LGBM,550,Train,271.0,273.7990341347226
HV_S2_LGBM_seed42,HV,S2,LGBM,552,Train,290.0,296.97369069865766
HV_S2_LGBM_seed42,HV,S2,LGBM,554,Train,338.0,330.9424142096121
HV_S2_LGBM_seed42,HV,S2,LGBM,555,Train,328.0,335.41613313104415
HV_S2_LGBM_seed42,HV,S2,LGBM,556,Train,278.0,278.0877060092571
HV_S2_LGBM_seed42,HV,S2,LGBM,557,Train,292.0,292.4676710876045
HV_S2_LGBM_seed42,HV,S2,LGBM,558,Train,297.0,297.2202934997516
HV_S2_LGBM_seed42,HV,S2,LGBM,559,Train,342.0,337.14594054378756
HV_S2_LGBM_seed42,HV,S2,LGBM,560,Train,336.0,336.2210907369032
HV_S2_LGBM_seed42,HV,S2,LGBM,561,Train,281.0,274.30072044679645
HV_S2_LGBM_seed42,HV,S2,LGBM,562,Train,285.0,292.01248991843926
HV_S2_LGBM_seed42,HV,S2,LGBM,563,Train,286.0,297.78444075245716
HV_S2_LGBM_seed42,HV,S2,LGBM,565,Train,345.0,344.0199008251924
HV_S2_LGBM_seed42,HV,S2,LGBM,566,Train,344.0,335.65370087337567
HV_S2_LGBM_seed42,HV,S2,LGBM,567,Train,318.0,311.62010217305266
HV_S2_LGBM_seed42,HV,S2,LGBM,568,Train,326.0,321.25209871183176
HV_S2_LGBM_seed42,HV,S2,LGBM,569,Train,336.0,344.00246434103883
HV_S2_LGBM_seed42,HV,S2,LGBM,570,Train,338.0,330.77425070447634
HV_S2_LGBM_seed42,HV,S2,LGBM,571,Train,284.0,288.99860120032946
HV_S2_LGBM_seed42,HV,S2,LGBM,572,Train,258.0,261.1748277359422
HV_S2_LGBM_seed42,HV,S2,LGBM,573,Train,252.0,252.3780448191452
HV_S2_LGBM_seed42,HV,S2,LGBM,574,Train,245.0,256.1522809367903
HV_S2_LGBM_seed42,HV,S2,LGBM,575,Train,243.0,237.33361763456261
HV_S2_LGBM_seed42,HV,S2,LGBM,577,Train,339.0,338.7222526097553
HV_S2_LGBM_seed42,HV,S2,LGBM,578,Train,344.0,343.47922678085314
HV_S2_LGBM_seed42,HV,S2,LGBM,580,Train,293.0,291.6419282497063
HV_S2_LGBM_seed42,HV,S2,LGBM,581,Train,294.0,302.298688528387
HV_S2_LGBM_seed42,HV,S2,LGBM,582,Train,329.0,326.72427430166806
HV_S2_LGBM_seed42,HV,S2,LGBM,583,Train,348.0,346.3611617205343
HV_S2_LGBM_seed42,HV,S2,LGBM,584,Train,330.0,336.8916849576183
HV_S2_LGBM_seed42,HV,S2,LGBM,585,Train,273.0,270.15479266956174
HV_S2_LGBM_seed42,HV,S2,LGBM,586,Train,251.0,246.59368404175717
HV_S2_LGBM_seed42,HV,S2,LGBM,588,Train,239.0,231.6292647720406
HV_S2_LGBM_seed42,HV,S2,LGBM,589,Train,232.0,229.7669059503596
HV_S2_LGBM_seed42,HV,S2,LGBM,590,Train,294.0,294.1801624404245
HV_S2_LGBM_seed42,HV,S2,LGBM,591,Train,290.0,289.97545113707355
HV_S2_LGBM_seed42,HV,S2,LGBM,592,Train,338.0,334.6364979660495
HV_S2_LGBM_seed42,HV,S2,LGBM,593,Train,329.0,331.252844214361
HV_S2_LGBM_seed42,HV,S2,LGBM,594,Train,285.0,286.01612270797335
HV_S2_LGBM_seed42,HV,S2,LGBM,595,Train,297.0,298.7793786683651
HV_S2_LGBM_seed42,HV,S2,LGBM,596,Train,302.0,291.7928040674636
HV_S2_LGBM_seed42,HV,S2,LGBM,597,Train,343.0,340.7668446137152
HV_S2_LGBM_seed42,HV,S2,LGBM,598,Train,340.0,342.3514809099704
HV_S2_LGBM_seed42,HV,S2,LGBM,599,Train,341.0,340.7668446137152
HV_S2_LGBM_seed42,HV,S2,LGBM,600,Train,313.0,297.7547660214502
HV_S2_LGBM_seed42,HV,S2,LGBM,601,Train,321.0,328.13076844220456
HV_S2_LGBM_seed42,HV,S2,LGBM,602,Train,350.0,348.9347511471224
HV_S2_LGBM_seed42,HV,S2,LGBM,603,Train,313.0,317.5503739793437
HV_S2_LGBM_seed42,HV,S2,LGBM,604,Train,253.0,256.6571777491049
HV_S2_LGBM_seed42,HV,S2,LGBM,605,Train,234.0,232.91649257632184
HV_S2_LGBM_seed42,HV,S2,LGBM,606,Train,231.0,224.45283921464093
HV_S2_LGBM_seed42,HV,S2,LGBM,607,Train,227.0,226.8534437221054
HV_S2_LGBM_seed42,HV,S2,LGBM,608,Train,210.0,219.45489566473333
HV_S2_LGBM_seed42,HV,S2,LGBM,609,Train,284.0,285.25132679620964
HV_S2_LGBM_seed42,HV,S2,LGBM,610,Train,296.0,296.15729297210476
HV_S2_LGBM_seed42,HV,S2,LGBM,614,Train,337.0,340.3500671090904
HV_S2_LGBM_seed42,HV,S2,LGBM,615,Train,338.0,339.9036483506907
HV_S2_LGBM_seed42,HV,S2,LGBM,619,Train,238.0,251.6646294643696
HV_S2_LGBM_seed42,HV,S2,LGBM,621,Train,213.0,218.63241559896588
HV_S2_LGBM_seed42,HV,S2,LGBM,622,Train,210.0,196.0330467530206
HV_S2_LGBM_seed42,HV,S2,LGBM,623,Train,201.0,192.8206738703385
HV_S2_LGBM_seed42,HV,S2,LGBM,624,Train,287.0,284.7366031432599
HV_S2_LGBM_seed42,HV,S2,LGBM,626,Train,287.0,290.50704729872547
HV_S2_LGBM_seed42,HV,S2,LGBM,627,Train,335.0,332.03726470003676
HV_S2_LGBM_seed42,HV,S2,LGBM,628,Train,316.0,321.7562906163036
HV_S2_LGBM_seed42,HV,S2,LGBM,630,Train,310.0,303.5879655437237
HV_S2_LGBM_seed42,HV,S2,LGBM,632,Train,335.0,338.36000695328016
HV_S2_LGBM_seed42,HV,S2,LGBM,633,Train,337.0,335.463960679826
HV_S2_LGBM_seed42,HV,S2,LGBM,636,Train,329.0,322.67865412809573
HV_S2_LGBM_seed42,HV,S2,LGBM,638,Train,309.0,301.7695295614953
HV_S2_LGBM_seed42,HV,S2,LGBM,639,Train,233.0,231.04636667540413
HV_S2_LGBM_seed42,HV,S2,LGBM,641,Train,190.0,185.58725711092663
HV_S2_LGBM_seed42,HV,S2,LGBM,642,Train,179.0,183.85037952332243
HV_S2_LGBM_seed42,HV,S2,LGBM,645,Train,302.0,306.3043491306193
HV_S2_LGBM_seed42,HV,S2,LGBM,648,Train,311.0,309.800425798632
HV_S2_LGBM_seed42,HV,S2,LGBM,649,Train,293.0,295.062369627272
HV_S2_LGBM_seed42,HV,S2,LGBM,650,Train,306.0,303.96220337959835
HV_S2_LGBM_seed42,HV,S2,LGBM,651,Train,295.0,295.8989293060773
HV_S2_LGBM_seed42,HV,S2,LGBM,652,Train,333.0,336.7495401503671
HV_S2_LGBM_seed42,HV,S2,LGBM,653,Train,336.0,327.31940762877116
HV_S2_LGBM_seed42,HV,S2,LGBM,655,Train,352.0,352.8400629888072
HV_S2_LGBM_seed42,HV,S2,LGBM,656,Train,289.0,291.66630002295176
HV_S2_LGBM_seed42,HV,S2,LGBM,657,Train,233.0,223.11782819715444
HV_S2_LGBM_seed42,HV,S2,LGBM,658,Train,179.0,184.56825523794063
HV_S2_LGBM_seed42,HV,S2,LGBM,659,Train,168.0,162.21567161099964
HV_S2_LGBM_seed42,HV,S2,LGBM,660,Train,159.0,159.91161007049465
HV_S2_LGBM_seed42,HV,S2,LGBM,661,Train,148.0,158.7870243036975
HV_S2_LGBM_seed42,HV,S2,LGBM,662,Train,299.0,298.54259811959605
HV_S2_LGBM_seed42,HV,S2,LGBM,663,Train,282.0,279.40750322756867
HV_S2_LGBM_seed42,HV,S2,LGBM,665,Train,303.0,302.53519886757795
HV_S2_LGBM_seed42,HV,S2,LGBM,666,Train,331.0,335.1744448144898
HV_S2_LGBM_seed42,HV,S2,LGBM,667,Train,333.0,324.8707236046279
HV_S2_LGBM_seed42,HV,S2,LGBM,669,Train,349.0,350.8318175538714
HV_S2_LGBM_seed42,HV,S2,LGBM,670,Train,264.0,275.79103691845086
HV_S2_LGBM_seed42,HV,S2,LGBM,671,Train,202.0,200.44767265937585
HV_S2_LGBM_seed42,HV,S2,LGBM,672,Train,172.0,180.2620038325531
HV_S2_LGBM_seed42,HV,S2,LGBM,674,Train,142.0,138.32573050479172
HV_S2_LGBM_seed42,HV,S2,LGBM,675,Train,136.0,132.73483829067825
HV_S2_LGBM_seed42,HV,S2,LGBM,677,Train,295.0,291.72202788654045
HV_S2_LGBM_seed42,HV,S2,LGBM,678,Train,305.0,295.19362248333346
HV_S2_LGBM_seed42,HV,S2,LGBM,679,Train,293.0,290.42255265702516
HV_S2_LGBM_seed42,HV,S2,LGBM,681,Train,313.0,317.8579573790896
HV_S2_LGBM_seed42,HV,S2,LGBM,683,Train,326.0,332.0589219989741
HV_S2_LGBM_seed42,HV,S2,LGBM,685,Train,334.0,332.0589219989741
HV_S2_LGBM_seed42,HV,S2,LGBM,686,Train,266.0,260.3534095373236
HV_S2_LGBM_seed42,HV,S2,LGBM,687,Train,295.0,294.5885653069
HV_S2_LGBM_seed42,HV,S2,LGBM,688,Train,295.0,295.02862244760746
HV_S2_LGBM_seed42,HV,S2,LGBM,689,Train,277.0,268.590343847055
HV_S2_LGBM_seed42,HV,S2,LGBM,690,Train,297.0,289.96800649676373
HV_S2_LGBM_seed42,HV,S2,LGBM,692,Train,290.0,278.5935617174882
HV_S2_LGBM_seed42,HV,S2,LGBM,693,Train,325.0,324.84054686964015
HV_S2_LGBM_seed42,HV,S2,LGBM,694,Train,351.0,347.1173186332539
HV_S2_LGBM_seed42,HV,S2,LGBM,695,Train,261.0,254.66597224967236
HV_S2_LGBM_seed42,HV,S2,LGBM,696,Train,192.0,189.94648590893917
HV_S2_LGBM_seed42,HV,S2,LGBM,697,Train,166.0,165.27111994040433
HV_S2_LGBM_seed42,HV,S2,LGBM,698,Train,146.0,141.65424684734532
HV_S2_LGBM_seed42,HV,S2,LGBM,700,Train,125.0,127.0974894530143
HV_S2_LGBM_seed42,HV,S2,LGBM,701,Train,309.0,310.13658463515566
HV_S2_LGBM_seed42,HV,S2,LGBM,702,Train,296.0,296.2440308569647
HV_S2_LGBM_seed42,HV,S2,LGBM,703,Train,320.0,322.1991586179997
HV_S2_LGBM_seed42,HV,S2,LGBM,704,Train,324.0,323.41511812919543
HV_S2_LGBM_seed42,HV,S2,LGBM,705,Train,298.0,297.6352155348622
HV_S2_LGBM_seed42,HV,S2,LGBM,706,Train,273.0,272.34097285966874
HV_S2_LGBM_seed42,HV,S2,LGBM,707,Train,297.0,288.29029180231083
HV_S2_LGBM_seed42,HV,S2,LGBM,708,Train,300.0,294.5910384103385
HV_S2_LGBM_seed42,HV,S2,LGBM,709,Train,285.0,279.2436100791355
HV_S2_LGBM_seed42,HV,S2,LGBM,710,Train,326.0,318.9209970217918
HV_S2_LGBM_seed42,HV,S2,LGBM,712,Train,323.0,329.92390068879513
HV_S2_LGBM_seed42,HV,S2,LGBM,713,Train,351.0,343.9004562495346
HV_S2_LGBM_seed42,HV,S2,LGBM,714,Train,245.0,247.19797552824343
HV_S2_LGBM_seed42,HV,S2,LGBM,715,Train,185.0,189.99123735550148
HV_S2_LGBM_seed42,HV,S2,LGBM,716,Train,160.0,159.44769618764994
HV_S2_LGBM_seed42,HV,S2,LGBM,717,Train,132.0,129.98834934591827
HV_S2_LGBM_seed42,HV,S2,LGBM,718,Train,121.0,120.42013522433133
HV_S2_LGBM_seed42,HV,S2,LGBM,719,Train,115.0,116.13366847433728
HV_S2_LGBM_seed42,HV,S2,LGBM,720,Train,292.0,294.15795760535593
HV_S2_LGBM_seed42,HV,S2,LGBM,722,Train,292.0,289.4836332908731
HV_S2_LGBM_seed42,HV,S2,LGBM,723,Train,319.0,320.47195928076985
HV_S2_LGBM_seed42,HV,S2,LGBM,724,Train,320.0,324.02776423467276
HV_S2_LGBM_seed42,HV,S2,LGBM,727,Train,298.0,300.18217478999725
HV_S2_LGBM_seed42,HV,S2,LGBM,728,Train,266.0,269.9272414681063
HV_S2_LGBM_seed42,HV,S2,LGBM,729,Train,297.0,291.05332427406677
HV_S2_LGBM_seed42,HV,S2,LGBM,730,Train,297.0,296.28208941724915
HV_S2_LGBM_seed42,HV,S2,LGBM,731,Train,279.0,279.9222848363839
HV_S2_LGBM_seed42,HV,S2,LGBM,732,Train,292.0,292.8399486766611
HV_S2_LGBM_seed42,HV,S2,LGBM,734,Train,283.0,282.6910179212208
HV_S2_LGBM_seed42,HV,S2,LGBM,735,Train,315.0,318.15002757009046
HV_S2_LGBM_seed42,HV,S2,LGBM,736,Train,319.0,319.54437323635364
HV_S2_LGBM_seed42,HV,S2,LGBM,737,Train,298.0,298.77749805577076
HV_S2_LGBM_seed42,HV,S2,LGBM,738,Train,265.0,265.43579969299054
HV_S2_LGBM_seed42,HV,S2,LGBM,739,Train,298.0,294.0930401961432
HV_S2_LGBM_seed42,HV,S2,LGBM,740,Train,293.0,295.48774774110433
HV_S2_LGBM_seed42,HV,S2,LGBM,741,Train,276.0,275.5492411759494
HV_S2_LGBM_seed42,HV,S2,LGBM,742,Train,323.0,328.7950786563094
HV_S2_LGBM_seed42,HV,S2,LGBM,743,Train,341.0,339.1034956704701
HV_S2_LGBM_seed42,HV,S2,LGBM,744,Train,216.0,219.813781350553
HV_S2_LGBM_seed42,HV,S2,LGBM,745,Train,179.0,177.14788364589765
HV_S2_LGBM_seed42,HV,S2,LGBM,746,Train,158.0,151.22763170565554
HV_S2_LGBM_seed42,HV,S2,LGBM,747,Train,125.0,126.60602633426181
HV_S2_LGBM_seed42,HV,S2,LGBM,748,Train,111.0,116.19880041420897
HV_S2_LGBM_seed42,HV,S2,LGBM,751,Train,290.0,284.5630776278391
HV_S2_LGBM_seed42,HV,S2,LGBM,752,Train,276.0,277.4775639935584
HV_S2_LGBM_seed42,HV,S2,LGBM,753,Train,311.0,308.1919028764592
HV_S2_LGBM_seed42,HV,S2,LGBM,754,Train,315.0,315.2232583935166
HV_S2_LGBM_seed42,HV,S2,LGBM,756,Train,298.0,299.944112398809
HV_S2_LGBM_seed42,HV,S2,LGBM,758,Train,298.0,296.9038770703841
HV_S2_LGBM_seed42,HV,S2,LGBM,759,Train,289.0,292.28753438755257
HV_S2_LGBM_seed42,HV,S2,LGBM,760,Train,274.0,276.81437869379835
HV_S2_LGBM_seed42,HV,S2,LGBM,761,Train,291.0,286.11984007469994
HV_S2_LGBM_seed42,HV,S2,LGBM,762,Train,278.0,279.75579328023855
HV_S2_LGBM_seed42,HV,S2,LGBM,763,Train,269.0,271.29170350568415
HV_S2_LGBM_seed42,HV,S2,LGBM,765,Train,313.0,308.25318893882303
HV_S2_LGBM_seed42,HV,S2,LGBM,766,Train,179.0,196.59950230383123
HV_S2_LGBM_seed42,HV,S2,LGBM,767,Train,300.0,300.85962516312577
HV_S2_LGBM_seed42,HV,S2,LGBM,768,Train,259.0,260.455501874336
HV_S2_LGBM_seed42,HV,S2,LGBM,769,Train,300.0,299.07216578562173
HV_S2_LGBM_seed42,HV,S2,LGBM,770,Train,288.0,293.9824665222432
HV_S2_LGBM_seed42,HV,S2,LGBM,771,Train,273.0,268.18957451280363
HV_S2_LGBM_seed42,HV,S2,LGBM,772,Train,329.0,328.1885976701741
HV_S2_LGBM_seed42,HV,S2,LGBM,773,Train,335.0,333.7289330263214
HV_S2_LGBM_seed42,HV,S2,LGBM,774,Train,215.0,209.33585593355343
HV_S2_LGBM_seed42,HV,S2,LGBM,775,Train,181.0,177.78440271774494
HV_S2_LGBM_seed42,HV,S2,LGBM,776,Train,156.0,159.55351484233344
HV_S2_LGBM_seed42,HV,S2,LGBM,777,Train,124.0,121.08156902643427
HV_S2_LGBM_seed42,HV,S2,LGBM,778,Train,106.0,104.4501325233772
HV_S2_LGBM_seed42,HV,S2,LGBM,779,Train,95.0,104.94163133504311
HV_S2_LGBM_seed42,HV,S2,LGBM,780,Train,290.0,280.98432671533595
HV_S2_LGBM_seed42,HV,S2,LGBM,781,Train,268.0,269.93893592995596
HV_S2_LGBM_seed42,HV,S2,LGBM,782,Train,264.0,261.52132256198007
HV_S2_LGBM_seed42,HV,S2,LGBM,786,Train,299.0,302.3344662626148
HV_S2_LGBM_seed42,HV,S2,LGBM,787,Train,301.0,300.5500850686632
HV_S2_LGBM_seed42,HV,S2,LGBM,788,Train,287.0,290.7404003614123
HV_S2_LGBM_seed42,HV,S2,LGBM,789,Train,272.0,271.8120928798749
HV_S2_LGBM_seed42,HV,S2,LGBM,790,Train,286.0,282.5977997213148
HV_S2_LGBM_seed42,HV,S2,LGBM,792,Train,258.0,268.6396552346016
HV_S2_LGBM_seed42,HV,S2,LGBM,793,Train,259.0,261.41125657820334
HV_S2_LGBM_seed42,HV,S2,LGBM,795,Train,287.0,289.4303561295311
HV_S2_LGBM_seed42,HV,S2,LGBM,796,Train,270.0,256.46420971613287
HV_S2_LGBM_seed42,HV,S2,LGBM,797,Train,291.0,292.5247940606972
HV_S2_LGBM_seed42,HV,S2,LGBM,798,Train,298.0,296.7108940453444
HV_S2_LGBM_seed42,HV,S2,LGBM,799,Train,305.0,292.5247940606972
HV_S2_LGBM_seed42,HV,S2,LGBM,800,Train,172.0,195.98096898425163
HV_S2_LGBM_seed42,HV,S2,LGBM,801,Train,330.0,325.7402409270367
HV_S2_LGBM_seed42,HV,S2,LGBM,802,Train,324.0,322.13799117923685
HV_S2_LGBM_seed42,HV,S2,LGBM,804,Train,176.0,167.85700113336515
HV_S2_LGBM_seed42,HV,S2,LGBM,805,Train,153.0,143.80576808062042
HV_S2_LGBM_seed42,HV,S2,LGBM,806,Train,122.0,121.08156902643427
HV_S2_LGBM_seed42,HV,S2,LGBM,807,Train,100.0,104.4501325233772
HV_S2_LGBM_seed42,HV,S2,LGBM,808,Train,91.0,104.94163133504311
HV_S2_LGBM_seed42,HV,S2,LGBM,809,Train,286.0,284.8776358365484
HV_S2_LGBM_seed42,HV,S2,LGBM,810,Train,282.0,274.58623537474585
HV_S2_LGBM_seed42,HV,S2,LGBM,813,Train,288.0,287.8803714101926
HV_S2_LGBM_seed42,HV,S2,LGBM,814,Train,293.0,291.2042370921742
HV_S2_LGBM_seed42,HV,S2,LGBM,815,Train,248.0,250.50721088906204
HV_S2_LGBM_seed42,HV,S2,LGBM,816,Train,251.0,257.86543016505067
HV_S2_LGBM_seed42,HV,S2,LGBM,817,Train,285.0,276.1928803992385
HV_S2_LGBM_seed42,HV,S2,LGBM,818,Train,291.0,278.8783504281598
HV_S2_LGBM_seed42,HV,S2,LGBM,819,Train,238.0,250.50721088906204
HV_S2_LGBM_seed42,HV,S2,LGBM,820,Train,208.0,220.71154996306623
HV_S2_LGBM_seed42,HV,S2,LGBM,821,Train,227.0,225.3530738758728
HV_S2_LGBM_seed42,HV,S2,LGBM,822,Train,247.0,231.19119861793456
HV_S2_LGBM_seed42,HV,S2,LGBM,823,Train,255.0,267.41538555643564
HV_S2_LGBM_seed42,HV,S2,LGBM,824,Train,244.0,261.17294609714065
HV_S2_LGBM_seed42,HV,S2,LGBM,825,Train,216.0,264.6873534599322
HV_S2_LGBM_seed42,HV,S2,LGBM,827,Train,254.0,267.41538555643564
HV_S2_LGBM_seed42,HV,S2,LGBM,828,Train,240.0,261.17294609714065
HV_S2_LGBM_seed42,HV,S2,LGBM,830,Train,169.0,210.99822044306188
HV_S2_LGBM_seed42,HV,S2,LGBM,831,Train,226.0,267.41538555643564
HV_S2_LGBM_seed42,HV,S2,LGBM,832,Train,220.0,261.17294609714065
HV_S2_LGBM_seed42,HV,S2,LGBM,833,Train,196.0,264.6873534599322
HV_S2_LGBM_seed42,HV,S2,LGBM,834,Train,155.0,210.99822044306188
HV_S2_LGBM_seed42,HV,S2,LGBM,836,Train,336.0,261.17294609714065
HV_S2_LGBM_seed42,HV,S2,LGBM,837,Train,320.0,264.6873534599322
HV_S2_LGBM_seed42,HV,S2,LGBM,838,Train,265.0,210.99822044306188
HV_S2_LGBM_seed42,HV,S2,LGBM,839,Train,320.0,267.41538555643564
HV_S2_LGBM_seed42,HV,S2,LGBM,841,Train,286.0,264.6873534599322
HV_S2_LGBM_seed42,HV,S2,LGBM,843,Train,289.0,267.41538555643564
HV_S2_LGBM_seed42,HV,S2,LGBM,845,Train,302.0,264.6873534599322
HV_S2_LGBM_seed42,HV,S2,LGBM,846,Train,254.0,210.99822044306188
HV_S2_LGBM_seed42,HV,S2,LGBM,848,Train,370.0,363.56154000475857
HV_S2_LGBM_seed42,HV,S2,LGBM,849,Train,299.0,298.3307190347229
HV_S2_LGBM_seed42,HV,S2,LGBM,850,Train,371.0,370.73044957852505
HV_S2_LGBM_seed42,HV,S2,LGBM,851,Train,373.0,371.466040040286
HV_S2_LGBM_seed42,HV,S2,LGBM,853,Train,351.0,356.05753266878776
HV_S2_LGBM_seed42,HV,S2,LGBM,855,Train,357.0,362.22878723230986
HV_S2_LGBM_seed42,HV,S2,LGBM,856,Train,361.0,356.05753266878776
HV_S2_LGBM_seed42,HV,S2,LGBM,858,Train,381.0,375.1273423660151
HV_S2_LGBM_seed42,HV,S2,LGBM,859,Train,222.0,227.1158380475299
HV_S2_LGBM_seed42,HV,S2,LGBM,860,Train,239.0,235.15760425132984
HV_S2_LGBM_seed42,HV,S2,LGBM,861,Train,242.0,231.93668720865446
HV_S2_LGBM_seed42,HV,S2,LGBM,862,Train,259.0,273.40126086709785
HV_S2_LGBM_seed42,HV,S2,LGBM,863,Train,235.0,269.2538539142545
HV_S2_LGBM_seed42,HV,S2,LGBM,865,Train,158.0,189.05002811437382
HV_S2_LGBM_seed42,HV,S2,LGBM,866,Train,251.0,273.40126086709785
HV_S2_LGBM_seed42,HV,S2,LGBM,868,Train,180.0,251.51056289510345
HV_S2_LGBM_seed42,HV,S2,LGBM,869,Train,151.0,189.05002811437382
HV_S2_LGBM_seed42,HV,S2,LGBM,870,Train,225.0,273.40126086709785
HV_S2_LGBM_seed42,HV,S2,LGBM,871,Train,210.0,269.2538539142545
HV_S2_LGBM_seed42,HV,S2,LGBM,873,Train,141.0,189.05002811437382
HV_S2_LGBM_seed42,HV,S2,LGBM,874,Train,348.0,273.40126086709785
HV_S2_LGBM_seed42,HV,S2,LGBM,875,Train,330.0,269.2538539142545
HV_S2_LGBM_seed42,HV,S2,LGBM,877,Train,235.0,189.05002811437382
HV_S2_LGBM_seed42,HV,S2,LGBM,879,Train,305.0,269.2538539142545
HV_S2_LGBM_seed42,HV,S2,LGBM,880,Train,280.0,251.51056289510345
HV_S2_LGBM_seed42,HV,S2,LGBM,881,Train,223.0,189.05002811437382
HV_S2_LGBM_seed42,HV,S2,LGBM,882,Train,290.0,273.40126086709785
HV_S2_LGBM_seed42,HV,S2,LGBM,884,Train,291.0,251.51056289510345
HV_S2_LGBM_seed42,HV,S2,LGBM,885,Train,219.0,189.05002811437382
HV_S2_LGBM_seed42,HV,S2,LGBM,886,Train,282.0,271.4227651182957
HV_S2_LGBM_seed42,HV,S2,LGBM,887,Train,382.0,361.5954248609816
HV_S2_LGBM_seed42,HV,S2,LGBM,889,Train,287.0,288.75718091124196
HV_S2_LGBM_seed42,HV,S2,LGBM,890,Train,345.0,349.45111108675235
HV_S2_LGBM_seed42,HV,S2,LGBM,891,Train,267.0,276.0559775231918
HV_S2_LGBM_seed42,HV,S2,LGBM,892,Train,359.0,362.96433822823957
HV_S2_LGBM_seed42,HV,S2,LGBM,894,Train,304.0,276.0559775231918
HV_S2_LGBM_seed42,HV,S2,LGBM,895,Train,232.0,232.23935090978557
HV_S2_LGBM_seed42,HV,S2,LGBM,896,Train,248.0,242.84778749251717
HV_S2_LGBM_seed42,HV,S2,LGBM,897,Train,222.0,223.37396527291338
HV_S2_LGBM_seed42,HV,S2,LGBM,898,Train,253.0,256.7574687338775
HV_S2_LGBM_seed42,HV,S2,LGBM,899,Train,229.0,245.44769595486707
HV_S2_LGBM_seed42,HV,S2,LGBM,900,Train,162.0,226.25057054458313
HV_S2_LGBM_seed42,HV,S2,LGBM,901,Train,145.0,172.76801238710257
HV_S2_LGBM_seed42,HV,S2,LGBM,902,Train,245.0,256.7574687338775
HV_S2_LGBM_seed42,HV,S2,LGBM,903,Train,196.0,245.44769595486707
HV_S2_LGBM_seed42,HV,S2,LGBM,905,Train,144.0,172.76801238710257
HV_S2_LGBM_seed42,HV,S2,LGBM,906,Train,220.0,256.7574687338775
HV_S2_LGBM_seed42,HV,S2,LGBM,907,Train,201.0,245.44769595486707
HV_S2_LGBM_seed42,HV,S2,LGBM,908,Train,176.0,226.25057054458313
HV_S2_LGBM_seed42,HV,S2,LGBM,909,Train,135.0,172.76801238710257
HV_S2_LGBM_seed42,HV,S2,LGBM,911,Train,321.0,245.44769595486707
HV_S2_LGBM_seed42,HV,S2,LGBM,913,Train,213.0,172.76801238710257
HV_S2_LGBM_seed42,HV,S2,LGBM,916,Train,272.0,226.25057054458313
HV_S2_LGBM_seed42,HV,S2,LGBM,917,Train,204.0,172.76801238710257
HV_S2_LGBM_seed42,HV,S2,LGBM,918,Train,289.0,256.7574687338775
HV_S2_LGBM_seed42,HV,S2,LGBM,919,Train,279.0,245.44769595486707
HV_S2_LGBM_seed42,HV,S2,LGBM,920,Train,275.0,226.25057054458313
HV_S2_LGBM_seed42,HV,S2,LGBM,921,Train,205.0,172.76801238710257
HV_S2_LGBM_seed42,HV,S2,LGBM,923,Train,248.0,245.24463708896232
HV_S2_LGBM_seed42,HV,S2,LGBM,924,Train,211.0,203.52121249100128
HV_S2_LGBM_seed42,HV,S2,LGBM,925,Train,252.0,272.31982593415796
HV_S2_LGBM_seed42,HV,S2,LGBM,926,Train,216.0,249.95809027590576
HV_S2_LGBM_seed42,HV,S2,LGBM,928,Train,141.0,171.3978099604684
HV_S2_LGBM_seed42,HV,S2,LGBM,929,Train,234.0,272.31982593415796
HV_S2_LGBM_seed42,HV,S2,LGBM,930,Train,188.0,249.95809027590576
HV_S2_LGBM_seed42,HV,S2,LGBM,931,Train,155.0,211.5821894924758
HV_S2_LGBM_seed42,HV,S2,LGBM,932,Train,143.0,171.3978099604684
HV_S2_LGBM_seed42,HV,S2,LGBM,933,Train,218.0,272.31982593415796
HV_S2_LGBM_seed42,HV,S2,LGBM,934,Train,200.0,249.95809027590576
HV_S2_LGBM_seed42,HV,S2,LGBM,935,Train,166.0,211.5821894924758
HV_S2_LGBM_seed42,HV,S2,LGBM,936,Train,132.0,171.3978099604684
HV_S2_LGBM_seed42,HV,S2,LGBM,937,Train,345.0,272.31982593415796
HV_S2_LGBM_seed42,HV,S2,LGBM,938,Train,318.0,249.95809027590576
HV_S2_LGBM_seed42,HV,S2,LGBM,939,Train,272.0,211.5821894924758
HV_S2_LGBM_seed42,HV,S2,LGBM,940,Train,212.0,171.3978099604684
HV_S2_LGBM_seed42,HV,S2,LGBM,941,Train,314.0,272.31982593415796
HV_S2_LGBM_seed42,HV,S2,LGBM,942,Train,292.0,249.95809027590576
HV_S2_LGBM_seed42,HV,S2,LGBM,944,Train,193.0,171.3978099604684
HV_S2_LGBM_seed42,HV,S2,LGBM,946,Train,278.0,249.95809027590576
HV_S2_LGBM_seed42,HV,S2,LGBM,947,Train,264.0,211.5821894924758
HV_S2_LGBM_seed42,HV,S2,LGBM,948,Train,202.0,171.3978099604684
HV_S2_LGBM_seed42,HV,S2,LGBM,949,Train,296.0,294.20558888231545
HV_S2_LGBM_seed42,HV,S2,LGBM,950,Train,360.0,362.5616082687897
HV_S2_LGBM_seed42,HV,S2,LGBM,951,Train,349.0,349.79461783524386
HV_S2_LGBM_seed42,HV,S2,LGBM,952,Train,273.0,262.2207882868018
HV_S2_LGBM_seed42,HV,S2,LGBM,953,Train,365.0,363.11934705525874
HV_S2_LGBM_seed42,HV,S2,LGBM,954,Train,342.0,344.7659541286531
HV_S2_LGBM_seed42,HV,S2,LGBM,956,Train,362.0,363.11934705525874
HV_S2_LGBM_seed42,HV,S2,LGBM,959,Train,244.0,246.78615363788828
HV_S2_LGBM_seed42,HV,S2,LGBM,960,Train,247.0,244.19849445689076
HV_S2_LGBM_seed42,HV,S2,LGBM,961,Train,197.0,197.38774973366753
HV_S2_LGBM_seed42,HV,S2,LGBM,962,Train,243.0,278.00244529435815
HV_S2_LGBM_seed42,HV,S2,LGBM,963,Train,215.0,245.40658592300954
HV_S2_LGBM_seed42,HV,S2,LGBM,967,Train,182.0,245.40658592300954
HV_S2_LGBM_seed42,HV,S2,LGBM,968,Train,150.0,199.52890717891933
HV_S2_LGBM_seed42,HV,S2,LGBM,969,Train,140.0,173.41051135880647
HV_S2_LGBM_seed42,HV,S2,LGBM,970,Train,218.0,278.00244529435815
HV_S2_LGBM_seed42,HV,S2,LGBM,971,Train,196.0,245.40658592300954
HV_S2_LGBM_seed42,HV,S2,LGBM,972,Train,157.0,199.52890717891933
HV_S2_LGBM_seed42,HV,S2,LGBM,973,Train,131.0,173.41051135880647
HV_S2_LGBM_seed42,HV,S2,LGBM,974,Train,343.0,278.00244529435815
HV_S2_LGBM_seed42,HV,S2,LGBM,975,Train,312.0,245.40658592300954
HV_S2_LGBM_seed42,HV,S2,LGBM,976,Train,267.0,199.52890717891933
HV_S2_LGBM_seed42,HV,S2,LGBM,977,Train,206.0,173.41051135880647
HV_S2_LGBM_seed42,HV,S2,LGBM,978,Train,313.0,278.00244529435815
HV_S2_LGBM_seed42,HV,S2,LGBM,979,Train,290.0,245.40658592300954
HV_S2_LGBM_seed42,HV,S2,LGBM,981,Train,192.0,173.41051135880647
HV_S2_LGBM_seed42,HV,S2,LGBM,982,Train,285.0,278.00244529435815
HV_S2_LGBM_seed42,HV,S2,LGBM,983,Train,277.0,245.40658592300954
HV_S2_LGBM_seed42,HV,S2,LGBM,985,Train,197.0,173.41051135880647
HV_S2_LGBM_seed42,HV,S2,LGBM,990,Train,244.0,242.3761964426756
HV_S2_LGBM_seed42,HV,S2,LGBM,991,Train,161.0,175.85011312636476
HV_S2_LGBM_seed42,HV,S2,LGBM,992,Train,239.0,266.30873606661163
HV_S2_LGBM_seed42,HV,S2,LGBM,993,Train,203.0,247.1123864448093
HV_S2_LGBM_seed42,HV,S2,LGBM,994,Train,148.0,192.8286424189818
HV_S2_LGBM_seed42,HV,S2,LGBM,996,Train,210.0,266.30873606661163
HV_S2_LGBM_seed42,HV,S2,LGBM,997,Train,173.0,247.1123864448093
HV_S2_LGBM_seed42,HV,S2,LGBM,998,Train,147.0,192.8286424189818
HV_S2_LGBM_seed42,HV,S2,LGBM,999,Train,139.0,176.27581955390744
HV_S2_LGBM_seed42,HV,S2,LGBM,1000,Train,214.0,266.30873606661163
HV_S2_LGBM_seed42,HV,S2,LGBM,1004,Train,339.0,266.30873606661163
HV_S2_LGBM_seed42,HV,S2,LGBM,1005,Train,309.0,247.1123864448093
HV_S2_LGBM_seed42,HV,S2,LGBM,1006,Train,253.0,192.8286424189818
HV_S2_LGBM_seed42,HV,S2,LGBM,1007,Train,198.0,176.27581955390744
HV_S2_LGBM_seed42,HV,S2,LGBM,1008,Train,312.0,266.30873606661163
HV_S2_LGBM_seed42,HV,S2,LGBM,1009,Train,284.0,247.1123864448093
HV_S2_LGBM_seed42,HV,S2,LGBM,1011,Train,191.0,176.27581955390744
HV_S2_LGBM_seed42,HV,S2,LGBM,1012,Train,281.0,266.30873606661163
HV_S2_LGBM_seed42,HV,S2,LGBM,1013,Train,273.0,247.1123864448093
HV_S2_LGBM_seed42,HV,S2,LGBM,1014,Train,241.0,192.8286424189818
HV_S2_LGBM_seed42,HV,S2,LGBM,1015,Train,189.0,176.27581955390744
HV_S2_LGBM_seed42,HV,S2,LGBM,1016,Train,353.0,356.4832239396714
HV_S2_LGBM_seed42,HV,S2,LGBM,1017,Train,343.0,345.95345548947904
HV_S2_LGBM_seed42,HV,S2,LGBM,1018,Train,259.0,248.46401060580266
HV_S2_LGBM_seed42,HV,S2,LGBM,1020,Train,325.0,334.35996657837524
HV_S2_LGBM_seed42,HV,S2,LGBM,1021,Train,219.0,226.45501388221692
HV_S2_LGBM_seed42,HV,S2,LGBM,1022,Train,362.0,357.3698319581602
HV_S2_LGBM_seed42,HV,S2,LGBM,1023,Train,342.0,334.35996657837524
HV_S2_LGBM_seed42,HV,S2,LGBM,1024,Train,227.0,226.45501388221692
HV_S2_LGBM_seed42,HV,S2,LGBM,1025,Train,243.0,241.72590841412242
HV_S2_LGBM_seed42,HV,S2,LGBM,1028,Train,234.0,265.1162079131239
HV_S2_LGBM_seed42,HV,S2,LGBM,1029,Train,195.0,218.86387454193994
HV_S2_LGBM_seed42,HV,S2,LGBM,1030,Train,149.0,191.9218096099899
HV_S2_LGBM_seed42,HV,S2,LGBM,1032,Train,200.0,265.1162079131239
HV_S2_LGBM_seed42,HV,S2,LGBM,1033,Train,169.0,218.86387454193994
HV_S2_LGBM_seed42,HV,S2,LGBM,1034,Train,145.0,191.9218096099899
HV_S2_LGBM_seed42,HV,S2,LGBM,1035,Train,137.0,160.83112042722306
HV_S2_LGBM_seed42,HV,S2,LGBM,1036,Train,214.0,265.1162079131239
HV_S2_LGBM_seed42,HV,S2,LGBM,1037,Train,179.0,218.86387454193994
HV_S2_LGBM_seed42,HV,S2,LGBM,1038,Train,140.0,191.9218096099899
HV_S2_LGBM_seed42,HV,S2,LGBM,1039,Train,129.0,160.83112042722306
HV_S2_LGBM_seed42,HV,S2,LGBM,1040,Train,336.0,265.1162079131239
HV_S2_LGBM_seed42,HV,S2,LGBM,1042,Train,242.0,191.9218096099899
HV_S2_LGBM_seed42,HV,S2,LGBM,1043,Train,185.0,160.83112042722306
HV_S2_LGBM_seed42,HV,S2,LGBM,1044,Train,306.0,265.1162079131239
HV_S2_LGBM_seed42,HV,S2,LGBM,1045,Train,280.0,218.86387454193994
HV_S2_LGBM_seed42,HV,S2,LGBM,1046,Train,241.0,191.9218096099899
HV_S2_LGBM_seed42,HV,S2,LGBM,1048,Train,283.0,265.1162079131239
HV_S2_LGBM_seed42,HV,S2,LGBM,1049,Train,272.0,218.86387454193994
HV_S2_LGBM_seed42,HV,S2,LGBM,1050,Train,229.0,191.9218096099899
HV_S2_LGBM_seed42,HV,S2,LGBM,1051,Train,181.0,160.83112042722306
HV_S2_LGBM_seed42,HV,S2,LGBM,1052,Train,278.0,280.92974329872226
HV_S2_LGBM_seed42,HV,S2,LGBM,1053,Train,353.0,358.85260103754774
HV_S2_LGBM_seed42,HV,S2,LGBM,1054,Train,311.0,318.09779013827466
HV_S2_LGBM_seed42,HV,S2,LGBM,1055,Train,192.0,199.73091405517619
HV_S2_LGBM_seed42,HV,S2,LGBM,1056,Train,244.0,257.34371296302413
HV_S2_LGBM_seed42,HV,S2,LGBM,1057,Train,217.0,216.74930628154067
HV_S2_LGBM_seed42,HV,S2,LGBM,1060,Train,180.0,212.18971952803685
HV_S2_LGBM_seed42,HV,S2,LGBM,1061,Train,146.0,183.4709548201036
HV_S2_LGBM_seed42,HV,S2,LGBM,1064,Train,160.0,212.18971952803685
HV_S2_LGBM_seed42,HV,S2,LGBM,1065,Train,144.0,183.4709548201036
HV_S2_LGBM_seed42,HV,S2,LGBM,1066,Train,136.0,157.85907214142406
HV_S2_LGBM_seed42,HV,S2,LGBM,1068,Train,169.0,212.18971952803685
HV_S2_LGBM_seed42,HV,S2,LGBM,1069,Train,137.0,183.4709548201036
HV_S2_LGBM_seed42,HV,S2,LGBM,1070,Train,127.0,157.85907214142406
HV_S2_LGBM_seed42,HV,S2,LGBM,1071,Train,336.0,290.76457900141435
HV_S2_LGBM_seed42,HV,S2,LGBM,1073,Train,231.0,183.4709548201036
HV_S2_LGBM_seed42,HV,S2,LGBM,1074,Train,177.0,157.85907214142406
HV_S2_LGBM_seed42,HV,S2,LGBM,1076,Train,272.0,212.18971952803685
HV_S2_LGBM_seed42,HV,S2,LGBM,1077,Train,233.0,183.4709548201036
HV_S2_LGBM_seed42,HV,S2,LGBM,1078,Train,173.0,157.85907214142406
HV_S2_LGBM_seed42,HV,S2,LGBM,1079,Train,279.0,290.76457900141435
HV_S2_LGBM_seed42,HV,S2,LGBM,1080,Train,270.0,212.18971952803685
HV_S2_LGBM_seed42,HV,S2,LGBM,1081,Train,216.0,183.4709548201036
HV_S2_LGBM_seed42,HV,S2,LGBM,1082,Train,175.0,157.85907214142406
HV_S2_LGBM_seed42,HV,S2,LGBM,1083,Train,241.0,235.51640526413874
HV_S2_LGBM_seed42,HV,S2,LGBM,1084,Train,209.0,211.9606512456863
HV_S2_LGBM_seed42,HV,S2,LGBM,1085,Train,136.0,139.85695954021588
HV_S2_LGBM_seed42,HV,S2,LGBM,1086,Train,211.0,248.14410316982068
HV_S2_LGBM_seed42,HV,S2,LGBM,1088,Train,144.0,166.80085012089316
HV_S2_LGBM_seed42,HV,S2,LGBM,1089,Train,133.0,150.07521353587524
HV_S2_LGBM_seed42,HV,S2,LGBM,1090,Train,183.0,248.14410316982068
HV_S2_LGBM_seed42,HV,S2,LGBM,1091,Train,156.0,213.37776006713764
HV_S2_LGBM_seed42,HV,S2,LGBM,1092,Train,141.0,166.80085012089316
HV_S2_LGBM_seed42,HV,S2,LGBM,1093,Train,132.0,150.07521353587524
HV_S2_LGBM_seed42,HV,S2,LGBM,1094,Train,206.0,248.14410316982068
HV_S2_LGBM_seed42,HV,S2,LGBM,1095,Train,163.0,213.37776006713764
HV_S2_LGBM_seed42,HV,S2,LGBM,1096,Train,136.0,166.80085012089316
HV_S2_LGBM_seed42,HV,S2,LGBM,1097,Train,128.0,150.07521353587524
HV_S2_LGBM_seed42,HV,S2,LGBM,1098,Train,332.0,248.14410316982068
HV_S2_LGBM_seed42,HV,S2,LGBM,1099,Train,284.0,213.37776006713764
HV_S2_LGBM_seed42,HV,S2,LGBM,1101,Train,169.0,150.07521353587524
HV_S2_LGBM_seed42,HV,S2,LGBM,1102,Train,302.0,248.14410316982068
HV_S2_LGBM_seed42,HV,S2,LGBM,1103,Train,262.0,213.37776006713764
HV_S2_LGBM_seed42,HV,S2,LGBM,1104,Train,217.0,166.80085012089316
HV_S2_LGBM_seed42,HV,S2,LGBM,1105,Train,170.0,150.07521353587524
HV_S2_LGBM_seed42,HV,S2,LGBM,1108,Train,205.0,166.80085012089316
HV_S2_LGBM_seed42,HV,S2,LGBM,1109,Train,170.0,150.07521353587524
HV_S2_LGBM_seed42,HV,S2,LGBM,1110,Train,234.0,229.79437170139474
HV_S2_LGBM_seed42,HV,S2,LGBM,1111,Train,204.0,206.09220885844724
HV_S2_LGBM_seed42,HV,S2,LGBM,1113,Train,199.0,238.63208010559626
HV_S2_LGBM_seed42,HV,S2,LGBM,1114,Train,157.0,208.6123527090693
HV_S2_LGBM_seed42,HV,S2,LGBM,1115,Train,143.0,164.4792475357265
HV_S2_LGBM_seed42,HV,S2,LGBM,1117,Train,175.0,238.63208010559626
HV_S2_LGBM_seed42,HV,S2,LGBM,1118,Train,153.0,208.6123527090693
HV_S2_LGBM_seed42,HV,S2,LGBM,1119,Train,140.0,164.4792475357265
HV_S2_LGBM_seed42,HV,S2,LGBM,1120,Train,132.0,150.39652108694045
HV_S2_LGBM_seed42,HV,S2,LGBM,1121,Train,202.0,238.63208010559626
HV_S2_LGBM_seed42,HV,S2,LGBM,1122,Train,154.0,208.6123527090693
HV_S2_LGBM_seed42,HV,S2,LGBM,1123,Train,134.0,164.4792475357265
HV_S2_LGBM_seed42,HV,S2,LGBM,1124,Train,127.0,150.39652108694045
HV_S2_LGBM_seed42,HV,S2,LGBM,1125,Train,329.0,238.63208010559626
HV_S2_LGBM_seed42,HV,S2,LGBM,1126,Train,271.0,208.6123527090693
HV_S2_LGBM_seed42,HV,S2,LGBM,1128,Train,166.0,150.39652108694045
HV_S2_LGBM_seed42,HV,S2,LGBM,1130,Train,262.0,208.6123527090693
HV_S2_LGBM_seed42,HV,S2,LGBM,1131,Train,205.0,164.4792475357265
HV_S2_LGBM_seed42,HV,S2,LGBM,1132,Train,166.0,150.39652108694045
HV_S2_LGBM_seed42,HV,S2,LGBM,1133,Train,277.0,238.63208010559626
HV_S2_LGBM_seed42,HV,S2,LGBM,1134,Train,261.0,208.6123527090693
HV_S2_LGBM_seed42,HV,S2,LGBM,1135,Train,193.0,164.4792475357265
HV_S2_LGBM_seed42,HV,S2,LGBM,1136,Train,163.0,150.39652108694045
HV_S2_LGBM_seed42,HV,S2,LGBM,1137,Train,258.0,263.61959900074197
HV_S2_LGBM_seed42,HV,S2,LGBM,1139,Train,197.0,206.75650012999972
HV_S2_LGBM_seed42,HV,S2,LGBM,1140,Train,132.0,143.58774215494844
HV_S2_LGBM_seed42,HV,S2,LGBM,1141,Train,198.0,243.94517996878
HV_S2_LGBM_seed42,HV,S2,LGBM,1142,Train,151.0,213.26783906202957
HV_S2_LGBM_seed42,HV,S2,LGBM,1143,Train,141.0,153.6255784972227
HV_S2_LGBM_seed42,HV,S2,LGBM,1144,Train,130.0,137.97528915517802
HV_S2_LGBM_seed42,HV,S2,LGBM,1145,Train,168.0,243.94517996878
HV_S2_LGBM_seed42,HV,S2,LGBM,1146,Train,150.0,213.26783906202957
HV_S2_LGBM_seed42,HV,S2,LGBM,1147,Train,141.0,153.6255784972227
HV_S2_LGBM_seed42,HV,S2,LGBM,1148,Train,131.0,137.97528915517802
HV_S2_LGBM_seed42,HV,S2,LGBM,1149,Train,195.0,243.94517996878
HV_S2_LGBM_seed42,HV,S2,LGBM,1151,Train,133.0,153.6255784972227
HV_S2_LGBM_seed42,HV,S2,LGBM,1152,Train,125.0,137.97528915517802
HV_S2_LGBM_seed42,HV,S2,LGBM,1153,Train,323.0,243.94517996878
HV_S2_LGBM_seed42,HV,S2,LGBM,1154,Train,264.0,213.26783906202957
HV_S2_LGBM_seed42,HV,S2,LGBM,1155,Train,192.0,153.6255784972227
HV_S2_LGBM_seed42,HV,S2,LGBM,1157,Train,296.0,243.94517996878
HV_S2_LGBM_seed42,HV,S2,LGBM,1158,Train,256.0,213.26783906202957
HV_S2_LGBM_seed42,HV,S2,LGBM,1160,Train,161.0,137.97528915517802
HV_S2_LGBM_seed42,HV,S2,LGBM,1161,Train,276.0,243.94517996878
HV_S2_LGBM_seed42,HV,S2,LGBM,1162,Train,255.0,213.26783906202957
HV_S2_LGBM_seed42,HV,S2,LGBM,1165,Train,177.0,185.89338014994507
HV_S2_LGBM_seed42,HV,S2,LGBM,1166,Train,217.0,233.54504780988663
HV_S2_LGBM_seed42,HV,S2,LGBM,1168,Train,130.0,146.6453159578987
HV_S2_LGBM_seed42,HV,S2,LGBM,1169,Train,187.0,244.46200569626103
HV_S2_LGBM_seed42,HV,S2,LGBM,1170,Train,148.0,193.69713384946965
HV_S2_LGBM_seed42,HV,S2,LGBM,1171,Train,141.0,146.1462156192254
HV_S2_LGBM_seed42,HV,S2,LGBM,1172,Train,130.0,138.605756866631
HV_S2_LGBM_seed42,HV,S2,LGBM,1173,Train,166.0,244.46200569626103
HV_S2_LGBM_seed42,HV,S2,LGBM,1174,Train,148.0,193.69713384946965
HV_S2_LGBM_seed42,HV,S2,LGBM,1175,Train,140.0,146.1462156192254
HV_S2_LGBM_seed42,HV,S2,LGBM,1176,Train,127.0,138.605756866631
HV_S2_LGBM_seed42,HV,S2,LGBM,1178,Train,145.0,193.69713384946965
HV_S2_LGBM_seed42,HV,S2,LGBM,1179,Train,135.0,146.1462156192254
HV_S2_LGBM_seed42,HV,S2,LGBM,1180,Train,124.0,138.605756866631
HV_S2_LGBM_seed42,HV,S2,LGBM,1181,Train,320.0,244.46200569626103
HV_S2_LGBM_seed42,HV,S2,LGBM,1182,Train,256.0,193.69713384946965
HV_S2_LGBM_seed42,HV,S2,LGBM,1184,Train,155.0,138.605756866631
HV_S2_LGBM_seed42,HV,S2,LGBM,1185,Train,296.0,244.46200569626103
HV_S2_LGBM_seed42,HV,S2,LGBM,1186,Train,248.0,193.69713384946965
HV_S2_LGBM_seed42,HV,S2,LGBM,1187,Train,171.0,146.1462156192254
HV_S2_LGBM_seed42,HV,S2,LGBM,1188,Train,157.0,138.605756866631
HV_S2_LGBM_seed42,HV,S2,LGBM,1189,Train,270.0,244.46200569626103
HV_S2_LGBM_seed42,HV,S2,LGBM,1191,Train,164.0,146.1462156192254
HV_S2_LGBM_seed42,HV,S2,LGBM,1194,Train,78.0,76.9596005970071
HV_S2_LGBM_seed42,HV,S2,LGBM,1195,Train,78.0,75.30579690088052
HV_S2_LGBM_seed42,HV,S2,LGBM,1196,Train,72.0,72.2118380760043
HV_S2_LGBM_seed42,HV,S2,LGBM,1197,Train,78.0,74.24122476230757
HV_S2_LGBM_seed42,HV,S2,LGBM,1199,Train,96.0,92.5535735900747
HV_S2_LGBM_seed42,HV,S2,LGBM,1200,Train,112.0,125.60530991314509
HV_S2_LGBM_seed42,HV,S2,LGBM,1201,Train,116.0,113.89013294442579
HV_S2_LGBM_seed42,HV,S2,LGBM,1202,Train,76.0,79.0410870329056
HV_S2_LGBM_seed42,HV,S2,LGBM,1203,Train,75.0,77.3380337800379
HV_S2_LGBM_seed42,HV,S2,LGBM,1205,Train,79.0,79.34756612164182
HV_S2_LGBM_seed42,HV,S2,LGBM,1208,Train,105.0,108.26395297019558
HV_S2_LGBM_seed42,HV,S2,LGBM,1209,Train,155.0,147.04761808488692
HV_S2_LGBM_seed42,HV,S2,LGBM,1210,Train,141.0,137.78424520627823
HV_S2_LGBM_seed42,HV,S2,LGBM,1211,Train,86.0,80.04746597648105
HV_S2_LGBM_seed42,HV,S2,LGBM,1212,Train,80.0,78.68523019929256
HV_S2_LGBM_seed42,HV,S2,LGBM,1213,Train,81.0,83.15830044778986
HV_S2_LGBM_seed42,HV,S2,LGBM,1214,Train,75.0,80.99652071508245
HV_S2_LGBM_seed42,HV,S2,LGBM,1216,Train,92.0,84.71071047393569
HV_S2_LGBM_seed42,HV,S2,LGBM,1217,Train,104.0,109.2927421607561
HV_S2_LGBM_seed42,HV,S2,LGBM,1218,Train,148.0,151.5533876156044
HV_S2_LGBM_seed42,HV,S2,LGBM,1219,Train,145.0,143.21701403054684
HV_S2_LGBM_seed42,HV,S2,LGBM,1221,Train,84.0,82.20517446911303
HV_S2_LGBM_seed42,HV,S2,LGBM,1222,Train,84.0,80.90754550219295
HV_S2_LGBM_seed42,HV,S2,LGBM,1223,Train,86.0,93.3392153572775
HV_S2_LGBM_seed42,HV,S2,LGBM,1224,Train,87.0,85.77017453153992
HV_S2_LGBM_seed42,HV,S2,LGBM,1225,Train,88.0,86.72026118882762
HV_S2_LGBM_seed42,HV,S2,LGBM,1226,Train,104.0,110.70336256162764
HV_S2_LGBM_seed42,HV,S2,LGBM,1227,Train,157.0,148.27965641280846
HV_S2_LGBM_seed42,HV,S2,LGBM,1228,Train,144.0,138.71410784311135
HV_S2_LGBM_seed42,HV,S2,LGBM,8,Test,254.0,200.5901827356451
HV_S2_LGBM_seed42,HV,S2,LGBM,16,Test,282.0,182.67102645885035
HV_S2_LGBM_seed42,HV,S2,LGBM,33,Test,165.0,201.8114532057552
HV_S2_LGBM_seed42,HV,S2,LGBM,40,Test,231.0,230.71849636656623
HV_S2_LGBM_seed42,HV,S2,LGBM,41,Test,225.0,188.16154690055038
HV_S2_LGBM_seed42,HV,S2,LGBM,49,Test,244.0,241.99074303432766
HV_S2_LGBM_seed42,HV,S2,LGBM,55,Test,107.0,123.12184787583219
HV_S2_LGBM_seed42,HV,S2,LGBM,60,Test,268.0,189.51766016545764
HV_S2_LGBM_seed42,HV,S2,LGBM,62,Test,211.0,205.03317566833954
HV_S2_LGBM_seed42,HV,S2,LGBM,65,Test,233.0,209.71178636014355
HV_S2_LGBM_seed42,HV,S2,LGBM,67,Test,202.0,155.90784146737383
HV_S2_LGBM_seed42,HV,S2,LGBM,69,Test,171.0,160.2386316368021
HV_S2_LGBM_seed42,HV,S2,LGBM,70,Test,155.0,131.28166570461482
HV_S2_LGBM_seed42,HV,S2,LGBM,74,Test,238.0,222.5050207122954
HV_S2_LGBM_seed42,HV,S2,LGBM,77,Test,211.0,173.44113654987555
HV_S2_LGBM_seed42,HV,S2,LGBM,78,Test,190.0,150.98480100020618
HV_S2_LGBM_seed42,HV,S2,LGBM,81,Test,238.0,210.06186272697445
HV_S2_LGBM_seed42,HV,S2,LGBM,87,Test,252.0,230.69165540833808
HV_S2_LGBM_seed42,HV,S2,LGBM,90,Test,165.0,152.5086150420342
HV_S2_LGBM_seed42,HV,S2,LGBM,95,Test,235.0,216.6242813956077
HV_S2_LGBM_seed42,HV,S2,LGBM,98,Test,212.0,221.031135328864
HV_S2_LGBM_seed42,HV,S2,LGBM,100,Test,207.0,207.28217764684953
HV_S2_LGBM_seed42,HV,S2,LGBM,108,Test,227.0,216.7801417779759
HV_S2_LGBM_seed42,HV,S2,LGBM,112,Test,183.0,180.50161139991255
HV_S2_LGBM_seed42,HV,S2,LGBM,113,Test,181.0,138.28355493267392
HV_S2_LGBM_seed42,HV,S2,LGBM,119,Test,228.0,224.97828099820467
HV_S2_LGBM_seed42,HV,S2,LGBM,122,Test,135.0,162.85025337070968
HV_S2_LGBM_seed42,HV,S2,LGBM,126,Test,132.0,160.17104141620797
HV_S2_LGBM_seed42,HV,S2,LGBM,143,Test,139.0,164.99827958081823
HV_S2_LGBM_seed42,HV,S2,LGBM,151,Test,268.0,229.03645046006753
HV_S2_LGBM_seed42,HV,S2,LGBM,153,Test,206.0,188.78093654727343
HV_S2_LGBM_seed42,HV,S2,LGBM,154,Test,199.0,138.21999413675286
HV_S2_LGBM_seed42,HV,S2,LGBM,155,Test,159.0,139.15208871188153
HV_S2_LGBM_seed42,HV,S2,LGBM,156,Test,120.0,191.27628811889232
HV_S2_LGBM_seed42,HV,S2,LGBM,171,Test,145.0,161.5006321531638
HV_S2_LGBM_seed42,HV,S2,LGBM,173,Test,137.0,173.2563505909899
HV_S2_LGBM_seed42,HV,S2,LGBM,204,Test,63.0,62.53153615019054
HV_S2_LGBM_seed42,HV,S2,LGBM,210,Test,203.0,192.65792592587678
HV_S2_LGBM_seed42,HV,S2,LGBM,214,Test,60.0,60.93487795496966
HV_S2_LGBM_seed42,HV,S2,LGBM,228,Test,195.0,170.56019309881717
HV_S2_LGBM_seed42,HV,S2,LGBM,234,Test,125.0,140.04730108182582
HV_S2_LGBM_seed42,HV,S2,LGBM,235,Test,185.0,195.58161770750738
HV_S2_LGBM_seed42,HV,S2,LGBM,244,Test,216.0,230.16898266439438
HV_S2_LGBM_seed42,HV,S2,LGBM,245,Test,69.0,54.94988907972254
HV_S2_LGBM_seed42,HV,S2,LGBM,246,Test,158.0,175.77782837866096
HV_S2_LGBM_seed42,HV,S2,LGBM,254,Test,89.0,78.53273789465356
HV_S2_LGBM_seed42,HV,S2,LGBM,257,Test,67.0,69.91339783006244
HV_S2_LGBM_seed42,HV,S2,LGBM,275,Test,165.0,158.61341279994744
HV_S2_LGBM_seed42,HV,S2,LGBM,284,Test,82.0,82.4394300736646
HV_S2_LGBM_seed42,HV,S2,LGBM,295,Test,108.0,101.72724119693662
HV_S2_LGBM_seed42,HV,S2,LGBM,296,Test,122.0,117.66385176192686
HV_S2_LGBM_seed42,HV,S2,LGBM,301,Test,140.0,225.2679093461421
HV_S2_LGBM_seed42,HV,S2,LGBM,321,Test,98.0,160.1473851106531
HV_S2_LGBM_seed42,HV,S2,LGBM,326,Test,121.0,125.25300244151909
HV_S2_LGBM_seed42,HV,S2,LGBM,338,Test,195.0,191.9094331659883
HV_S2_LGBM_seed42,HV,S2,LGBM,341,Test,186.0,185.06672199407205
HV_S2_LGBM_seed42,HV,S2,LGBM,342,Test,233.0,237.72410453872112
HV_S2_LGBM_seed42,HV,S2,LGBM,343,Test,68.0,89.19951499270864
HV_S2_LGBM_seed42,HV,S2,LGBM,360,Test,84.0,92.01916659370522
HV_S2_LGBM_seed42,HV,S2,LGBM,361,Test,175.0,182.37678856673597
HV_S2_LGBM_seed42,HV,S2,LGBM,362,Test,257.0,205.1901145074277
HV_S2_LGBM_seed42,HV,S2,LGBM,364,Test,248.0,244.49960833545254
HV_S2_LGBM_seed42,HV,S2,LGBM,366,Test,272.0,215.08897605299984
HV_S2_LGBM_seed42,HV,S2,LGBM,368,Test,195.0,198.0052767179371
HV_S2_LGBM_seed42,HV,S2,LGBM,370,Test,187.0,173.2563505909899
HV_S2_LGBM_seed42,HV,S2,LGBM,371,Test,183.0,186.8330445339339
HV_S2_LGBM_seed42,HV,S2,LGBM,386,Test,177.0,177.6902508582389
HV_S2_LGBM_seed42,HV,S2,LGBM,397,Test,127.0,136.1597824711408
HV_S2_LGBM_seed42,HV,S2,LGBM,399,Test,109.0,117.18428488537685
HV_S2_LGBM_seed42,HV,S2,LGBM,401,Test,122.0,129.16837222839138
HV_S2_LGBM_seed42,HV,S2,LGBM,411,Test,148.0,188.79301429420553
HV_S2_LGBM_seed42,HV,S2,LGBM,415,Test,184.0,179.86789112611214
HV_S2_LGBM_seed42,HV,S2,LGBM,416,Test,117.0,115.20078533831176
HV_S2_LGBM_seed42,HV,S2,LGBM,417,Test,127.0,121.4114523324599
HV_S2_LGBM_seed42,HV,S2,LGBM,427,Test,62.0,55.50702099413402
HV_S2_LGBM_seed42,HV,S2,LGBM,429,Test,120.0,137.32996102399608
HV_S2_LGBM_seed42,HV,S2,LGBM,431,Test,192.0,139.89483248071159
HV_S2_LGBM_seed42,HV,S2,LGBM,437,Test,112.0,164.74998043508782
HV_S2_LGBM_seed42,HV,S2,LGBM,439,Test,186.0,159.06508063400133
HV_S2_LGBM_seed42,HV,S2,LGBM,444,Test,125.0,216.697104710747
HV_S2_LGBM_seed42,HV,S2,LGBM,447,Test,123.0,154.75212642068564
HV_S2_LGBM_seed42,HV,S2,LGBM,448,Test,64.0,55.18025853512897
HV_S2_LGBM_seed42,HV,S2,LGBM,467,Test,216.0,206.9474209278321
HV_S2_LGBM_seed42,HV,S2,LGBM,480,Test,217.0,210.82978075447144
HV_S2_LGBM_seed42,HV,S2,LGBM,490,Test,223.0,194.30878961858957
HV_S2_LGBM_seed42,HV,S2,LGBM,497,Test,220.0,199.97423768630694
HV_S2_LGBM_seed42,HV,S2,LGBM,499,Test,209.0,199.97423768630694
HV_S2_LGBM_seed42,HV,S2,LGBM,508,Test,170.0,166.9144180760087
HV_S2_LGBM_seed42,HV,S2,LGBM,513,Test,211.0,198.69003918985635
HV_S2_LGBM_seed42,HV,S2,LGBM,514,Test,162.0,164.3776643037235
HV_S2_LGBM_seed42,HV,S2,LGBM,515,Test,206.0,196.51361881688211
HV_S2_LGBM_seed42,HV,S2,LGBM,519,Test,208.0,201.15320898912145
HV_S2_LGBM_seed42,HV,S2,LGBM,522,Test,191.0,194.80755541379307
HV_S2_LGBM_seed42,HV,S2,LGBM,525,Test,215.0,192.95099092832928
HV_S2_LGBM_seed42,HV,S2,LGBM,531,Test,213.0,215.9962078170166
HV_S2_LGBM_seed42,HV,S2,LGBM,534,Test,270.0,278.08851390779853
HV_S2_LGBM_seed42,HV,S2,LGBM,535,Test,286.0,301.0027228965668
HV_S2_LGBM_seed42,HV,S2,LGBM,537,Test,331.0,327.65720159274224
HV_S2_LGBM_seed42,HV,S2,LGBM,539,Test,268.0,295.15594640903436
HV_S2_LGBM_seed42,HV,S2,LGBM,546,Test,244.0,256.00582194030557
HV_S2_LGBM_seed42,HV,S2,LGBM,551,Test,288.0,286.06387711060904
HV_S2_LGBM_seed42,HV,S2,LGBM,553,Test,336.0,333.04849270309137
HV_S2_LGBM_seed42,HV,S2,LGBM,564,Test,332.0,335.65370087337567
HV_S2_LGBM_seed42,HV,S2,LGBM,576,Test,334.0,333.0977334570689
HV_S2_LGBM_seed42,HV,S2,LGBM,579,Test,280.0,279.08569198630346
HV_S2_LGBM_seed42,HV,S2,LGBM,587,Test,248.0,233.67948541611494
HV_S2_LGBM_seed42,HV,S2,LGBM,611,Test,289.0,280.43536253206105
HV_S2_LGBM_seed42,HV,S2,LGBM,612,Test,337.0,332.77246984781345
HV_S2_LGBM_seed42,HV,S2,LGBM,613,Test,320.0,327.64420435542206
HV_S2_LGBM_seed42,HV,S2,LGBM,616,Test,329.0,324.488230802972
HV_S2_LGBM_seed42,HV,S2,LGBM,617,Test,350.0,349.77477494062254
HV_S2_LGBM_seed42,HV,S2,LGBM,618,Test,313.0,302.20360208673515
HV_S2_LGBM_seed42,HV,S2,LGBM,620,Test,215.0,226.4038776172014
HV_S2_LGBM_seed42,HV,S2,LGBM,625,Test,301.0,304.05492817975346
HV_S2_LGBM_seed42,HV,S2,LGBM,629,Test,288.0,281.2666952455956
HV_S2_LGBM_seed42,HV,S2,LGBM,631,Test,297.0,282.9567055452335
HV_S2_LGBM_seed42,HV,S2,LGBM,634,Test,338.0,338.36000695328016
HV_S2_LGBM_seed42,HV,S2,LGBM,635,Test,285.0,273.2532842006029
HV_S2_LGBM_seed42,HV,S2,LGBM,637,Test,346.0,352.34770057816706
HV_S2_LGBM_seed42,HV,S2,LGBM,640,Test,209.0,203.8600755661539
HV_S2_LGBM_seed42,HV,S2,LGBM,643,Test,170.0,182.81728727491404
HV_S2_LGBM_seed42,HV,S2,LGBM,644,Test,289.0,301.83882916502967
HV_S2_LGBM_seed42,HV,S2,LGBM,646,Test,285.0,293.2145900421549
HV_S2_LGBM_seed42,HV,S2,LGBM,647,Test,327.0,329.99747044146375
HV_S2_LGBM_seed42,HV,S2,LGBM,654,Test,335.0,340.4367246990689
HV_S2_LGBM_seed42,HV,S2,LGBM,664,Test,319.0,323.3704172326026
HV_S2_LGBM_seed42,HV,S2,LGBM,668,Test,335.0,327.6535708688529
HV_S2_LGBM_seed42,HV,S2,LGBM,673,Test,152.0,162.79417323948155
HV_S2_LGBM_seed42,HV,S2,LGBM,676,Test,292.0,296.7993404350218
HV_S2_LGBM_seed42,HV,S2,LGBM,680,Test,298.0,293.10651552625416
HV_S2_LGBM_seed42,HV,S2,LGBM,682,Test,300.0,294.7020412327847
HV_S2_LGBM_seed42,HV,S2,LGBM,684,Test,330.0,319.72553709841344
HV_S2_LGBM_seed42,HV,S2,LGBM,691,Test,303.0,295.00591800818376
HV_S2_LGBM_seed42,HV,S2,LGBM,699,Test,134.0,130.47513446188321
HV_S2_LGBM_seed42,HV,S2,LGBM,721,Test,300.0,300.96173294834466
HV_S2_LGBM_seed42,HV,S2,LGBM,733,Test,294.0,295.8940905535101
HV_S2_LGBM_seed42,HV,S2,LGBM,749,Test,104.0,121.01610231817313
HV_S2_LGBM_seed42,HV,S2,LGBM,750,Test,293.0,285.7364511799221
HV_S2_LGBM_seed42,HV,S2,LGBM,757,Test,261.0,266.46657564054095
HV_S2_LGBM_seed42,HV,S2,LGBM,764,Test,305.0,303.0417546347321
HV_S2_LGBM_seed42,HV,S2,LGBM,783,Test,297.0,292.0836945184124
HV_S2_LGBM_seed42,HV,S2,LGBM,784,Test,306.0,296.26837480979225
HV_S2_LGBM_seed42,HV,S2,LGBM,785,Test,311.0,292.0836945184124
HV_S2_LGBM_seed42,HV,S2,LGBM,791,Test,296.0,297.99989047919325
HV_S2_LGBM_seed42,HV,S2,LGBM,794,Test,303.0,296.8024854063213
HV_S2_LGBM_seed42,HV,S2,LGBM,803,Test,200.0,205.99194851039138
HV_S2_LGBM_seed42,HV,S2,LGBM,811,Test,253.0,267.58995173963996
HV_S2_LGBM_seed42,HV,S2,LGBM,812,Test,252.0,259.7299438446721
HV_S2_LGBM_seed42,HV,S2,LGBM,826,Test,191.0,210.99822044306188
HV_S2_LGBM_seed42,HV,S2,LGBM,829,Test,205.0,264.6873534599322
HV_S2_LGBM_seed42,HV,S2,LGBM,835,Test,346.0,267.41538555643564
HV_S2_LGBM_seed42,HV,S2,LGBM,840,Test,310.0,261.17294609714065
HV_S2_LGBM_seed42,HV,S2,LGBM,842,Test,264.0,210.99822044306188
HV_S2_LGBM_seed42,HV,S2,LGBM,844,Test,290.0,261.17294609714065
HV_S2_LGBM_seed42,HV,S2,LGBM,847,Test,184.0,234.51118069899454
HV_S2_LGBM_seed42,HV,S2,LGBM,852,Test,386.0,362.22878723230986
HV_S2_LGBM_seed42,HV,S2,LGBM,854,Test,285.0,283.89207050015654
HV_S2_LGBM_seed42,HV,S2,LGBM,857,Test,331.0,283.89207050015654
HV_S2_LGBM_seed42,HV,S2,LGBM,864,Test,180.0,251.51056289510345
HV_S2_LGBM_seed42,HV,S2,LGBM,867,Test,218.0,269.2538539142545
HV_S2_LGBM_seed42,HV,S2,LGBM,872,Test,191.0,251.51056289510345
HV_S2_LGBM_seed42,HV,S2,LGBM,876,Test,304.0,251.51056289510345
HV_S2_LGBM_seed42,HV,S2,LGBM,878,Test,316.0,273.40126086709785
HV_S2_LGBM_seed42,HV,S2,LGBM,883,Test,286.0,269.2538539142545
HV_S2_LGBM_seed42,HV,S2,LGBM,888,Test,359.0,351.8757805744223
HV_S2_LGBM_seed42,HV,S2,LGBM,893,Test,373.0,349.45111108675235
HV_S2_LGBM_seed42,HV,S2,LGBM,904,Test,161.0,226.25057054458313
HV_S2_LGBM_seed42,HV,S2,LGBM,910,Test,344.0,256.7574687338775
HV_S2_LGBM_seed42,HV,S2,LGBM,912,Test,288.0,226.25057054458313
HV_S2_LGBM_seed42,HV,S2,LGBM,914,Test,316.0,256.7574687338775
HV_S2_LGBM_seed42,HV,S2,LGBM,915,Test,297.0,245.44769595486707
HV_S2_LGBM_seed42,HV,S2,LGBM,922,Test,238.0,240.65158361848583
HV_S2_LGBM_seed42,HV,S2,LGBM,927,Test,158.0,211.5821894924758
HV_S2_LGBM_seed42,HV,S2,LGBM,943,Test,263.0,211.5821894924758
HV_S2_LGBM_seed42,HV,S2,LGBM,945,Test,284.0,272.31982593415796
HV_S2_LGBM_seed42,HV,S2,LGBM,955,Test,250.0,242.35555598532136
HV_S2_LGBM_seed42,HV,S2,LGBM,957,Test,351.0,344.7659541286531
HV_S2_LGBM_seed42,HV,S2,LGBM,958,Test,284.0,242.35555598532136
HV_S2_LGBM_seed42,HV,S2,LGBM,964,Test,154.0,199.52890717891933
HV_S2_LGBM_seed42,HV,S2,LGBM,965,Test,140.0,173.41051135880647
HV_S2_LGBM_seed42,HV,S2,LGBM,966,Test,228.0,278.00244529435815
HV_S2_LGBM_seed42,HV,S2,LGBM,980,Test,260.0,199.52890717891933
HV_S2_LGBM_seed42,HV,S2,LGBM,984,Test,254.0,199.52890717891933
HV_S2_LGBM_seed42,HV,S2,LGBM,989,Test,244.0,243.7892043791866
HV_S2_LGBM_seed42,HV,S2,LGBM,995,Test,137.0,176.27581955390744
HV_S2_LGBM_seed42,HV,S2,LGBM,1001,Test,189.0,247.1123864448093
HV_S2_LGBM_seed42,HV,S2,LGBM,1002,Test,146.0,192.8286424189818
HV_S2_LGBM_seed42,HV,S2,LGBM,1003,Test,130.0,176.27581955390744
HV_S2_LGBM_seed42,HV,S2,LGBM,1010,Test,248.0,192.8286424189818
HV_S2_LGBM_seed42,HV,S2,LGBM,1019,Test,363.0,357.3698319581602
HV_S2_LGBM_seed42,HV,S2,LGBM,1026,Test,236.0,219.43585388704292
HV_S2_LGBM_seed42,HV,S2,LGBM,1027,Test,151.0,185.86336888819164
HV_S2_LGBM_seed42,HV,S2,LGBM,1031,Test,136.0,160.83112042722306
HV_S2_LGBM_seed42,HV,S2,LGBM,1041,Test,302.0,218.86387454193994
HV_S2_LGBM_seed42,HV,S2,LGBM,1047,Test,182.0,160.83112042722306
HV_S2_LGBM_seed42,HV,S2,LGBM,1058,Test,141.0,168.1732876445179
HV_S2_LGBM_seed42,HV,S2,LGBM,1059,Test,224.0,290.76457900141435
HV_S2_LGBM_seed42,HV,S2,LGBM,1062,Test,135.0,157.85907214142406
HV_S2_LGBM_seed42,HV,S2,LGBM,1063,Test,189.0,290.76457900141435
HV_S2_LGBM_seed42,HV,S2,LGBM,1067,Test,211.0,290.76457900141435
HV_S2_LGBM_seed42,HV,S2,LGBM,1072,Test,292.0,212.18971952803685
HV_S2_LGBM_seed42,HV,S2,LGBM,1075,Test,301.0,290.76457900141435
HV_S2_LGBM_seed42,HV,S2,LGBM,1087,Test,167.0,213.37776006713764
HV_S2_LGBM_seed42,HV,S2,LGBM,1100,Test,215.0,166.80085012089316
HV_S2_LGBM_seed42,HV,S2,LGBM,1106,Test,280.0,248.14410316982068
HV_S2_LGBM_seed42,HV,S2,LGBM,1107,Test,264.0,213.37776006713764
HV_S2_LGBM_seed42,HV,S2,LGBM,1112,Test,134.0,146.08620931843072
HV_S2_LGBM_seed42,HV,S2,LGBM,1116,Test,131.0,150.39652108694045
HV_S2_LGBM_seed42,HV,S2,LGBM,1127,Test,200.0,164.4792475357265
HV_S2_LGBM_seed42,HV,S2,LGBM,1129,Test,300.0,238.63208010559626
HV_S2_LGBM_seed42,HV,S2,LGBM,1138,Test,231.0,233.61988579662926
HV_S2_LGBM_seed42,HV,S2,LGBM,1150,Test,149.0,213.26783906202957
HV_S2_LGBM_seed42,HV,S2,LGBM,1156,Test,159.0,137.97528915517802
HV_S2_LGBM_seed42,HV,S2,LGBM,1159,Test,196.0,153.6255784972227
HV_S2_LGBM_seed42,HV,S2,LGBM,1163,Test,184.0,153.6255784972227
HV_S2_LGBM_seed42,HV,S2,LGBM,1164,Test,158.0,137.97528915517802
HV_S2_LGBM_seed42,HV,S2,LGBM,1167,Test,181.0,205.03061922920273
HV_S2_LGBM_seed42,HV,S2,LGBM,1177,Test,184.0,244.46200569626103
HV_S2_LGBM_seed42,HV,S2,LGBM,1183,Test,171.0,146.1462156192254
HV_S2_LGBM_seed42,HV,S2,LGBM,1190,Test,244.0,193.69713384946965
HV_S2_LGBM_seed42,HV,S2,LGBM,1192,Test,155.0,138.605756866631
HV_S2_LGBM_seed42,HV,S2,LGBM,1193,Test,68.0,77.74092497190975
HV_S2_LGBM_seed42,HV,S2,LGBM,1198,Test,80.0,74.94377331982452
HV_S2_LGBM_seed42,HV,S2,LGBM,1204,Test,75.0,81.85649332750847
HV_S2_LGBM_seed42,HV,S2,LGBM,1206,Test,80.0,82.09607247159549
HV_S2_LGBM_seed42,HV,S2,LGBM,1207,Test,76.0,83.06039931289571
HV_S2_LGBM_seed42,HV,S2,LGBM,1215,Test,86.0,83.5442049882889
HV_S2_LGBM_seed42,HV,S2,LGBM,1220,Test,83.0,83.22249025833348
HV_S3_LGBM_seed42,HV,S3,LGBM,5,Train,137.0,177.06954351367764
HV_S3_LGBM_seed42,HV,S3,LGBM,6,Train,161.0,175.1496177833732
HV_S3_LGBM_seed42,HV,S3,LGBM,7,Train,246.0,248.71378225093395
HV_S3_LGBM_seed42,HV,S3,LGBM,9,Train,280.0,256.46029493133034
HV_S3_LGBM_seed42,HV,S3,LGBM,10,Train,201.0,218.24154005997724
HV_S3_LGBM_seed42,HV,S3,LGBM,12,Train,151.0,208.39948462350435
HV_S3_LGBM_seed42,HV,S3,LGBM,13,Train,205.0,208.56688359288512
HV_S3_LGBM_seed42,HV,S3,LGBM,14,Train,255.0,245.8494569305652
HV_S3_LGBM_seed42,HV,S3,LGBM,15,Train,246.0,242.28795141723336
HV_S3_LGBM_seed42,HV,S3,LGBM,17,Train,214.0,215.8615611060656
HV_S3_LGBM_seed42,HV,S3,LGBM,18,Train,210.0,233.05690350065157
HV_S3_LGBM_seed42,HV,S3,LGBM,20,Train,93.0,109.28910769598114
HV_S3_LGBM_seed42,HV,S3,LGBM,21,Train,126.0,138.3000858964739
HV_S3_LGBM_seed42,HV,S3,LGBM,22,Train,157.0,183.9196685250548
HV_S3_LGBM_seed42,HV,S3,LGBM,23,Train,207.0,183.9196685250548
HV_S3_LGBM_seed42,HV,S3,LGBM,24,Train,191.0,185.45626736436557
HV_S3_LGBM_seed42,HV,S3,LGBM,28,Train,185.0,206.58665791555765
HV_S3_LGBM_seed42,HV,S3,LGBM,29,Train,211.0,194.97735157566052
HV_S3_LGBM_seed42,HV,S3,LGBM,30,Train,218.0,219.4741009499299
HV_S3_LGBM_seed42,HV,S3,LGBM,31,Train,227.0,211.59983136462316
HV_S3_LGBM_seed42,HV,S3,LGBM,32,Train,199.0,166.66527545866967
HV_S3_LGBM_seed42,HV,S3,LGBM,34,Train,148.0,165.04740674122812
HV_S3_LGBM_seed42,HV,S3,LGBM,35,Train,139.0,143.66218980352747
HV_S3_LGBM_seed42,HV,S3,LGBM,36,Train,132.0,146.51989528569538
HV_S3_LGBM_seed42,HV,S3,LGBM,37,Train,221.0,205.9881368192855
HV_S3_LGBM_seed42,HV,S3,LGBM,38,Train,224.0,209.24597566826898
HV_S3_LGBM_seed42,HV,S3,LGBM,39,Train,233.0,219.4741009499299
HV_S3_LGBM_seed42,HV,S3,LGBM,42,Train,192.0,199.30628933789959
HV_S3_LGBM_seed42,HV,S3,LGBM,43,Train,182.0,182.17032853000018
HV_S3_LGBM_seed42,HV,S3,LGBM,44,Train,175.0,178.87196245342426
HV_S3_LGBM_seed42,HV,S3,LGBM,45,Train,174.0,172.5400058863637
HV_S3_LGBM_seed42,HV,S3,LGBM,46,Train,172.0,208.17623559492355
HV_S3_LGBM_seed42,HV,S3,LGBM,47,Train,234.0,206.72121088146227
HV_S3_LGBM_seed42,HV,S3,LGBM,48,Train,260.0,245.8494569305652
HV_S3_LGBM_seed42,HV,S3,LGBM,50,Train,290.0,254.3251861145137
HV_S3_LGBM_seed42,HV,S3,LGBM,51,Train,236.0,225.22798573402733
HV_S3_LGBM_seed42,HV,S3,LGBM,52,Train,216.0,223.7943140574958
HV_S3_LGBM_seed42,HV,S3,LGBM,53,Train,238.0,219.92935963601798
HV_S3_LGBM_seed42,HV,S3,LGBM,56,Train,143.0,175.2511081811879
HV_S3_LGBM_seed42,HV,S3,LGBM,57,Train,191.0,181.00092972251144
HV_S3_LGBM_seed42,HV,S3,LGBM,58,Train,200.0,158.8852425731698
HV_S3_LGBM_seed42,HV,S3,LGBM,59,Train,176.0,158.525038074161
HV_S3_LGBM_seed42,HV,S3,LGBM,61,Train,300.0,241.23735819430175
HV_S3_LGBM_seed42,HV,S3,LGBM,63,Train,222.0,218.34174670110542
HV_S3_LGBM_seed42,HV,S3,LGBM,64,Train,226.0,226.11146854325986
HV_S3_LGBM_seed42,HV,S3,LGBM,66,Train,217.0,214.75820097701566
HV_S3_LGBM_seed42,HV,S3,LGBM,68,Train,188.0,176.44107396579068
HV_S3_LGBM_seed42,HV,S3,LGBM,71,Train,225.0,205.11894419445767
HV_S3_LGBM_seed42,HV,S3,LGBM,72,Train,230.0,218.34174670110542
HV_S3_LGBM_seed42,HV,S3,LGBM,73,Train,234.0,223.17869764244318
HV_S3_LGBM_seed42,HV,S3,LGBM,75,Train,228.0,226.128985757222
HV_S3_LGBM_seed42,HV,S3,LGBM,76,Train,217.0,206.32263833385784
HV_S3_LGBM_seed42,HV,S3,LGBM,79,Train,186.0,172.5400058863637
HV_S3_LGBM_seed42,HV,S3,LGBM,80,Train,199.0,201.89095689091644
HV_S3_LGBM_seed42,HV,S3,LGBM,82,Train,244.0,245.8494569305652
HV_S3_LGBM_seed42,HV,S3,LGBM,83,Train,214.0,172.8642526394946
HV_S3_LGBM_seed42,HV,S3,LGBM,84,Train,282.0,271.80304071285093
HV_S3_LGBM_seed42,HV,S3,LGBM,85,Train,237.0,215.47752998417795
HV_S3_LGBM_seed42,HV,S3,LGBM,86,Train,237.0,217.00503012421981
HV_S3_LGBM_seed42,HV,S3,LGBM,89,Train,120.0,138.3000858964739
HV_S3_LGBM_seed42,HV,S3,LGBM,91,Train,204.0,183.9196685250548
HV_S3_LGBM_seed42,HV,S3,LGBM,92,Train,189.0,186.70432034915052
HV_S3_LGBM_seed42,HV,S3,LGBM,93,Train,153.0,144.29258113025637
HV_S3_LGBM_seed42,HV,S3,LGBM,94,Train,245.0,219.52874397366975
HV_S3_LGBM_seed42,HV,S3,LGBM,96,Train,198.0,202.60062211854108
HV_S3_LGBM_seed42,HV,S3,LGBM,97,Train,204.0,197.8260892923507
HV_S3_LGBM_seed42,HV,S3,LGBM,99,Train,219.0,222.17204630777397
HV_S3_LGBM_seed42,HV,S3,LGBM,101,Train,185.0,195.52543583894396
HV_S3_LGBM_seed42,HV,S3,LGBM,102,Train,169.0,170.61028389149095
HV_S3_LGBM_seed42,HV,S3,LGBM,103,Train,156.0,149.24324103017528
HV_S3_LGBM_seed42,HV,S3,LGBM,104,Train,147.0,167.0360040825108
HV_S3_LGBM_seed42,HV,S3,LGBM,105,Train,215.0,213.70055324975104
HV_S3_LGBM_seed42,HV,S3,LGBM,106,Train,218.0,217.6616756060929
HV_S3_LGBM_seed42,HV,S3,LGBM,107,Train,225.0,219.4741009499299
HV_S3_LGBM_seed42,HV,S3,LGBM,109,Train,221.0,216.11859581663919
HV_S3_LGBM_seed42,HV,S3,LGBM,110,Train,210.0,199.58804674529807
HV_S3_LGBM_seed42,HV,S3,LGBM,111,Train,194.0,182.0755355369203
HV_S3_LGBM_seed42,HV,S3,LGBM,114,Train,214.0,191.90064457532537
HV_S3_LGBM_seed42,HV,S3,LGBM,115,Train,223.0,222.17204630777397
HV_S3_LGBM_seed42,HV,S3,LGBM,116,Train,226.0,220.33081962800287
HV_S3_LGBM_seed42,HV,S3,LGBM,117,Train,193.0,229.65933459055728
HV_S3_LGBM_seed42,HV,S3,LGBM,118,Train,277.0,245.54690141420178
HV_S3_LGBM_seed42,HV,S3,LGBM,120,Train,254.0,219.46436181490523
HV_S3_LGBM_seed42,HV,S3,LGBM,123,Train,181.0,183.9196685250548
HV_S3_LGBM_seed42,HV,S3,LGBM,124,Train,210.0,188.73876303058708
HV_S3_LGBM_seed42,HV,S3,LGBM,125,Train,173.0,183.9196685250548
HV_S3_LGBM_seed42,HV,S3,LGBM,127,Train,212.0,213.7962953082137
HV_S3_LGBM_seed42,HV,S3,LGBM,129,Train,300.0,238.93615207241677
HV_S3_LGBM_seed42,HV,S3,LGBM,130,Train,218.0,207.90447600602195
HV_S3_LGBM_seed42,HV,S3,LGBM,131,Train,215.0,204.9900750882749
HV_S3_LGBM_seed42,HV,S3,LGBM,132,Train,210.0,234.3977397251326
HV_S3_LGBM_seed42,HV,S3,LGBM,133,Train,165.0,169.62179279060962
HV_S3_LGBM_seed42,HV,S3,LGBM,134,Train,269.0,249.05108995989204
HV_S3_LGBM_seed42,HV,S3,LGBM,136,Train,175.0,205.11894419445767
HV_S3_LGBM_seed42,HV,S3,LGBM,137,Train,178.0,207.20187164631753
HV_S3_LGBM_seed42,HV,S3,LGBM,138,Train,197.0,225.32574514260398
HV_S3_LGBM_seed42,HV,S3,LGBM,139,Train,195.0,207.81199872236525
HV_S3_LGBM_seed42,HV,S3,LGBM,140,Train,192.0,205.76277228735051
HV_S3_LGBM_seed42,HV,S3,LGBM,141,Train,166.0,173.5704398759763
HV_S3_LGBM_seed42,HV,S3,LGBM,142,Train,155.0,166.81549884402278
HV_S3_LGBM_seed42,HV,S3,LGBM,144,Train,132.0,139.17732777517395
HV_S3_LGBM_seed42,HV,S3,LGBM,145,Train,219.0,208.39948462350435
HV_S3_LGBM_seed42,HV,S3,LGBM,146,Train,211.0,216.12048590887122
HV_S3_LGBM_seed42,HV,S3,LGBM,147,Train,190.0,177.04283355571772
HV_S3_LGBM_seed42,HV,S3,LGBM,148,Train,146.0,213.88899429066097
HV_S3_LGBM_seed42,HV,S3,LGBM,149,Train,267.0,236.58292642398553
HV_S3_LGBM_seed42,HV,S3,LGBM,150,Train,213.0,229.5588530746029
HV_S3_LGBM_seed42,HV,S3,LGBM,152,Train,143.0,166.38785562332583
HV_S3_LGBM_seed42,HV,S3,LGBM,157,Train,275.0,246.34786152030964
HV_S3_LGBM_seed42,HV,S3,LGBM,158,Train,226.0,222.27775118186668
HV_S3_LGBM_seed42,HV,S3,LGBM,159,Train,207.0,214.08633593788497
HV_S3_LGBM_seed42,HV,S3,LGBM,160,Train,166.0,190.65205720384262
HV_S3_LGBM_seed42,HV,S3,LGBM,161,Train,132.0,177.04283355571772
HV_S3_LGBM_seed42,HV,S3,LGBM,162,Train,246.0,245.54690141420178
HV_S3_LGBM_seed42,HV,S3,LGBM,163,Train,264.0,237.32913469692903
HV_S3_LGBM_seed42,HV,S3,LGBM,164,Train,141.0,143.68896598575063
HV_S3_LGBM_seed42,HV,S3,LGBM,165,Train,212.0,192.77733297150283
HV_S3_LGBM_seed42,HV,S3,LGBM,166,Train,186.0,172.84745551344096
HV_S3_LGBM_seed42,HV,S3,LGBM,167,Train,142.0,165.5485895715967
HV_S3_LGBM_seed42,HV,S3,LGBM,168,Train,113.0,137.65072722796705
HV_S3_LGBM_seed42,HV,S3,LGBM,169,Train,214.0,214.91723397328394
HV_S3_LGBM_seed42,HV,S3,LGBM,170,Train,158.0,206.4866562729588
HV_S3_LGBM_seed42,HV,S3,LGBM,172,Train,138.0,201.13784517502415
HV_S3_LGBM_seed42,HV,S3,LGBM,195,Train,66.0,63.26541833104686
HV_S3_LGBM_seed42,HV,S3,LGBM,196,Train,67.0,64.97894985307967
HV_S3_LGBM_seed42,HV,S3,LGBM,197,Train,65.0,69.45664937426521
HV_S3_LGBM_seed42,HV,S3,LGBM,198,Train,62.0,70.46635421853884
HV_S3_LGBM_seed42,HV,S3,LGBM,199,Train,64.0,59.14465095048322
HV_S3_LGBM_seed42,HV,S3,LGBM,200,Train,65.0,63.42132982578707
HV_S3_LGBM_seed42,HV,S3,LGBM,201,Train,68.0,64.97894985307967
HV_S3_LGBM_seed42,HV,S3,LGBM,202,Train,65.0,69.45664937426521
HV_S3_LGBM_seed42,HV,S3,LGBM,203,Train,61.0,70.32843354076712
HV_S3_LGBM_seed42,HV,S3,LGBM,205,Train,65.0,80.5754449465748
HV_S3_LGBM_seed42,HV,S3,LGBM,206,Train,166.0,174.3484905767872
HV_S3_LGBM_seed42,HV,S3,LGBM,207,Train,209.0,191.9372678074888
HV_S3_LGBM_seed42,HV,S3,LGBM,208,Train,70.0,65.68189385763543
HV_S3_LGBM_seed42,HV,S3,LGBM,209,Train,130.0,151.93745865174083
HV_S3_LGBM_seed42,HV,S3,LGBM,211,Train,69.0,72.036926429723
HV_S3_LGBM_seed42,HV,S3,LGBM,212,Train,105.0,170.03861994319647
HV_S3_LGBM_seed42,HV,S3,LGBM,213,Train,179.0,168.65740568017154
HV_S3_LGBM_seed42,HV,S3,LGBM,215,Train,70.0,140.482154996323
HV_S3_LGBM_seed42,HV,S3,LGBM,216,Train,175.0,185.693494815228
HV_S3_LGBM_seed42,HV,S3,LGBM,217,Train,66.0,63.26541833104686
HV_S3_LGBM_seed42,HV,S3,LGBM,218,Train,66.0,64.82303835833946
HV_S3_LGBM_seed42,HV,S3,LGBM,219,Train,65.0,69.45664937426521
HV_S3_LGBM_seed42,HV,S3,LGBM,220,Train,63.0,70.46635421853884
HV_S3_LGBM_seed42,HV,S3,LGBM,221,Train,66.0,59.14465095048322
HV_S3_LGBM_seed42,HV,S3,LGBM,222,Train,72.0,90.35649260134576
HV_S3_LGBM_seed42,HV,S3,LGBM,223,Train,65.0,63.26541833104686
HV_S3_LGBM_seed42,HV,S3,LGBM,224,Train,66.0,65.14817596438131
HV_S3_LGBM_seed42,HV,S3,LGBM,225,Train,68.0,72.0446153710776
HV_S3_LGBM_seed42,HV,S3,LGBM,226,Train,73.0,73.82904757386646
HV_S3_LGBM_seed42,HV,S3,LGBM,227,Train,69.0,61.55530356074055
HV_S3_LGBM_seed42,HV,S3,LGBM,229,Train,220.0,211.48293291275735
HV_S3_LGBM_seed42,HV,S3,LGBM,230,Train,70.0,65.0663409542479
HV_S3_LGBM_seed42,HV,S3,LGBM,231,Train,164.0,179.94128400774972
HV_S3_LGBM_seed42,HV,S3,LGBM,232,Train,212.0,215.91091760109506
HV_S3_LGBM_seed42,HV,S3,LGBM,233,Train,66.0,76.89769999988448
HV_S3_LGBM_seed42,HV,S3,LGBM,236,Train,64.0,68.96141719205805
HV_S3_LGBM_seed42,HV,S3,LGBM,237,Train,107.0,157.33100561568565
HV_S3_LGBM_seed42,HV,S3,LGBM,238,Train,185.0,182.14648958861628
HV_S3_LGBM_seed42,HV,S3,LGBM,239,Train,77.0,72.89902358460982
HV_S3_LGBM_seed42,HV,S3,LGBM,240,Train,192.0,171.6642737698346
HV_S3_LGBM_seed42,HV,S3,LGBM,241,Train,215.0,206.85537809006468
HV_S3_LGBM_seed42,HV,S3,LGBM,242,Train,70.0,77.04726984403298
HV_S3_LGBM_seed42,HV,S3,LGBM,243,Train,179.0,181.82285313202732
HV_S3_LGBM_seed42,HV,S3,LGBM,247,Train,184.0,158.52621982949339
HV_S3_LGBM_seed42,HV,S3,LGBM,248,Train,64.0,64.85671607539936
HV_S3_LGBM_seed42,HV,S3,LGBM,249,Train,138.0,141.79448504571837
HV_S3_LGBM_seed42,HV,S3,LGBM,250,Train,182.0,182.14648958861628
HV_S3_LGBM_seed42,HV,S3,LGBM,251,Train,64.0,66.04409026757153
HV_S3_LGBM_seed42,HV,S3,LGBM,252,Train,67.0,67.5273398719266
HV_S3_LGBM_seed42,HV,S3,LGBM,253,Train,80.0,72.16095088785235
HV_S3_LGBM_seed42,HV,S3,LGBM,255,Train,75.0,71.49869967676246
HV_S3_LGBM_seed42,HV,S3,LGBM,258,Train,69.0,83.98968022942114
HV_S3_LGBM_seed42,HV,S3,LGBM,259,Train,94.0,91.09862729291542
HV_S3_LGBM_seed42,HV,S3,LGBM,260,Train,99.0,89.21688515626174
HV_S3_LGBM_seed42,HV,S3,LGBM,261,Train,77.0,75.45419314814
HV_S3_LGBM_seed42,HV,S3,LGBM,269,Train,72.0,74.74541043374597
HV_S3_LGBM_seed42,HV,S3,LGBM,270,Train,218.0,206.37437471471998
HV_S3_LGBM_seed42,HV,S3,LGBM,271,Train,67.0,75.23807466582342
HV_S3_LGBM_seed42,HV,S3,LGBM,272,Train,186.0,183.5916426134117
HV_S3_LGBM_seed42,HV,S3,LGBM,273,Train,222.0,218.18104781934562
HV_S3_LGBM_seed42,HV,S3,LGBM,274,Train,70.0,74.1406479515242
HV_S3_LGBM_seed42,HV,S3,LGBM,276,Train,200.0,192.89432035891394
HV_S3_LGBM_seed42,HV,S3,LGBM,277,Train,60.0,71.87435224436285
HV_S3_LGBM_seed42,HV,S3,LGBM,278,Train,158.0,147.04467930291872
HV_S3_LGBM_seed42,HV,S3,LGBM,279,Train,189.0,173.64221527932705
HV_S3_LGBM_seed42,HV,S3,LGBM,280,Train,67.0,76.74960909439244
HV_S3_LGBM_seed42,HV,S3,LGBM,281,Train,81.0,89.01217671984706
HV_S3_LGBM_seed42,HV,S3,LGBM,282,Train,118.0,97.31193376362451
HV_S3_LGBM_seed42,HV,S3,LGBM,283,Train,107.0,93.16572802009456
HV_S3_LGBM_seed42,HV,S3,LGBM,293,Train,230.0,198.48956138467068
HV_S3_LGBM_seed42,HV,S3,LGBM,294,Train,77.0,80.62463030609729
HV_S3_LGBM_seed42,HV,S3,LGBM,297,Train,111.0,113.44280153441142
HV_S3_LGBM_seed42,HV,S3,LGBM,298,Train,86.0,100.55328224990423
HV_S3_LGBM_seed42,HV,S3,LGBM,309,Train,74.0,87.98784769713637
HV_S3_LGBM_seed42,HV,S3,LGBM,310,Train,197.0,185.4849740462999
HV_S3_LGBM_seed42,HV,S3,LGBM,311,Train,212.0,211.47119366267464
HV_S3_LGBM_seed42,HV,S3,LGBM,312,Train,66.0,60.256627722560864
HV_S3_LGBM_seed42,HV,S3,LGBM,313,Train,185.0,175.95777214252342
HV_S3_LGBM_seed42,HV,S3,LGBM,314,Train,228.0,212.62619794400806
HV_S3_LGBM_seed42,HV,S3,LGBM,315,Train,70.0,60.18407547704097
HV_S3_LGBM_seed42,HV,S3,LGBM,316,Train,170.0,164.27578205032768
HV_S3_LGBM_seed42,HV,S3,LGBM,317,Train,192.0,207.60232815325702
HV_S3_LGBM_seed42,HV,S3,LGBM,318,Train,70.0,69.96760044954894
HV_S3_LGBM_seed42,HV,S3,LGBM,319,Train,165.0,140.482154996323
HV_S3_LGBM_seed42,HV,S3,LGBM,320,Train,192.0,183.16818884196113
HV_S3_LGBM_seed42,HV,S3,LGBM,322,Train,102.0,125.87515503844794
HV_S3_LGBM_seed42,HV,S3,LGBM,323,Train,125.0,147.15212966393364
HV_S3_LGBM_seed42,HV,S3,LGBM,324,Train,98.0,105.66332555400353
HV_S3_LGBM_seed42,HV,S3,LGBM,325,Train,119.0,115.9228680578443
HV_S3_LGBM_seed42,HV,S3,LGBM,327,Train,112.0,109.83893180926374
HV_S3_LGBM_seed42,HV,S3,LGBM,328,Train,86.0,96.77194954319845
HV_S3_LGBM_seed42,HV,S3,LGBM,329,Train,224.0,210.95359240384124
HV_S3_LGBM_seed42,HV,S3,LGBM,337,Train,86.0,87.98784769713637
HV_S3_LGBM_seed42,HV,S3,LGBM,339,Train,209.0,188.96724075926568
HV_S3_LGBM_seed42,HV,S3,LGBM,340,Train,68.0,75.36130397817766
HV_S3_LGBM_seed42,HV,S3,LGBM,344,Train,181.0,166.3115383806277
HV_S3_LGBM_seed42,HV,S3,LGBM,345,Train,203.0,191.1972166715383
HV_S3_LGBM_seed42,HV,S3,LGBM,346,Train,61.0,53.065973305429964
HV_S3_LGBM_seed42,HV,S3,LGBM,347,Train,175.0,152.93985486974657
HV_S3_LGBM_seed42,HV,S3,LGBM,348,Train,205.0,202.11156048857617
HV_S3_LGBM_seed42,HV,S3,LGBM,351,Train,237.0,200.7479932629937
HV_S3_LGBM_seed42,HV,S3,LGBM,353,Train,106.0,115.37494804035857
HV_S3_LGBM_seed42,HV,S3,LGBM,354,Train,129.0,144.02289242566104
HV_S3_LGBM_seed42,HV,S3,LGBM,355,Train,175.0,160.91306020335554
HV_S3_LGBM_seed42,HV,S3,LGBM,356,Train,109.0,110.23997050605048
HV_S3_LGBM_seed42,HV,S3,LGBM,357,Train,124.0,119.94044884482938
HV_S3_LGBM_seed42,HV,S3,LGBM,358,Train,122.0,128.32165535967061
HV_S3_LGBM_seed42,HV,S3,LGBM,359,Train,107.0,110.78572030239066
HV_S3_LGBM_seed42,HV,S3,LGBM,365,Train,261.0,227.35296378237564
HV_S3_LGBM_seed42,HV,S3,LGBM,367,Train,201.0,200.58455949049642
HV_S3_LGBM_seed42,HV,S3,LGBM,369,Train,193.0,190.0298429328346
HV_S3_LGBM_seed42,HV,S3,LGBM,372,Train,176.0,205.59413952837156
HV_S3_LGBM_seed42,HV,S3,LGBM,373,Train,169.0,165.7542462663616
HV_S3_LGBM_seed42,HV,S3,LGBM,374,Train,161.0,162.966702195242
HV_S3_LGBM_seed42,HV,S3,LGBM,375,Train,216.0,200.37944867616457
HV_S3_LGBM_seed42,HV,S3,LGBM,376,Train,191.0,164.19369893602425
HV_S3_LGBM_seed42,HV,S3,LGBM,377,Train,172.0,153.87380636208633
HV_S3_LGBM_seed42,HV,S3,LGBM,384,Train,116.0,100.95769120342952
HV_S3_LGBM_seed42,HV,S3,LGBM,385,Train,175.0,171.46105383789805
HV_S3_LGBM_seed42,HV,S3,LGBM,387,Train,69.0,61.4307483232179
HV_S3_LGBM_seed42,HV,S3,LGBM,388,Train,185.0,189.23430570970797
HV_S3_LGBM_seed42,HV,S3,LGBM,389,Train,177.0,176.84080890691928
HV_S3_LGBM_seed42,HV,S3,LGBM,390,Train,68.0,74.81971987030451
HV_S3_LGBM_seed42,HV,S3,LGBM,391,Train,178.0,171.99871559273353
HV_S3_LGBM_seed42,HV,S3,LGBM,392,Train,63.0,57.59524573571087
HV_S3_LGBM_seed42,HV,S3,LGBM,393,Train,172.0,147.18847680451378
HV_S3_LGBM_seed42,HV,S3,LGBM,394,Train,200.0,190.96177624915566
HV_S3_LGBM_seed42,HV,S3,LGBM,395,Train,154.0,162.70681319575465
HV_S3_LGBM_seed42,HV,S3,LGBM,396,Train,107.0,134.31896027115735
HV_S3_LGBM_seed42,HV,S3,LGBM,398,Train,167.0,136.9861628990736
HV_S3_LGBM_seed42,HV,S3,LGBM,400,Train,124.0,121.02751791173228
HV_S3_LGBM_seed42,HV,S3,LGBM,402,Train,107.0,106.21114509643034
HV_S3_LGBM_seed42,HV,S3,LGBM,403,Train,89.0,92.87348512530247
HV_S3_LGBM_seed42,HV,S3,LGBM,410,Train,172.0,209.39749577170792
HV_S3_LGBM_seed42,HV,S3,LGBM,412,Train,72.0,65.89380522934204
HV_S3_LGBM_seed42,HV,S3,LGBM,413,Train,167.0,152.16286025312047
HV_S3_LGBM_seed42,HV,S3,LGBM,414,Train,162.0,172.05775674458545
HV_S3_LGBM_seed42,HV,S3,LGBM,418,Train,123.0,119.14564412952038
HV_S3_LGBM_seed42,HV,S3,LGBM,419,Train,107.0,103.81278319919542
HV_S3_LGBM_seed42,HV,S3,LGBM,420,Train,88.0,93.6938705601792
HV_S3_LGBM_seed42,HV,S3,LGBM,421,Train,177.0,173.8612984789647
HV_S3_LGBM_seed42,HV,S3,LGBM,423,Train,110.0,99.91519938289406
HV_S3_LGBM_seed42,HV,S3,LGBM,424,Train,75.0,75.36130397817766
HV_S3_LGBM_seed42,HV,S3,LGBM,425,Train,176.0,166.3115383806277
HV_S3_LGBM_seed42,HV,S3,LGBM,426,Train,134.0,161.8745156131196
HV_S3_LGBM_seed42,HV,S3,LGBM,428,Train,200.0,194.91839461062742
HV_S3_LGBM_seed42,HV,S3,LGBM,430,Train,139.0,151.7093903927802
HV_S3_LGBM_seed42,HV,S3,LGBM,432,Train,116.0,108.72575276141164
HV_S3_LGBM_seed42,HV,S3,LGBM,433,Train,126.0,117.37114616185919
HV_S3_LGBM_seed42,HV,S3,LGBM,434,Train,122.0,119.96463575632899
HV_S3_LGBM_seed42,HV,S3,LGBM,435,Train,108.0,106.3016274525024
HV_S3_LGBM_seed42,HV,S3,LGBM,436,Train,85.0,93.96844346049652
HV_S3_LGBM_seed42,HV,S3,LGBM,438,Train,131.0,164.0513387927032
HV_S3_LGBM_seed42,HV,S3,LGBM,440,Train,158.0,186.76891165257882
HV_S3_LGBM_seed42,HV,S3,LGBM,441,Train,161.0,147.14482471482845
HV_S3_LGBM_seed42,HV,S3,LGBM,442,Train,86.0,86.521719583812
HV_S3_LGBM_seed42,HV,S3,LGBM,443,Train,176.0,174.8458488411601
HV_S3_LGBM_seed42,HV,S3,LGBM,445,Train,77.0,71.74182589605678
HV_S3_LGBM_seed42,HV,S3,LGBM,446,Train,172.0,158.99003280930012
HV_S3_LGBM_seed42,HV,S3,LGBM,449,Train,111.0,98.36048072359537
HV_S3_LGBM_seed42,HV,S3,LGBM,450,Train,103.0,157.48125559799058
HV_S3_LGBM_seed42,HV,S3,LGBM,452,Train,131.0,143.83627753180323
HV_S3_LGBM_seed42,HV,S3,LGBM,453,Train,140.0,137.90818015245378
HV_S3_LGBM_seed42,HV,S3,LGBM,454,Train,200.0,164.43252299595062
HV_S3_LGBM_seed42,HV,S3,LGBM,455,Train,132.0,168.4560218370207
HV_S3_LGBM_seed42,HV,S3,LGBM,456,Train,122.0,156.88501888806525
HV_S3_LGBM_seed42,HV,S3,LGBM,457,Train,218.0,215.71525233766127
HV_S3_LGBM_seed42,HV,S3,LGBM,458,Train,237.0,216.86684745554803
HV_S3_LGBM_seed42,HV,S3,LGBM,459,Train,203.0,195.75751441515067
HV_S3_LGBM_seed42,HV,S3,LGBM,460,Train,204.0,193.84530262091997
HV_S3_LGBM_seed42,HV,S3,LGBM,461,Train,206.0,212.90341680076847
HV_S3_LGBM_seed42,HV,S3,LGBM,462,Train,224.0,225.67528369755144
HV_S3_LGBM_seed42,HV,S3,LGBM,463,Train,198.0,206.94558512533192
HV_S3_LGBM_seed42,HV,S3,LGBM,464,Train,218.0,217.47742535500657
HV_S3_LGBM_seed42,HV,S3,LGBM,465,Train,220.0,216.86684745554803
HV_S3_LGBM_seed42,HV,S3,LGBM,466,Train,230.0,216.86684745554803
HV_S3_LGBM_seed42,HV,S3,LGBM,468,Train,205.0,188.19086217506234
HV_S3_LGBM_seed42,HV,S3,LGBM,469,Train,228.0,229.84282795518473
HV_S3_LGBM_seed42,HV,S3,LGBM,470,Train,232.0,224.34827165153405
HV_S3_LGBM_seed42,HV,S3,LGBM,471,Train,218.0,220.905062665152
HV_S3_LGBM_seed42,HV,S3,LGBM,472,Train,223.0,215.87494659898886
HV_S3_LGBM_seed42,HV,S3,LGBM,473,Train,232.0,214.98979245405124
HV_S3_LGBM_seed42,HV,S3,LGBM,474,Train,182.0,215.26418747438535
HV_S3_LGBM_seed42,HV,S3,LGBM,475,Train,214.0,217.71656087033386
HV_S3_LGBM_seed42,HV,S3,LGBM,476,Train,229.0,217.71656087033386
HV_S3_LGBM_seed42,HV,S3,LGBM,477,Train,231.0,219.78287782836577
HV_S3_LGBM_seed42,HV,S3,LGBM,478,Train,210.0,219.78287782836577
HV_S3_LGBM_seed42,HV,S3,LGBM,479,Train,177.0,209.4788489022691
HV_S3_LGBM_seed42,HV,S3,LGBM,481,Train,174.0,188.42946234272668
HV_S3_LGBM_seed42,HV,S3,LGBM,482,Train,206.0,201.30657303418783
HV_S3_LGBM_seed42,HV,S3,LGBM,483,Train,208.0,204.11429278875823
HV_S3_LGBM_seed42,HV,S3,LGBM,484,Train,211.0,202.09203366477087
HV_S3_LGBM_seed42,HV,S3,LGBM,485,Train,186.0,195.53288081776557
HV_S3_LGBM_seed42,HV,S3,LGBM,486,Train,150.0,183.61421697259567
HV_S3_LGBM_seed42,HV,S3,LGBM,487,Train,224.0,219.50654913872745
HV_S3_LGBM_seed42,HV,S3,LGBM,488,Train,176.0,193.34297604672403
HV_S3_LGBM_seed42,HV,S3,LGBM,489,Train,194.0,210.45204688468397
HV_S3_LGBM_seed42,HV,S3,LGBM,491,Train,224.0,220.01283874050065
HV_S3_LGBM_seed42,HV,S3,LGBM,492,Train,219.0,212.91434696696396
HV_S3_LGBM_seed42,HV,S3,LGBM,493,Train,181.0,212.451531414791
HV_S3_LGBM_seed42,HV,S3,LGBM,494,Train,227.0,208.70062191608974
HV_S3_LGBM_seed42,HV,S3,LGBM,495,Train,175.0,208.70062191608974
HV_S3_LGBM_seed42,HV,S3,LGBM,496,Train,196.0,208.70062191608974
HV_S3_LGBM_seed42,HV,S3,LGBM,498,Train,226.0,208.70062191608974
HV_S3_LGBM_seed42,HV,S3,LGBM,500,Train,164.0,208.70062191608974
HV_S3_LGBM_seed42,HV,S3,LGBM,501,Train,221.0,210.0365060372073
HV_S3_LGBM_seed42,HV,S3,LGBM,502,Train,185.0,186.4346065599421
HV_S3_LGBM_seed42,HV,S3,LGBM,503,Train,213.0,208.88287415447078
HV_S3_LGBM_seed42,HV,S3,LGBM,504,Train,202.0,198.11051405137692
HV_S3_LGBM_seed42,HV,S3,LGBM,505,Train,229.0,219.78287782836577
HV_S3_LGBM_seed42,HV,S3,LGBM,506,Train,217.0,217.3218246911839
HV_S3_LGBM_seed42,HV,S3,LGBM,507,Train,212.0,198.08465672988441
HV_S3_LGBM_seed42,HV,S3,LGBM,509,Train,232.0,228.3985534267308
HV_S3_LGBM_seed42,HV,S3,LGBM,510,Train,214.0,211.8077927711221
HV_S3_LGBM_seed42,HV,S3,LGBM,511,Train,229.0,216.20474207896248
HV_S3_LGBM_seed42,HV,S3,LGBM,512,Train,200.0,200.994813086656
HV_S3_LGBM_seed42,HV,S3,LGBM,516,Train,188.0,187.22923727094718
HV_S3_LGBM_seed42,HV,S3,LGBM,517,Train,214.0,219.78287782836577
HV_S3_LGBM_seed42,HV,S3,LGBM,518,Train,205.0,205.8934992852376
HV_S3_LGBM_seed42,HV,S3,LGBM,520,Train,157.0,191.49592069077482
HV_S3_LGBM_seed42,HV,S3,LGBM,521,Train,230.0,217.88489190329702
HV_S3_LGBM_seed42,HV,S3,LGBM,523,Train,228.0,205.50603189484318
HV_S3_LGBM_seed42,HV,S3,LGBM,524,Train,170.0,188.05321237433603
HV_S3_LGBM_seed42,HV,S3,LGBM,526,Train,208.0,187.34325029197316
HV_S3_LGBM_seed42,HV,S3,LGBM,527,Train,229.0,218.51408654215467
HV_S3_LGBM_seed42,HV,S3,LGBM,528,Train,220.0,204.30526163670248
HV_S3_LGBM_seed42,HV,S3,LGBM,529,Train,189.0,206.6339928552407
HV_S3_LGBM_seed42,HV,S3,LGBM,530,Train,168.0,184.33289770377024
HV_S3_LGBM_seed42,HV,S3,LGBM,532,Train,209.0,221.13802137671829
HV_S3_LGBM_seed42,HV,S3,LGBM,533,Train,269.0,276.0714733786294
HV_S3_LGBM_seed42,HV,S3,LGBM,536,Train,333.0,324.1050144214749
HV_S3_LGBM_seed42,HV,S3,LGBM,538,Train,265.0,279.230308320168
HV_S3_LGBM_seed42,HV,S3,LGBM,540,Train,306.0,326.7397567435776
HV_S3_LGBM_seed42,HV,S3,LGBM,541,Train,330.0,355.3253227727233
HV_S3_LGBM_seed42,HV,S3,LGBM,542,Train,317.0,325.17016267788796
HV_S3_LGBM_seed42,HV,S3,LGBM,543,Train,331.0,345.6933942153892
HV_S3_LGBM_seed42,HV,S3,LGBM,544,Train,333.0,329.8421839863978
HV_S3_LGBM_seed42,HV,S3,LGBM,545,Train,304.0,281.78486898625687
HV_S3_LGBM_seed42,HV,S3,LGBM,547,Train,227.0,253.29686043891436
HV_S3_LGBM_seed42,HV,S3,LGBM,548,Train,267.0,253.417654726629
HV_S3_LGBM_seed42,HV,S3,LGBM,549,Train,262.0,250.62988082492436
HV_S3_LGBM_seed42,HV,S3,LGBM,550,Train,271.0,278.9247432185402
HV_S3_LGBM_seed42,HV,S3,LGBM,552,Train,290.0,294.2988185950516
HV_S3_LGBM_seed42,HV,S3,LGBM,554,Train,338.0,331.9267288580863
HV_S3_LGBM_seed42,HV,S3,LGBM,555,Train,328.0,350.2525557103754
HV_S3_LGBM_seed42,HV,S3,LGBM,556,Train,278.0,281.1028218460656
HV_S3_LGBM_seed42,HV,S3,LGBM,557,Train,292.0,297.9629799117771
HV_S3_LGBM_seed42,HV,S3,LGBM,558,Train,297.0,296.13936334263724
HV_S3_LGBM_seed42,HV,S3,LGBM,559,Train,342.0,327.1944624682864
HV_S3_LGBM_seed42,HV,S3,LGBM,560,Train,336.0,334.05223116135676
HV_S3_LGBM_seed42,HV,S3,LGBM,561,Train,281.0,269.16668969639926
HV_S3_LGBM_seed42,HV,S3,LGBM,562,Train,285.0,287.4622947131261
HV_S3_LGBM_seed42,HV,S3,LGBM,563,Train,286.0,281.8723788443384
HV_S3_LGBM_seed42,HV,S3,LGBM,565,Train,345.0,352.8720764420973
HV_S3_LGBM_seed42,HV,S3,LGBM,566,Train,344.0,329.61132659546604
HV_S3_LGBM_seed42,HV,S3,LGBM,567,Train,318.0,292.40044672243505
HV_S3_LGBM_seed42,HV,S3,LGBM,568,Train,326.0,327.25329967850854
HV_S3_LGBM_seed42,HV,S3,LGBM,569,Train,336.0,348.9040359266581
HV_S3_LGBM_seed42,HV,S3,LGBM,570,Train,338.0,326.4945562098292
HV_S3_LGBM_seed42,HV,S3,LGBM,571,Train,284.0,274.8768495586582
HV_S3_LGBM_seed42,HV,S3,LGBM,572,Train,258.0,263.27530589747687
HV_S3_LGBM_seed42,HV,S3,LGBM,573,Train,252.0,241.91919237914357
HV_S3_LGBM_seed42,HV,S3,LGBM,574,Train,245.0,240.32028080859726
HV_S3_LGBM_seed42,HV,S3,LGBM,575,Train,243.0,236.7173223259722
HV_S3_LGBM_seed42,HV,S3,LGBM,577,Train,339.0,330.16301471379165
HV_S3_LGBM_seed42,HV,S3,LGBM,578,Train,344.0,349.63443557583685
HV_S3_LGBM_seed42,HV,S3,LGBM,580,Train,293.0,297.29598650530716
HV_S3_LGBM_seed42,HV,S3,LGBM,581,Train,294.0,299.9621540209318
HV_S3_LGBM_seed42,HV,S3,LGBM,582,Train,329.0,330.66119893596465
HV_S3_LGBM_seed42,HV,S3,LGBM,583,Train,348.0,348.8661674638182
HV_S3_LGBM_seed42,HV,S3,LGBM,584,Train,330.0,324.6813524347537
HV_S3_LGBM_seed42,HV,S3,LGBM,585,Train,273.0,275.2030492515526
HV_S3_LGBM_seed42,HV,S3,LGBM,586,Train,251.0,260.5605461261272
HV_S3_LGBM_seed42,HV,S3,LGBM,588,Train,239.0,225.81935647322183
HV_S3_LGBM_seed42,HV,S3,LGBM,589,Train,232.0,222.19870891763404
HV_S3_LGBM_seed42,HV,S3,LGBM,590,Train,294.0,298.04472744378404
HV_S3_LGBM_seed42,HV,S3,LGBM,591,Train,290.0,296.65371127193225
HV_S3_LGBM_seed42,HV,S3,LGBM,592,Train,338.0,327.00489877265335
HV_S3_LGBM_seed42,HV,S3,LGBM,593,Train,329.0,327.65960060057085
HV_S3_LGBM_seed42,HV,S3,LGBM,594,Train,285.0,274.60502272289483
HV_S3_LGBM_seed42,HV,S3,LGBM,595,Train,297.0,288.3512820347245
HV_S3_LGBM_seed42,HV,S3,LGBM,596,Train,302.0,275.90764758653387
HV_S3_LGBM_seed42,HV,S3,LGBM,597,Train,343.0,331.96702332157355
HV_S3_LGBM_seed42,HV,S3,LGBM,598,Train,340.0,348.99767190286576
HV_S3_LGBM_seed42,HV,S3,LGBM,599,Train,341.0,331.96702332157355
HV_S3_LGBM_seed42,HV,S3,LGBM,600,Train,313.0,275.60840404052146
HV_S3_LGBM_seed42,HV,S3,LGBM,601,Train,321.0,332.47827199481105
HV_S3_LGBM_seed42,HV,S3,LGBM,602,Train,350.0,350.7215505568595
HV_S3_LGBM_seed42,HV,S3,LGBM,603,Train,313.0,319.3871554534268
HV_S3_LGBM_seed42,HV,S3,LGBM,604,Train,253.0,265.24448594596316
HV_S3_LGBM_seed42,HV,S3,LGBM,605,Train,234.0,247.5749028954614
HV_S3_LGBM_seed42,HV,S3,LGBM,606,Train,231.0,224.58167235178468
HV_S3_LGBM_seed42,HV,S3,LGBM,607,Train,227.0,223.0473214262631
HV_S3_LGBM_seed42,HV,S3,LGBM,608,Train,210.0,218.4145880479067
HV_S3_LGBM_seed42,HV,S3,LGBM,609,Train,284.0,288.63788776480305
HV_S3_LGBM_seed42,HV,S3,LGBM,610,Train,296.0,299.8430010340624
HV_S3_LGBM_seed42,HV,S3,LGBM,614,Train,337.0,330.7986979406352
HV_S3_LGBM_seed42,HV,S3,LGBM,615,Train,338.0,341.4540573006593
HV_S3_LGBM_seed42,HV,S3,LGBM,619,Train,238.0,263.5302920874421
HV_S3_LGBM_seed42,HV,S3,LGBM,621,Train,213.0,223.40439815540984
HV_S3_LGBM_seed42,HV,S3,LGBM,622,Train,210.0,193.6352166927875
HV_S3_LGBM_seed42,HV,S3,LGBM,623,Train,201.0,189.7441934002679
HV_S3_LGBM_seed42,HV,S3,LGBM,624,Train,287.0,290.23207951383364
HV_S3_LGBM_seed42,HV,S3,LGBM,626,Train,287.0,292.850618662036
HV_S3_LGBM_seed42,HV,S3,LGBM,627,Train,335.0,323.9534778870919
HV_S3_LGBM_seed42,HV,S3,LGBM,628,Train,316.0,316.8973608463673
HV_S3_LGBM_seed42,HV,S3,LGBM,630,Train,310.0,292.1314936896494
HV_S3_LGBM_seed42,HV,S3,LGBM,632,Train,335.0,329.3888521658458
HV_S3_LGBM_seed42,HV,S3,LGBM,633,Train,337.0,340.3387716097479
HV_S3_LGBM_seed42,HV,S3,LGBM,636,Train,329.0,330.48879388126295
HV_S3_LGBM_seed42,HV,S3,LGBM,638,Train,309.0,299.973719294168
HV_S3_LGBM_seed42,HV,S3,LGBM,639,Train,233.0,234.63434409211612
HV_S3_LGBM_seed42,HV,S3,LGBM,641,Train,190.0,191.04037269413442
HV_S3_LGBM_seed42,HV,S3,LGBM,642,Train,179.0,185.08332637061528
HV_S3_LGBM_seed42,HV,S3,LGBM,645,Train,302.0,304.4293524822135
HV_S3_LGBM_seed42,HV,S3,LGBM,648,Train,311.0,309.7994501411675
HV_S3_LGBM_seed42,HV,S3,LGBM,649,Train,293.0,284.29504305557583
HV_S3_LGBM_seed42,HV,S3,LGBM,650,Train,306.0,297.8230906050444
HV_S3_LGBM_seed42,HV,S3,LGBM,651,Train,295.0,280.24874419989857
HV_S3_LGBM_seed42,HV,S3,LGBM,652,Train,333.0,333.8063967481934
HV_S3_LGBM_seed42,HV,S3,LGBM,653,Train,336.0,337.25195559422025
HV_S3_LGBM_seed42,HV,S3,LGBM,655,Train,352.0,352.4731612955166
HV_S3_LGBM_seed42,HV,S3,LGBM,656,Train,289.0,290.342280060014
HV_S3_LGBM_seed42,HV,S3,LGBM,657,Train,233.0,217.2249692046048
HV_S3_LGBM_seed42,HV,S3,LGBM,658,Train,179.0,190.73688932036146
HV_S3_LGBM_seed42,HV,S3,LGBM,659,Train,168.0,166.71907627925108
HV_S3_LGBM_seed42,HV,S3,LGBM,660,Train,159.0,158.85329925055137
HV_S3_LGBM_seed42,HV,S3,LGBM,661,Train,148.0,155.68919851264158
HV_S3_LGBM_seed42,HV,S3,LGBM,662,Train,299.0,301.011997851576
HV_S3_LGBM_seed42,HV,S3,LGBM,663,Train,282.0,278.17384315241594
HV_S3_LGBM_seed42,HV,S3,LGBM,665,Train,303.0,299.84038369873673
HV_S3_LGBM_seed42,HV,S3,LGBM,666,Train,331.0,329.62385040392275
HV_S3_LGBM_seed42,HV,S3,LGBM,667,Train,333.0,326.13717953373583
HV_S3_LGBM_seed42,HV,S3,LGBM,669,Train,349.0,345.3287818943279
HV_S3_LGBM_seed42,HV,S3,LGBM,670,Train,264.0,274.42850185579414
HV_S3_LGBM_seed42,HV,S3,LGBM,671,Train,202.0,206.2503060527349
HV_S3_LGBM_seed42,HV,S3,LGBM,672,Train,172.0,186.26505543679866
HV_S3_LGBM_seed42,HV,S3,LGBM,674,Train,142.0,138.9098417364755
HV_S3_LGBM_seed42,HV,S3,LGBM,675,Train,136.0,134.09502388079034
HV_S3_LGBM_seed42,HV,S3,LGBM,677,Train,295.0,279.09933690764245
HV_S3_LGBM_seed42,HV,S3,LGBM,678,Train,305.0,292.2491287838478
HV_S3_LGBM_seed42,HV,S3,LGBM,679,Train,293.0,273.83334460065726
HV_S3_LGBM_seed42,HV,S3,LGBM,681,Train,313.0,316.23030467052564
HV_S3_LGBM_seed42,HV,S3,LGBM,683,Train,326.0,327.869481370958
HV_S3_LGBM_seed42,HV,S3,LGBM,685,Train,334.0,327.869481370958
HV_S3_LGBM_seed42,HV,S3,LGBM,686,Train,266.0,254.8553014189454
HV_S3_LGBM_seed42,HV,S3,LGBM,687,Train,295.0,290.98972074000767
HV_S3_LGBM_seed42,HV,S3,LGBM,688,Train,295.0,299.6871237118765
HV_S3_LGBM_seed42,HV,S3,LGBM,689,Train,277.0,271.25358562948486
HV_S3_LGBM_seed42,HV,S3,LGBM,690,Train,297.0,279.8733182643274
HV_S3_LGBM_seed42,HV,S3,LGBM,692,Train,290.0,268.3943792412376
HV_S3_LGBM_seed42,HV,S3,LGBM,693,Train,325.0,327.85091304503635
HV_S3_LGBM_seed42,HV,S3,LGBM,694,Train,351.0,345.63707264661457
HV_S3_LGBM_seed42,HV,S3,LGBM,695,Train,261.0,257.326652682031
HV_S3_LGBM_seed42,HV,S3,LGBM,696,Train,192.0,184.55012034493527
HV_S3_LGBM_seed42,HV,S3,LGBM,697,Train,166.0,161.98794024754807
HV_S3_LGBM_seed42,HV,S3,LGBM,698,Train,146.0,137.23890707584425
HV_S3_LGBM_seed42,HV,S3,LGBM,700,Train,125.0,127.95350781738824
HV_S3_LGBM_seed42,HV,S3,LGBM,701,Train,309.0,309.95017587652757
HV_S3_LGBM_seed42,HV,S3,LGBM,702,Train,296.0,293.97791125360544
HV_S3_LGBM_seed42,HV,S3,LGBM,703,Train,320.0,323.64877309316176
HV_S3_LGBM_seed42,HV,S3,LGBM,704,Train,324.0,322.8086735936253
HV_S3_LGBM_seed42,HV,S3,LGBM,705,Train,298.0,290.8975030661677
HV_S3_LGBM_seed42,HV,S3,LGBM,706,Train,273.0,273.6702575093887
HV_S3_LGBM_seed42,HV,S3,LGBM,707,Train,297.0,280.1250397126331
HV_S3_LGBM_seed42,HV,S3,LGBM,708,Train,300.0,297.78559230328364
HV_S3_LGBM_seed42,HV,S3,LGBM,709,Train,285.0,273.5573676285784
HV_S3_LGBM_seed42,HV,S3,LGBM,710,Train,326.0,317.48810022844907
HV_S3_LGBM_seed42,HV,S3,LGBM,712,Train,323.0,327.2925662883677
HV_S3_LGBM_seed42,HV,S3,LGBM,713,Train,351.0,335.4701003271985
HV_S3_LGBM_seed42,HV,S3,LGBM,714,Train,245.0,249.39405603201234
HV_S3_LGBM_seed42,HV,S3,LGBM,715,Train,185.0,178.43364754574355
HV_S3_LGBM_seed42,HV,S3,LGBM,716,Train,160.0,159.31811579027243
HV_S3_LGBM_seed42,HV,S3,LGBM,717,Train,132.0,133.38343202974565
HV_S3_LGBM_seed42,HV,S3,LGBM,718,Train,121.0,128.5339747315748
HV_S3_LGBM_seed42,HV,S3,LGBM,719,Train,115.0,121.42332906021032
HV_S3_LGBM_seed42,HV,S3,LGBM,720,Train,292.0,298.4663725888896
HV_S3_LGBM_seed42,HV,S3,LGBM,722,Train,292.0,290.5301849149862
HV_S3_LGBM_seed42,HV,S3,LGBM,723,Train,319.0,317.41432916328455
HV_S3_LGBM_seed42,HV,S3,LGBM,724,Train,320.0,320.33636480172873
HV_S3_LGBM_seed42,HV,S3,LGBM,727,Train,298.0,293.1026058934469
HV_S3_LGBM_seed42,HV,S3,LGBM,728,Train,266.0,273.7536284370443
HV_S3_LGBM_seed42,HV,S3,LGBM,729,Train,297.0,286.3930250155626
HV_S3_LGBM_seed42,HV,S3,LGBM,730,Train,297.0,301.47424670836807
HV_S3_LGBM_seed42,HV,S3,LGBM,731,Train,279.0,275.6790032129504
HV_S3_LGBM_seed42,HV,S3,LGBM,732,Train,292.0,298.85375497774936
HV_S3_LGBM_seed42,HV,S3,LGBM,734,Train,283.0,286.6893252497583
HV_S3_LGBM_seed42,HV,S3,LGBM,735,Train,315.0,317.5972501216063
HV_S3_LGBM_seed42,HV,S3,LGBM,736,Train,319.0,318.2369749665778
HV_S3_LGBM_seed42,HV,S3,LGBM,737,Train,298.0,295.1891742503693
HV_S3_LGBM_seed42,HV,S3,LGBM,738,Train,265.0,272.43194119162257
HV_S3_LGBM_seed42,HV,S3,LGBM,739,Train,298.0,289.5661465301421
HV_S3_LGBM_seed42,HV,S3,LGBM,740,Train,293.0,305.57367295178597
HV_S3_LGBM_seed42,HV,S3,LGBM,741,Train,276.0,274.9020391750736
HV_S3_LGBM_seed42,HV,S3,LGBM,742,Train,323.0,326.5407013728887
HV_S3_LGBM_seed42,HV,S3,LGBM,743,Train,341.0,335.218646498934
HV_S3_LGBM_seed42,HV,S3,LGBM,744,Train,216.0,238.25717128603284
HV_S3_LGBM_seed42,HV,S3,LGBM,745,Train,179.0,169.3724934901308
HV_S3_LGBM_seed42,HV,S3,LGBM,746,Train,158.0,146.9069456120042
HV_S3_LGBM_seed42,HV,S3,LGBM,747,Train,125.0,122.85765184674455
HV_S3_LGBM_seed42,HV,S3,LGBM,748,Train,111.0,119.82755498250825
HV_S3_LGBM_seed42,HV,S3,LGBM,751,Train,290.0,290.185142106478
HV_S3_LGBM_seed42,HV,S3,LGBM,752,Train,276.0,272.53331826195307
HV_S3_LGBM_seed42,HV,S3,LGBM,753,Train,311.0,307.17696337351504
HV_S3_LGBM_seed42,HV,S3,LGBM,754,Train,315.0,304.1359894785277
HV_S3_LGBM_seed42,HV,S3,LGBM,756,Train,298.0,296.08826388649555
HV_S3_LGBM_seed42,HV,S3,LGBM,758,Train,298.0,291.9736802817971
HV_S3_LGBM_seed42,HV,S3,LGBM,759,Train,289.0,295.0380424920428
HV_S3_LGBM_seed42,HV,S3,LGBM,760,Train,274.0,275.77232231489035
HV_S3_LGBM_seed42,HV,S3,LGBM,761,Train,291.0,289.9026750872678
HV_S3_LGBM_seed42,HV,S3,LGBM,762,Train,278.0,287.0827863679123
HV_S3_LGBM_seed42,HV,S3,LGBM,763,Train,269.0,268.40118702532993
HV_S3_LGBM_seed42,HV,S3,LGBM,765,Train,313.0,301.50340101777357
HV_S3_LGBM_seed42,HV,S3,LGBM,766,Train,179.0,210.75638119880645
HV_S3_LGBM_seed42,HV,S3,LGBM,767,Train,300.0,296.7170967087224
HV_S3_LGBM_seed42,HV,S3,LGBM,768,Train,259.0,258.2233539417897
HV_S3_LGBM_seed42,HV,S3,LGBM,769,Train,300.0,293.27153484411394
HV_S3_LGBM_seed42,HV,S3,LGBM,770,Train,288.0,294.70440675866547
HV_S3_LGBM_seed42,HV,S3,LGBM,771,Train,273.0,263.4522512225946
HV_S3_LGBM_seed42,HV,S3,LGBM,772,Train,329.0,329.3743902024559
HV_S3_LGBM_seed42,HV,S3,LGBM,773,Train,335.0,320.9861102801988
HV_S3_LGBM_seed42,HV,S3,LGBM,774,Train,215.0,225.81184420818772
HV_S3_LGBM_seed42,HV,S3,LGBM,775,Train,181.0,161.49592891406868
HV_S3_LGBM_seed42,HV,S3,LGBM,776,Train,156.0,146.87766160584852
HV_S3_LGBM_seed42,HV,S3,LGBM,777,Train,124.0,118.89576780679448
HV_S3_LGBM_seed42,HV,S3,LGBM,778,Train,106.0,115.82274094955876
HV_S3_LGBM_seed42,HV,S3,LGBM,779,Train,95.0,112.9277620645691
HV_S3_LGBM_seed42,HV,S3,LGBM,780,Train,290.0,276.3469491735441
HV_S3_LGBM_seed42,HV,S3,LGBM,781,Train,268.0,275.2159134820373
HV_S3_LGBM_seed42,HV,S3,LGBM,782,Train,264.0,257.88451208000595
HV_S3_LGBM_seed42,HV,S3,LGBM,786,Train,299.0,296.04328940117585
HV_S3_LGBM_seed42,HV,S3,LGBM,787,Train,301.0,292.5977275365674
HV_S3_LGBM_seed42,HV,S3,LGBM,788,Train,287.0,285.5168411825578
HV_S3_LGBM_seed42,HV,S3,LGBM,789,Train,272.0,263.42296721643896
HV_S3_LGBM_seed42,HV,S3,LGBM,790,Train,286.0,276.38987916654355
HV_S3_LGBM_seed42,HV,S3,LGBM,792,Train,258.0,275.18662947588166
HV_S3_LGBM_seed42,HV,S3,LGBM,793,Train,259.0,257.8552280738503
HV_S3_LGBM_seed42,HV,S3,LGBM,795,Train,287.0,285.4446271834027
HV_S3_LGBM_seed42,HV,S3,LGBM,796,Train,270.0,253.51171229979883
HV_S3_LGBM_seed42,HV,S3,LGBM,797,Train,291.0,295.1317366177844
HV_S3_LGBM_seed42,HV,S3,LGBM,798,Train,298.0,292.2416274566245
HV_S3_LGBM_seed42,HV,S3,LGBM,799,Train,305.0,295.1317366177844
HV_S3_LGBM_seed42,HV,S3,LGBM,800,Train,172.0,201.7743174344785
HV_S3_LGBM_seed42,HV,S3,LGBM,801,Train,330.0,316.8371128185783
HV_S3_LGBM_seed42,HV,S3,LGBM,802,Train,324.0,309.72312261257474
HV_S3_LGBM_seed42,HV,S3,LGBM,804,Train,176.0,154.2969598489106
HV_S3_LGBM_seed42,HV,S3,LGBM,805,Train,153.0,141.9860985772207
HV_S3_LGBM_seed42,HV,S3,LGBM,806,Train,122.0,118.89576780679448
HV_S3_LGBM_seed42,HV,S3,LGBM,807,Train,100.0,115.82274094955876
HV_S3_LGBM_seed42,HV,S3,LGBM,808,Train,91.0,112.9277620645691
HV_S3_LGBM_seed42,HV,S3,LGBM,809,Train,286.0,276.31766516738844
HV_S3_LGBM_seed42,HV,S3,LGBM,810,Train,282.0,268.9223839968461
HV_S3_LGBM_seed42,HV,S3,LGBM,813,Train,288.0,286.8189079362835
HV_S3_LGBM_seed42,HV,S3,LGBM,814,Train,293.0,286.24327096138086
HV_S3_LGBM_seed42,HV,S3,LGBM,815,Train,248.0,251.8969270192978
HV_S3_LGBM_seed42,HV,S3,LGBM,816,Train,251.0,266.9138562350718
HV_S3_LGBM_seed42,HV,S3,LGBM,817,Train,285.0,286.8189079362835
HV_S3_LGBM_seed42,HV,S3,LGBM,818,Train,291.0,286.24327096138086
HV_S3_LGBM_seed42,HV,S3,LGBM,819,Train,238.0,251.8969270192978
HV_S3_LGBM_seed42,HV,S3,LGBM,820,Train,208.0,233.8551621374516
HV_S3_LGBM_seed42,HV,S3,LGBM,821,Train,227.0,227.56340848556567
HV_S3_LGBM_seed42,HV,S3,LGBM,822,Train,247.0,219.70347991115221
HV_S3_LGBM_seed42,HV,S3,LGBM,823,Train,255.0,268.7693428676006
HV_S3_LGBM_seed42,HV,S3,LGBM,824,Train,244.0,259.36319287066664
HV_S3_LGBM_seed42,HV,S3,LGBM,825,Train,216.0,259.0521423923321
HV_S3_LGBM_seed42,HV,S3,LGBM,827,Train,254.0,268.7693428676006
HV_S3_LGBM_seed42,HV,S3,LGBM,828,Train,240.0,259.36319287066664
HV_S3_LGBM_seed42,HV,S3,LGBM,830,Train,169.0,210.88692571123676
HV_S3_LGBM_seed42,HV,S3,LGBM,831,Train,226.0,268.7693428676006
HV_S3_LGBM_seed42,HV,S3,LGBM,832,Train,220.0,259.36319287066664
HV_S3_LGBM_seed42,HV,S3,LGBM,833,Train,196.0,259.0521423923321
HV_S3_LGBM_seed42,HV,S3,LGBM,834,Train,155.0,210.88692571123676
HV_S3_LGBM_seed42,HV,S3,LGBM,836,Train,336.0,259.36319287066664
HV_S3_LGBM_seed42,HV,S3,LGBM,837,Train,320.0,259.0521423923321
HV_S3_LGBM_seed42,HV,S3,LGBM,838,Train,265.0,210.88692571123676
HV_S3_LGBM_seed42,HV,S3,LGBM,839,Train,320.0,268.7693428676006
HV_S3_LGBM_seed42,HV,S3,LGBM,841,Train,286.0,259.0521423923321
HV_S3_LGBM_seed42,HV,S3,LGBM,843,Train,289.0,268.7693428676006
HV_S3_LGBM_seed42,HV,S3,LGBM,845,Train,302.0,259.0521423923321
HV_S3_LGBM_seed42,HV,S3,LGBM,846,Train,254.0,210.88692571123676
HV_S3_LGBM_seed42,HV,S3,LGBM,848,Train,370.0,366.85203521448005
HV_S3_LGBM_seed42,HV,S3,LGBM,849,Train,299.0,292.4715051516994
HV_S3_LGBM_seed42,HV,S3,LGBM,850,Train,371.0,352.6206444331916
HV_S3_LGBM_seed42,HV,S3,LGBM,851,Train,373.0,357.74831758336796
HV_S3_LGBM_seed42,HV,S3,LGBM,853,Train,351.0,359.62290114562495
HV_S3_LGBM_seed42,HV,S3,LGBM,855,Train,357.0,366.85203521448005
HV_S3_LGBM_seed42,HV,S3,LGBM,856,Train,361.0,359.62290114562495
HV_S3_LGBM_seed42,HV,S3,LGBM,858,Train,381.0,348.75253085298937
HV_S3_LGBM_seed42,HV,S3,LGBM,859,Train,222.0,239.47777161285939
HV_S3_LGBM_seed42,HV,S3,LGBM,860,Train,239.0,232.59759149830728
HV_S3_LGBM_seed42,HV,S3,LGBM,861,Train,242.0,220.68214744542027
HV_S3_LGBM_seed42,HV,S3,LGBM,862,Train,259.0,274.6993681232836
HV_S3_LGBM_seed42,HV,S3,LGBM,863,Train,235.0,264.9360110018113
HV_S3_LGBM_seed42,HV,S3,LGBM,865,Train,158.0,195.54267115990783
HV_S3_LGBM_seed42,HV,S3,LGBM,866,Train,251.0,274.6993681232836
HV_S3_LGBM_seed42,HV,S3,LGBM,868,Train,180.0,249.36731858154846
HV_S3_LGBM_seed42,HV,S3,LGBM,869,Train,151.0,195.54267115990783
HV_S3_LGBM_seed42,HV,S3,LGBM,870,Train,225.0,274.6993681232836
HV_S3_LGBM_seed42,HV,S3,LGBM,871,Train,210.0,264.9360110018113
HV_S3_LGBM_seed42,HV,S3,LGBM,873,Train,141.0,195.54267115990783
HV_S3_LGBM_seed42,HV,S3,LGBM,874,Train,348.0,274.6993681232836
HV_S3_LGBM_seed42,HV,S3,LGBM,875,Train,330.0,264.9360110018113
HV_S3_LGBM_seed42,HV,S3,LGBM,877,Train,235.0,195.54267115990783
HV_S3_LGBM_seed42,HV,S3,LGBM,879,Train,305.0,264.9360110018113
HV_S3_LGBM_seed42,HV,S3,LGBM,880,Train,280.0,249.36731858154846
HV_S3_LGBM_seed42,HV,S3,LGBM,881,Train,223.0,195.54267115990783
HV_S3_LGBM_seed42,HV,S3,LGBM,882,Train,290.0,274.6993681232836
HV_S3_LGBM_seed42,HV,S3,LGBM,884,Train,291.0,249.36731858154846
HV_S3_LGBM_seed42,HV,S3,LGBM,885,Train,219.0,195.54267115990783
HV_S3_LGBM_seed42,HV,S3,LGBM,886,Train,282.0,264.4859462794399
HV_S3_LGBM_seed42,HV,S3,LGBM,887,Train,382.0,343.7076479948286
HV_S3_LGBM_seed42,HV,S3,LGBM,889,Train,287.0,276.1126233873172
HV_S3_LGBM_seed42,HV,S3,LGBM,890,Train,345.0,346.2211010585352
HV_S3_LGBM_seed42,HV,S3,LGBM,891,Train,267.0,269.3278245781239
HV_S3_LGBM_seed42,HV,S3,LGBM,892,Train,359.0,360.82367112969587
HV_S3_LGBM_seed42,HV,S3,LGBM,894,Train,304.0,269.3278245781239
HV_S3_LGBM_seed42,HV,S3,LGBM,895,Train,232.0,240.57589592563204
HV_S3_LGBM_seed42,HV,S3,LGBM,896,Train,248.0,236.12933978148328
HV_S3_LGBM_seed42,HV,S3,LGBM,897,Train,222.0,219.5835986366122
HV_S3_LGBM_seed42,HV,S3,LGBM,898,Train,253.0,263.0713548162154
HV_S3_LGBM_seed42,HV,S3,LGBM,899,Train,229.0,249.7151396838744
HV_S3_LGBM_seed42,HV,S3,LGBM,900,Train,162.0,237.444590388546
HV_S3_LGBM_seed42,HV,S3,LGBM,901,Train,145.0,176.3818614673615
HV_S3_LGBM_seed42,HV,S3,LGBM,902,Train,245.0,263.0713548162154
HV_S3_LGBM_seed42,HV,S3,LGBM,903,Train,196.0,249.7151396838744
HV_S3_LGBM_seed42,HV,S3,LGBM,905,Train,144.0,176.3818614673615
HV_S3_LGBM_seed42,HV,S3,LGBM,906,Train,220.0,263.0713548162154
HV_S3_LGBM_seed42,HV,S3,LGBM,907,Train,201.0,249.7151396838744
HV_S3_LGBM_seed42,HV,S3,LGBM,908,Train,176.0,237.444590388546
HV_S3_LGBM_seed42,HV,S3,LGBM,909,Train,135.0,176.3818614673615
HV_S3_LGBM_seed42,HV,S3,LGBM,911,Train,321.0,249.7151396838744
HV_S3_LGBM_seed42,HV,S3,LGBM,913,Train,213.0,176.3818614673615
HV_S3_LGBM_seed42,HV,S3,LGBM,916,Train,272.0,237.444590388546
HV_S3_LGBM_seed42,HV,S3,LGBM,917,Train,204.0,176.3818614673615
HV_S3_LGBM_seed42,HV,S3,LGBM,918,Train,289.0,263.0713548162154
HV_S3_LGBM_seed42,HV,S3,LGBM,919,Train,279.0,249.7151396838744
HV_S3_LGBM_seed42,HV,S3,LGBM,920,Train,275.0,237.444590388546
HV_S3_LGBM_seed42,HV,S3,LGBM,921,Train,205.0,176.3818614673615
HV_S3_LGBM_seed42,HV,S3,LGBM,923,Train,248.0,236.3561797494557
HV_S3_LGBM_seed42,HV,S3,LGBM,924,Train,211.0,206.91245697828188
HV_S3_LGBM_seed42,HV,S3,LGBM,925,Train,252.0,268.8680924851799
HV_S3_LGBM_seed42,HV,S3,LGBM,926,Train,216.0,249.87086380547535
HV_S3_LGBM_seed42,HV,S3,LGBM,928,Train,141.0,176.85951769098727
HV_S3_LGBM_seed42,HV,S3,LGBM,929,Train,234.0,268.8680924851799
HV_S3_LGBM_seed42,HV,S3,LGBM,930,Train,188.0,249.87086380547535
HV_S3_LGBM_seed42,HV,S3,LGBM,931,Train,155.0,219.89472660256283
HV_S3_LGBM_seed42,HV,S3,LGBM,932,Train,143.0,176.85951769098727
HV_S3_LGBM_seed42,HV,S3,LGBM,933,Train,218.0,268.8680924851799
HV_S3_LGBM_seed42,HV,S3,LGBM,934,Train,200.0,249.87086380547535
HV_S3_LGBM_seed42,HV,S3,LGBM,935,Train,166.0,219.89472660256283
HV_S3_LGBM_seed42,HV,S3,LGBM,936,Train,132.0,176.85951769098727
HV_S3_LGBM_seed42,HV,S3,LGBM,937,Train,345.0,268.8680924851799
HV_S3_LGBM_seed42,HV,S3,LGBM,938,Train,318.0,249.87086380547535
HV_S3_LGBM_seed42,HV,S3,LGBM,939,Train,272.0,219.89472660256283
HV_S3_LGBM_seed42,HV,S3,LGBM,940,Train,212.0,176.85951769098727
HV_S3_LGBM_seed42,HV,S3,LGBM,941,Train,314.0,268.8680924851799
HV_S3_LGBM_seed42,HV,S3,LGBM,942,Train,292.0,249.87086380547535
HV_S3_LGBM_seed42,HV,S3,LGBM,944,Train,193.0,176.85951769098727
HV_S3_LGBM_seed42,HV,S3,LGBM,946,Train,278.0,249.87086380547535
HV_S3_LGBM_seed42,HV,S3,LGBM,947,Train,264.0,219.89472660256283
HV_S3_LGBM_seed42,HV,S3,LGBM,948,Train,202.0,176.85951769098727
HV_S3_LGBM_seed42,HV,S3,LGBM,949,Train,296.0,282.933562076557
HV_S3_LGBM_seed42,HV,S3,LGBM,950,Train,360.0,344.909608180218
HV_S3_LGBM_seed42,HV,S3,LGBM,951,Train,349.0,341.1358384296036
HV_S3_LGBM_seed42,HV,S3,LGBM,952,Train,273.0,255.41124843328956
HV_S3_LGBM_seed42,HV,S3,LGBM,953,Train,365.0,363.1801579730892
HV_S3_LGBM_seed42,HV,S3,LGBM,954,Train,342.0,345.4291522876738
HV_S3_LGBM_seed42,HV,S3,LGBM,956,Train,362.0,363.1801579730892
HV_S3_LGBM_seed42,HV,S3,LGBM,959,Train,244.0,247.56867903389755
HV_S3_LGBM_seed42,HV,S3,LGBM,960,Train,247.0,235.7865020457044
HV_S3_LGBM_seed42,HV,S3,LGBM,961,Train,197.0,206.38512751970552
HV_S3_LGBM_seed42,HV,S3,LGBM,962,Train,243.0,272.0848503465283
HV_S3_LGBM_seed42,HV,S3,LGBM,963,Train,215.0,248.44291246130973
HV_S3_LGBM_seed42,HV,S3,LGBM,967,Train,182.0,248.44291246130973
HV_S3_LGBM_seed42,HV,S3,LGBM,968,Train,150.0,213.24954696289424
HV_S3_LGBM_seed42,HV,S3,LGBM,969,Train,140.0,171.36710254157558
HV_S3_LGBM_seed42,HV,S3,LGBM,970,Train,218.0,272.0848503465283
HV_S3_LGBM_seed42,HV,S3,LGBM,971,Train,196.0,248.44291246130973
HV_S3_LGBM_seed42,HV,S3,LGBM,972,Train,157.0,213.24954696289424
HV_S3_LGBM_seed42,HV,S3,LGBM,973,Train,131.0,171.36710254157558
HV_S3_LGBM_seed42,HV,S3,LGBM,974,Train,343.0,272.0848503465283
HV_S3_LGBM_seed42,HV,S3,LGBM,975,Train,312.0,248.44291246130973
HV_S3_LGBM_seed42,HV,S3,LGBM,976,Train,267.0,213.24954696289424
HV_S3_LGBM_seed42,HV,S3,LGBM,977,Train,206.0,171.36710254157558
HV_S3_LGBM_seed42,HV,S3,LGBM,978,Train,313.0,272.0848503465283
HV_S3_LGBM_seed42,HV,S3,LGBM,979,Train,290.0,248.44291246130973
HV_S3_LGBM_seed42,HV,S3,LGBM,981,Train,192.0,171.36710254157558
HV_S3_LGBM_seed42,HV,S3,LGBM,982,Train,285.0,272.0848503465283
HV_S3_LGBM_seed42,HV,S3,LGBM,983,Train,277.0,248.44291246130973
HV_S3_LGBM_seed42,HV,S3,LGBM,985,Train,197.0,171.36710254157558
HV_S3_LGBM_seed42,HV,S3,LGBM,990,Train,244.0,236.2663228893989
HV_S3_LGBM_seed42,HV,S3,LGBM,991,Train,161.0,197.76796162487673
HV_S3_LGBM_seed42,HV,S3,LGBM,992,Train,239.0,268.282165170042
HV_S3_LGBM_seed42,HV,S3,LGBM,993,Train,203.0,242.7907101108323
HV_S3_LGBM_seed42,HV,S3,LGBM,994,Train,148.0,195.7469230524826
HV_S3_LGBM_seed42,HV,S3,LGBM,996,Train,210.0,268.282165170042
HV_S3_LGBM_seed42,HV,S3,LGBM,997,Train,173.0,242.7907101108323
HV_S3_LGBM_seed42,HV,S3,LGBM,998,Train,147.0,195.7469230524826
HV_S3_LGBM_seed42,HV,S3,LGBM,999,Train,139.0,171.3258136577708
HV_S3_LGBM_seed42,HV,S3,LGBM,1000,Train,214.0,268.282165170042
HV_S3_LGBM_seed42,HV,S3,LGBM,1004,Train,339.0,268.282165170042
HV_S3_LGBM_seed42,HV,S3,LGBM,1005,Train,309.0,242.7907101108323
HV_S3_LGBM_seed42,HV,S3,LGBM,1006,Train,253.0,195.7469230524826
HV_S3_LGBM_seed42,HV,S3,LGBM,1007,Train,198.0,171.3258136577708
HV_S3_LGBM_seed42,HV,S3,LGBM,1008,Train,312.0,268.282165170042
HV_S3_LGBM_seed42,HV,S3,LGBM,1009,Train,284.0,242.7907101108323
HV_S3_LGBM_seed42,HV,S3,LGBM,1011,Train,191.0,171.3258136577708
HV_S3_LGBM_seed42,HV,S3,LGBM,1012,Train,281.0,268.282165170042
HV_S3_LGBM_seed42,HV,S3,LGBM,1013,Train,273.0,242.7907101108323
HV_S3_LGBM_seed42,HV,S3,LGBM,1014,Train,241.0,195.7469230524826
HV_S3_LGBM_seed42,HV,S3,LGBM,1015,Train,189.0,171.3258136577708
HV_S3_LGBM_seed42,HV,S3,LGBM,1016,Train,353.0,335.35985558775735
HV_S3_LGBM_seed42,HV,S3,LGBM,1017,Train,343.0,331.0177840182334
HV_S3_LGBM_seed42,HV,S3,LGBM,1018,Train,259.0,234.11581153361888
HV_S3_LGBM_seed42,HV,S3,LGBM,1020,Train,325.0,334.2005738331073
HV_S3_LGBM_seed42,HV,S3,LGBM,1021,Train,219.0,226.54760489898462
HV_S3_LGBM_seed42,HV,S3,LGBM,1022,Train,362.0,353.81211417288023
HV_S3_LGBM_seed42,HV,S3,LGBM,1023,Train,342.0,334.2005738331073
HV_S3_LGBM_seed42,HV,S3,LGBM,1024,Train,227.0,226.54760489898462
HV_S3_LGBM_seed42,HV,S3,LGBM,1025,Train,243.0,251.15197276820828
HV_S3_LGBM_seed42,HV,S3,LGBM,1028,Train,234.0,266.51739813598533
HV_S3_LGBM_seed42,HV,S3,LGBM,1029,Train,195.0,233.58111941710175
HV_S3_LGBM_seed42,HV,S3,LGBM,1030,Train,149.0,194.99089077038013
HV_S3_LGBM_seed42,HV,S3,LGBM,1032,Train,200.0,266.51739813598533
HV_S3_LGBM_seed42,HV,S3,LGBM,1033,Train,169.0,233.58111941710175
HV_S3_LGBM_seed42,HV,S3,LGBM,1034,Train,145.0,194.99089077038013
HV_S3_LGBM_seed42,HV,S3,LGBM,1035,Train,137.0,161.1338459307481
HV_S3_LGBM_seed42,HV,S3,LGBM,1036,Train,214.0,266.51739813598533
HV_S3_LGBM_seed42,HV,S3,LGBM,1037,Train,179.0,233.58111941710175
HV_S3_LGBM_seed42,HV,S3,LGBM,1038,Train,140.0,194.99089077038013
HV_S3_LGBM_seed42,HV,S3,LGBM,1039,Train,129.0,161.1338459307481
HV_S3_LGBM_seed42,HV,S3,LGBM,1040,Train,336.0,266.51739813598533
HV_S3_LGBM_seed42,HV,S3,LGBM,1042,Train,242.0,194.99089077038013
HV_S3_LGBM_seed42,HV,S3,LGBM,1043,Train,185.0,161.1338459307481
HV_S3_LGBM_seed42,HV,S3,LGBM,1044,Train,306.0,266.51739813598533
HV_S3_LGBM_seed42,HV,S3,LGBM,1045,Train,280.0,233.58111941710175
HV_S3_LGBM_seed42,HV,S3,LGBM,1046,Train,241.0,194.99089077038013
HV_S3_LGBM_seed42,HV,S3,LGBM,1048,Train,283.0,266.51739813598533
HV_S3_LGBM_seed42,HV,S3,LGBM,1049,Train,272.0,233.58111941710175
HV_S3_LGBM_seed42,HV,S3,LGBM,1050,Train,229.0,194.99089077038013
HV_S3_LGBM_seed42,HV,S3,LGBM,1051,Train,181.0,161.1338459307481
HV_S3_LGBM_seed42,HV,S3,LGBM,1052,Train,278.0,276.55038550987814
HV_S3_LGBM_seed42,HV,S3,LGBM,1053,Train,353.0,351.25630780921165
HV_S3_LGBM_seed42,HV,S3,LGBM,1054,Train,311.0,305.8808042775846
HV_S3_LGBM_seed42,HV,S3,LGBM,1055,Train,192.0,201.18038383488536
HV_S3_LGBM_seed42,HV,S3,LGBM,1056,Train,244.0,253.70263309290468
HV_S3_LGBM_seed42,HV,S3,LGBM,1057,Train,217.0,224.14175006684303
HV_S3_LGBM_seed42,HV,S3,LGBM,1060,Train,180.0,215.27698631261174
HV_S3_LGBM_seed42,HV,S3,LGBM,1061,Train,146.0,177.2941042296462
HV_S3_LGBM_seed42,HV,S3,LGBM,1064,Train,160.0,215.27698631261174
HV_S3_LGBM_seed42,HV,S3,LGBM,1065,Train,144.0,177.2941042296462
HV_S3_LGBM_seed42,HV,S3,LGBM,1066,Train,136.0,158.85809298118934
HV_S3_LGBM_seed42,HV,S3,LGBM,1068,Train,169.0,215.27698631261174
HV_S3_LGBM_seed42,HV,S3,LGBM,1069,Train,137.0,177.2941042296462
HV_S3_LGBM_seed42,HV,S3,LGBM,1070,Train,127.0,158.85809298118934
HV_S3_LGBM_seed42,HV,S3,LGBM,1071,Train,336.0,267.8472157345772
HV_S3_LGBM_seed42,HV,S3,LGBM,1073,Train,231.0,177.2941042296462
HV_S3_LGBM_seed42,HV,S3,LGBM,1074,Train,177.0,158.85809298118934
HV_S3_LGBM_seed42,HV,S3,LGBM,1076,Train,272.0,215.27698631261174
HV_S3_LGBM_seed42,HV,S3,LGBM,1077,Train,233.0,177.2941042296462
HV_S3_LGBM_seed42,HV,S3,LGBM,1078,Train,173.0,158.85809298118934
HV_S3_LGBM_seed42,HV,S3,LGBM,1079,Train,279.0,267.8472157345772
HV_S3_LGBM_seed42,HV,S3,LGBM,1080,Train,270.0,215.27698631261174
HV_S3_LGBM_seed42,HV,S3,LGBM,1081,Train,216.0,177.2941042296462
HV_S3_LGBM_seed42,HV,S3,LGBM,1082,Train,175.0,158.85809298118934
HV_S3_LGBM_seed42,HV,S3,LGBM,1083,Train,241.0,248.5103529089839
HV_S3_LGBM_seed42,HV,S3,LGBM,1084,Train,209.0,221.6602319588528
HV_S3_LGBM_seed42,HV,S3,LGBM,1085,Train,136.0,173.14536608767548
HV_S3_LGBM_seed42,HV,S3,LGBM,1086,Train,211.0,249.3575316204946
HV_S3_LGBM_seed42,HV,S3,LGBM,1088,Train,144.0,163.75056674661727
HV_S3_LGBM_seed42,HV,S3,LGBM,1089,Train,133.0,152.00305113897457
HV_S3_LGBM_seed42,HV,S3,LGBM,1090,Train,183.0,249.3575316204946
HV_S3_LGBM_seed42,HV,S3,LGBM,1091,Train,156.0,211.70884424077394
HV_S3_LGBM_seed42,HV,S3,LGBM,1092,Train,141.0,163.75056674661727
HV_S3_LGBM_seed42,HV,S3,LGBM,1093,Train,132.0,152.00305113897457
HV_S3_LGBM_seed42,HV,S3,LGBM,1094,Train,206.0,249.3575316204946
HV_S3_LGBM_seed42,HV,S3,LGBM,1095,Train,163.0,211.70884424077394
HV_S3_LGBM_seed42,HV,S3,LGBM,1096,Train,136.0,163.75056674661727
HV_S3_LGBM_seed42,HV,S3,LGBM,1097,Train,128.0,152.00305113897457
HV_S3_LGBM_seed42,HV,S3,LGBM,1098,Train,332.0,249.3575316204946
HV_S3_LGBM_seed42,HV,S3,LGBM,1099,Train,284.0,211.70884424077394
HV_S3_LGBM_seed42,HV,S3,LGBM,1101,Train,169.0,152.00305113897457
HV_S3_LGBM_seed42,HV,S3,LGBM,1102,Train,302.0,249.3575316204946
HV_S3_LGBM_seed42,HV,S3,LGBM,1103,Train,262.0,211.70884424077394
HV_S3_LGBM_seed42,HV,S3,LGBM,1104,Train,217.0,163.75056674661727
HV_S3_LGBM_seed42,HV,S3,LGBM,1105,Train,170.0,152.00305113897457
HV_S3_LGBM_seed42,HV,S3,LGBM,1108,Train,205.0,163.75056674661727
HV_S3_LGBM_seed42,HV,S3,LGBM,1109,Train,170.0,152.00305113897457
HV_S3_LGBM_seed42,HV,S3,LGBM,1110,Train,234.0,246.11826920883755
HV_S3_LGBM_seed42,HV,S3,LGBM,1111,Train,204.0,219.5224489066925
HV_S3_LGBM_seed42,HV,S3,LGBM,1113,Train,199.0,243.3024070750774
HV_S3_LGBM_seed42,HV,S3,LGBM,1114,Train,157.0,207.11477445218807
HV_S3_LGBM_seed42,HV,S3,LGBM,1115,Train,143.0,161.78238280732057
HV_S3_LGBM_seed42,HV,S3,LGBM,1117,Train,175.0,243.3024070750774
HV_S3_LGBM_seed42,HV,S3,LGBM,1118,Train,153.0,207.11477445218807
HV_S3_LGBM_seed42,HV,S3,LGBM,1119,Train,140.0,161.78238280732057
HV_S3_LGBM_seed42,HV,S3,LGBM,1120,Train,132.0,146.34955233455398
HV_S3_LGBM_seed42,HV,S3,LGBM,1121,Train,202.0,243.3024070750774
HV_S3_LGBM_seed42,HV,S3,LGBM,1122,Train,154.0,207.11477445218807
HV_S3_LGBM_seed42,HV,S3,LGBM,1123,Train,134.0,161.78238280732057
HV_S3_LGBM_seed42,HV,S3,LGBM,1124,Train,127.0,146.34955233455398
HV_S3_LGBM_seed42,HV,S3,LGBM,1125,Train,329.0,243.3024070750774
HV_S3_LGBM_seed42,HV,S3,LGBM,1126,Train,271.0,207.11477445218807
HV_S3_LGBM_seed42,HV,S3,LGBM,1128,Train,166.0,146.34955233455398
HV_S3_LGBM_seed42,HV,S3,LGBM,1130,Train,262.0,207.11477445218807
HV_S3_LGBM_seed42,HV,S3,LGBM,1131,Train,205.0,161.78238280732057
HV_S3_LGBM_seed42,HV,S3,LGBM,1132,Train,166.0,146.34955233455398
HV_S3_LGBM_seed42,HV,S3,LGBM,1133,Train,277.0,243.3024070750774
HV_S3_LGBM_seed42,HV,S3,LGBM,1134,Train,261.0,207.11477445218807
HV_S3_LGBM_seed42,HV,S3,LGBM,1135,Train,193.0,161.78238280732057
HV_S3_LGBM_seed42,HV,S3,LGBM,1136,Train,163.0,146.34955233455398
HV_S3_LGBM_seed42,HV,S3,LGBM,1137,Train,258.0,262.7343178605899
HV_S3_LGBM_seed42,HV,S3,LGBM,1139,Train,197.0,220.89731691192478
HV_S3_LGBM_seed42,HV,S3,LGBM,1140,Train,132.0,172.52347985988948
HV_S3_LGBM_seed42,HV,S3,LGBM,1141,Train,198.0,246.18594829778488
HV_S3_LGBM_seed42,HV,S3,LGBM,1142,Train,151.0,208.40973229179707
HV_S3_LGBM_seed42,HV,S3,LGBM,1143,Train,141.0,152.11538212659377
HV_S3_LGBM_seed42,HV,S3,LGBM,1144,Train,130.0,138.27290575396486
HV_S3_LGBM_seed42,HV,S3,LGBM,1145,Train,168.0,246.18594829778488
HV_S3_LGBM_seed42,HV,S3,LGBM,1146,Train,150.0,208.40973229179707
HV_S3_LGBM_seed42,HV,S3,LGBM,1147,Train,141.0,152.11538212659377
HV_S3_LGBM_seed42,HV,S3,LGBM,1148,Train,131.0,138.27290575396486
HV_S3_LGBM_seed42,HV,S3,LGBM,1149,Train,195.0,246.18594829778488
HV_S3_LGBM_seed42,HV,S3,LGBM,1151,Train,133.0,152.11538212659377
HV_S3_LGBM_seed42,HV,S3,LGBM,1152,Train,125.0,138.27290575396486
HV_S3_LGBM_seed42,HV,S3,LGBM,1153,Train,323.0,246.18594829778488
HV_S3_LGBM_seed42,HV,S3,LGBM,1154,Train,264.0,208.40973229179707
HV_S3_LGBM_seed42,HV,S3,LGBM,1155,Train,192.0,152.11538212659377
HV_S3_LGBM_seed42,HV,S3,LGBM,1157,Train,296.0,246.18594829778488
HV_S3_LGBM_seed42,HV,S3,LGBM,1158,Train,256.0,208.40973229179707
HV_S3_LGBM_seed42,HV,S3,LGBM,1160,Train,161.0,138.27290575396486
HV_S3_LGBM_seed42,HV,S3,LGBM,1161,Train,276.0,246.18594829778488
HV_S3_LGBM_seed42,HV,S3,LGBM,1162,Train,255.0,208.40973229179707
HV_S3_LGBM_seed42,HV,S3,LGBM,1165,Train,177.0,205.36323251023714
HV_S3_LGBM_seed42,HV,S3,LGBM,1166,Train,217.0,249.45735233946792
HV_S3_LGBM_seed42,HV,S3,LGBM,1168,Train,130.0,182.52042044978896
HV_S3_LGBM_seed42,HV,S3,LGBM,1169,Train,187.0,244.79462608045307
HV_S3_LGBM_seed42,HV,S3,LGBM,1170,Train,148.0,200.2383977552368
HV_S3_LGBM_seed42,HV,S3,LGBM,1171,Train,141.0,148.04674105049747
HV_S3_LGBM_seed42,HV,S3,LGBM,1172,Train,130.0,136.40312810023738
HV_S3_LGBM_seed42,HV,S3,LGBM,1173,Train,166.0,244.79462608045307
HV_S3_LGBM_seed42,HV,S3,LGBM,1174,Train,148.0,200.2383977552368
HV_S3_LGBM_seed42,HV,S3,LGBM,1175,Train,140.0,148.04674105049747
HV_S3_LGBM_seed42,HV,S3,LGBM,1176,Train,127.0,136.40312810023738
HV_S3_LGBM_seed42,HV,S3,LGBM,1178,Train,145.0,200.2383977552368
HV_S3_LGBM_seed42,HV,S3,LGBM,1179,Train,135.0,148.04674105049747
HV_S3_LGBM_seed42,HV,S3,LGBM,1180,Train,124.0,136.40312810023738
HV_S3_LGBM_seed42,HV,S3,LGBM,1181,Train,320.0,244.79462608045307
HV_S3_LGBM_seed42,HV,S3,LGBM,1182,Train,256.0,200.2383977552368
HV_S3_LGBM_seed42,HV,S3,LGBM,1184,Train,155.0,136.40312810023738
HV_S3_LGBM_seed42,HV,S3,LGBM,1185,Train,296.0,244.79462608045307
HV_S3_LGBM_seed42,HV,S3,LGBM,1186,Train,248.0,200.2383977552368
HV_S3_LGBM_seed42,HV,S3,LGBM,1187,Train,171.0,148.04674105049747
HV_S3_LGBM_seed42,HV,S3,LGBM,1188,Train,157.0,136.40312810023738
HV_S3_LGBM_seed42,HV,S3,LGBM,1189,Train,270.0,244.79462608045307
HV_S3_LGBM_seed42,HV,S3,LGBM,1191,Train,164.0,148.04674105049747
HV_S3_LGBM_seed42,HV,S3,LGBM,1194,Train,78.0,70.62129437718032
HV_S3_LGBM_seed42,HV,S3,LGBM,1195,Train,78.0,72.50525781655696
HV_S3_LGBM_seed42,HV,S3,LGBM,1196,Train,72.0,71.80504334443846
HV_S3_LGBM_seed42,HV,S3,LGBM,1197,Train,78.0,73.89540893657639
HV_S3_LGBM_seed42,HV,S3,LGBM,1199,Train,96.0,100.94723316496098
HV_S3_LGBM_seed42,HV,S3,LGBM,1200,Train,112.0,127.58387229583082
HV_S3_LGBM_seed42,HV,S3,LGBM,1201,Train,116.0,116.23388736178357
HV_S3_LGBM_seed42,HV,S3,LGBM,1202,Train,76.0,77.70423465653921
HV_S3_LGBM_seed42,HV,S3,LGBM,1203,Train,75.0,77.90260144115068
HV_S3_LGBM_seed42,HV,S3,LGBM,1205,Train,79.0,79.73052615689754
HV_S3_LGBM_seed42,HV,S3,LGBM,1208,Train,105.0,109.66280198586043
HV_S3_LGBM_seed42,HV,S3,LGBM,1209,Train,155.0,137.4454435637546
HV_S3_LGBM_seed42,HV,S3,LGBM,1210,Train,141.0,124.7049735410809
HV_S3_LGBM_seed42,HV,S3,LGBM,1211,Train,86.0,79.97822343146724
HV_S3_LGBM_seed42,HV,S3,LGBM,1212,Train,80.0,80.17659021607871
HV_S3_LGBM_seed42,HV,S3,LGBM,1213,Train,81.0,82.76157936556599
HV_S3_LGBM_seed42,HV,S3,LGBM,1214,Train,75.0,82.06136489344749
HV_S3_LGBM_seed42,HV,S3,LGBM,1216,Train,92.0,89.9855899196567
HV_S3_LGBM_seed42,HV,S3,LGBM,1217,Train,104.0,112.91186648514872
HV_S3_LGBM_seed42,HV,S3,LGBM,1218,Train,148.0,142.661230364789
HV_S3_LGBM_seed42,HV,S3,LGBM,1219,Train,145.0,130.15211718835906
HV_S3_LGBM_seed42,HV,S3,LGBM,1221,Train,84.0,77.22138316830113
HV_S3_LGBM_seed42,HV,S3,LGBM,1222,Train,84.0,77.4197499529126
HV_S3_LGBM_seed42,HV,S3,LGBM,1223,Train,86.0,108.24038693304225
HV_S3_LGBM_seed42,HV,S3,LGBM,1224,Train,87.0,83.38989194377481
HV_S3_LGBM_seed42,HV,S3,LGBM,1225,Train,88.0,87.69865528009386
HV_S3_LGBM_seed42,HV,S3,LGBM,1226,Train,104.0,111.07588389713531
HV_S3_LGBM_seed42,HV,S3,LGBM,1227,Train,157.0,139.49729256223205
HV_S3_LGBM_seed42,HV,S3,LGBM,1228,Train,144.0,126.50634495856394
HV_S3_LGBM_seed42,HV,S3,LGBM,8,Test,254.0,267.19340314862416
HV_S3_LGBM_seed42,HV,S3,LGBM,16,Test,282.0,179.5395943070717
HV_S3_LGBM_seed42,HV,S3,LGBM,33,Test,165.0,197.35981979471126
HV_S3_LGBM_seed42,HV,S3,LGBM,40,Test,231.0,223.91887197051128
HV_S3_LGBM_seed42,HV,S3,LGBM,41,Test,225.0,166.66527545866967
HV_S3_LGBM_seed42,HV,S3,LGBM,49,Test,244.0,239.67797280216644
HV_S3_LGBM_seed42,HV,S3,LGBM,55,Test,107.0,127.85015381655161
HV_S3_LGBM_seed42,HV,S3,LGBM,60,Test,268.0,191.29838709153503
HV_S3_LGBM_seed42,HV,S3,LGBM,62,Test,211.0,205.35119142293416
HV_S3_LGBM_seed42,HV,S3,LGBM,65,Test,233.0,204.9900750882749
HV_S3_LGBM_seed42,HV,S3,LGBM,67,Test,202.0,156.5378453247111
HV_S3_LGBM_seed42,HV,S3,LGBM,69,Test,171.0,168.13704617217257
HV_S3_LGBM_seed42,HV,S3,LGBM,70,Test,155.0,133.91920509027963
HV_S3_LGBM_seed42,HV,S3,LGBM,74,Test,238.0,222.17204630777397
HV_S3_LGBM_seed42,HV,S3,LGBM,77,Test,211.0,176.2314188503615
HV_S3_LGBM_seed42,HV,S3,LGBM,78,Test,190.0,164.48824149530986
HV_S3_LGBM_seed42,HV,S3,LGBM,81,Test,238.0,211.59983136462316
HV_S3_LGBM_seed42,HV,S3,LGBM,87,Test,252.0,218.10157753796724
HV_S3_LGBM_seed42,HV,S3,LGBM,90,Test,165.0,151.97707986939085
HV_S3_LGBM_seed42,HV,S3,LGBM,95,Test,235.0,216.75869446201227
HV_S3_LGBM_seed42,HV,S3,LGBM,98,Test,212.0,217.96992665947394
HV_S3_LGBM_seed42,HV,S3,LGBM,100,Test,207.0,207.3246132472599
HV_S3_LGBM_seed42,HV,S3,LGBM,108,Test,227.0,215.56371939017393
HV_S3_LGBM_seed42,HV,S3,LGBM,112,Test,183.0,179.19885185972427
HV_S3_LGBM_seed42,HV,S3,LGBM,113,Test,181.0,158.5812165118172
HV_S3_LGBM_seed42,HV,S3,LGBM,119,Test,228.0,225.27059598552145
HV_S3_LGBM_seed42,HV,S3,LGBM,122,Test,135.0,166.38785562332583
HV_S3_LGBM_seed42,HV,S3,LGBM,126,Test,132.0,161.9274460004672
HV_S3_LGBM_seed42,HV,S3,LGBM,143,Test,139.0,144.61834155904594
HV_S3_LGBM_seed42,HV,S3,LGBM,151,Test,268.0,212.40400010347966
HV_S3_LGBM_seed42,HV,S3,LGBM,153,Test,206.0,188.73876303058708
HV_S3_LGBM_seed42,HV,S3,LGBM,154,Test,199.0,151.24191050765606
HV_S3_LGBM_seed42,HV,S3,LGBM,155,Test,159.0,139.80331451788365
HV_S3_LGBM_seed42,HV,S3,LGBM,156,Test,120.0,185.45626736436557
HV_S3_LGBM_seed42,HV,S3,LGBM,171,Test,145.0,169.93820212726948
HV_S3_LGBM_seed42,HV,S3,LGBM,173,Test,137.0,189.37565742587304
HV_S3_LGBM_seed42,HV,S3,LGBM,204,Test,63.0,59.040089140207996
HV_S3_LGBM_seed42,HV,S3,LGBM,210,Test,203.0,183.952128729522
HV_S3_LGBM_seed42,HV,S3,LGBM,214,Test,60.0,69.12511391372007
HV_S3_LGBM_seed42,HV,S3,LGBM,228,Test,195.0,179.36007270911287
HV_S3_LGBM_seed42,HV,S3,LGBM,234,Test,125.0,148.58345967417608
HV_S3_LGBM_seed42,HV,S3,LGBM,235,Test,185.0,195.9173812354883
HV_S3_LGBM_seed42,HV,S3,LGBM,244,Test,216.0,213.60649776168452
HV_S3_LGBM_seed42,HV,S3,LGBM,245,Test,69.0,72.9143094206376
HV_S3_LGBM_seed42,HV,S3,LGBM,246,Test,158.0,162.15521949427094
HV_S3_LGBM_seed42,HV,S3,LGBM,254,Test,89.0,81.29508678234691
HV_S3_LGBM_seed42,HV,S3,LGBM,257,Test,67.0,73.13404268592178
HV_S3_LGBM_seed42,HV,S3,LGBM,275,Test,165.0,165.3692639102833
HV_S3_LGBM_seed42,HV,S3,LGBM,284,Test,82.0,79.25690976777135
HV_S3_LGBM_seed42,HV,S3,LGBM,295,Test,108.0,108.61689712025702
HV_S3_LGBM_seed42,HV,S3,LGBM,296,Test,122.0,117.24424479765439
HV_S3_LGBM_seed42,HV,S3,LGBM,301,Test,140.0,213.70251035332043
HV_S3_LGBM_seed42,HV,S3,LGBM,321,Test,98.0,158.29526743267743
HV_S3_LGBM_seed42,HV,S3,LGBM,326,Test,121.0,124.8946848515194
HV_S3_LGBM_seed42,HV,S3,LGBM,338,Test,195.0,189.48778171811705
HV_S3_LGBM_seed42,HV,S3,LGBM,341,Test,186.0,189.23430570970797
HV_S3_LGBM_seed42,HV,S3,LGBM,342,Test,233.0,226.52417326410952
HV_S3_LGBM_seed42,HV,S3,LGBM,343,Test,68.0,88.07255536428575
HV_S3_LGBM_seed42,HV,S3,LGBM,360,Test,84.0,98.63102495446843
HV_S3_LGBM_seed42,HV,S3,LGBM,361,Test,175.0,184.14928470803287
HV_S3_LGBM_seed42,HV,S3,LGBM,362,Test,257.0,184.47932581093306
HV_S3_LGBM_seed42,HV,S3,LGBM,364,Test,248.0,237.57844645603072
HV_S3_LGBM_seed42,HV,S3,LGBM,366,Test,272.0,259.56500113824615
HV_S3_LGBM_seed42,HV,S3,LGBM,368,Test,195.0,197.44029734216068
HV_S3_LGBM_seed42,HV,S3,LGBM,370,Test,187.0,189.20271922142544
HV_S3_LGBM_seed42,HV,S3,LGBM,371,Test,183.0,204.4572504951969
HV_S3_LGBM_seed42,HV,S3,LGBM,386,Test,177.0,181.2728559509064
HV_S3_LGBM_seed42,HV,S3,LGBM,397,Test,127.0,146.2799019304131
HV_S3_LGBM_seed42,HV,S3,LGBM,399,Test,109.0,111.84261892199854
HV_S3_LGBM_seed42,HV,S3,LGBM,401,Test,122.0,126.5020051872005
HV_S3_LGBM_seed42,HV,S3,LGBM,411,Test,148.0,189.57482177788626
HV_S3_LGBM_seed42,HV,S3,LGBM,415,Test,184.0,181.83927906936034
HV_S3_LGBM_seed42,HV,S3,LGBM,416,Test,117.0,106.6940857832064
HV_S3_LGBM_seed42,HV,S3,LGBM,417,Test,127.0,115.98609906962471
HV_S3_LGBM_seed42,HV,S3,LGBM,427,Test,62.0,53.72826196959818
HV_S3_LGBM_seed42,HV,S3,LGBM,429,Test,120.0,149.08719933154876
HV_S3_LGBM_seed42,HV,S3,LGBM,431,Test,192.0,150.07219878587415
HV_S3_LGBM_seed42,HV,S3,LGBM,437,Test,112.0,157.2067878850501
HV_S3_LGBM_seed42,HV,S3,LGBM,439,Test,186.0,160.91306020335554
HV_S3_LGBM_seed42,HV,S3,LGBM,444,Test,125.0,210.44407806826956
HV_S3_LGBM_seed42,HV,S3,LGBM,447,Test,123.0,158.51875078610573
HV_S3_LGBM_seed42,HV,S3,LGBM,448,Test,64.0,53.87576587714852
HV_S3_LGBM_seed42,HV,S3,LGBM,467,Test,216.0,195.90846997680288
HV_S3_LGBM_seed42,HV,S3,LGBM,480,Test,217.0,199.646678786583
HV_S3_LGBM_seed42,HV,S3,LGBM,490,Test,223.0,218.54676257812426
HV_S3_LGBM_seed42,HV,S3,LGBM,497,Test,220.0,208.70062191608974
HV_S3_LGBM_seed42,HV,S3,LGBM,499,Test,209.0,208.70062191608974
HV_S3_LGBM_seed42,HV,S3,LGBM,508,Test,170.0,179.8504920633222
HV_S3_LGBM_seed42,HV,S3,LGBM,513,Test,211.0,204.88986595606366
HV_S3_LGBM_seed42,HV,S3,LGBM,514,Test,162.0,182.4698745188445
HV_S3_LGBM_seed42,HV,S3,LGBM,515,Test,206.0,199.80279705374267
HV_S3_LGBM_seed42,HV,S3,LGBM,519,Test,208.0,196.2540374609397
HV_S3_LGBM_seed42,HV,S3,LGBM,522,Test,191.0,200.43516143859574
HV_S3_LGBM_seed42,HV,S3,LGBM,525,Test,215.0,207.95265764094327
HV_S3_LGBM_seed42,HV,S3,LGBM,531,Test,213.0,212.91050036278702
HV_S3_LGBM_seed42,HV,S3,LGBM,534,Test,270.0,290.52465717599955
HV_S3_LGBM_seed42,HV,S3,LGBM,535,Test,286.0,293.4935000441534
HV_S3_LGBM_seed42,HV,S3,LGBM,537,Test,331.0,336.52164487598617
HV_S3_LGBM_seed42,HV,S3,LGBM,539,Test,268.0,278.6291011606136
HV_S3_LGBM_seed42,HV,S3,LGBM,546,Test,244.0,270.19331978561036
HV_S3_LGBM_seed42,HV,S3,LGBM,551,Test,288.0,293.5132051749165
HV_S3_LGBM_seed42,HV,S3,LGBM,553,Test,336.0,322.7998078631153
HV_S3_LGBM_seed42,HV,S3,LGBM,564,Test,332.0,329.61132659546604
HV_S3_LGBM_seed42,HV,S3,LGBM,576,Test,334.0,329.25122841371797
HV_S3_LGBM_seed42,HV,S3,LGBM,579,Test,280.0,284.1968761083059
HV_S3_LGBM_seed42,HV,S3,LGBM,587,Test,248.0,236.26584457440117
HV_S3_LGBM_seed42,HV,S3,LGBM,611,Test,289.0,289.8584698393907
HV_S3_LGBM_seed42,HV,S3,LGBM,612,Test,337.0,324.40423433345217
HV_S3_LGBM_seed42,HV,S3,LGBM,613,Test,320.0,317.5628302307223
HV_S3_LGBM_seed42,HV,S3,LGBM,616,Test,329.0,331.68434004766686
HV_S3_LGBM_seed42,HV,S3,LGBM,617,Test,350.0,349.5827285071826
HV_S3_LGBM_seed42,HV,S3,LGBM,618,Test,313.0,301.03146737869145
HV_S3_LGBM_seed42,HV,S3,LGBM,620,Test,215.0,246.39762869908657
HV_S3_LGBM_seed42,HV,S3,LGBM,625,Test,301.0,302.39843454947527
HV_S3_LGBM_seed42,HV,S3,LGBM,629,Test,288.0,278.8415395533856
HV_S3_LGBM_seed42,HV,S3,LGBM,631,Test,297.0,269.4111921404735
HV_S3_LGBM_seed42,HV,S3,LGBM,634,Test,338.0,329.3888521658458
HV_S3_LGBM_seed42,HV,S3,LGBM,635,Test,285.0,254.9369405885455
HV_S3_LGBM_seed42,HV,S3,LGBM,637,Test,346.0,348.5283055103502
HV_S3_LGBM_seed42,HV,S3,LGBM,640,Test,209.0,217.67446124138536
HV_S3_LGBM_seed42,HV,S3,LGBM,643,Test,170.0,181.59481161045997
HV_S3_LGBM_seed42,HV,S3,LGBM,644,Test,289.0,295.68875353833266
HV_S3_LGBM_seed42,HV,S3,LGBM,646,Test,285.0,289.14127239636844
HV_S3_LGBM_seed42,HV,S3,LGBM,647,Test,327.0,324.9105612233759
HV_S3_LGBM_seed42,HV,S3,LGBM,654,Test,335.0,338.1847720146412
HV_S3_LGBM_seed42,HV,S3,LGBM,664,Test,319.0,317.84760901429706
HV_S3_LGBM_seed42,HV,S3,LGBM,668,Test,335.0,328.0935657295808
HV_S3_LGBM_seed42,HV,S3,LGBM,673,Test,152.0,163.09997759926495
HV_S3_LGBM_seed42,HV,S3,LGBM,676,Test,292.0,289.3341855080107
HV_S3_LGBM_seed42,HV,S3,LGBM,680,Test,298.0,298.3854315666074
HV_S3_LGBM_seed42,HV,S3,LGBM,682,Test,300.0,297.93806653169895
HV_S3_LGBM_seed42,HV,S3,LGBM,684,Test,330.0,324.49934365532533
HV_S3_LGBM_seed42,HV,S3,LGBM,691,Test,303.0,293.03200054689484
HV_S3_LGBM_seed42,HV,S3,LGBM,699,Test,134.0,134.16494214996885
HV_S3_LGBM_seed42,HV,S3,LGBM,721,Test,300.0,302.3597303764827
HV_S3_LGBM_seed42,HV,S3,LGBM,733,Test,294.0,300.8011815047275
HV_S3_LGBM_seed42,HV,S3,LGBM,749,Test,104.0,116.86036209836345
HV_S3_LGBM_seed42,HV,S3,LGBM,750,Test,293.0,290.02824773005375
HV_S3_LGBM_seed42,HV,S3,LGBM,757,Test,261.0,273.30222433143933
HV_S3_LGBM_seed42,HV,S3,LGBM,764,Test,305.0,304.7059730103747
HV_S3_LGBM_seed42,HV,S3,LGBM,783,Test,297.0,295.16102062394003
HV_S3_LGBM_seed42,HV,S3,LGBM,784,Test,306.0,292.27091146278013
HV_S3_LGBM_seed42,HV,S3,LGBM,785,Test,311.0,295.16102062394003
HV_S3_LGBM_seed42,HV,S3,LGBM,791,Test,296.0,282.1444183246696
HV_S3_LGBM_seed42,HV,S3,LGBM,794,Test,303.0,282.7819941738557
HV_S3_LGBM_seed42,HV,S3,LGBM,803,Test,200.0,216.23618371114998
HV_S3_LGBM_seed42,HV,S3,LGBM,811,Test,253.0,266.9138562350718
HV_S3_LGBM_seed42,HV,S3,LGBM,812,Test,252.0,251.8969270192978
HV_S3_LGBM_seed42,HV,S3,LGBM,826,Test,191.0,210.88692571123676
HV_S3_LGBM_seed42,HV,S3,LGBM,829,Test,205.0,259.0521423923321
HV_S3_LGBM_seed42,HV,S3,LGBM,835,Test,346.0,268.7693428676006
HV_S3_LGBM_seed42,HV,S3,LGBM,840,Test,310.0,259.36319287066664
HV_S3_LGBM_seed42,HV,S3,LGBM,842,Test,264.0,210.88692571123676
HV_S3_LGBM_seed42,HV,S3,LGBM,844,Test,290.0,259.36319287066664
HV_S3_LGBM_seed42,HV,S3,LGBM,847,Test,184.0,251.89646892786192
HV_S3_LGBM_seed42,HV,S3,LGBM,852,Test,386.0,366.85203521448005
HV_S3_LGBM_seed42,HV,S3,LGBM,854,Test,285.0,285.53276786473094
HV_S3_LGBM_seed42,HV,S3,LGBM,857,Test,331.0,285.53276786473094
HV_S3_LGBM_seed42,HV,S3,LGBM,864,Test,180.0,249.36731858154846
HV_S3_LGBM_seed42,HV,S3,LGBM,867,Test,218.0,264.9360110018113
HV_S3_LGBM_seed42,HV,S3,LGBM,872,Test,191.0,249.36731858154846
HV_S3_LGBM_seed42,HV,S3,LGBM,876,Test,304.0,249.36731858154846
HV_S3_LGBM_seed42,HV,S3,LGBM,878,Test,316.0,274.6993681232836
HV_S3_LGBM_seed42,HV,S3,LGBM,883,Test,286.0,264.9360110018113
HV_S3_LGBM_seed42,HV,S3,LGBM,888,Test,359.0,341.55376649318055
HV_S3_LGBM_seed42,HV,S3,LGBM,893,Test,373.0,346.2211010585352
HV_S3_LGBM_seed42,HV,S3,LGBM,904,Test,161.0,237.444590388546
HV_S3_LGBM_seed42,HV,S3,LGBM,910,Test,344.0,263.0713548162154
HV_S3_LGBM_seed42,HV,S3,LGBM,912,Test,288.0,237.444590388546
HV_S3_LGBM_seed42,HV,S3,LGBM,914,Test,316.0,263.0713548162154
HV_S3_LGBM_seed42,HV,S3,LGBM,915,Test,297.0,249.7151396838744
HV_S3_LGBM_seed42,HV,S3,LGBM,922,Test,238.0,245.0474921737898
HV_S3_LGBM_seed42,HV,S3,LGBM,927,Test,158.0,219.89472660256283
HV_S3_LGBM_seed42,HV,S3,LGBM,943,Test,263.0,219.89472660256283
HV_S3_LGBM_seed42,HV,S3,LGBM,945,Test,284.0,268.8680924851799
HV_S3_LGBM_seed42,HV,S3,LGBM,955,Test,250.0,247.94394697957523
HV_S3_LGBM_seed42,HV,S3,LGBM,957,Test,351.0,345.4291522876738
HV_S3_LGBM_seed42,HV,S3,LGBM,958,Test,284.0,247.94394697957523
HV_S3_LGBM_seed42,HV,S3,LGBM,964,Test,154.0,213.24954696289424
HV_S3_LGBM_seed42,HV,S3,LGBM,965,Test,140.0,171.36710254157558
HV_S3_LGBM_seed42,HV,S3,LGBM,966,Test,228.0,272.0848503465283
HV_S3_LGBM_seed42,HV,S3,LGBM,980,Test,260.0,213.24954696289424
HV_S3_LGBM_seed42,HV,S3,LGBM,984,Test,254.0,213.24954696289424
HV_S3_LGBM_seed42,HV,S3,LGBM,989,Test,244.0,250.22634453961473
HV_S3_LGBM_seed42,HV,S3,LGBM,995,Test,137.0,171.3258136577708
HV_S3_LGBM_seed42,HV,S3,LGBM,1001,Test,189.0,242.7907101108323
HV_S3_LGBM_seed42,HV,S3,LGBM,1002,Test,146.0,195.7469230524826
HV_S3_LGBM_seed42,HV,S3,LGBM,1003,Test,130.0,171.3258136577708
HV_S3_LGBM_seed42,HV,S3,LGBM,1010,Test,248.0,195.7469230524826
HV_S3_LGBM_seed42,HV,S3,LGBM,1019,Test,363.0,353.81211417288023
HV_S3_LGBM_seed42,HV,S3,LGBM,1026,Test,236.0,233.57498312404093
HV_S3_LGBM_seed42,HV,S3,LGBM,1027,Test,151.0,201.64130233151255
HV_S3_LGBM_seed42,HV,S3,LGBM,1031,Test,136.0,161.1338459307481
HV_S3_LGBM_seed42,HV,S3,LGBM,1041,Test,302.0,233.58111941710175
HV_S3_LGBM_seed42,HV,S3,LGBM,1047,Test,182.0,161.1338459307481
HV_S3_LGBM_seed42,HV,S3,LGBM,1058,Test,141.0,188.24389435762157
HV_S3_LGBM_seed42,HV,S3,LGBM,1059,Test,224.0,267.8472157345772
HV_S3_LGBM_seed42,HV,S3,LGBM,1062,Test,135.0,158.85809298118934
HV_S3_LGBM_seed42,HV,S3,LGBM,1063,Test,189.0,267.8472157345772
HV_S3_LGBM_seed42,HV,S3,LGBM,1067,Test,211.0,267.8472157345772
HV_S3_LGBM_seed42,HV,S3,LGBM,1072,Test,292.0,215.27698631261174
HV_S3_LGBM_seed42,HV,S3,LGBM,1075,Test,301.0,267.8472157345772
HV_S3_LGBM_seed42,HV,S3,LGBM,1087,Test,167.0,211.70884424077394
HV_S3_LGBM_seed42,HV,S3,LGBM,1100,Test,215.0,163.75056674661727
HV_S3_LGBM_seed42,HV,S3,LGBM,1106,Test,280.0,249.3575316204946
HV_S3_LGBM_seed42,HV,S3,LGBM,1107,Test,264.0,211.70884424077394
HV_S3_LGBM_seed42,HV,S3,LGBM,1112,Test,134.0,173.94881098125677
HV_S3_LGBM_seed42,HV,S3,LGBM,1116,Test,131.0,146.34955233455398
HV_S3_LGBM_seed42,HV,S3,LGBM,1127,Test,200.0,161.78238280732057
HV_S3_LGBM_seed42,HV,S3,LGBM,1129,Test,300.0,243.3024070750774
HV_S3_LGBM_seed42,HV,S3,LGBM,1138,Test,231.0,249.20563089116192
HV_S3_LGBM_seed42,HV,S3,LGBM,1150,Test,149.0,208.40973229179707
HV_S3_LGBM_seed42,HV,S3,LGBM,1156,Test,159.0,138.27290575396486
HV_S3_LGBM_seed42,HV,S3,LGBM,1159,Test,196.0,152.11538212659377
HV_S3_LGBM_seed42,HV,S3,LGBM,1163,Test,184.0,152.11538212659377
HV_S3_LGBM_seed42,HV,S3,LGBM,1164,Test,158.0,138.27290575396486
HV_S3_LGBM_seed42,HV,S3,LGBM,1167,Test,181.0,225.69366647188357
HV_S3_LGBM_seed42,HV,S3,LGBM,1177,Test,184.0,244.79462608045307
HV_S3_LGBM_seed42,HV,S3,LGBM,1183,Test,171.0,148.04674105049747
HV_S3_LGBM_seed42,HV,S3,LGBM,1190,Test,244.0,200.2383977552368
HV_S3_LGBM_seed42,HV,S3,LGBM,1192,Test,155.0,136.40312810023738
HV_S3_LGBM_seed42,HV,S3,LGBM,1193,Test,68.0,70.5033620427752
HV_S3_LGBM_seed42,HV,S3,LGBM,1198,Test,80.0,78.15497656621336
HV_S3_LGBM_seed42,HV,S3,LGBM,1204,Test,75.0,80.43074062901604
HV_S3_LGBM_seed42,HV,S3,LGBM,1206,Test,80.0,81.82089174903547
HV_S3_LGBM_seed42,HV,S3,LGBM,1207,Test,76.0,86.12965508535451
HV_S3_LGBM_seed42,HV,S3,LGBM,1215,Test,86.0,85.67682658333766
HV_S3_LGBM_seed42,HV,S3,LGBM,1220,Test,83.0,79.77443025388465
EC_S0_XGB_seed42,EC,S0,XGB,5,Train,27.0,39.049415588378906
EC_S0_XGB_seed42,EC,S0,XGB,6,Train,28.0,39.049415588378906
EC_S0_XGB_seed42,EC,S0,XGB,7,Train,29.0,39.049415588378906
EC_S0_XGB_seed42,EC,S0,XGB,9,Train,37.0,39.049415588378906
EC_S0_XGB_seed42,EC,S0,XGB,10,Train,31.0,36.553741455078125
EC_S0_XGB_seed42,EC,S0,XGB,12,Train,28.0,39.049415588378906
EC_S0_XGB_seed42,EC,S0,XGB,13,Train,32.0,39.049415588378906
EC_S0_XGB_seed42,EC,S0,XGB,14,Train,38.0,39.049415588378906
EC_S0_XGB_seed42,EC,S0,XGB,15,Train,34.0,39.049415588378906
EC_S0_XGB_seed42,EC,S0,XGB,17,Train,35.0,36.553741455078125
EC_S0_XGB_seed42,EC,S0,XGB,18,Train,31.0,38.1573371887207
EC_S0_XGB_seed42,EC,S0,XGB,20,Train,24.0,37.733970642089844
EC_S0_XGB_seed42,EC,S0,XGB,21,Train,29.0,37.733970642089844
EC_S0_XGB_seed42,EC,S0,XGB,22,Train,33.0,37.733970642089844
EC_S0_XGB_seed42,EC,S0,XGB,23,Train,38.0,37.733970642089844
EC_S0_XGB_seed42,EC,S0,XGB,24,Train,38.0,37.733970642089844
EC_S0_XGB_seed42,EC,S0,XGB,28,Train,19.0,19.134727478027344
EC_S0_XGB_seed42,EC,S0,XGB,29,Train,24.0,25.948375701904297
EC_S0_XGB_seed42,EC,S0,XGB,30,Train,31.0,32.07441329956055
EC_S0_XGB_seed42,EC,S0,XGB,31,Train,37.0,39.049415588378906
EC_S0_XGB_seed42,EC,S0,XGB,32,Train,40.0,42.685394287109375
EC_S0_XGB_seed42,EC,S0,XGB,34,Train,37.0,39.70151901245117
EC_S0_XGB_seed42,EC,S0,XGB,35,Train,35.0,35.98249816894531
EC_S0_XGB_seed42,EC,S0,XGB,36,Train,33.0,35.68781661987305
EC_S0_XGB_seed42,EC,S0,XGB,37,Train,18.0,19.134727478027344
EC_S0_XGB_seed42,EC,S0,XGB,38,Train,25.0,25.948375701904297
EC_S0_XGB_seed42,EC,S0,XGB,39,Train,30.0,32.07441329956055
EC_S0_XGB_seed42,EC,S0,XGB,42,Train,38.0,42.240509033203125
EC_S0_XGB_seed42,EC,S0,XGB,43,Train,37.0,39.70151901245117
EC_S0_XGB_seed42,EC,S0,XGB,44,Train,35.0,35.98249816894531
EC_S0_XGB_seed42,EC,S0,XGB,45,Train,35.0,35.68781661987305
EC_S0_XGB_seed42,EC,S0,XGB,46,Train,31.0,39.049415588378906
EC_S0_XGB_seed42,EC,S0,XGB,47,Train,36.0,39.049415588378906
EC_S0_XGB_seed42,EC,S0,XGB,48,Train,38.0,39.049415588378906
EC_S0_XGB_seed42,EC,S0,XGB,50,Train,38.0,39.049415588378906
EC_S0_XGB_seed42,EC,S0,XGB,51,Train,37.0,36.553741455078125
EC_S0_XGB_seed42,EC,S0,XGB,52,Train,27.0,38.493595123291016
EC_S0_XGB_seed42,EC,S0,XGB,53,Train,37.0,38.1573371887207
EC_S0_XGB_seed42,EC,S0,XGB,56,Train,31.0,37.733970642089844
EC_S0_XGB_seed42,EC,S0,XGB,57,Train,36.0,37.733970642089844
EC_S0_XGB_seed42,EC,S0,XGB,58,Train,39.0,37.733970642089844
EC_S0_XGB_seed42,EC,S0,XGB,59,Train,39.0,37.733970642089844
EC_S0_XGB_seed42,EC,S0,XGB,61,Train,19.0,20.55747413635254
EC_S0_XGB_seed42,EC,S0,XGB,63,Train,25.0,25.948375701904297
EC_S0_XGB_seed42,EC,S0,XGB,64,Train,31.0,32.07441329956055
EC_S0_XGB_seed42,EC,S0,XGB,66,Train,42.0,42.685394287109375
EC_S0_XGB_seed42,EC,S0,XGB,68,Train,39.0,39.70151901245117
EC_S0_XGB_seed42,EC,S0,XGB,71,Train,19.0,19.134727478027344
EC_S0_XGB_seed42,EC,S0,XGB,72,Train,26.0,25.948375701904297
EC_S0_XGB_seed42,EC,S0,XGB,73,Train,32.0,32.07441329956055
EC_S0_XGB_seed42,EC,S0,XGB,75,Train,41.0,42.685394287109375
EC_S0_XGB_seed42,EC,S0,XGB,76,Train,41.0,42.240509033203125
EC_S0_XGB_seed42,EC,S0,XGB,79,Train,38.0,35.68781661987305
EC_S0_XGB_seed42,EC,S0,XGB,80,Train,33.0,39.049415588378906
EC_S0_XGB_seed42,EC,S0,XGB,82,Train,41.0,39.049415588378906
EC_S0_XGB_seed42,EC,S0,XGB,83,Train,41.0,39.049415588378906
EC_S0_XGB_seed42,EC,S0,XGB,84,Train,39.0,39.049415588378906
EC_S0_XGB_seed42,EC,S0,XGB,85,Train,39.0,36.553741455078125
EC_S0_XGB_seed42,EC,S0,XGB,86,Train,29.0,38.493595123291016
EC_S0_XGB_seed42,EC,S0,XGB,89,Train,30.0,37.733970642089844
EC_S0_XGB_seed42,EC,S0,XGB,91,Train,40.0,37.733970642089844
EC_S0_XGB_seed42,EC,S0,XGB,92,Train,42.0,37.733970642089844
EC_S0_XGB_seed42,EC,S0,XGB,93,Train,39.0,37.733970642089844
EC_S0_XGB_seed42,EC,S0,XGB,94,Train,48.0,46.034828186035156
EC_S0_XGB_seed42,EC,S0,XGB,96,Train,19.0,19.134727478027344
EC_S0_XGB_seed42,EC,S0,XGB,97,Train,26.0,25.948375701904297
EC_S0_XGB_seed42,EC,S0,XGB,99,Train,39.0,39.049415588378906
EC_S0_XGB_seed42,EC,S0,XGB,101,Train,42.0,42.240509033203125
EC_S0_XGB_seed42,EC,S0,XGB,102,Train,40.0,39.70151901245117
EC_S0_XGB_seed42,EC,S0,XGB,103,Train,38.0,35.98249816894531
EC_S0_XGB_seed42,EC,S0,XGB,104,Train,35.0,35.68781661987305
EC_S0_XGB_seed42,EC,S0,XGB,105,Train,20.0,19.134727478027344
EC_S0_XGB_seed42,EC,S0,XGB,106,Train,27.0,25.948375701904297
EC_S0_XGB_seed42,EC,S0,XGB,107,Train,34.0,32.07441329956055
EC_S0_XGB_seed42,EC,S0,XGB,109,Train,45.0,42.685394287109375
EC_S0_XGB_seed42,EC,S0,XGB,110,Train,44.0,42.240509033203125
EC_S0_XGB_seed42,EC,S0,XGB,111,Train,42.0,39.70151901245117
EC_S0_XGB_seed42,EC,S0,XGB,114,Train,36.0,39.049415588378906
EC_S0_XGB_seed42,EC,S0,XGB,115,Train,40.0,39.049415588378906
EC_S0_XGB_seed42,EC,S0,XGB,116,Train,47.0,39.049415588378906
EC_S0_XGB_seed42,EC,S0,XGB,117,Train,44.0,39.049415588378906
EC_S0_XGB_seed42,EC,S0,XGB,118,Train,40.0,39.049415588378906
EC_S0_XGB_seed42,EC,S0,XGB,120,Train,32.0,38.493595123291016
EC_S0_XGB_seed42,EC,S0,XGB,123,Train,37.0,37.733970642089844
EC_S0_XGB_seed42,EC,S0,XGB,124,Train,43.0,37.733970642089844
EC_S0_XGB_seed42,EC,S0,XGB,125,Train,42.0,37.733970642089844
EC_S0_XGB_seed42,EC,S0,XGB,127,Train,48.0,38.1573371887207
EC_S0_XGB_seed42,EC,S0,XGB,129,Train,27.0,30.36024284362793
EC_S0_XGB_seed42,EC,S0,XGB,130,Train,37.0,39.049415588378906
EC_S0_XGB_seed42,EC,S0,XGB,131,Train,41.0,39.049415588378906
EC_S0_XGB_seed42,EC,S0,XGB,132,Train,47.0,39.049415588378906
EC_S0_XGB_seed42,EC,S0,XGB,133,Train,45.0,39.049415588378906
EC_S0_XGB_seed42,EC,S0,XGB,134,Train,41.0,39.049415588378906
EC_S0_XGB_seed42,EC,S0,XGB,136,Train,19.0,19.134727478027344
EC_S0_XGB_seed42,EC,S0,XGB,137,Train,27.0,25.948375701904297
EC_S0_XGB_seed42,EC,S0,XGB,138,Train,33.0,32.07441329956055
EC_S0_XGB_seed42,EC,S0,XGB,139,Train,41.0,39.049415588378906
EC_S0_XGB_seed42,EC,S0,XGB,140,Train,47.0,42.685394287109375
EC_S0_XGB_seed42,EC,S0,XGB,141,Train,46.0,42.240509033203125
EC_S0_XGB_seed42,EC,S0,XGB,142,Train,43.0,39.70151901245117
EC_S0_XGB_seed42,EC,S0,XGB,144,Train,37.0,35.68781661987305
EC_S0_XGB_seed42,EC,S0,XGB,145,Train,38.0,39.049415588378906
EC_S0_XGB_seed42,EC,S0,XGB,146,Train,42.0,39.049415588378906
EC_S0_XGB_seed42,EC,S0,XGB,147,Train,48.0,39.049415588378906
EC_S0_XGB_seed42,EC,S0,XGB,148,Train,47.0,39.049415588378906
EC_S0_XGB_seed42,EC,S0,XGB,149,Train,42.0,39.049415588378906
EC_S0_XGB_seed42,EC,S0,XGB,150,Train,40.0,36.553741455078125
EC_S0_XGB_seed42,EC,S0,XGB,152,Train,34.0,37.733970642089844
EC_S0_XGB_seed42,EC,S0,XGB,157,Train,29.0,29.842912673950195
EC_S0_XGB_seed42,EC,S0,XGB,158,Train,39.0,39.049415588378906
EC_S0_XGB_seed42,EC,S0,XGB,159,Train,42.0,39.049415588378906
EC_S0_XGB_seed42,EC,S0,XGB,160,Train,48.0,39.049415588378906
EC_S0_XGB_seed42,EC,S0,XGB,161,Train,48.0,39.049415588378906
EC_S0_XGB_seed42,EC,S0,XGB,162,Train,43.0,39.049415588378906
EC_S0_XGB_seed42,EC,S0,XGB,163,Train,38.0,38.493595123291016
EC_S0_XGB_seed42,EC,S0,XGB,164,Train,35.0,37.733970642089844
EC_S0_XGB_seed42,EC,S0,XGB,165,Train,44.0,37.733970642089844
EC_S0_XGB_seed42,EC,S0,XGB,166,Train,47.0,37.733970642089844
EC_S0_XGB_seed42,EC,S0,XGB,167,Train,46.0,37.733970642089844
EC_S0_XGB_seed42,EC,S0,XGB,168,Train,43.0,37.733970642089844
EC_S0_XGB_seed42,EC,S0,XGB,169,Train,43.0,38.493595123291016
EC_S0_XGB_seed42,EC,S0,XGB,170,Train,46.0,38.493595123291016
EC_S0_XGB_seed42,EC,S0,XGB,172,Train,52.0,38.493595123291016
EC_S0_XGB_seed42,EC,S0,XGB,195,Train,48.0,62.766502380371094
EC_S0_XGB_seed42,EC,S0,XGB,196,Train,47.0,62.766502380371094
EC_S0_XGB_seed42,EC,S0,XGB,197,Train,47.0,62.766502380371094
EC_S0_XGB_seed42,EC,S0,XGB,198,Train,45.0,62.766502380371094
EC_S0_XGB_seed42,EC,S0,XGB,199,Train,46.0,62.766502380371094
EC_S0_XGB_seed42,EC,S0,XGB,200,Train,48.0,62.766502380371094
EC_S0_XGB_seed42,EC,S0,XGB,201,Train,47.0,62.766502380371094
EC_S0_XGB_seed42,EC,S0,XGB,202,Train,47.0,62.766502380371094
EC_S0_XGB_seed42,EC,S0,XGB,203,Train,47.0,62.766502380371094
EC_S0_XGB_seed42,EC,S0,XGB,205,Train,21.0,24.556821823120117
EC_S0_XGB_seed42,EC,S0,XGB,206,Train,19.0,22.042434692382812
EC_S0_XGB_seed42,EC,S0,XGB,207,Train,16.0,16.395675659179688
EC_S0_XGB_seed42,EC,S0,XGB,208,Train,30.0,31.24378776550293
EC_S0_XGB_seed42,EC,S0,XGB,209,Train,67.0,46.332149505615234
EC_S0_XGB_seed42,EC,S0,XGB,211,Train,32.0,32.148738861083984
EC_S0_XGB_seed42,EC,S0,XGB,212,Train,26.0,43.08994674682617
EC_S0_XGB_seed42,EC,S0,XGB,213,Train,30.0,37.67633819580078
EC_S0_XGB_seed42,EC,S0,XGB,215,Train,26.0,40.23460388183594
EC_S0_XGB_seed42,EC,S0,XGB,216,Train,29.0,35.5359992980957
EC_S0_XGB_seed42,EC,S0,XGB,217,Train,48.0,62.766502380371094
EC_S0_XGB_seed42,EC,S0,XGB,218,Train,48.0,62.766502380371094
EC_S0_XGB_seed42,EC,S0,XGB,219,Train,47.0,62.766502380371094
EC_S0_XGB_seed42,EC,S0,XGB,220,Train,46.0,62.766502380371094
EC_S0_XGB_seed42,EC,S0,XGB,221,Train,47.0,62.766502380371094
EC_S0_XGB_seed42,EC,S0,XGB,222,Train,22.0,24.556821823120117
EC_S0_XGB_seed42,EC,S0,XGB,223,Train,48.0,62.766502380371094
EC_S0_XGB_seed42,EC,S0,XGB,224,Train,47.0,62.766502380371094
EC_S0_XGB_seed42,EC,S0,XGB,225,Train,48.0,62.766502380371094
EC_S0_XGB_seed42,EC,S0,XGB,226,Train,48.0,62.766502380371094
EC_S0_XGB_seed42,EC,S0,XGB,227,Train,49.0,62.766502380371094
EC_S0_XGB_seed42,EC,S0,XGB,229,Train,16.0,16.395675659179688
EC_S0_XGB_seed42,EC,S0,XGB,230,Train,31.0,31.24378776550293
EC_S0_XGB_seed42,EC,S0,XGB,231,Train,51.0,46.332149505615234
EC_S0_XGB_seed42,EC,S0,XGB,232,Train,34.0,38.41097640991211
EC_S0_XGB_seed42,EC,S0,XGB,233,Train,31.0,32.148738861083984
EC_S0_XGB_seed42,EC,S0,XGB,236,Train,36.0,36.477378845214844
EC_S0_XGB_seed42,EC,S0,XGB,237,Train,29.0,40.23460388183594
EC_S0_XGB_seed42,EC,S0,XGB,238,Train,31.0,35.5359992980957
EC_S0_XGB_seed42,EC,S0,XGB,239,Train,21.0,24.556821823120117
EC_S0_XGB_seed42,EC,S0,XGB,240,Train,21.0,22.042434692382812
EC_S0_XGB_seed42,EC,S0,XGB,241,Train,16.0,16.395675659179688
EC_S0_XGB_seed42,EC,S0,XGB,242,Train,31.0,31.24378776550293
EC_S0_XGB_seed42,EC,S0,XGB,243,Train,45.0,46.332149505615234
EC_S0_XGB_seed42,EC,S0,XGB,247,Train,34.0,37.67633819580078
EC_S0_XGB_seed42,EC,S0,XGB,248,Train,36.0,36.477378845214844
EC_S0_XGB_seed42,EC,S0,XGB,249,Train,33.0,40.23460388183594
EC_S0_XGB_seed42,EC,S0,XGB,250,Train,31.0,35.5359992980957
EC_S0_XGB_seed42,EC,S0,XGB,251,Train,48.0,62.766502380371094
EC_S0_XGB_seed42,EC,S0,XGB,252,Train,48.0,62.766502380371094
EC_S0_XGB_seed42,EC,S0,XGB,253,Train,50.0,62.766502380371094
EC_S0_XGB_seed42,EC,S0,XGB,255,Train,51.0,62.766502380371094
EC_S0_XGB_seed42,EC,S0,XGB,258,Train,49.0,62.766502380371094
EC_S0_XGB_seed42,EC,S0,XGB,259,Train,54.0,62.766502380371094
EC_S0_XGB_seed42,EC,S0,XGB,260,Train,62.0,62.766502380371094
EC_S0_XGB_seed42,EC,S0,XGB,261,Train,54.0,62.766502380371094
EC_S0_XGB_seed42,EC,S0,XGB,269,Train,21.0,24.556821823120117
EC_S0_XGB_seed42,EC,S0,XGB,270,Train,16.0,16.395675659179688
EC_S0_XGB_seed42,EC,S0,XGB,271,Train,30.0,31.24378776550293
EC_S0_XGB_seed42,EC,S0,XGB,272,Train,44.0,46.332149505615234
EC_S0_XGB_seed42,EC,S0,XGB,273,Train,35.0,38.41097640991211
EC_S0_XGB_seed42,EC,S0,XGB,274,Train,32.0,32.148738861083984
EC_S0_XGB_seed42,EC,S0,XGB,276,Train,35.0,37.67633819580078
EC_S0_XGB_seed42,EC,S0,XGB,277,Train,36.0,36.477378845214844
EC_S0_XGB_seed42,EC,S0,XGB,278,Train,39.0,40.23460388183594
EC_S0_XGB_seed42,EC,S0,XGB,279,Train,32.0,35.5359992980957
EC_S0_XGB_seed42,EC,S0,XGB,280,Train,50.0,62.766502380371094
EC_S0_XGB_seed42,EC,S0,XGB,281,Train,53.0,62.766502380371094
EC_S0_XGB_seed42,EC,S0,XGB,282,Train,71.0,62.766502380371094
EC_S0_XGB_seed42,EC,S0,XGB,283,Train,76.0,62.766502380371094
EC_S0_XGB_seed42,EC,S0,XGB,293,Train,34.0,34.0380744934082
EC_S0_XGB_seed42,EC,S0,XGB,294,Train,55.0,62.766502380371094
EC_S0_XGB_seed42,EC,S0,XGB,297,Train,82.0,62.766502380371094
EC_S0_XGB_seed42,EC,S0,XGB,298,Train,78.0,62.766502380371094
EC_S0_XGB_seed42,EC,S0,XGB,309,Train,22.0,24.556821823120117
EC_S0_XGB_seed42,EC,S0,XGB,310,Train,23.0,22.042434692382812
EC_S0_XGB_seed42,EC,S0,XGB,311,Train,16.0,16.395675659179688
EC_S0_XGB_seed42,EC,S0,XGB,312,Train,30.0,31.24378776550293
EC_S0_XGB_seed42,EC,S0,XGB,313,Train,43.0,46.332149505615234
EC_S0_XGB_seed42,EC,S0,XGB,314,Train,36.0,38.41097640991211
EC_S0_XGB_seed42,EC,S0,XGB,315,Train,32.0,32.148738861083984
EC_S0_XGB_seed42,EC,S0,XGB,316,Train,42.0,43.08994674682617
EC_S0_XGB_seed42,EC,S0,XGB,317,Train,35.0,37.67633819580078
EC_S0_XGB_seed42,EC,S0,XGB,318,Train,38.0,36.477378845214844
EC_S0_XGB_seed42,EC,S0,XGB,319,Train,44.0,40.23460388183594
EC_S0_XGB_seed42,EC,S0,XGB,320,Train,34.0,35.5359992980957
EC_S0_XGB_seed42,EC,S0,XGB,322,Train,28.0,33.057125091552734
EC_S0_XGB_seed42,EC,S0,XGB,323,Train,27.0,33.057125091552734
EC_S0_XGB_seed42,EC,S0,XGB,324,Train,65.0,62.766502380371094
EC_S0_XGB_seed42,EC,S0,XGB,325,Train,76.0,62.766502380371094
EC_S0_XGB_seed42,EC,S0,XGB,327,Train,82.0,62.766502380371094
EC_S0_XGB_seed42,EC,S0,XGB,328,Train,86.0,62.766502380371094
EC_S0_XGB_seed42,EC,S0,XGB,329,Train,33.0,35.76647186279297
EC_S0_XGB_seed42,EC,S0,XGB,337,Train,23.0,24.556821823120117
EC_S0_XGB_seed42,EC,S0,XGB,339,Train,17.0,16.395675659179688
EC_S0_XGB_seed42,EC,S0,XGB,340,Train,30.0,31.24378776550293
EC_S0_XGB_seed42,EC,S0,XGB,344,Train,45.0,43.08994674682617
EC_S0_XGB_seed42,EC,S0,XGB,345,Train,37.0,37.67633819580078
EC_S0_XGB_seed42,EC,S0,XGB,346,Train,37.0,36.477378845214844
EC_S0_XGB_seed42,EC,S0,XGB,347,Train,47.0,40.23460388183594
EC_S0_XGB_seed42,EC,S0,XGB,348,Train,39.0,35.5359992980957
EC_S0_XGB_seed42,EC,S0,XGB,351,Train,36.0,35.76647186279297
EC_S0_XGB_seed42,EC,S0,XGB,353,Train,28.0,33.057125091552734
EC_S0_XGB_seed42,EC,S0,XGB,354,Train,28.0,33.057125091552734
EC_S0_XGB_seed42,EC,S0,XGB,355,Train,35.0,33.057125091552734
EC_S0_XGB_seed42,EC,S0,XGB,356,Train,71.0,62.766502380371094
EC_S0_XGB_seed42,EC,S0,XGB,357,Train,79.0,62.766502380371094
EC_S0_XGB_seed42,EC,S0,XGB,358,Train,83.0,62.766502380371094
EC_S0_XGB_seed42,EC,S0,XGB,359,Train,85.0,62.766502380371094
EC_S0_XGB_seed42,EC,S0,XGB,365,Train,36.0,34.15792465209961
EC_S0_XGB_seed42,EC,S0,XGB,367,Train,49.0,48.76804733276367
EC_S0_XGB_seed42,EC,S0,XGB,369,Train,51.0,48.95899963378906
EC_S0_XGB_seed42,EC,S0,XGB,372,Train,51.0,47.330841064453125
EC_S0_XGB_seed42,EC,S0,XGB,373,Train,50.0,45.68564987182617
EC_S0_XGB_seed42,EC,S0,XGB,374,Train,51.0,48.68439483642578
EC_S0_XGB_seed42,EC,S0,XGB,375,Train,39.0,38.29605484008789
EC_S0_XGB_seed42,EC,S0,XGB,376,Train,40.0,39.70828628540039
EC_S0_XGB_seed42,EC,S0,XGB,377,Train,48.0,45.04606246948242
EC_S0_XGB_seed42,EC,S0,XGB,384,Train,28.0,24.556821823120117
EC_S0_XGB_seed42,EC,S0,XGB,385,Train,23.0,22.042434692382812
EC_S0_XGB_seed42,EC,S0,XGB,387,Train,31.0,31.24378776550293
EC_S0_XGB_seed42,EC,S0,XGB,388,Train,40.0,46.332149505615234
EC_S0_XGB_seed42,EC,S0,XGB,389,Train,48.0,38.41097640991211
EC_S0_XGB_seed42,EC,S0,XGB,390,Train,32.0,32.148738861083984
EC_S0_XGB_seed42,EC,S0,XGB,391,Train,45.0,43.08994674682617
EC_S0_XGB_seed42,EC,S0,XGB,392,Train,36.0,36.477378845214844
EC_S0_XGB_seed42,EC,S0,XGB,393,Train,47.0,40.23460388183594
EC_S0_XGB_seed42,EC,S0,XGB,394,Train,38.0,35.5359992980957
EC_S0_XGB_seed42,EC,S0,XGB,395,Train,41.0,37.67633819580078
EC_S0_XGB_seed42,EC,S0,XGB,396,Train,29.0,33.057125091552734
EC_S0_XGB_seed42,EC,S0,XGB,398,Train,36.0,33.057125091552734
EC_S0_XGB_seed42,EC,S0,XGB,400,Train,79.0,62.766502380371094
EC_S0_XGB_seed42,EC,S0,XGB,402,Train,85.0,62.766502380371094
EC_S0_XGB_seed42,EC,S0,XGB,403,Train,88.0,62.766502380371094
EC_S0_XGB_seed42,EC,S0,XGB,410,Train,17.0,16.395675659179688
EC_S0_XGB_seed42,EC,S0,XGB,412,Train,32.0,32.148738861083984
EC_S0_XGB_seed42,EC,S0,XGB,413,Train,47.0,40.23460388183594
EC_S0_XGB_seed42,EC,S0,XGB,414,Train,23.0,22.042434692382812
EC_S0_XGB_seed42,EC,S0,XGB,418,Train,83.0,62.766502380371094
EC_S0_XGB_seed42,EC,S0,XGB,419,Train,84.0,62.766502380371094
EC_S0_XGB_seed42,EC,S0,XGB,420,Train,87.0,62.766502380371094
EC_S0_XGB_seed42,EC,S0,XGB,421,Train,37.0,35.76647186279297
EC_S0_XGB_seed42,EC,S0,XGB,423,Train,31.0,24.556821823120117
EC_S0_XGB_seed42,EC,S0,XGB,424,Train,32.0,31.24378776550293
EC_S0_XGB_seed42,EC,S0,XGB,425,Train,47.0,43.08994674682617
EC_S0_XGB_seed42,EC,S0,XGB,426,Train,51.0,37.67633819580078
EC_S0_XGB_seed42,EC,S0,XGB,428,Train,37.0,35.5359992980957
EC_S0_XGB_seed42,EC,S0,XGB,430,Train,34.0,33.057125091552734
EC_S0_XGB_seed42,EC,S0,XGB,432,Train,77.0,62.766502380371094
EC_S0_XGB_seed42,EC,S0,XGB,433,Train,82.0,62.766502380371094
EC_S0_XGB_seed42,EC,S0,XGB,434,Train,83.0,62.766502380371094
EC_S0_XGB_seed42,EC,S0,XGB,435,Train,85.0,62.766502380371094
EC_S0_XGB_seed42,EC,S0,XGB,436,Train,87.0,62.766502380371094
EC_S0_XGB_seed42,EC,S0,XGB,438,Train,38.0,33.057125091552734
EC_S0_XGB_seed42,EC,S0,XGB,440,Train,17.0,16.395675659179688
EC_S0_XGB_seed42,EC,S0,XGB,441,Train,48.0,40.23460388183594
EC_S0_XGB_seed42,EC,S0,XGB,442,Train,35.0,31.24378776550293
EC_S0_XGB_seed42,EC,S0,XGB,443,Train,36.0,46.332149505615234
EC_S0_XGB_seed42,EC,S0,XGB,445,Train,35.0,32.148738861083984
EC_S0_XGB_seed42,EC,S0,XGB,446,Train,51.0,43.08994674682617
EC_S0_XGB_seed42,EC,S0,XGB,449,Train,32.0,24.556821823120117
EC_S0_XGB_seed42,EC,S0,XGB,450,Train,37.0,35.76647186279297
EC_S0_XGB_seed42,EC,S0,XGB,452,Train,35.0,33.057125091552734
EC_S0_XGB_seed42,EC,S0,XGB,453,Train,39.0,33.057125091552734
EC_S0_XGB_seed42,EC,S0,XGB,454,Train,41.0,33.057125091552734
EC_S0_XGB_seed42,EC,S0,XGB,455,Train,24.0,22.042434692382812
EC_S0_XGB_seed42,EC,S0,XGB,456,Train,47.0,35.5359992980957
EC_S0_XGB_seed42,EC,S0,XGB,457,Train,29.0,39.07659149169922
EC_S0_XGB_seed42,EC,S0,XGB,458,Train,37.0,39.07659149169922
EC_S0_XGB_seed42,EC,S0,XGB,459,Train,32.0,40.99318313598633
EC_S0_XGB_seed42,EC,S0,XGB,460,Train,37.0,40.99318313598633
EC_S0_XGB_seed42,EC,S0,XGB,461,Train,31.0,40.286190032958984
EC_S0_XGB_seed42,EC,S0,XGB,462,Train,37.0,40.286190032958984
EC_S0_XGB_seed42,EC,S0,XGB,463,Train,31.0,40.97547149658203
EC_S0_XGB_seed42,EC,S0,XGB,464,Train,37.0,40.97547149658203
EC_S0_XGB_seed42,EC,S0,XGB,465,Train,36.0,39.07659149169922
EC_S0_XGB_seed42,EC,S0,XGB,466,Train,39.0,39.07659149169922
EC_S0_XGB_seed42,EC,S0,XGB,468,Train,42.0,40.99318313598633
EC_S0_XGB_seed42,EC,S0,XGB,469,Train,36.0,40.286190032958984
EC_S0_XGB_seed42,EC,S0,XGB,470,Train,42.0,40.286190032958984
EC_S0_XGB_seed42,EC,S0,XGB,471,Train,36.0,40.97547149658203
EC_S0_XGB_seed42,EC,S0,XGB,472,Train,41.0,40.97547149658203
EC_S0_XGB_seed42,EC,S0,XGB,473,Train,38.0,39.07659149169922
EC_S0_XGB_seed42,EC,S0,XGB,474,Train,25.0,39.07659149169922
EC_S0_XGB_seed42,EC,S0,XGB,475,Train,32.0,39.07659149169922
EC_S0_XGB_seed42,EC,S0,XGB,476,Train,35.0,39.07659149169922
EC_S0_XGB_seed42,EC,S0,XGB,477,Train,40.0,39.07659149169922
EC_S0_XGB_seed42,EC,S0,XGB,478,Train,42.0,39.07659149169922
EC_S0_XGB_seed42,EC,S0,XGB,479,Train,42.0,39.07659149169922
EC_S0_XGB_seed42,EC,S0,XGB,481,Train,26.0,40.99318313598633
EC_S0_XGB_seed42,EC,S0,XGB,482,Train,33.0,40.99318313598633
EC_S0_XGB_seed42,EC,S0,XGB,483,Train,37.0,40.99318313598633
EC_S0_XGB_seed42,EC,S0,XGB,484,Train,42.0,40.99318313598633
EC_S0_XGB_seed42,EC,S0,XGB,485,Train,44.0,40.99318313598633
EC_S0_XGB_seed42,EC,S0,XGB,486,Train,45.0,40.99318313598633
EC_S0_XGB_seed42,EC,S0,XGB,487,Train,39.0,40.286190032958984
EC_S0_XGB_seed42,EC,S0,XGB,488,Train,25.0,40.286190032958984
EC_S0_XGB_seed42,EC,S0,XGB,489,Train,32.0,40.286190032958984
EC_S0_XGB_seed42,EC,S0,XGB,491,Train,42.0,40.286190032958984
EC_S0_XGB_seed42,EC,S0,XGB,492,Train,44.0,40.286190032958984
EC_S0_XGB_seed42,EC,S0,XGB,493,Train,46.0,40.286190032958984
EC_S0_XGB_seed42,EC,S0,XGB,494,Train,38.0,40.97547149658203
EC_S0_XGB_seed42,EC,S0,XGB,495,Train,26.0,40.97547149658203
EC_S0_XGB_seed42,EC,S0,XGB,496,Train,32.0,40.97547149658203
EC_S0_XGB_seed42,EC,S0,XGB,498,Train,41.0,40.97547149658203
EC_S0_XGB_seed42,EC,S0,XGB,500,Train,44.0,40.97547149658203
EC_S0_XGB_seed42,EC,S0,XGB,501,Train,44.0,39.07659149169922
EC_S0_XGB_seed42,EC,S0,XGB,502,Train,46.0,40.99318313598633
EC_S0_XGB_seed42,EC,S0,XGB,503,Train,47.0,40.286190032958984
EC_S0_XGB_seed42,EC,S0,XGB,504,Train,45.0,40.97547149658203
EC_S0_XGB_seed42,EC,S0,XGB,505,Train,41.0,39.07659149169922
EC_S0_XGB_seed42,EC,S0,XGB,506,Train,46.0,39.07659149169922
EC_S0_XGB_seed42,EC,S0,XGB,507,Train,44.0,40.99318313598633
EC_S0_XGB_seed42,EC,S0,XGB,509,Train,43.0,40.286190032958984
EC_S0_XGB_seed42,EC,S0,XGB,510,Train,48.0,40.286190032958984
EC_S0_XGB_seed42,EC,S0,XGB,511,Train,42.0,40.97547149658203
EC_S0_XGB_seed42,EC,S0,XGB,512,Train,47.0,40.97547149658203
EC_S0_XGB_seed42,EC,S0,XGB,516,Train,48.0,40.97547149658203
EC_S0_XGB_seed42,EC,S0,XGB,517,Train,44.0,39.07659149169922
EC_S0_XGB_seed42,EC,S0,XGB,518,Train,47.0,39.07659149169922
EC_S0_XGB_seed42,EC,S0,XGB,520,Train,49.0,40.99318313598633
EC_S0_XGB_seed42,EC,S0,XGB,521,Train,45.0,40.286190032958984
EC_S0_XGB_seed42,EC,S0,XGB,523,Train,45.0,40.97547149658203
EC_S0_XGB_seed42,EC,S0,XGB,524,Train,49.0,40.97547149658203
EC_S0_XGB_seed42,EC,S0,XGB,526,Train,47.0,40.99318313598633
EC_S0_XGB_seed42,EC,S0,XGB,527,Train,47.0,40.286190032958984
EC_S0_XGB_seed42,EC,S0,XGB,528,Train,46.0,40.97547149658203
EC_S0_XGB_seed42,EC,S0,XGB,529,Train,47.0,39.07659149169922
EC_S0_XGB_seed42,EC,S0,XGB,530,Train,48.0,40.99318313598633
EC_S0_XGB_seed42,EC,S0,XGB,532,Train,48.0,40.97547149658203
EC_S0_XGB_seed42,EC,S0,XGB,533,Train,23.0,36.47825241088867
EC_S0_XGB_seed42,EC,S0,XGB,536,Train,26.0,36.47825241088867
EC_S0_XGB_seed42,EC,S0,XGB,538,Train,19.0,39.463592529296875
EC_S0_XGB_seed42,EC,S0,XGB,540,Train,20.0,39.463592529296875
EC_S0_XGB_seed42,EC,S0,XGB,541,Train,24.0,39.463592529296875
EC_S0_XGB_seed42,EC,S0,XGB,542,Train,20.0,34.390533447265625
EC_S0_XGB_seed42,EC,S0,XGB,543,Train,23.0,34.390533447265625
EC_S0_XGB_seed42,EC,S0,XGB,544,Train,28.0,34.390533447265625
EC_S0_XGB_seed42,EC,S0,XGB,545,Train,29.0,34.390533447265625
EC_S0_XGB_seed42,EC,S0,XGB,547,Train,27.0,34.390533447265625
EC_S0_XGB_seed42,EC,S0,XGB,548,Train,30.0,34.390533447265625
EC_S0_XGB_seed42,EC,S0,XGB,549,Train,24.0,34.390533447265625
EC_S0_XGB_seed42,EC,S0,XGB,550,Train,24.0,36.47825241088867
EC_S0_XGB_seed42,EC,S0,XGB,552,Train,32.0,36.47825241088867
EC_S0_XGB_seed42,EC,S0,XGB,554,Train,32.0,36.47825241088867
EC_S0_XGB_seed42,EC,S0,XGB,555,Train,27.0,39.463592529296875
EC_S0_XGB_seed42,EC,S0,XGB,556,Train,25.0,36.47825241088867
EC_S0_XGB_seed42,EC,S0,XGB,557,Train,31.0,36.47825241088867
EC_S0_XGB_seed42,EC,S0,XGB,558,Train,33.0,36.47825241088867
EC_S0_XGB_seed42,EC,S0,XGB,559,Train,29.0,36.47825241088867
EC_S0_XGB_seed42,EC,S0,XGB,560,Train,33.0,36.47825241088867
EC_S0_XGB_seed42,EC,S0,XGB,561,Train,20.0,39.463592529296875
EC_S0_XGB_seed42,EC,S0,XGB,562,Train,23.0,39.463592529296875
EC_S0_XGB_seed42,EC,S0,XGB,563,Train,27.0,39.463592529296875
EC_S0_XGB_seed42,EC,S0,XGB,565,Train,28.0,39.463592529296875
EC_S0_XGB_seed42,EC,S0,XGB,566,Train,24.0,39.463592529296875
EC_S0_XGB_seed42,EC,S0,XGB,567,Train,26.0,39.463592529296875
EC_S0_XGB_seed42,EC,S0,XGB,568,Train,22.0,34.390533447265625
EC_S0_XGB_seed42,EC,S0,XGB,569,Train,25.0,34.390533447265625
EC_S0_XGB_seed42,EC,S0,XGB,570,Train,29.0,34.390533447265625
EC_S0_XGB_seed42,EC,S0,XGB,571,Train,32.0,34.390533447265625
EC_S0_XGB_seed42,EC,S0,XGB,572,Train,31.0,34.390533447265625
EC_S0_XGB_seed42,EC,S0,XGB,573,Train,31.0,34.390533447265625
EC_S0_XGB_seed42,EC,S0,XGB,574,Train,32.0,34.390533447265625
EC_S0_XGB_seed42,EC,S0,XGB,575,Train,27.0,34.390533447265625
EC_S0_XGB_seed42,EC,S0,XGB,577,Train,26.0,39.463592529296875
EC_S0_XGB_seed42,EC,S0,XGB,578,Train,29.0,39.463592529296875
EC_S0_XGB_seed42,EC,S0,XGB,580,Train,32.0,36.47825241088867
EC_S0_XGB_seed42,EC,S0,XGB,581,Train,34.0,36.47825241088867
EC_S0_XGB_seed42,EC,S0,XGB,582,Train,22.0,34.390533447265625
EC_S0_XGB_seed42,EC,S0,XGB,583,Train,26.0,34.390533447265625
EC_S0_XGB_seed42,EC,S0,XGB,584,Train,30.0,34.390533447265625
EC_S0_XGB_seed42,EC,S0,XGB,585,Train,32.0,34.390533447265625
EC_S0_XGB_seed42,EC,S0,XGB,586,Train,30.0,34.390533447265625
EC_S0_XGB_seed42,EC,S0,XGB,588,Train,33.0,34.390533447265625
EC_S0_XGB_seed42,EC,S0,XGB,589,Train,35.0,34.390533447265625
EC_S0_XGB_seed42,EC,S0,XGB,590,Train,33.0,36.47825241088867
EC_S0_XGB_seed42,EC,S0,XGB,591,Train,34.0,36.47825241088867
EC_S0_XGB_seed42,EC,S0,XGB,592,Train,29.0,36.47825241088867
EC_S0_XGB_seed42,EC,S0,XGB,593,Train,35.0,36.47825241088867
EC_S0_XGB_seed42,EC,S0,XGB,594,Train,23.0,39.463592529296875
EC_S0_XGB_seed42,EC,S0,XGB,595,Train,26.0,39.463592529296875
EC_S0_XGB_seed42,EC,S0,XGB,596,Train,31.0,39.463592529296875
EC_S0_XGB_seed42,EC,S0,XGB,597,Train,28.0,39.463592529296875
EC_S0_XGB_seed42,EC,S0,XGB,598,Train,29.0,39.463592529296875
EC_S0_XGB_seed42,EC,S0,XGB,599,Train,26.0,39.463592529296875
EC_S0_XGB_seed42,EC,S0,XGB,600,Train,28.0,39.463592529296875
EC_S0_XGB_seed42,EC,S0,XGB,601,Train,23.0,34.390533447265625
EC_S0_XGB_seed42,EC,S0,XGB,602,Train,27.0,34.390533447265625
EC_S0_XGB_seed42,EC,S0,XGB,603,Train,31.0,34.390533447265625
EC_S0_XGB_seed42,EC,S0,XGB,604,Train,33.0,34.390533447265625
EC_S0_XGB_seed42,EC,S0,XGB,605,Train,35.0,34.390533447265625
EC_S0_XGB_seed42,EC,S0,XGB,606,Train,35.0,34.390533447265625
EC_S0_XGB_seed42,EC,S0,XGB,607,Train,36.0,34.390533447265625
EC_S0_XGB_seed42,EC,S0,XGB,608,Train,36.0,34.390533447265625
EC_S0_XGB_seed42,EC,S0,XGB,609,Train,28.0,36.47825241088867
EC_S0_XGB_seed42,EC,S0,XGB,610,Train,33.0,36.47825241088867
EC_S0_XGB_seed42,EC,S0,XGB,614,Train,29.0,39.463592529296875
EC_S0_XGB_seed42,EC,S0,XGB,615,Train,30.0,39.463592529296875
EC_S0_XGB_seed42,EC,S0,XGB,619,Train,34.0,34.390533447265625
EC_S0_XGB_seed42,EC,S0,XGB,621,Train,36.0,34.390533447265625
EC_S0_XGB_seed42,EC,S0,XGB,622,Train,37.0,34.390533447265625
EC_S0_XGB_seed42,EC,S0,XGB,623,Train,38.0,34.390533447265625
EC_S0_XGB_seed42,EC,S0,XGB,624,Train,30.0,36.47825241088867
EC_S0_XGB_seed42,EC,S0,XGB,626,Train,36.0,36.47825241088867
EC_S0_XGB_seed42,EC,S0,XGB,627,Train,33.0,36.47825241088867
EC_S0_XGB_seed42,EC,S0,XGB,628,Train,37.0,36.47825241088867
EC_S0_XGB_seed42,EC,S0,XGB,630,Train,28.0,39.463592529296875
EC_S0_XGB_seed42,EC,S0,XGB,632,Train,29.0,39.463592529296875
EC_S0_XGB_seed42,EC,S0,XGB,633,Train,31.0,39.463592529296875
EC_S0_XGB_seed42,EC,S0,XGB,636,Train,24.0,34.390533447265625
EC_S0_XGB_seed42,EC,S0,XGB,638,Train,33.0,34.390533447265625
EC_S0_XGB_seed42,EC,S0,XGB,639,Train,35.0,34.390533447265625
EC_S0_XGB_seed42,EC,S0,XGB,641,Train,37.0,34.390533447265625
EC_S0_XGB_seed42,EC,S0,XGB,642,Train,38.0,34.390533447265625
EC_S0_XGB_seed42,EC,S0,XGB,645,Train,35.0,36.47825241088867
EC_S0_XGB_seed42,EC,S0,XGB,648,Train,38.0,36.47825241088867
EC_S0_XGB_seed42,EC,S0,XGB,649,Train,26.0,39.463592529296875
EC_S0_XGB_seed42,EC,S0,XGB,650,Train,30.0,39.463592529296875
EC_S0_XGB_seed42,EC,S0,XGB,651,Train,34.0,39.463592529296875
EC_S0_XGB_seed42,EC,S0,XGB,652,Train,30.0,39.463592529296875
EC_S0_XGB_seed42,EC,S0,XGB,653,Train,31.0,39.463592529296875
EC_S0_XGB_seed42,EC,S0,XGB,655,Train,29.0,34.390533447265625
EC_S0_XGB_seed42,EC,S0,XGB,656,Train,34.0,34.390533447265625
EC_S0_XGB_seed42,EC,S0,XGB,657,Train,36.0,34.390533447265625
EC_S0_XGB_seed42,EC,S0,XGB,658,Train,38.0,34.390533447265625
EC_S0_XGB_seed42,EC,S0,XGB,659,Train,38.0,34.390533447265625
EC_S0_XGB_seed42,EC,S0,XGB,660,Train,39.0,34.390533447265625
EC_S0_XGB_seed42,EC,S0,XGB,661,Train,39.0,34.390533447265625
EC_S0_XGB_seed42,EC,S0,XGB,662,Train,36.0,36.47825241088867
EC_S0_XGB_seed42,EC,S0,XGB,663,Train,38.0,36.47825241088867
EC_S0_XGB_seed42,EC,S0,XGB,665,Train,40.0,36.47825241088867
EC_S0_XGB_seed42,EC,S0,XGB,666,Train,30.0,39.463592529296875
EC_S0_XGB_seed42,EC,S0,XGB,667,Train,32.0,39.463592529296875
EC_S0_XGB_seed42,EC,S0,XGB,669,Train,31.0,34.390533447265625
EC_S0_XGB_seed42,EC,S0,XGB,670,Train,36.0,34.390533447265625
EC_S0_XGB_seed42,EC,S0,XGB,671,Train,37.0,34.390533447265625
EC_S0_XGB_seed42,EC,S0,XGB,672,Train,39.0,34.390533447265625
EC_S0_XGB_seed42,EC,S0,XGB,674,Train,39.0,34.390533447265625
EC_S0_XGB_seed42,EC,S0,XGB,675,Train,40.0,34.390533447265625
EC_S0_XGB_seed42,EC,S0,XGB,677,Train,27.0,39.463592529296875
EC_S0_XGB_seed42,EC,S0,XGB,678,Train,31.0,39.463592529296875
EC_S0_XGB_seed42,EC,S0,XGB,679,Train,34.0,39.463592529296875
EC_S0_XGB_seed42,EC,S0,XGB,681,Train,37.0,36.47825241088867
EC_S0_XGB_seed42,EC,S0,XGB,683,Train,31.0,39.463592529296875
EC_S0_XGB_seed42,EC,S0,XGB,685,Train,29.0,39.463592529296875
EC_S0_XGB_seed42,EC,S0,XGB,686,Train,31.0,39.463592529296875
EC_S0_XGB_seed42,EC,S0,XGB,687,Train,33.0,36.47825241088867
EC_S0_XGB_seed42,EC,S0,XGB,688,Train,37.0,36.47825241088867
EC_S0_XGB_seed42,EC,S0,XGB,689,Train,38.0,36.47825241088867
EC_S0_XGB_seed42,EC,S0,XGB,690,Train,28.0,39.463592529296875
EC_S0_XGB_seed42,EC,S0,XGB,692,Train,35.0,39.463592529296875
EC_S0_XGB_seed42,EC,S0,XGB,693,Train,26.0,34.390533447265625
EC_S0_XGB_seed42,EC,S0,XGB,694,Train,32.0,34.390533447265625
EC_S0_XGB_seed42,EC,S0,XGB,695,Train,37.0,34.390533447265625
EC_S0_XGB_seed42,EC,S0,XGB,696,Train,37.0,34.390533447265625
EC_S0_XGB_seed42,EC,S0,XGB,697,Train,39.0,34.390533447265625
EC_S0_XGB_seed42,EC,S0,XGB,698,Train,39.0,34.390533447265625
EC_S0_XGB_seed42,EC,S0,XGB,700,Train,40.0,34.390533447265625
EC_S0_XGB_seed42,EC,S0,XGB,701,Train,38.0,36.47825241088867
EC_S0_XGB_seed42,EC,S0,XGB,702,Train,41.0,36.47825241088867
EC_S0_XGB_seed42,EC,S0,XGB,703,Train,31.0,39.463592529296875
EC_S0_XGB_seed42,EC,S0,XGB,704,Train,33.0,39.463592529296875
EC_S0_XGB_seed42,EC,S0,XGB,705,Train,34.0,36.47825241088867
EC_S0_XGB_seed42,EC,S0,XGB,706,Train,38.0,36.47825241088867
EC_S0_XGB_seed42,EC,S0,XGB,707,Train,28.0,39.463592529296875
EC_S0_XGB_seed42,EC,S0,XGB,708,Train,33.0,39.463592529296875
EC_S0_XGB_seed42,EC,S0,XGB,709,Train,35.0,39.463592529296875
EC_S0_XGB_seed42,EC,S0,XGB,710,Train,30.0,39.463592529296875
EC_S0_XGB_seed42,EC,S0,XGB,712,Train,27.0,34.390533447265625
EC_S0_XGB_seed42,EC,S0,XGB,713,Train,35.0,34.390533447265625
EC_S0_XGB_seed42,EC,S0,XGB,714,Train,38.0,34.390533447265625
EC_S0_XGB_seed42,EC,S0,XGB,715,Train,38.0,34.390533447265625
EC_S0_XGB_seed42,EC,S0,XGB,716,Train,40.0,34.390533447265625
EC_S0_XGB_seed42,EC,S0,XGB,717,Train,40.0,34.390533447265625
EC_S0_XGB_seed42,EC,S0,XGB,718,Train,40.0,34.390533447265625
EC_S0_XGB_seed42,EC,S0,XGB,719,Train,40.0,34.390533447265625
EC_S0_XGB_seed42,EC,S0,XGB,720,Train,38.0,36.47825241088867
EC_S0_XGB_seed42,EC,S0,XGB,722,Train,43.0,36.47825241088867
EC_S0_XGB_seed42,EC,S0,XGB,723,Train,31.0,39.463592529296875
EC_S0_XGB_seed42,EC,S0,XGB,724,Train,33.0,39.463592529296875
EC_S0_XGB_seed42,EC,S0,XGB,727,Train,34.0,36.47825241088867
EC_S0_XGB_seed42,EC,S0,XGB,728,Train,39.0,36.47825241088867
EC_S0_XGB_seed42,EC,S0,XGB,729,Train,29.0,39.463592529296875
EC_S0_XGB_seed42,EC,S0,XGB,730,Train,34.0,39.463592529296875
EC_S0_XGB_seed42,EC,S0,XGB,731,Train,35.0,39.463592529296875
EC_S0_XGB_seed42,EC,S0,XGB,732,Train,38.0,36.47825241088867
EC_S0_XGB_seed42,EC,S0,XGB,734,Train,44.0,36.47825241088867
EC_S0_XGB_seed42,EC,S0,XGB,735,Train,32.0,39.463592529296875
EC_S0_XGB_seed42,EC,S0,XGB,736,Train,34.0,39.463592529296875
EC_S0_XGB_seed42,EC,S0,XGB,737,Train,34.0,36.47825241088867
EC_S0_XGB_seed42,EC,S0,XGB,738,Train,39.0,36.47825241088867
EC_S0_XGB_seed42,EC,S0,XGB,739,Train,29.0,39.463592529296875
EC_S0_XGB_seed42,EC,S0,XGB,740,Train,34.0,39.463592529296875
EC_S0_XGB_seed42,EC,S0,XGB,741,Train,36.0,39.463592529296875
EC_S0_XGB_seed42,EC,S0,XGB,742,Train,29.0,34.390533447265625
EC_S0_XGB_seed42,EC,S0,XGB,743,Train,37.0,34.390533447265625
EC_S0_XGB_seed42,EC,S0,XGB,744,Train,39.0,34.390533447265625
EC_S0_XGB_seed42,EC,S0,XGB,745,Train,39.0,34.390533447265625
EC_S0_XGB_seed42,EC,S0,XGB,746,Train,40.0,34.390533447265625
EC_S0_XGB_seed42,EC,S0,XGB,747,Train,40.0,34.390533447265625
EC_S0_XGB_seed42,EC,S0,XGB,748,Train,40.0,34.390533447265625
EC_S0_XGB_seed42,EC,S0,XGB,751,Train,40.0,36.47825241088867
EC_S0_XGB_seed42,EC,S0,XGB,752,Train,44.0,36.47825241088867
EC_S0_XGB_seed42,EC,S0,XGB,753,Train,33.0,39.463592529296875
EC_S0_XGB_seed42,EC,S0,XGB,754,Train,34.0,39.463592529296875
EC_S0_XGB_seed42,EC,S0,XGB,756,Train,34.0,36.47825241088867
EC_S0_XGB_seed42,EC,S0,XGB,758,Train,30.0,39.463592529296875
EC_S0_XGB_seed42,EC,S0,XGB,759,Train,34.0,39.463592529296875
EC_S0_XGB_seed42,EC,S0,XGB,760,Train,37.0,39.463592529296875
EC_S0_XGB_seed42,EC,S0,XGB,761,Train,38.0,36.47825241088867
EC_S0_XGB_seed42,EC,S0,XGB,762,Train,41.0,36.47825241088867
EC_S0_XGB_seed42,EC,S0,XGB,763,Train,45.0,36.47825241088867
EC_S0_XGB_seed42,EC,S0,XGB,765,Train,35.0,39.463592529296875
EC_S0_XGB_seed42,EC,S0,XGB,766,Train,33.0,39.463592529296875
EC_S0_XGB_seed42,EC,S0,XGB,767,Train,35.0,36.47825241088867
EC_S0_XGB_seed42,EC,S0,XGB,768,Train,40.0,36.47825241088867
EC_S0_XGB_seed42,EC,S0,XGB,769,Train,31.0,39.463592529296875
EC_S0_XGB_seed42,EC,S0,XGB,770,Train,35.0,39.463592529296875
EC_S0_XGB_seed42,EC,S0,XGB,771,Train,37.0,39.463592529296875
EC_S0_XGB_seed42,EC,S0,XGB,772,Train,31.0,34.390533447265625
EC_S0_XGB_seed42,EC,S0,XGB,773,Train,38.0,34.390533447265625
EC_S0_XGB_seed42,EC,S0,XGB,774,Train,39.0,34.390533447265625
EC_S0_XGB_seed42,EC,S0,XGB,775,Train,40.0,34.390533447265625
EC_S0_XGB_seed42,EC,S0,XGB,776,Train,41.0,34.390533447265625
EC_S0_XGB_seed42,EC,S0,XGB,777,Train,41.0,34.390533447265625
EC_S0_XGB_seed42,EC,S0,XGB,778,Train,41.0,34.390533447265625
EC_S0_XGB_seed42,EC,S0,XGB,779,Train,41.0,34.390533447265625
EC_S0_XGB_seed42,EC,S0,XGB,780,Train,38.0,36.47825241088867
EC_S0_XGB_seed42,EC,S0,XGB,781,Train,42.0,36.47825241088867
EC_S0_XGB_seed42,EC,S0,XGB,782,Train,46.0,36.47825241088867
EC_S0_XGB_seed42,EC,S0,XGB,786,Train,35.0,36.47825241088867
EC_S0_XGB_seed42,EC,S0,XGB,787,Train,31.0,39.463592529296875
EC_S0_XGB_seed42,EC,S0,XGB,788,Train,35.0,39.463592529296875
EC_S0_XGB_seed42,EC,S0,XGB,789,Train,38.0,39.463592529296875
EC_S0_XGB_seed42,EC,S0,XGB,790,Train,39.0,36.47825241088867
EC_S0_XGB_seed42,EC,S0,XGB,792,Train,43.0,36.47825241088867
EC_S0_XGB_seed42,EC,S0,XGB,793,Train,46.0,36.47825241088867
EC_S0_XGB_seed42,EC,S0,XGB,795,Train,35.0,39.463592529296875
EC_S0_XGB_seed42,EC,S0,XGB,796,Train,38.0,39.463592529296875
EC_S0_XGB_seed42,EC,S0,XGB,797,Train,33.0,39.463592529296875
EC_S0_XGB_seed42,EC,S0,XGB,798,Train,35.0,39.463592529296875
EC_S0_XGB_seed42,EC,S0,XGB,799,Train,31.0,39.463592529296875
EC_S0_XGB_seed42,EC,S0,XGB,800,Train,33.0,39.463592529296875
EC_S0_XGB_seed42,EC,S0,XGB,801,Train,32.0,34.390533447265625
EC_S0_XGB_seed42,EC,S0,XGB,802,Train,39.0,34.390533447265625
EC_S0_XGB_seed42,EC,S0,XGB,804,Train,40.0,34.390533447265625
EC_S0_XGB_seed42,EC,S0,XGB,805,Train,41.0,34.390533447265625
EC_S0_XGB_seed42,EC,S0,XGB,806,Train,41.0,34.390533447265625
EC_S0_XGB_seed42,EC,S0,XGB,807,Train,42.0,34.390533447265625
EC_S0_XGB_seed42,EC,S0,XGB,808,Train,42.0,34.390533447265625
EC_S0_XGB_seed42,EC,S0,XGB,809,Train,39.0,36.47825241088867
EC_S0_XGB_seed42,EC,S0,XGB,810,Train,39.0,36.47825241088867
EC_S0_XGB_seed42,EC,S0,XGB,813,Train,33.0,39.463592529296875
EC_S0_XGB_seed42,EC,S0,XGB,814,Train,35.0,39.463592529296875
EC_S0_XGB_seed42,EC,S0,XGB,815,Train,47.0,36.47825241088867
EC_S0_XGB_seed42,EC,S0,XGB,816,Train,43.0,36.47825241088867
EC_S0_XGB_seed42,EC,S0,XGB,817,Train,34.0,39.463592529296875
EC_S0_XGB_seed42,EC,S0,XGB,818,Train,36.0,39.463592529296875
EC_S0_XGB_seed42,EC,S0,XGB,819,Train,47.0,36.47825241088867
EC_S0_XGB_seed42,EC,S0,XGB,820,Train,23.0,39.463592529296875
EC_S0_XGB_seed42,EC,S0,XGB,821,Train,27.0,39.463592529296875
EC_S0_XGB_seed42,EC,S0,XGB,822,Train,32.0,39.463592529296875
EC_S0_XGB_seed42,EC,S0,XGB,823,Train,33.0,39.463592529296875
EC_S0_XGB_seed42,EC,S0,XGB,824,Train,36.0,39.463592529296875
EC_S0_XGB_seed42,EC,S0,XGB,825,Train,43.0,39.463592529296875
EC_S0_XGB_seed42,EC,S0,XGB,827,Train,41.0,39.463592529296875
EC_S0_XGB_seed42,EC,S0,XGB,828,Train,43.0,39.463592529296875
EC_S0_XGB_seed42,EC,S0,XGB,830,Train,44.0,39.463592529296875
EC_S0_XGB_seed42,EC,S0,XGB,831,Train,47.0,39.463592529296875
EC_S0_XGB_seed42,EC,S0,XGB,832,Train,49.0,39.463592529296875
EC_S0_XGB_seed42,EC,S0,XGB,833,Train,52.0,39.463592529296875
EC_S0_XGB_seed42,EC,S0,XGB,834,Train,48.0,39.463592529296875
EC_S0_XGB_seed42,EC,S0,XGB,836,Train,26.0,39.463592529296875
EC_S0_XGB_seed42,EC,S0,XGB,837,Train,25.0,39.463592529296875
EC_S0_XGB_seed42,EC,S0,XGB,838,Train,28.0,39.463592529296875
EC_S0_XGB_seed42,EC,S0,XGB,839,Train,32.0,39.463592529296875
EC_S0_XGB_seed42,EC,S0,XGB,841,Train,33.0,39.463592529296875
EC_S0_XGB_seed42,EC,S0,XGB,843,Train,34.0,39.463592529296875
EC_S0_XGB_seed42,EC,S0,XGB,845,Train,31.0,39.463592529296875
EC_S0_XGB_seed42,EC,S0,XGB,846,Train,34.0,39.463592529296875
EC_S0_XGB_seed42,EC,S0,XGB,848,Train,13.0,39.463592529296875
EC_S0_XGB_seed42,EC,S0,XGB,849,Train,28.0,39.463592529296875
EC_S0_XGB_seed42,EC,S0,XGB,850,Train,21.0,39.463592529296875
EC_S0_XGB_seed42,EC,S0,XGB,851,Train,25.0,39.463592529296875
EC_S0_XGB_seed42,EC,S0,XGB,853,Train,18.0,39.463592529296875
EC_S0_XGB_seed42,EC,S0,XGB,855,Train,21.0,39.463592529296875
EC_S0_XGB_seed42,EC,S0,XGB,856,Train,25.0,39.463592529296875
EC_S0_XGB_seed42,EC,S0,XGB,858,Train,25.0,39.463592529296875
EC_S0_XGB_seed42,EC,S0,XGB,859,Train,25.0,39.463592529296875
EC_S0_XGB_seed42,EC,S0,XGB,860,Train,32.0,39.463592529296875
EC_S0_XGB_seed42,EC,S0,XGB,861,Train,38.0,39.463592529296875
EC_S0_XGB_seed42,EC,S0,XGB,862,Train,36.0,39.463592529296875
EC_S0_XGB_seed42,EC,S0,XGB,863,Train,41.0,39.463592529296875
EC_S0_XGB_seed42,EC,S0,XGB,865,Train,46.0,39.463592529296875
EC_S0_XGB_seed42,EC,S0,XGB,866,Train,44.0,39.463592529296875
EC_S0_XGB_seed42,EC,S0,XGB,868,Train,52.0,39.463592529296875
EC_S0_XGB_seed42,EC,S0,XGB,869,Train,47.0,39.463592529296875
EC_S0_XGB_seed42,EC,S0,XGB,870,Train,48.0,39.463592529296875
EC_S0_XGB_seed42,EC,S0,XGB,871,Train,51.0,39.463592529296875
EC_S0_XGB_seed42,EC,S0,XGB,873,Train,49.0,39.463592529296875
EC_S0_XGB_seed42,EC,S0,XGB,874,Train,26.0,39.463592529296875
EC_S0_XGB_seed42,EC,S0,XGB,875,Train,27.0,39.463592529296875
EC_S0_XGB_seed42,EC,S0,XGB,877,Train,31.0,39.463592529296875
EC_S0_XGB_seed42,EC,S0,XGB,879,Train,35.0,39.463592529296875
EC_S0_XGB_seed42,EC,S0,XGB,880,Train,35.0,39.463592529296875
EC_S0_XGB_seed42,EC,S0,XGB,881,Train,34.0,39.463592529296875
EC_S0_XGB_seed42,EC,S0,XGB,882,Train,35.0,39.463592529296875
EC_S0_XGB_seed42,EC,S0,XGB,884,Train,32.0,39.463592529296875
EC_S0_XGB_seed42,EC,S0,XGB,885,Train,35.0,39.463592529296875
EC_S0_XGB_seed42,EC,S0,XGB,886,Train,28.0,34.05683898925781
EC_S0_XGB_seed42,EC,S0,XGB,887,Train,23.0,39.463592529296875
EC_S0_XGB_seed42,EC,S0,XGB,889,Train,28.0,39.463592529296875
EC_S0_XGB_seed42,EC,S0,XGB,890,Train,18.0,39.463592529296875
EC_S0_XGB_seed42,EC,S0,XGB,891,Train,17.0,39.463592529296875
EC_S0_XGB_seed42,EC,S0,XGB,892,Train,23.0,39.463592529296875
EC_S0_XGB_seed42,EC,S0,XGB,894,Train,29.0,39.463592529296875
EC_S0_XGB_seed42,EC,S0,XGB,895,Train,28.0,39.463592529296875
EC_S0_XGB_seed42,EC,S0,XGB,896,Train,36.0,39.463592529296875
EC_S0_XGB_seed42,EC,S0,XGB,897,Train,41.0,39.463592529296875
EC_S0_XGB_seed42,EC,S0,XGB,898,Train,39.0,39.463592529296875
EC_S0_XGB_seed42,EC,S0,XGB,899,Train,46.0,39.463592529296875
EC_S0_XGB_seed42,EC,S0,XGB,900,Train,52.0,39.463592529296875
EC_S0_XGB_seed42,EC,S0,XGB,901,Train,48.0,39.463592529296875
EC_S0_XGB_seed42,EC,S0,XGB,902,Train,47.0,39.463592529296875
EC_S0_XGB_seed42,EC,S0,XGB,903,Train,52.0,39.463592529296875
EC_S0_XGB_seed42,EC,S0,XGB,905,Train,48.0,39.463592529296875
EC_S0_XGB_seed42,EC,S0,XGB,906,Train,50.0,39.463592529296875
EC_S0_XGB_seed42,EC,S0,XGB,907,Train,52.0,39.463592529296875
EC_S0_XGB_seed42,EC,S0,XGB,908,Train,55.0,39.463592529296875
EC_S0_XGB_seed42,EC,S0,XGB,909,Train,49.0,39.463592529296875
EC_S0_XGB_seed42,EC,S0,XGB,911,Train,29.0,39.463592529296875
EC_S0_XGB_seed42,EC,S0,XGB,913,Train,32.0,39.463592529296875
EC_S0_XGB_seed42,EC,S0,XGB,916,Train,35.0,39.463592529296875
EC_S0_XGB_seed42,EC,S0,XGB,917,Train,36.0,39.463592529296875
EC_S0_XGB_seed42,EC,S0,XGB,918,Train,36.0,39.463592529296875
EC_S0_XGB_seed42,EC,S0,XGB,919,Train,36.0,39.463592529296875
EC_S0_XGB_seed42,EC,S0,XGB,920,Train,34.0,39.463592529296875
EC_S0_XGB_seed42,EC,S0,XGB,921,Train,36.0,39.463592529296875
EC_S0_XGB_seed42,EC,S0,XGB,923,Train,38.0,39.463592529296875
EC_S0_XGB_seed42,EC,S0,XGB,924,Train,45.0,39.463592529296875
EC_S0_XGB_seed42,EC,S0,XGB,925,Train,41.0,39.463592529296875
EC_S0_XGB_seed42,EC,S0,XGB,926,Train,49.0,39.463592529296875
EC_S0_XGB_seed42,EC,S0,XGB,928,Train,48.0,39.463592529296875
EC_S0_XGB_seed42,EC,S0,XGB,929,Train,50.0,39.463592529296875
EC_S0_XGB_seed42,EC,S0,XGB,930,Train,55.0,39.463592529296875
EC_S0_XGB_seed42,EC,S0,XGB,931,Train,54.0,39.463592529296875
EC_S0_XGB_seed42,EC,S0,XGB,932,Train,48.0,39.463592529296875
EC_S0_XGB_seed42,EC,S0,XGB,933,Train,50.0,39.463592529296875
EC_S0_XGB_seed42,EC,S0,XGB,934,Train,54.0,39.463592529296875
EC_S0_XGB_seed42,EC,S0,XGB,935,Train,55.0,39.463592529296875
EC_S0_XGB_seed42,EC,S0,XGB,936,Train,49.0,39.463592529296875
EC_S0_XGB_seed42,EC,S0,XGB,937,Train,27.0,39.463592529296875
EC_S0_XGB_seed42,EC,S0,XGB,938,Train,30.0,39.463592529296875
EC_S0_XGB_seed42,EC,S0,XGB,939,Train,30.0,39.463592529296875
EC_S0_XGB_seed42,EC,S0,XGB,940,Train,34.0,39.463592529296875
EC_S0_XGB_seed42,EC,S0,XGB,941,Train,34.0,39.463592529296875
EC_S0_XGB_seed42,EC,S0,XGB,942,Train,36.0,39.463592529296875
EC_S0_XGB_seed42,EC,S0,XGB,944,Train,36.0,39.463592529296875
EC_S0_XGB_seed42,EC,S0,XGB,946,Train,36.0,39.463592529296875
EC_S0_XGB_seed42,EC,S0,XGB,947,Train,35.0,39.463592529296875
EC_S0_XGB_seed42,EC,S0,XGB,948,Train,37.0,39.463592529296875
EC_S0_XGB_seed42,EC,S0,XGB,949,Train,29.0,34.05683898925781
EC_S0_XGB_seed42,EC,S0,XGB,950,Train,23.0,39.463592529296875
EC_S0_XGB_seed42,EC,S0,XGB,951,Train,28.0,39.463592529296875
EC_S0_XGB_seed42,EC,S0,XGB,952,Train,29.0,39.463592529296875
EC_S0_XGB_seed42,EC,S0,XGB,953,Train,13.0,39.463592529296875
EC_S0_XGB_seed42,EC,S0,XGB,954,Train,19.0,39.463592529296875
EC_S0_XGB_seed42,EC,S0,XGB,956,Train,24.0,39.463592529296875
EC_S0_XGB_seed42,EC,S0,XGB,959,Train,31.0,39.463592529296875
EC_S0_XGB_seed42,EC,S0,XGB,960,Train,39.0,39.463592529296875
EC_S0_XGB_seed42,EC,S0,XGB,961,Train,47.0,39.463592529296875
EC_S0_XGB_seed42,EC,S0,XGB,962,Train,42.0,39.463592529296875
EC_S0_XGB_seed42,EC,S0,XGB,963,Train,50.0,39.463592529296875
EC_S0_XGB_seed42,EC,S0,XGB,967,Train,56.0,39.463592529296875
EC_S0_XGB_seed42,EC,S0,XGB,968,Train,54.0,39.463592529296875
EC_S0_XGB_seed42,EC,S0,XGB,969,Train,49.0,39.463592529296875
EC_S0_XGB_seed42,EC,S0,XGB,970,Train,52.0,39.463592529296875
EC_S0_XGB_seed42,EC,S0,XGB,971,Train,55.0,39.463592529296875
EC_S0_XGB_seed42,EC,S0,XGB,972,Train,56.0,39.463592529296875
EC_S0_XGB_seed42,EC,S0,XGB,973,Train,49.0,39.463592529296875
EC_S0_XGB_seed42,EC,S0,XGB,974,Train,27.0,39.463592529296875
EC_S0_XGB_seed42,EC,S0,XGB,975,Train,30.0,39.463592529296875
EC_S0_XGB_seed42,EC,S0,XGB,976,Train,31.0,39.463592529296875
EC_S0_XGB_seed42,EC,S0,XGB,977,Train,35.0,39.463592529296875
EC_S0_XGB_seed42,EC,S0,XGB,978,Train,34.0,39.463592529296875
EC_S0_XGB_seed42,EC,S0,XGB,979,Train,36.0,39.463592529296875
EC_S0_XGB_seed42,EC,S0,XGB,981,Train,37.0,39.463592529296875
EC_S0_XGB_seed42,EC,S0,XGB,982,Train,37.0,39.463592529296875
EC_S0_XGB_seed42,EC,S0,XGB,983,Train,37.0,39.463592529296875
EC_S0_XGB_seed42,EC,S0,XGB,985,Train,37.0,39.463592529296875
EC_S0_XGB_seed42,EC,S0,XGB,990,Train,42.0,39.463592529296875
EC_S0_XGB_seed42,EC,S0,XGB,991,Train,51.0,39.463592529296875
EC_S0_XGB_seed42,EC,S0,XGB,992,Train,47.0,39.463592529296875
EC_S0_XGB_seed42,EC,S0,XGB,993,Train,54.0,39.463592529296875
EC_S0_XGB_seed42,EC,S0,XGB,994,Train,55.0,39.463592529296875
EC_S0_XGB_seed42,EC,S0,XGB,996,Train,54.0,39.463592529296875
EC_S0_XGB_seed42,EC,S0,XGB,997,Train,58.0,39.463592529296875
EC_S0_XGB_seed42,EC,S0,XGB,998,Train,56.0,39.463592529296875
EC_S0_XGB_seed42,EC,S0,XGB,999,Train,49.0,39.463592529296875
EC_S0_XGB_seed42,EC,S0,XGB,1000,Train,54.0,39.463592529296875
EC_S0_XGB_seed42,EC,S0,XGB,1004,Train,28.0,39.463592529296875
EC_S0_XGB_seed42,EC,S0,XGB,1005,Train,31.0,39.463592529296875
EC_S0_XGB_seed42,EC,S0,XGB,1006,Train,33.0,39.463592529296875
EC_S0_XGB_seed42,EC,S0,XGB,1007,Train,36.0,39.463592529296875
EC_S0_XGB_seed42,EC,S0,XGB,1008,Train,35.0,39.463592529296875
EC_S0_XGB_seed42,EC,S0,XGB,1009,Train,36.0,39.463592529296875
EC_S0_XGB_seed42,EC,S0,XGB,1011,Train,38.0,39.463592529296875
EC_S0_XGB_seed42,EC,S0,XGB,1012,Train,37.0,39.463592529296875
EC_S0_XGB_seed42,EC,S0,XGB,1013,Train,37.0,39.463592529296875
EC_S0_XGB_seed42,EC,S0,XGB,1014,Train,37.0,39.463592529296875
EC_S0_XGB_seed42,EC,S0,XGB,1015,Train,38.0,39.463592529296875
EC_S0_XGB_seed42,EC,S0,XGB,1016,Train,24.0,39.463592529296875
EC_S0_XGB_seed42,EC,S0,XGB,1017,Train,29.0,39.463592529296875
EC_S0_XGB_seed42,EC,S0,XGB,1018,Train,30.0,39.463592529296875
EC_S0_XGB_seed42,EC,S0,XGB,1020,Train,20.0,39.463592529296875
EC_S0_XGB_seed42,EC,S0,XGB,1021,Train,18.0,39.463592529296875
EC_S0_XGB_seed42,EC,S0,XGB,1022,Train,24.0,39.463592529296875
EC_S0_XGB_seed42,EC,S0,XGB,1023,Train,29.0,39.463592529296875
EC_S0_XGB_seed42,EC,S0,XGB,1024,Train,32.0,39.463592529296875
EC_S0_XGB_seed42,EC,S0,XGB,1025,Train,35.0,39.463592529296875
EC_S0_XGB_seed42,EC,S0,XGB,1028,Train,49.0,39.463592529296875
EC_S0_XGB_seed42,EC,S0,XGB,1029,Train,56.0,39.463592529296875
EC_S0_XGB_seed42,EC,S0,XGB,1030,Train,55.0,39.463592529296875
EC_S0_XGB_seed42,EC,S0,XGB,1032,Train,57.0,39.463592529296875
EC_S0_XGB_seed42,EC,S0,XGB,1033,Train,59.0,39.463592529296875
EC_S0_XGB_seed42,EC,S0,XGB,1034,Train,56.0,39.463592529296875
EC_S0_XGB_seed42,EC,S0,XGB,1035,Train,49.0,39.463592529296875
EC_S0_XGB_seed42,EC,S0,XGB,1036,Train,55.0,39.463592529296875
EC_S0_XGB_seed42,EC,S0,XGB,1037,Train,59.0,39.463592529296875
EC_S0_XGB_seed42,EC,S0,XGB,1038,Train,57.0,39.463592529296875
EC_S0_XGB_seed42,EC,S0,XGB,1039,Train,49.0,39.463592529296875
EC_S0_XGB_seed42,EC,S0,XGB,1040,Train,28.0,39.463592529296875
EC_S0_XGB_seed42,EC,S0,XGB,1042,Train,33.0,39.463592529296875
EC_S0_XGB_seed42,EC,S0,XGB,1043,Train,36.0,39.463592529296875
EC_S0_XGB_seed42,EC,S0,XGB,1044,Train,35.0,39.463592529296875
EC_S0_XGB_seed42,EC,S0,XGB,1045,Train,37.0,39.463592529296875
EC_S0_XGB_seed42,EC,S0,XGB,1046,Train,37.0,39.463592529296875
EC_S0_XGB_seed42,EC,S0,XGB,1048,Train,37.0,39.463592529296875
EC_S0_XGB_seed42,EC,S0,XGB,1049,Train,38.0,39.463592529296875
EC_S0_XGB_seed42,EC,S0,XGB,1050,Train,38.0,39.463592529296875
EC_S0_XGB_seed42,EC,S0,XGB,1051,Train,38.0,39.463592529296875
EC_S0_XGB_seed42,EC,S0,XGB,1052,Train,34.0,34.05683898925781
EC_S0_XGB_seed42,EC,S0,XGB,1053,Train,25.0,39.463592529296875
EC_S0_XGB_seed42,EC,S0,XGB,1054,Train,29.0,39.463592529296875
EC_S0_XGB_seed42,EC,S0,XGB,1055,Train,32.0,39.463592529296875
EC_S0_XGB_seed42,EC,S0,XGB,1056,Train,37.0,39.463592529296875
EC_S0_XGB_seed42,EC,S0,XGB,1057,Train,46.0,39.463592529296875
EC_S0_XGB_seed42,EC,S0,XGB,1060,Train,58.0,39.463592529296875
EC_S0_XGB_seed42,EC,S0,XGB,1061,Train,55.0,39.463592529296875
EC_S0_XGB_seed42,EC,S0,XGB,1064,Train,60.0,39.463592529296875
EC_S0_XGB_seed42,EC,S0,XGB,1065,Train,56.0,39.463592529296875
EC_S0_XGB_seed42,EC,S0,XGB,1066,Train,50.0,39.463592529296875
EC_S0_XGB_seed42,EC,S0,XGB,1068,Train,61.0,39.463592529296875
EC_S0_XGB_seed42,EC,S0,XGB,1069,Train,57.0,39.463592529296875
EC_S0_XGB_seed42,EC,S0,XGB,1070,Train,49.0,39.463592529296875
EC_S0_XGB_seed42,EC,S0,XGB,1071,Train,29.0,39.463592529296875
EC_S0_XGB_seed42,EC,S0,XGB,1073,Train,34.0,39.463592529296875
EC_S0_XGB_seed42,EC,S0,XGB,1074,Train,36.0,39.463592529296875
EC_S0_XGB_seed42,EC,S0,XGB,1076,Train,38.0,39.463592529296875
EC_S0_XGB_seed42,EC,S0,XGB,1077,Train,38.0,39.463592529296875
EC_S0_XGB_seed42,EC,S0,XGB,1078,Train,38.0,39.463592529296875
EC_S0_XGB_seed42,EC,S0,XGB,1079,Train,38.0,39.463592529296875
EC_S0_XGB_seed42,EC,S0,XGB,1080,Train,38.0,39.463592529296875
EC_S0_XGB_seed42,EC,S0,XGB,1081,Train,40.0,39.463592529296875
EC_S0_XGB_seed42,EC,S0,XGB,1082,Train,39.0,39.463592529296875
EC_S0_XGB_seed42,EC,S0,XGB,1083,Train,39.0,39.463592529296875
EC_S0_XGB_seed42,EC,S0,XGB,1084,Train,49.0,39.463592529296875
EC_S0_XGB_seed42,EC,S0,XGB,1085,Train,55.0,39.463592529296875
EC_S0_XGB_seed42,EC,S0,XGB,1086,Train,55.0,39.463592529296875
EC_S0_XGB_seed42,EC,S0,XGB,1088,Train,56.0,39.463592529296875
EC_S0_XGB_seed42,EC,S0,XGB,1089,Train,49.0,39.463592529296875
EC_S0_XGB_seed42,EC,S0,XGB,1090,Train,61.0,39.463592529296875
EC_S0_XGB_seed42,EC,S0,XGB,1091,Train,61.0,39.463592529296875
EC_S0_XGB_seed42,EC,S0,XGB,1092,Train,56.0,39.463592529296875
EC_S0_XGB_seed42,EC,S0,XGB,1093,Train,50.0,39.463592529296875
EC_S0_XGB_seed42,EC,S0,XGB,1094,Train,58.0,39.463592529296875
EC_S0_XGB_seed42,EC,S0,XGB,1095,Train,61.0,39.463592529296875
EC_S0_XGB_seed42,EC,S0,XGB,1096,Train,57.0,39.463592529296875
EC_S0_XGB_seed42,EC,S0,XGB,1097,Train,49.0,39.463592529296875
EC_S0_XGB_seed42,EC,S0,XGB,1098,Train,30.0,39.463592529296875
EC_S0_XGB_seed42,EC,S0,XGB,1099,Train,34.0,39.463592529296875
EC_S0_XGB_seed42,EC,S0,XGB,1101,Train,37.0,39.463592529296875
EC_S0_XGB_seed42,EC,S0,XGB,1102,Train,37.0,39.463592529296875
EC_S0_XGB_seed42,EC,S0,XGB,1103,Train,38.0,39.463592529296875
EC_S0_XGB_seed42,EC,S0,XGB,1104,Train,40.0,39.463592529296875
EC_S0_XGB_seed42,EC,S0,XGB,1105,Train,38.0,39.463592529296875
EC_S0_XGB_seed42,EC,S0,XGB,1108,Train,41.0,39.463592529296875
EC_S0_XGB_seed42,EC,S0,XGB,1109,Train,39.0,39.463592529296875
EC_S0_XGB_seed42,EC,S0,XGB,1110,Train,40.0,39.463592529296875
EC_S0_XGB_seed42,EC,S0,XGB,1111,Train,50.0,39.463592529296875
EC_S0_XGB_seed42,EC,S0,XGB,1113,Train,57.0,39.463592529296875
EC_S0_XGB_seed42,EC,S0,XGB,1114,Train,59.0,39.463592529296875
EC_S0_XGB_seed42,EC,S0,XGB,1115,Train,56.0,39.463592529296875
EC_S0_XGB_seed42,EC,S0,XGB,1117,Train,62.0,39.463592529296875
EC_S0_XGB_seed42,EC,S0,XGB,1118,Train,60.0,39.463592529296875
EC_S0_XGB_seed42,EC,S0,XGB,1119,Train,57.0,39.463592529296875
EC_S0_XGB_seed42,EC,S0,XGB,1120,Train,50.0,39.463592529296875
EC_S0_XGB_seed42,EC,S0,XGB,1121,Train,59.0,39.463592529296875
EC_S0_XGB_seed42,EC,S0,XGB,1122,Train,62.0,39.463592529296875
EC_S0_XGB_seed42,EC,S0,XGB,1123,Train,57.0,39.463592529296875
EC_S0_XGB_seed42,EC,S0,XGB,1124,Train,49.0,39.463592529296875
EC_S0_XGB_seed42,EC,S0,XGB,1125,Train,30.0,39.463592529296875
EC_S0_XGB_seed42,EC,S0,XGB,1126,Train,35.0,39.463592529296875
EC_S0_XGB_seed42,EC,S0,XGB,1128,Train,36.0,39.463592529296875
EC_S0_XGB_seed42,EC,S0,XGB,1130,Train,39.0,39.463592529296875
EC_S0_XGB_seed42,EC,S0,XGB,1131,Train,41.0,39.463592529296875
EC_S0_XGB_seed42,EC,S0,XGB,1132,Train,38.0,39.463592529296875
EC_S0_XGB_seed42,EC,S0,XGB,1133,Train,39.0,39.463592529296875
EC_S0_XGB_seed42,EC,S0,XGB,1134,Train,40.0,39.463592529296875
EC_S0_XGB_seed42,EC,S0,XGB,1135,Train,41.0,39.463592529296875
EC_S0_XGB_seed42,EC,S0,XGB,1136,Train,39.0,39.463592529296875
EC_S0_XGB_seed42,EC,S0,XGB,1137,Train,35.0,34.05683898925781
EC_S0_XGB_seed42,EC,S0,XGB,1139,Train,52.0,39.463592529296875
EC_S0_XGB_seed42,EC,S0,XGB,1140,Train,57.0,39.463592529296875
EC_S0_XGB_seed42,EC,S0,XGB,1141,Train,59.0,39.463592529296875
EC_S0_XGB_seed42,EC,S0,XGB,1142,Train,60.0,39.463592529296875
EC_S0_XGB_seed42,EC,S0,XGB,1143,Train,56.0,39.463592529296875
EC_S0_XGB_seed42,EC,S0,XGB,1144,Train,50.0,39.463592529296875
EC_S0_XGB_seed42,EC,S0,XGB,1145,Train,62.0,39.463592529296875
EC_S0_XGB_seed42,EC,S0,XGB,1146,Train,61.0,39.463592529296875
EC_S0_XGB_seed42,EC,S0,XGB,1147,Train,56.0,39.463592529296875
EC_S0_XGB_seed42,EC,S0,XGB,1148,Train,51.0,39.463592529296875
EC_S0_XGB_seed42,EC,S0,XGB,1149,Train,61.0,39.463592529296875
EC_S0_XGB_seed42,EC,S0,XGB,1151,Train,57.0,39.463592529296875
EC_S0_XGB_seed42,EC,S0,XGB,1152,Train,50.0,39.463592529296875
EC_S0_XGB_seed42,EC,S0,XGB,1153,Train,30.0,39.463592529296875
EC_S0_XGB_seed42,EC,S0,XGB,1154,Train,36.0,39.463592529296875
EC_S0_XGB_seed42,EC,S0,XGB,1155,Train,37.0,39.463592529296875
EC_S0_XGB_seed42,EC,S0,XGB,1157,Train,37.0,39.463592529296875
EC_S0_XGB_seed42,EC,S0,XGB,1158,Train,40.0,39.463592529296875
EC_S0_XGB_seed42,EC,S0,XGB,1160,Train,38.0,39.463592529296875
EC_S0_XGB_seed42,EC,S0,XGB,1161,Train,39.0,39.463592529296875
EC_S0_XGB_seed42,EC,S0,XGB,1162,Train,40.0,39.463592529296875
EC_S0_XGB_seed42,EC,S0,XGB,1165,Train,46.0,34.05683898925781
EC_S0_XGB_seed42,EC,S0,XGB,1166,Train,46.0,39.463592529296875
EC_S0_XGB_seed42,EC,S0,XGB,1168,Train,56.0,39.463592529296875
EC_S0_XGB_seed42,EC,S0,XGB,1169,Train,61.0,39.463592529296875
EC_S0_XGB_seed42,EC,S0,XGB,1170,Train,61.0,39.463592529296875
EC_S0_XGB_seed42,EC,S0,XGB,1171,Train,56.0,39.463592529296875
EC_S0_XGB_seed42,EC,S0,XGB,1172,Train,50.0,39.463592529296875
EC_S0_XGB_seed42,EC,S0,XGB,1173,Train,64.0,39.463592529296875
EC_S0_XGB_seed42,EC,S0,XGB,1174,Train,62.0,39.463592529296875
EC_S0_XGB_seed42,EC,S0,XGB,1175,Train,57.0,39.463592529296875
EC_S0_XGB_seed42,EC,S0,XGB,1176,Train,51.0,39.463592529296875
EC_S0_XGB_seed42,EC,S0,XGB,1178,Train,63.0,39.463592529296875
EC_S0_XGB_seed42,EC,S0,XGB,1179,Train,56.0,39.463592529296875
EC_S0_XGB_seed42,EC,S0,XGB,1180,Train,50.0,39.463592529296875
EC_S0_XGB_seed42,EC,S0,XGB,1181,Train,32.0,39.463592529296875
EC_S0_XGB_seed42,EC,S0,XGB,1182,Train,37.0,39.463592529296875
EC_S0_XGB_seed42,EC,S0,XGB,1184,Train,36.0,39.463592529296875
EC_S0_XGB_seed42,EC,S0,XGB,1185,Train,38.0,39.463592529296875
EC_S0_XGB_seed42,EC,S0,XGB,1186,Train,41.0,39.463592529296875
EC_S0_XGB_seed42,EC,S0,XGB,1187,Train,43.0,39.463592529296875
EC_S0_XGB_seed42,EC,S0,XGB,1188,Train,38.0,39.463592529296875
EC_S0_XGB_seed42,EC,S0,XGB,1189,Train,40.0,39.463592529296875
EC_S0_XGB_seed42,EC,S0,XGB,1191,Train,42.0,39.463592529296875
EC_S0_XGB_seed42,EC,S0,XGB,1194,Train,59.0,67.7816390991211
EC_S0_XGB_seed42,EC,S0,XGB,1195,Train,59.0,67.7816390991211
EC_S0_XGB_seed42,EC,S0,XGB,1196,Train,59.0,67.7816390991211
EC_S0_XGB_seed42,EC,S0,XGB,1197,Train,61.0,67.7816390991211
EC_S0_XGB_seed42,EC,S0,XGB,1199,Train,67.0,67.7816390991211
EC_S0_XGB_seed42,EC,S0,XGB,1200,Train,78.0,67.7816390991211
EC_S0_XGB_seed42,EC,S0,XGB,1201,Train,92.0,67.7816390991211
EC_S0_XGB_seed42,EC,S0,XGB,1202,Train,38.0,55.62480545043945
EC_S0_XGB_seed42,EC,S0,XGB,1203,Train,37.0,55.62480545043945
EC_S0_XGB_seed42,EC,S0,XGB,1205,Train,38.0,55.62480545043945
EC_S0_XGB_seed42,EC,S0,XGB,1208,Train,61.0,55.62480545043945
EC_S0_XGB_seed42,EC,S0,XGB,1209,Train,74.0,55.62480545043945
EC_S0_XGB_seed42,EC,S0,XGB,1210,Train,85.0,55.62480545043945
EC_S0_XGB_seed42,EC,S0,XGB,1211,Train,37.0,51.08010482788086
EC_S0_XGB_seed42,EC,S0,XGB,1212,Train,38.0,51.08010482788086
EC_S0_XGB_seed42,EC,S0,XGB,1213,Train,38.0,51.08010482788086
EC_S0_XGB_seed42,EC,S0,XGB,1214,Train,39.0,51.08010482788086
EC_S0_XGB_seed42,EC,S0,XGB,1216,Train,42.0,51.08010482788086
EC_S0_XGB_seed42,EC,S0,XGB,1217,Train,57.0,51.08010482788086
EC_S0_XGB_seed42,EC,S0,XGB,1218,Train,73.0,51.08010482788086
EC_S0_XGB_seed42,EC,S0,XGB,1219,Train,83.0,51.08010482788086
EC_S0_XGB_seed42,EC,S0,XGB,1221,Train,32.0,44.70065689086914
EC_S0_XGB_seed42,EC,S0,XGB,1222,Train,32.0,44.70065689086914
EC_S0_XGB_seed42,EC,S0,XGB,1223,Train,33.0,44.70065689086914
EC_S0_XGB_seed42,EC,S0,XGB,1224,Train,36.0,44.70065689086914
EC_S0_XGB_seed42,EC,S0,XGB,1225,Train,37.0,44.70065689086914
EC_S0_XGB_seed42,EC,S0,XGB,1226,Train,43.0,44.70065689086914
EC_S0_XGB_seed42,EC,S0,XGB,1227,Train,65.0,44.70065689086914
EC_S0_XGB_seed42,EC,S0,XGB,1228,Train,77.0,44.70065689086914
EC_S0_XGB_seed42,EC,S0,XGB,8,Test,32.0,39.049415588378906
EC_S0_XGB_seed42,EC,S0,XGB,16,Test,37.0,39.049415588378906
EC_S0_XGB_seed42,EC,S0,XGB,33,Test,39.0,42.240509033203125
EC_S0_XGB_seed42,EC,S0,XGB,40,Test,36.0,39.049415588378906
EC_S0_XGB_seed42,EC,S0,XGB,41,Test,39.0,42.685394287109375
EC_S0_XGB_seed42,EC,S0,XGB,49,Test,37.0,39.049415588378906
EC_S0_XGB_seed42,EC,S0,XGB,55,Test,27.0,37.733970642089844
EC_S0_XGB_seed42,EC,S0,XGB,60,Test,43.0,36.553741455078125
EC_S0_XGB_seed42,EC,S0,XGB,62,Test,19.0,19.134727478027344
EC_S0_XGB_seed42,EC,S0,XGB,65,Test,38.0,39.049415588378906
EC_S0_XGB_seed42,EC,S0,XGB,67,Test,40.0,42.240509033203125
EC_S0_XGB_seed42,EC,S0,XGB,69,Test,37.0,35.98249816894531
EC_S0_XGB_seed42,EC,S0,XGB,70,Test,35.0,35.68781661987305
EC_S0_XGB_seed42,EC,S0,XGB,74,Test,38.0,39.049415588378906
EC_S0_XGB_seed42,EC,S0,XGB,77,Test,39.0,39.70151901245117
EC_S0_XGB_seed42,EC,S0,XGB,78,Test,38.0,35.98249816894531
EC_S0_XGB_seed42,EC,S0,XGB,81,Test,38.0,39.049415588378906
EC_S0_XGB_seed42,EC,S0,XGB,87,Test,43.0,38.1573371887207
EC_S0_XGB_seed42,EC,S0,XGB,90,Test,34.0,37.733970642089844
EC_S0_XGB_seed42,EC,S0,XGB,95,Test,47.0,38.1573371887207
EC_S0_XGB_seed42,EC,S0,XGB,98,Test,32.0,32.07441329956055
EC_S0_XGB_seed42,EC,S0,XGB,100,Test,44.0,42.685394287109375
EC_S0_XGB_seed42,EC,S0,XGB,108,Test,41.0,39.049415588378906
EC_S0_XGB_seed42,EC,S0,XGB,112,Test,40.0,35.98249816894531
EC_S0_XGB_seed42,EC,S0,XGB,113,Test,40.0,35.68781661987305
EC_S0_XGB_seed42,EC,S0,XGB,119,Test,40.0,36.553741455078125
EC_S0_XGB_seed42,EC,S0,XGB,122,Test,32.0,37.733970642089844
EC_S0_XGB_seed42,EC,S0,XGB,126,Test,40.0,37.733970642089844
EC_S0_XGB_seed42,EC,S0,XGB,143,Test,40.0,35.98249816894531
EC_S0_XGB_seed42,EC,S0,XGB,151,Test,34.0,38.493595123291016
EC_S0_XGB_seed42,EC,S0,XGB,153,Test,41.0,37.733970642089844
EC_S0_XGB_seed42,EC,S0,XGB,154,Test,45.0,37.733970642089844
EC_S0_XGB_seed42,EC,S0,XGB,155,Test,44.0,37.733970642089844
EC_S0_XGB_seed42,EC,S0,XGB,156,Test,41.0,37.733970642089844
EC_S0_XGB_seed42,EC,S0,XGB,171,Test,50.0,38.493595123291016
EC_S0_XGB_seed42,EC,S0,XGB,173,Test,52.0,38.493595123291016
EC_S0_XGB_seed42,EC,S0,XGB,204,Test,47.0,62.766502380371094
EC_S0_XGB_seed42,EC,S0,XGB,210,Test,32.0,38.41097640991211
EC_S0_XGB_seed42,EC,S0,XGB,214,Test,36.0,36.477378845214844
EC_S0_XGB_seed42,EC,S0,XGB,228,Test,21.0,22.042434692382812
EC_S0_XGB_seed42,EC,S0,XGB,234,Test,30.0,43.08994674682617
EC_S0_XGB_seed42,EC,S0,XGB,235,Test,33.0,37.67633819580078
EC_S0_XGB_seed42,EC,S0,XGB,244,Test,34.0,38.41097640991211
EC_S0_XGB_seed42,EC,S0,XGB,245,Test,31.0,32.148738861083984
EC_S0_XGB_seed42,EC,S0,XGB,246,Test,38.0,43.08994674682617
EC_S0_XGB_seed42,EC,S0,XGB,254,Test,53.0,62.766502380371094
EC_S0_XGB_seed42,EC,S0,XGB,257,Test,48.0,62.766502380371094
EC_S0_XGB_seed42,EC,S0,XGB,275,Test,40.0,43.08994674682617
EC_S0_XGB_seed42,EC,S0,XGB,284,Test,62.0,62.766502380371094
EC_S0_XGB_seed42,EC,S0,XGB,295,Test,66.0,62.766502380371094
EC_S0_XGB_seed42,EC,S0,XGB,296,Test,80.0,62.766502380371094
EC_S0_XGB_seed42,EC,S0,XGB,301,Test,32.0,35.76647186279297
EC_S0_XGB_seed42,EC,S0,XGB,321,Test,28.0,33.057125091552734
EC_S0_XGB_seed42,EC,S0,XGB,326,Test,80.0,62.766502380371094
EC_S0_XGB_seed42,EC,S0,XGB,338,Test,23.0,22.042434692382812
EC_S0_XGB_seed42,EC,S0,XGB,341,Test,40.0,46.332149505615234
EC_S0_XGB_seed42,EC,S0,XGB,342,Test,38.0,38.41097640991211
EC_S0_XGB_seed42,EC,S0,XGB,343,Test,32.0,32.148738861083984
EC_S0_XGB_seed42,EC,S0,XGB,360,Test,87.0,62.766502380371094
EC_S0_XGB_seed42,EC,S0,XGB,361,Test,52.0,38.81138229370117
EC_S0_XGB_seed42,EC,S0,XGB,362,Test,36.0,35.76647186279297
EC_S0_XGB_seed42,EC,S0,XGB,364,Test,37.0,35.353939056396484
EC_S0_XGB_seed42,EC,S0,XGB,366,Test,35.0,34.15792465209961
EC_S0_XGB_seed42,EC,S0,XGB,368,Test,51.0,48.82379913330078
EC_S0_XGB_seed42,EC,S0,XGB,370,Test,51.0,36.94513702392578
EC_S0_XGB_seed42,EC,S0,XGB,371,Test,52.0,43.893470764160156
EC_S0_XGB_seed42,EC,S0,XGB,386,Test,17.0,16.395675659179688
EC_S0_XGB_seed42,EC,S0,XGB,397,Test,29.0,33.057125091552734
EC_S0_XGB_seed42,EC,S0,XGB,399,Test,76.0,62.766502380371094
EC_S0_XGB_seed42,EC,S0,XGB,401,Test,84.0,62.766502380371094
EC_S0_XGB_seed42,EC,S0,XGB,411,Test,53.0,38.41097640991211
EC_S0_XGB_seed42,EC,S0,XGB,415,Test,37.0,46.332149505615234
EC_S0_XGB_seed42,EC,S0,XGB,416,Test,76.0,62.766502380371094
EC_S0_XGB_seed42,EC,S0,XGB,417,Test,80.0,62.766502380371094
EC_S0_XGB_seed42,EC,S0,XGB,427,Test,36.0,36.477378845214844
EC_S0_XGB_seed42,EC,S0,XGB,429,Test,32.0,33.057125091552734
EC_S0_XGB_seed42,EC,S0,XGB,431,Test,40.0,33.057125091552734
EC_S0_XGB_seed42,EC,S0,XGB,437,Test,31.0,33.057125091552734
EC_S0_XGB_seed42,EC,S0,XGB,439,Test,39.0,33.057125091552734
EC_S0_XGB_seed42,EC,S0,XGB,444,Test,55.0,38.41097640991211
EC_S0_XGB_seed42,EC,S0,XGB,447,Test,55.0,37.67633819580078
EC_S0_XGB_seed42,EC,S0,XGB,448,Test,36.0,36.477378845214844
EC_S0_XGB_seed42,EC,S0,XGB,467,Test,39.0,40.99318313598633
EC_S0_XGB_seed42,EC,S0,XGB,480,Test,41.0,40.99318313598633
EC_S0_XGB_seed42,EC,S0,XGB,490,Test,36.0,40.286190032958984
EC_S0_XGB_seed42,EC,S0,XGB,497,Test,36.0,40.97547149658203
EC_S0_XGB_seed42,EC,S0,XGB,499,Test,43.0,40.97547149658203
EC_S0_XGB_seed42,EC,S0,XGB,508,Test,47.0,40.99318313598633
EC_S0_XGB_seed42,EC,S0,XGB,513,Test,47.0,39.07659149169922
EC_S0_XGB_seed42,EC,S0,XGB,514,Test,49.0,40.99318313598633
EC_S0_XGB_seed42,EC,S0,XGB,515,Test,50.0,40.286190032958984
EC_S0_XGB_seed42,EC,S0,XGB,519,Test,46.0,40.99318313598633
EC_S0_XGB_seed42,EC,S0,XGB,522,Test,50.0,40.286190032958984
EC_S0_XGB_seed42,EC,S0,XGB,525,Test,45.0,39.07659149169922
EC_S0_XGB_seed42,EC,S0,XGB,531,Test,50.0,40.286190032958984
EC_S0_XGB_seed42,EC,S0,XGB,534,Test,27.0,36.47825241088867
EC_S0_XGB_seed42,EC,S0,XGB,535,Test,30.0,36.47825241088867
EC_S0_XGB_seed42,EC,S0,XGB,537,Test,30.0,36.47825241088867
EC_S0_XGB_seed42,EC,S0,XGB,539,Test,20.0,39.463592529296875
EC_S0_XGB_seed42,EC,S0,XGB,546,Test,30.0,34.390533447265625
EC_S0_XGB_seed42,EC,S0,XGB,551,Test,30.0,36.47825241088867
EC_S0_XGB_seed42,EC,S0,XGB,553,Test,27.0,36.47825241088867
EC_S0_XGB_seed42,EC,S0,XGB,564,Test,23.0,39.463592529296875
EC_S0_XGB_seed42,EC,S0,XGB,576,Test,34.0,36.47825241088867
EC_S0_XGB_seed42,EC,S0,XGB,579,Test,26.0,36.47825241088867
EC_S0_XGB_seed42,EC,S0,XGB,587,Test,32.0,34.390533447265625
EC_S0_XGB_seed42,EC,S0,XGB,611,Test,35.0,36.47825241088867
EC_S0_XGB_seed42,EC,S0,XGB,612,Test,32.0,36.47825241088867
EC_S0_XGB_seed42,EC,S0,XGB,613,Test,36.0,36.47825241088867
EC_S0_XGB_seed42,EC,S0,XGB,616,Test,23.0,34.390533447265625
EC_S0_XGB_seed42,EC,S0,XGB,617,Test,28.0,34.390533447265625
EC_S0_XGB_seed42,EC,S0,XGB,618,Test,33.0,34.390533447265625
EC_S0_XGB_seed42,EC,S0,XGB,620,Test,36.0,34.390533447265625
EC_S0_XGB_seed42,EC,S0,XGB,625,Test,35.0,36.47825241088867
EC_S0_XGB_seed42,EC,S0,XGB,629,Test,25.0,39.463592529296875
EC_S0_XGB_seed42,EC,S0,XGB,631,Test,32.0,39.463592529296875
EC_S0_XGB_seed42,EC,S0,XGB,634,Test,27.0,39.463592529296875
EC_S0_XGB_seed42,EC,S0,XGB,635,Test,30.0,39.463592529296875
EC_S0_XGB_seed42,EC,S0,XGB,637,Test,28.0,34.390533447265625
EC_S0_XGB_seed42,EC,S0,XGB,640,Test,37.0,34.390533447265625
EC_S0_XGB_seed42,EC,S0,XGB,643,Test,38.0,34.390533447265625
EC_S0_XGB_seed42,EC,S0,XGB,644,Test,31.0,36.47825241088867
EC_S0_XGB_seed42,EC,S0,XGB,646,Test,37.0,36.47825241088867
EC_S0_XGB_seed42,EC,S0,XGB,647,Test,34.0,36.47825241088867
EC_S0_XGB_seed42,EC,S0,XGB,654,Test,25.0,34.390533447265625
EC_S0_XGB_seed42,EC,S0,XGB,664,Test,35.0,36.47825241088867
EC_S0_XGB_seed42,EC,S0,XGB,668,Test,25.0,34.390533447265625
EC_S0_XGB_seed42,EC,S0,XGB,673,Test,39.0,34.390533447265625
EC_S0_XGB_seed42,EC,S0,XGB,676,Test,33.0,36.47825241088867
EC_S0_XGB_seed42,EC,S0,XGB,680,Test,36.0,36.47825241088867
EC_S0_XGB_seed42,EC,S0,XGB,682,Test,41.0,36.47825241088867
EC_S0_XGB_seed42,EC,S0,XGB,684,Test,32.0,39.463592529296875
EC_S0_XGB_seed42,EC,S0,XGB,691,Test,32.0,39.463592529296875
EC_S0_XGB_seed42,EC,S0,XGB,699,Test,39.0,34.390533447265625
EC_S0_XGB_seed42,EC,S0,XGB,721,Test,39.0,36.47825241088867
EC_S0_XGB_seed42,EC,S0,XGB,733,Test,40.0,36.47825241088867
EC_S0_XGB_seed42,EC,S0,XGB,749,Test,41.0,34.390533447265625
EC_S0_XGB_seed42,EC,S0,XGB,750,Test,38.0,36.47825241088867
EC_S0_XGB_seed42,EC,S0,XGB,757,Test,40.0,36.47825241088867
EC_S0_XGB_seed42,EC,S0,XGB,764,Test,33.0,39.463592529296875
EC_S0_XGB_seed42,EC,S0,XGB,783,Test,33.0,39.463592529296875
EC_S0_XGB_seed42,EC,S0,XGB,784,Test,35.0,39.463592529296875
EC_S0_XGB_seed42,EC,S0,XGB,785,Test,31.0,39.463592529296875
EC_S0_XGB_seed42,EC,S0,XGB,791,Test,35.0,36.47825241088867
EC_S0_XGB_seed42,EC,S0,XGB,794,Test,31.0,39.463592529296875
EC_S0_XGB_seed42,EC,S0,XGB,803,Test,40.0,34.390533447265625
EC_S0_XGB_seed42,EC,S0,XGB,811,Test,43.0,36.47825241088867
EC_S0_XGB_seed42,EC,S0,XGB,812,Test,47.0,36.47825241088867
EC_S0_XGB_seed42,EC,S0,XGB,826,Test,42.0,39.463592529296875
EC_S0_XGB_seed42,EC,S0,XGB,829,Test,46.0,39.463592529296875
EC_S0_XGB_seed42,EC,S0,XGB,835,Test,26.0,39.463592529296875
EC_S0_XGB_seed42,EC,S0,XGB,840,Test,34.0,39.463592529296875
EC_S0_XGB_seed42,EC,S0,XGB,842,Test,33.0,39.463592529296875
EC_S0_XGB_seed42,EC,S0,XGB,844,Test,34.0,39.463592529296875
EC_S0_XGB_seed42,EC,S0,XGB,847,Test,24.0,34.05683898925781
EC_S0_XGB_seed42,EC,S0,XGB,852,Test,12.0,39.463592529296875
EC_S0_XGB_seed42,EC,S0,XGB,854,Test,17.0,39.463592529296875
EC_S0_XGB_seed42,EC,S0,XGB,857,Test,27.0,39.463592529296875
EC_S0_XGB_seed42,EC,S0,XGB,864,Test,49.0,39.463592529296875
EC_S0_XGB_seed42,EC,S0,XGB,867,Test,48.0,39.463592529296875
EC_S0_XGB_seed42,EC,S0,XGB,872,Test,55.0,39.463592529296875
EC_S0_XGB_seed42,EC,S0,XGB,876,Test,27.0,39.463592529296875
EC_S0_XGB_seed42,EC,S0,XGB,878,Test,33.0,39.463592529296875
EC_S0_XGB_seed42,EC,S0,XGB,883,Test,36.0,39.463592529296875
EC_S0_XGB_seed42,EC,S0,XGB,888,Test,26.0,39.463592529296875
EC_S0_XGB_seed42,EC,S0,XGB,893,Test,27.0,39.463592529296875
EC_S0_XGB_seed42,EC,S0,XGB,904,Test,53.0,39.463592529296875
EC_S0_XGB_seed42,EC,S0,XGB,910,Test,27.0,39.463592529296875
EC_S0_XGB_seed42,EC,S0,XGB,912,Test,29.0,39.463592529296875
EC_S0_XGB_seed42,EC,S0,XGB,914,Test,34.0,39.463592529296875
EC_S0_XGB_seed42,EC,S0,XGB,915,Test,35.0,39.463592529296875
EC_S0_XGB_seed42,EC,S0,XGB,922,Test,30.0,39.463592529296875
EC_S0_XGB_seed42,EC,S0,XGB,927,Test,53.0,39.463592529296875
EC_S0_XGB_seed42,EC,S0,XGB,943,Test,35.0,39.463592529296875
EC_S0_XGB_seed42,EC,S0,XGB,945,Test,36.0,39.463592529296875
EC_S0_XGB_seed42,EC,S0,XGB,955,Test,18.0,39.463592529296875
EC_S0_XGB_seed42,EC,S0,XGB,957,Test,28.0,39.463592529296875
EC_S0_XGB_seed42,EC,S0,XGB,958,Test,30.0,39.463592529296875
EC_S0_XGB_seed42,EC,S0,XGB,964,Test,54.0,39.463592529296875
EC_S0_XGB_seed42,EC,S0,XGB,965,Test,48.0,39.463592529296875
EC_S0_XGB_seed42,EC,S0,XGB,966,Test,51.0,39.463592529296875
EC_S0_XGB_seed42,EC,S0,XGB,980,Test,36.0,39.463592529296875
EC_S0_XGB_seed42,EC,S0,XGB,984,Test,36.0,39.463592529296875
EC_S0_XGB_seed42,EC,S0,XGB,989,Test,33.0,39.463592529296875
EC_S0_XGB_seed42,EC,S0,XGB,995,Test,48.0,39.463592529296875
EC_S0_XGB_seed42,EC,S0,XGB,1001,Test,58.0,39.463592529296875
EC_S0_XGB_seed42,EC,S0,XGB,1002,Test,57.0,39.463592529296875
EC_S0_XGB_seed42,EC,S0,XGB,1003,Test,49.0,39.463592529296875
EC_S0_XGB_seed42,EC,S0,XGB,1010,Test,37.0,39.463592529296875
EC_S0_XGB_seed42,EC,S0,XGB,1019,Test,14.0,39.463592529296875
EC_S0_XGB_seed42,EC,S0,XGB,1026,Test,43.0,39.463592529296875
EC_S0_XGB_seed42,EC,S0,XGB,1027,Test,53.0,39.463592529296875
EC_S0_XGB_seed42,EC,S0,XGB,1031,Test,49.0,39.463592529296875
EC_S0_XGB_seed42,EC,S0,XGB,1041,Test,32.0,39.463592529296875
EC_S0_XGB_seed42,EC,S0,XGB,1047,Test,38.0,39.463592529296875
EC_S0_XGB_seed42,EC,S0,XGB,1058,Test,55.0,39.463592529296875
EC_S0_XGB_seed42,EC,S0,XGB,1059,Test,53.0,39.463592529296875
EC_S0_XGB_seed42,EC,S0,XGB,1062,Test,49.0,39.463592529296875
EC_S0_XGB_seed42,EC,S0,XGB,1063,Test,60.0,39.463592529296875
EC_S0_XGB_seed42,EC,S0,XGB,1067,Test,57.0,39.463592529296875
EC_S0_XGB_seed42,EC,S0,XGB,1072,Test,33.0,39.463592529296875
EC_S0_XGB_seed42,EC,S0,XGB,1075,Test,36.0,39.463592529296875
EC_S0_XGB_seed42,EC,S0,XGB,1087,Test,59.0,39.463592529296875
EC_S0_XGB_seed42,EC,S0,XGB,1100,Test,36.0,39.463592529296875
EC_S0_XGB_seed42,EC,S0,XGB,1106,Test,39.0,39.463592529296875
EC_S0_XGB_seed42,EC,S0,XGB,1107,Test,39.0,39.463592529296875
EC_S0_XGB_seed42,EC,S0,XGB,1112,Test,56.0,39.463592529296875
EC_S0_XGB_seed42,EC,S0,XGB,1116,Test,49.0,39.463592529296875
EC_S0_XGB_seed42,EC,S0,XGB,1127,Test,37.0,39.463592529296875
EC_S0_XGB_seed42,EC,S0,XGB,1129,Test,37.0,39.463592529296875
EC_S0_XGB_seed42,EC,S0,XGB,1138,Test,42.0,39.463592529296875
EC_S0_XGB_seed42,EC,S0,XGB,1150,Test,62.0,39.463592529296875
EC_S0_XGB_seed42,EC,S0,XGB,1156,Test,36.0,39.463592529296875
EC_S0_XGB_seed42,EC,S0,XGB,1159,Test,42.0,39.463592529296875
EC_S0_XGB_seed42,EC,S0,XGB,1163,Test,42.0,39.463592529296875
EC_S0_XGB_seed42,EC,S0,XGB,1164,Test,39.0,39.463592529296875
EC_S0_XGB_seed42,EC,S0,XGB,1167,Test,55.0,39.463592529296875
EC_S0_XGB_seed42,EC,S0,XGB,1177,Test,63.0,39.463592529296875
EC_S0_XGB_seed42,EC,S0,XGB,1183,Test,38.0,39.463592529296875
EC_S0_XGB_seed42,EC,S0,XGB,1190,Test,41.0,39.463592529296875
EC_S0_XGB_seed42,EC,S0,XGB,1192,Test,39.0,39.463592529296875
EC_S0_XGB_seed42,EC,S0,XGB,1193,Test,58.0,67.7816390991211
EC_S0_XGB_seed42,EC,S0,XGB,1198,Test,63.0,67.7816390991211
EC_S0_XGB_seed42,EC,S0,XGB,1204,Test,37.0,55.62480545043945
EC_S0_XGB_seed42,EC,S0,XGB,1206,Test,39.0,55.62480545043945
EC_S0_XGB_seed42,EC,S0,XGB,1207,Test,40.0,55.62480545043945
EC_S0_XGB_seed42,EC,S0,XGB,1215,Test,40.0,51.08010482788086
EC_S0_XGB_seed42,EC,S0,XGB,1220,Test,32.0,44.70065689086914
EC_S1_XGB_seed42,EC,S1,XGB,5,Train,27.0,39.012325286865234
EC_S1_XGB_seed42,EC,S1,XGB,6,Train,28.0,39.012325286865234
EC_S1_XGB_seed42,EC,S1,XGB,7,Train,29.0,39.012325286865234
EC_S1_XGB_seed42,EC,S1,XGB,9,Train,37.0,39.012325286865234
EC_S1_XGB_seed42,EC,S1,XGB,10,Train,31.0,36.679176330566406
EC_S1_XGB_seed42,EC,S1,XGB,12,Train,28.0,39.012325286865234
EC_S1_XGB_seed42,EC,S1,XGB,13,Train,32.0,39.012325286865234
EC_S1_XGB_seed42,EC,S1,XGB,14,Train,38.0,39.012325286865234
EC_S1_XGB_seed42,EC,S1,XGB,15,Train,34.0,39.012325286865234
EC_S1_XGB_seed42,EC,S1,XGB,17,Train,35.0,36.679176330566406
EC_S1_XGB_seed42,EC,S1,XGB,18,Train,31.0,37.90298843383789
EC_S1_XGB_seed42,EC,S1,XGB,20,Train,24.0,37.6906852722168
EC_S1_XGB_seed42,EC,S1,XGB,21,Train,29.0,37.6906852722168
EC_S1_XGB_seed42,EC,S1,XGB,22,Train,33.0,37.6906852722168
EC_S1_XGB_seed42,EC,S1,XGB,23,Train,38.0,37.6906852722168
EC_S1_XGB_seed42,EC,S1,XGB,24,Train,38.0,37.6906852722168
EC_S1_XGB_seed42,EC,S1,XGB,28,Train,19.0,19.08522605895996
EC_S1_XGB_seed42,EC,S1,XGB,29,Train,24.0,26.010570526123047
EC_S1_XGB_seed42,EC,S1,XGB,30,Train,31.0,32.05813217163086
EC_S1_XGB_seed42,EC,S1,XGB,31,Train,37.0,39.012325286865234
EC_S1_XGB_seed42,EC,S1,XGB,32,Train,40.0,42.80488586425781
EC_S1_XGB_seed42,EC,S1,XGB,34,Train,37.0,39.69938659667969
EC_S1_XGB_seed42,EC,S1,XGB,35,Train,35.0,35.886104583740234
EC_S1_XGB_seed42,EC,S1,XGB,36,Train,33.0,35.57110595703125
EC_S1_XGB_seed42,EC,S1,XGB,37,Train,18.0,19.08522605895996
EC_S1_XGB_seed42,EC,S1,XGB,38,Train,25.0,26.010570526123047
EC_S1_XGB_seed42,EC,S1,XGB,39,Train,30.0,32.05813217163086
EC_S1_XGB_seed42,EC,S1,XGB,42,Train,38.0,42.25021743774414
EC_S1_XGB_seed42,EC,S1,XGB,43,Train,37.0,39.69938659667969
EC_S1_XGB_seed42,EC,S1,XGB,44,Train,35.0,35.886104583740234
EC_S1_XGB_seed42,EC,S1,XGB,45,Train,35.0,35.57110595703125
EC_S1_XGB_seed42,EC,S1,XGB,46,Train,31.0,39.012325286865234
EC_S1_XGB_seed42,EC,S1,XGB,47,Train,36.0,39.012325286865234
EC_S1_XGB_seed42,EC,S1,XGB,48,Train,38.0,39.012325286865234
EC_S1_XGB_seed42,EC,S1,XGB,50,Train,38.0,39.012325286865234
EC_S1_XGB_seed42,EC,S1,XGB,51,Train,37.0,36.679176330566406
EC_S1_XGB_seed42,EC,S1,XGB,52,Train,27.0,38.3079948425293
EC_S1_XGB_seed42,EC,S1,XGB,53,Train,37.0,37.90298843383789
EC_S1_XGB_seed42,EC,S1,XGB,56,Train,31.0,37.6906852722168
EC_S1_XGB_seed42,EC,S1,XGB,57,Train,36.0,37.6906852722168
EC_S1_XGB_seed42,EC,S1,XGB,58,Train,39.0,37.6906852722168
EC_S1_XGB_seed42,EC,S1,XGB,59,Train,39.0,37.6906852722168
EC_S1_XGB_seed42,EC,S1,XGB,61,Train,19.0,19.737035751342773
EC_S1_XGB_seed42,EC,S1,XGB,63,Train,25.0,26.010570526123047
EC_S1_XGB_seed42,EC,S1,XGB,64,Train,31.0,32.05813217163086
EC_S1_XGB_seed42,EC,S1,XGB,66,Train,42.0,42.80488586425781
EC_S1_XGB_seed42,EC,S1,XGB,68,Train,39.0,39.69938659667969
EC_S1_XGB_seed42,EC,S1,XGB,71,Train,19.0,19.08522605895996
EC_S1_XGB_seed42,EC,S1,XGB,72,Train,26.0,26.010570526123047
EC_S1_XGB_seed42,EC,S1,XGB,73,Train,32.0,32.05813217163086
EC_S1_XGB_seed42,EC,S1,XGB,75,Train,41.0,42.80488586425781
EC_S1_XGB_seed42,EC,S1,XGB,76,Train,41.0,42.25021743774414
EC_S1_XGB_seed42,EC,S1,XGB,79,Train,38.0,35.57110595703125
EC_S1_XGB_seed42,EC,S1,XGB,80,Train,33.0,39.012325286865234
EC_S1_XGB_seed42,EC,S1,XGB,82,Train,41.0,39.012325286865234
EC_S1_XGB_seed42,EC,S1,XGB,83,Train,41.0,39.012325286865234
EC_S1_XGB_seed42,EC,S1,XGB,84,Train,39.0,39.012325286865234
EC_S1_XGB_seed42,EC,S1,XGB,85,Train,39.0,36.679176330566406
EC_S1_XGB_seed42,EC,S1,XGB,86,Train,29.0,38.3079948425293
EC_S1_XGB_seed42,EC,S1,XGB,89,Train,30.0,37.6906852722168
EC_S1_XGB_seed42,EC,S1,XGB,91,Train,40.0,37.6906852722168
EC_S1_XGB_seed42,EC,S1,XGB,92,Train,42.0,37.6906852722168
EC_S1_XGB_seed42,EC,S1,XGB,93,Train,39.0,37.6906852722168
EC_S1_XGB_seed42,EC,S1,XGB,94,Train,48.0,47.904212951660156
EC_S1_XGB_seed42,EC,S1,XGB,96,Train,19.0,19.08522605895996
EC_S1_XGB_seed42,EC,S1,XGB,97,Train,26.0,26.010570526123047
EC_S1_XGB_seed42,EC,S1,XGB,99,Train,39.0,39.012325286865234
EC_S1_XGB_seed42,EC,S1,XGB,101,Train,42.0,42.25021743774414
EC_S1_XGB_seed42,EC,S1,XGB,102,Train,40.0,39.69938659667969
EC_S1_XGB_seed42,EC,S1,XGB,103,Train,38.0,35.886104583740234
EC_S1_XGB_seed42,EC,S1,XGB,104,Train,35.0,35.57110595703125
EC_S1_XGB_seed42,EC,S1,XGB,105,Train,20.0,19.08522605895996
EC_S1_XGB_seed42,EC,S1,XGB,106,Train,27.0,26.010570526123047
EC_S1_XGB_seed42,EC,S1,XGB,107,Train,34.0,32.05813217163086
EC_S1_XGB_seed42,EC,S1,XGB,109,Train,45.0,42.80488586425781
EC_S1_XGB_seed42,EC,S1,XGB,110,Train,44.0,42.25021743774414
EC_S1_XGB_seed42,EC,S1,XGB,111,Train,42.0,39.69938659667969
EC_S1_XGB_seed42,EC,S1,XGB,114,Train,36.0,39.012325286865234
EC_S1_XGB_seed42,EC,S1,XGB,115,Train,40.0,39.012325286865234
EC_S1_XGB_seed42,EC,S1,XGB,116,Train,47.0,39.012325286865234
EC_S1_XGB_seed42,EC,S1,XGB,117,Train,44.0,39.012325286865234
EC_S1_XGB_seed42,EC,S1,XGB,118,Train,40.0,39.012325286865234
EC_S1_XGB_seed42,EC,S1,XGB,120,Train,32.0,38.3079948425293
EC_S1_XGB_seed42,EC,S1,XGB,123,Train,37.0,37.6906852722168
EC_S1_XGB_seed42,EC,S1,XGB,124,Train,43.0,37.6906852722168
EC_S1_XGB_seed42,EC,S1,XGB,125,Train,42.0,37.6906852722168
EC_S1_XGB_seed42,EC,S1,XGB,127,Train,48.0,37.90298843383789
EC_S1_XGB_seed42,EC,S1,XGB,129,Train,27.0,28.595417022705078
EC_S1_XGB_seed42,EC,S1,XGB,130,Train,37.0,39.012325286865234
EC_S1_XGB_seed42,EC,S1,XGB,131,Train,41.0,39.012325286865234
EC_S1_XGB_seed42,EC,S1,XGB,132,Train,47.0,39.012325286865234
EC_S1_XGB_seed42,EC,S1,XGB,133,Train,45.0,39.012325286865234
EC_S1_XGB_seed42,EC,S1,XGB,134,Train,41.0,39.012325286865234
EC_S1_XGB_seed42,EC,S1,XGB,136,Train,19.0,19.08522605895996
EC_S1_XGB_seed42,EC,S1,XGB,137,Train,27.0,26.010570526123047
EC_S1_XGB_seed42,EC,S1,XGB,138,Train,33.0,32.05813217163086
EC_S1_XGB_seed42,EC,S1,XGB,139,Train,41.0,39.012325286865234
EC_S1_XGB_seed42,EC,S1,XGB,140,Train,47.0,42.80488586425781
EC_S1_XGB_seed42,EC,S1,XGB,141,Train,46.0,42.25021743774414
EC_S1_XGB_seed42,EC,S1,XGB,142,Train,43.0,39.69938659667969
EC_S1_XGB_seed42,EC,S1,XGB,144,Train,37.0,35.57110595703125
EC_S1_XGB_seed42,EC,S1,XGB,145,Train,38.0,39.012325286865234
EC_S1_XGB_seed42,EC,S1,XGB,146,Train,42.0,39.012325286865234
EC_S1_XGB_seed42,EC,S1,XGB,147,Train,48.0,39.012325286865234
EC_S1_XGB_seed42,EC,S1,XGB,148,Train,47.0,39.012325286865234
EC_S1_XGB_seed42,EC,S1,XGB,149,Train,42.0,39.012325286865234
EC_S1_XGB_seed42,EC,S1,XGB,150,Train,40.0,36.679176330566406
EC_S1_XGB_seed42,EC,S1,XGB,152,Train,34.0,37.6906852722168
EC_S1_XGB_seed42,EC,S1,XGB,157,Train,29.0,29.07636260986328
EC_S1_XGB_seed42,EC,S1,XGB,158,Train,39.0,39.012325286865234
EC_S1_XGB_seed42,EC,S1,XGB,159,Train,42.0,39.012325286865234
EC_S1_XGB_seed42,EC,S1,XGB,160,Train,48.0,39.012325286865234
EC_S1_XGB_seed42,EC,S1,XGB,161,Train,48.0,39.012325286865234
EC_S1_XGB_seed42,EC,S1,XGB,162,Train,43.0,39.012325286865234
EC_S1_XGB_seed42,EC,S1,XGB,163,Train,38.0,38.3079948425293
EC_S1_XGB_seed42,EC,S1,XGB,164,Train,35.0,37.6906852722168
EC_S1_XGB_seed42,EC,S1,XGB,165,Train,44.0,37.6906852722168
EC_S1_XGB_seed42,EC,S1,XGB,166,Train,47.0,37.6906852722168
EC_S1_XGB_seed42,EC,S1,XGB,167,Train,46.0,37.6906852722168
EC_S1_XGB_seed42,EC,S1,XGB,168,Train,43.0,37.6906852722168
EC_S1_XGB_seed42,EC,S1,XGB,169,Train,43.0,38.3079948425293
EC_S1_XGB_seed42,EC,S1,XGB,170,Train,46.0,38.3079948425293
EC_S1_XGB_seed42,EC,S1,XGB,172,Train,52.0,38.3079948425293
EC_S1_XGB_seed42,EC,S1,XGB,195,Train,48.0,62.77352523803711
EC_S1_XGB_seed42,EC,S1,XGB,196,Train,47.0,62.77352523803711
EC_S1_XGB_seed42,EC,S1,XGB,197,Train,47.0,62.77352523803711
EC_S1_XGB_seed42,EC,S1,XGB,198,Train,45.0,62.77352523803711
EC_S1_XGB_seed42,EC,S1,XGB,199,Train,46.0,62.77352523803711
EC_S1_XGB_seed42,EC,S1,XGB,200,Train,48.0,62.77352523803711
EC_S1_XGB_seed42,EC,S1,XGB,201,Train,47.0,62.77352523803711
EC_S1_XGB_seed42,EC,S1,XGB,202,Train,47.0,62.77352523803711
EC_S1_XGB_seed42,EC,S1,XGB,203,Train,47.0,62.77352523803711
EC_S1_XGB_seed42,EC,S1,XGB,205,Train,21.0,24.616249084472656
EC_S1_XGB_seed42,EC,S1,XGB,206,Train,19.0,22.09593391418457
EC_S1_XGB_seed42,EC,S1,XGB,207,Train,16.0,16.3542423248291
EC_S1_XGB_seed42,EC,S1,XGB,208,Train,30.0,31.126985549926758
EC_S1_XGB_seed42,EC,S1,XGB,209,Train,67.0,46.43415832519531
EC_S1_XGB_seed42,EC,S1,XGB,211,Train,32.0,32.22751235961914
EC_S1_XGB_seed42,EC,S1,XGB,212,Train,26.0,42.93900680541992
EC_S1_XGB_seed42,EC,S1,XGB,213,Train,30.0,37.5775260925293
EC_S1_XGB_seed42,EC,S1,XGB,215,Train,26.0,40.23185729980469
EC_S1_XGB_seed42,EC,S1,XGB,216,Train,29.0,35.45499038696289
EC_S1_XGB_seed42,EC,S1,XGB,217,Train,48.0,62.77352523803711
EC_S1_XGB_seed42,EC,S1,XGB,218,Train,48.0,62.77352523803711
EC_S1_XGB_seed42,EC,S1,XGB,219,Train,47.0,62.77352523803711
EC_S1_XGB_seed42,EC,S1,XGB,220,Train,46.0,62.77352523803711
EC_S1_XGB_seed42,EC,S1,XGB,221,Train,47.0,62.77352523803711
EC_S1_XGB_seed42,EC,S1,XGB,222,Train,22.0,24.616249084472656
EC_S1_XGB_seed42,EC,S1,XGB,223,Train,48.0,62.77352523803711
EC_S1_XGB_seed42,EC,S1,XGB,224,Train,47.0,62.77352523803711
EC_S1_XGB_seed42,EC,S1,XGB,225,Train,48.0,62.77352523803711
EC_S1_XGB_seed42,EC,S1,XGB,226,Train,48.0,62.77352523803711
EC_S1_XGB_seed42,EC,S1,XGB,227,Train,49.0,62.77352523803711
EC_S1_XGB_seed42,EC,S1,XGB,229,Train,16.0,16.3542423248291
EC_S1_XGB_seed42,EC,S1,XGB,230,Train,31.0,31.126985549926758
EC_S1_XGB_seed42,EC,S1,XGB,231,Train,51.0,46.43415832519531
EC_S1_XGB_seed42,EC,S1,XGB,232,Train,34.0,38.1859245300293
EC_S1_XGB_seed42,EC,S1,XGB,233,Train,31.0,32.22751235961914
EC_S1_XGB_seed42,EC,S1,XGB,236,Train,36.0,36.488407135009766
EC_S1_XGB_seed42,EC,S1,XGB,237,Train,29.0,40.23185729980469
EC_S1_XGB_seed42,EC,S1,XGB,238,Train,31.0,35.45499038696289
EC_S1_XGB_seed42,EC,S1,XGB,239,Train,21.0,24.616249084472656
EC_S1_XGB_seed42,EC,S1,XGB,240,Train,21.0,22.09593391418457
EC_S1_XGB_seed42,EC,S1,XGB,241,Train,16.0,16.3542423248291
EC_S1_XGB_seed42,EC,S1,XGB,242,Train,31.0,31.126985549926758
EC_S1_XGB_seed42,EC,S1,XGB,243,Train,45.0,46.43415832519531
EC_S1_XGB_seed42,EC,S1,XGB,247,Train,34.0,37.5775260925293
EC_S1_XGB_seed42,EC,S1,XGB,248,Train,36.0,36.488407135009766
EC_S1_XGB_seed42,EC,S1,XGB,249,Train,33.0,40.23185729980469
EC_S1_XGB_seed42,EC,S1,XGB,250,Train,31.0,35.45499038696289
EC_S1_XGB_seed42,EC,S1,XGB,251,Train,48.0,62.77352523803711
EC_S1_XGB_seed42,EC,S1,XGB,252,Train,48.0,62.77352523803711
EC_S1_XGB_seed42,EC,S1,XGB,253,Train,50.0,62.77352523803711
EC_S1_XGB_seed42,EC,S1,XGB,255,Train,51.0,62.77352523803711
EC_S1_XGB_seed42,EC,S1,XGB,258,Train,49.0,62.77352523803711
EC_S1_XGB_seed42,EC,S1,XGB,259,Train,54.0,62.77352523803711
EC_S1_XGB_seed42,EC,S1,XGB,260,Train,62.0,62.77352523803711
EC_S1_XGB_seed42,EC,S1,XGB,261,Train,54.0,62.77352523803711
EC_S1_XGB_seed42,EC,S1,XGB,269,Train,21.0,24.616249084472656
EC_S1_XGB_seed42,EC,S1,XGB,270,Train,16.0,16.3542423248291
EC_S1_XGB_seed42,EC,S1,XGB,271,Train,30.0,31.126985549926758
EC_S1_XGB_seed42,EC,S1,XGB,272,Train,44.0,46.43415832519531
EC_S1_XGB_seed42,EC,S1,XGB,273,Train,35.0,38.1859245300293
EC_S1_XGB_seed42,EC,S1,XGB,274,Train,32.0,32.22751235961914
EC_S1_XGB_seed42,EC,S1,XGB,276,Train,35.0,37.5775260925293
EC_S1_XGB_seed42,EC,S1,XGB,277,Train,36.0,36.488407135009766
EC_S1_XGB_seed42,EC,S1,XGB,278,Train,39.0,40.23185729980469
EC_S1_XGB_seed42,EC,S1,XGB,279,Train,32.0,35.45499038696289
EC_S1_XGB_seed42,EC,S1,XGB,280,Train,50.0,62.77352523803711
EC_S1_XGB_seed42,EC,S1,XGB,281,Train,53.0,62.77352523803711
EC_S1_XGB_seed42,EC,S1,XGB,282,Train,71.0,62.77352523803711
EC_S1_XGB_seed42,EC,S1,XGB,283,Train,76.0,62.77352523803711
EC_S1_XGB_seed42,EC,S1,XGB,293,Train,34.0,34.77070617675781
EC_S1_XGB_seed42,EC,S1,XGB,294,Train,55.0,62.77352523803711
EC_S1_XGB_seed42,EC,S1,XGB,297,Train,82.0,62.77352523803711
EC_S1_XGB_seed42,EC,S1,XGB,298,Train,78.0,62.77352523803711
EC_S1_XGB_seed42,EC,S1,XGB,309,Train,22.0,24.616249084472656
EC_S1_XGB_seed42,EC,S1,XGB,310,Train,23.0,22.09593391418457
EC_S1_XGB_seed42,EC,S1,XGB,311,Train,16.0,16.3542423248291
EC_S1_XGB_seed42,EC,S1,XGB,312,Train,30.0,31.126985549926758
EC_S1_XGB_seed42,EC,S1,XGB,313,Train,43.0,46.43415832519531
EC_S1_XGB_seed42,EC,S1,XGB,314,Train,36.0,38.1859245300293
EC_S1_XGB_seed42,EC,S1,XGB,315,Train,32.0,32.22751235961914
EC_S1_XGB_seed42,EC,S1,XGB,316,Train,42.0,42.93900680541992
EC_S1_XGB_seed42,EC,S1,XGB,317,Train,35.0,37.5775260925293
EC_S1_XGB_seed42,EC,S1,XGB,318,Train,38.0,36.488407135009766
EC_S1_XGB_seed42,EC,S1,XGB,319,Train,44.0,40.23185729980469
EC_S1_XGB_seed42,EC,S1,XGB,320,Train,34.0,35.45499038696289
EC_S1_XGB_seed42,EC,S1,XGB,322,Train,28.0,33.21392059326172
EC_S1_XGB_seed42,EC,S1,XGB,323,Train,27.0,33.21392059326172
EC_S1_XGB_seed42,EC,S1,XGB,324,Train,65.0,62.77352523803711
EC_S1_XGB_seed42,EC,S1,XGB,325,Train,76.0,62.77352523803711
EC_S1_XGB_seed42,EC,S1,XGB,327,Train,82.0,62.77352523803711
EC_S1_XGB_seed42,EC,S1,XGB,328,Train,86.0,62.77352523803711
EC_S1_XGB_seed42,EC,S1,XGB,329,Train,33.0,35.86749267578125
EC_S1_XGB_seed42,EC,S1,XGB,337,Train,23.0,24.616249084472656
EC_S1_XGB_seed42,EC,S1,XGB,339,Train,17.0,16.3542423248291
EC_S1_XGB_seed42,EC,S1,XGB,340,Train,30.0,31.126985549926758
EC_S1_XGB_seed42,EC,S1,XGB,344,Train,45.0,42.93900680541992
EC_S1_XGB_seed42,EC,S1,XGB,345,Train,37.0,37.5775260925293
EC_S1_XGB_seed42,EC,S1,XGB,346,Train,37.0,36.488407135009766
EC_S1_XGB_seed42,EC,S1,XGB,347,Train,47.0,40.23185729980469
EC_S1_XGB_seed42,EC,S1,XGB,348,Train,39.0,35.45499038696289
EC_S1_XGB_seed42,EC,S1,XGB,351,Train,36.0,35.86749267578125
EC_S1_XGB_seed42,EC,S1,XGB,353,Train,28.0,33.21392059326172
EC_S1_XGB_seed42,EC,S1,XGB,354,Train,28.0,33.21392059326172
EC_S1_XGB_seed42,EC,S1,XGB,355,Train,35.0,33.21392059326172
EC_S1_XGB_seed42,EC,S1,XGB,356,Train,71.0,62.77352523803711
EC_S1_XGB_seed42,EC,S1,XGB,357,Train,79.0,62.77352523803711
EC_S1_XGB_seed42,EC,S1,XGB,358,Train,83.0,62.77352523803711
EC_S1_XGB_seed42,EC,S1,XGB,359,Train,85.0,62.77352523803711
EC_S1_XGB_seed42,EC,S1,XGB,365,Train,36.0,35.26835632324219
EC_S1_XGB_seed42,EC,S1,XGB,367,Train,49.0,48.80870056152344
EC_S1_XGB_seed42,EC,S1,XGB,369,Train,51.0,49.63623046875
EC_S1_XGB_seed42,EC,S1,XGB,372,Train,51.0,48.09513854980469
EC_S1_XGB_seed42,EC,S1,XGB,373,Train,50.0,47.7024040222168
EC_S1_XGB_seed42,EC,S1,XGB,374,Train,51.0,49.57857131958008
EC_S1_XGB_seed42,EC,S1,XGB,375,Train,39.0,38.7432746887207
EC_S1_XGB_seed42,EC,S1,XGB,376,Train,40.0,39.938804626464844
EC_S1_XGB_seed42,EC,S1,XGB,377,Train,48.0,47.01565170288086
EC_S1_XGB_seed42,EC,S1,XGB,384,Train,28.0,24.616249084472656
EC_S1_XGB_seed42,EC,S1,XGB,385,Train,23.0,22.09593391418457
EC_S1_XGB_seed42,EC,S1,XGB,387,Train,31.0,31.126985549926758
EC_S1_XGB_seed42,EC,S1,XGB,388,Train,40.0,46.43415832519531
EC_S1_XGB_seed42,EC,S1,XGB,389,Train,48.0,38.1859245300293
EC_S1_XGB_seed42,EC,S1,XGB,390,Train,32.0,32.22751235961914
EC_S1_XGB_seed42,EC,S1,XGB,391,Train,45.0,42.93900680541992
EC_S1_XGB_seed42,EC,S1,XGB,392,Train,36.0,36.488407135009766
EC_S1_XGB_seed42,EC,S1,XGB,393,Train,47.0,40.23185729980469
EC_S1_XGB_seed42,EC,S1,XGB,394,Train,38.0,35.45499038696289
EC_S1_XGB_seed42,EC,S1,XGB,395,Train,41.0,37.5775260925293
EC_S1_XGB_seed42,EC,S1,XGB,396,Train,29.0,33.21392059326172
EC_S1_XGB_seed42,EC,S1,XGB,398,Train,36.0,33.21392059326172
EC_S1_XGB_seed42,EC,S1,XGB,400,Train,79.0,62.77352523803711
EC_S1_XGB_seed42,EC,S1,XGB,402,Train,85.0,62.77352523803711
EC_S1_XGB_seed42,EC,S1,XGB,403,Train,88.0,62.77352523803711
EC_S1_XGB_seed42,EC,S1,XGB,410,Train,17.0,16.3542423248291
EC_S1_XGB_seed42,EC,S1,XGB,412,Train,32.0,32.22751235961914
EC_S1_XGB_seed42,EC,S1,XGB,413,Train,47.0,40.23185729980469
EC_S1_XGB_seed42,EC,S1,XGB,414,Train,23.0,22.09593391418457
EC_S1_XGB_seed42,EC,S1,XGB,418,Train,83.0,62.77352523803711
EC_S1_XGB_seed42,EC,S1,XGB,419,Train,84.0,62.77352523803711
EC_S1_XGB_seed42,EC,S1,XGB,420,Train,87.0,62.77352523803711
EC_S1_XGB_seed42,EC,S1,XGB,421,Train,37.0,35.86749267578125
EC_S1_XGB_seed42,EC,S1,XGB,423,Train,31.0,24.616249084472656
EC_S1_XGB_seed42,EC,S1,XGB,424,Train,32.0,31.126985549926758
EC_S1_XGB_seed42,EC,S1,XGB,425,Train,47.0,42.93900680541992
EC_S1_XGB_seed42,EC,S1,XGB,426,Train,51.0,37.5775260925293
EC_S1_XGB_seed42,EC,S1,XGB,428,Train,37.0,35.45499038696289
EC_S1_XGB_seed42,EC,S1,XGB,430,Train,34.0,33.21392059326172
EC_S1_XGB_seed42,EC,S1,XGB,432,Train,77.0,62.77352523803711
EC_S1_XGB_seed42,EC,S1,XGB,433,Train,82.0,62.77352523803711
EC_S1_XGB_seed42,EC,S1,XGB,434,Train,83.0,62.77352523803711
EC_S1_XGB_seed42,EC,S1,XGB,435,Train,85.0,62.77352523803711
EC_S1_XGB_seed42,EC,S1,XGB,436,Train,87.0,62.77352523803711
EC_S1_XGB_seed42,EC,S1,XGB,438,Train,38.0,33.21392059326172
EC_S1_XGB_seed42,EC,S1,XGB,440,Train,17.0,16.3542423248291
EC_S1_XGB_seed42,EC,S1,XGB,441,Train,48.0,40.23185729980469
EC_S1_XGB_seed42,EC,S1,XGB,442,Train,35.0,31.126985549926758
EC_S1_XGB_seed42,EC,S1,XGB,443,Train,36.0,46.43415832519531
EC_S1_XGB_seed42,EC,S1,XGB,445,Train,35.0,32.22751235961914
EC_S1_XGB_seed42,EC,S1,XGB,446,Train,51.0,42.93900680541992
EC_S1_XGB_seed42,EC,S1,XGB,449,Train,32.0,24.616249084472656
EC_S1_XGB_seed42,EC,S1,XGB,450,Train,37.0,35.86749267578125
EC_S1_XGB_seed42,EC,S1,XGB,452,Train,35.0,33.21392059326172
EC_S1_XGB_seed42,EC,S1,XGB,453,Train,39.0,33.21392059326172
EC_S1_XGB_seed42,EC,S1,XGB,454,Train,41.0,33.21392059326172
EC_S1_XGB_seed42,EC,S1,XGB,455,Train,24.0,22.09593391418457
EC_S1_XGB_seed42,EC,S1,XGB,456,Train,47.0,35.45499038696289
EC_S1_XGB_seed42,EC,S1,XGB,457,Train,29.0,39.04048538208008
EC_S1_XGB_seed42,EC,S1,XGB,458,Train,37.0,39.04048538208008
EC_S1_XGB_seed42,EC,S1,XGB,459,Train,32.0,40.967201232910156
EC_S1_XGB_seed42,EC,S1,XGB,460,Train,37.0,40.967201232910156
EC_S1_XGB_seed42,EC,S1,XGB,461,Train,31.0,40.2545280456543
EC_S1_XGB_seed42,EC,S1,XGB,462,Train,37.0,40.2545280456543
EC_S1_XGB_seed42,EC,S1,XGB,463,Train,31.0,40.951045989990234
EC_S1_XGB_seed42,EC,S1,XGB,464,Train,37.0,40.951045989990234
EC_S1_XGB_seed42,EC,S1,XGB,465,Train,36.0,39.04048538208008
EC_S1_XGB_seed42,EC,S1,XGB,466,Train,39.0,39.04048538208008
EC_S1_XGB_seed42,EC,S1,XGB,468,Train,42.0,40.967201232910156
EC_S1_XGB_seed42,EC,S1,XGB,469,Train,36.0,40.2545280456543
EC_S1_XGB_seed42,EC,S1,XGB,470,Train,42.0,40.2545280456543
EC_S1_XGB_seed42,EC,S1,XGB,471,Train,36.0,40.951045989990234
EC_S1_XGB_seed42,EC,S1,XGB,472,Train,41.0,40.951045989990234
EC_S1_XGB_seed42,EC,S1,XGB,473,Train,38.0,39.04048538208008
EC_S1_XGB_seed42,EC,S1,XGB,474,Train,25.0,39.04048538208008
EC_S1_XGB_seed42,EC,S1,XGB,475,Train,32.0,39.04048538208008
EC_S1_XGB_seed42,EC,S1,XGB,476,Train,35.0,39.04048538208008
EC_S1_XGB_seed42,EC,S1,XGB,477,Train,40.0,39.04048538208008
EC_S1_XGB_seed42,EC,S1,XGB,478,Train,42.0,39.04048538208008
EC_S1_XGB_seed42,EC,S1,XGB,479,Train,42.0,39.04048538208008
EC_S1_XGB_seed42,EC,S1,XGB,481,Train,26.0,40.967201232910156
EC_S1_XGB_seed42,EC,S1,XGB,482,Train,33.0,40.967201232910156
EC_S1_XGB_seed42,EC,S1,XGB,483,Train,37.0,40.967201232910156
EC_S1_XGB_seed42,EC,S1,XGB,484,Train,42.0,40.967201232910156
EC_S1_XGB_seed42,EC,S1,XGB,485,Train,44.0,40.967201232910156
EC_S1_XGB_seed42,EC,S1,XGB,486,Train,45.0,40.967201232910156
EC_S1_XGB_seed42,EC,S1,XGB,487,Train,39.0,40.2545280456543
EC_S1_XGB_seed42,EC,S1,XGB,488,Train,25.0,40.2545280456543
EC_S1_XGB_seed42,EC,S1,XGB,489,Train,32.0,40.2545280456543
EC_S1_XGB_seed42,EC,S1,XGB,491,Train,42.0,40.2545280456543
EC_S1_XGB_seed42,EC,S1,XGB,492,Train,44.0,40.2545280456543
EC_S1_XGB_seed42,EC,S1,XGB,493,Train,46.0,40.2545280456543
EC_S1_XGB_seed42,EC,S1,XGB,494,Train,38.0,40.951045989990234
EC_S1_XGB_seed42,EC,S1,XGB,495,Train,26.0,40.951045989990234
EC_S1_XGB_seed42,EC,S1,XGB,496,Train,32.0,40.951045989990234
EC_S1_XGB_seed42,EC,S1,XGB,498,Train,41.0,40.951045989990234
EC_S1_XGB_seed42,EC,S1,XGB,500,Train,44.0,40.951045989990234
EC_S1_XGB_seed42,EC,S1,XGB,501,Train,44.0,39.04048538208008
EC_S1_XGB_seed42,EC,S1,XGB,502,Train,46.0,40.967201232910156
EC_S1_XGB_seed42,EC,S1,XGB,503,Train,47.0,40.2545280456543
EC_S1_XGB_seed42,EC,S1,XGB,504,Train,45.0,40.951045989990234
EC_S1_XGB_seed42,EC,S1,XGB,505,Train,41.0,39.04048538208008
EC_S1_XGB_seed42,EC,S1,XGB,506,Train,46.0,39.04048538208008
EC_S1_XGB_seed42,EC,S1,XGB,507,Train,44.0,40.967201232910156
EC_S1_XGB_seed42,EC,S1,XGB,509,Train,43.0,40.2545280456543
EC_S1_XGB_seed42,EC,S1,XGB,510,Train,48.0,40.2545280456543
EC_S1_XGB_seed42,EC,S1,XGB,511,Train,42.0,40.951045989990234
EC_S1_XGB_seed42,EC,S1,XGB,512,Train,47.0,40.951045989990234
EC_S1_XGB_seed42,EC,S1,XGB,516,Train,48.0,40.951045989990234
EC_S1_XGB_seed42,EC,S1,XGB,517,Train,44.0,39.04048538208008
EC_S1_XGB_seed42,EC,S1,XGB,518,Train,47.0,39.04048538208008
EC_S1_XGB_seed42,EC,S1,XGB,520,Train,49.0,40.967201232910156
EC_S1_XGB_seed42,EC,S1,XGB,521,Train,45.0,40.2545280456543
EC_S1_XGB_seed42,EC,S1,XGB,523,Train,45.0,40.951045989990234
EC_S1_XGB_seed42,EC,S1,XGB,524,Train,49.0,40.951045989990234
EC_S1_XGB_seed42,EC,S1,XGB,526,Train,47.0,40.967201232910156
EC_S1_XGB_seed42,EC,S1,XGB,527,Train,47.0,40.2545280456543
EC_S1_XGB_seed42,EC,S1,XGB,528,Train,46.0,40.951045989990234
EC_S1_XGB_seed42,EC,S1,XGB,529,Train,47.0,39.04048538208008
EC_S1_XGB_seed42,EC,S1,XGB,530,Train,48.0,40.967201232910156
EC_S1_XGB_seed42,EC,S1,XGB,532,Train,48.0,40.951045989990234
EC_S1_XGB_seed42,EC,S1,XGB,533,Train,23.0,36.46194076538086
EC_S1_XGB_seed42,EC,S1,XGB,536,Train,26.0,36.46194076538086
EC_S1_XGB_seed42,EC,S1,XGB,538,Train,19.0,39.45414733886719
EC_S1_XGB_seed42,EC,S1,XGB,540,Train,20.0,39.45414733886719
EC_S1_XGB_seed42,EC,S1,XGB,541,Train,24.0,39.45414733886719
EC_S1_XGB_seed42,EC,S1,XGB,542,Train,20.0,34.40592956542969
EC_S1_XGB_seed42,EC,S1,XGB,543,Train,23.0,34.40592956542969
EC_S1_XGB_seed42,EC,S1,XGB,544,Train,28.0,34.40592956542969
EC_S1_XGB_seed42,EC,S1,XGB,545,Train,29.0,34.40592956542969
EC_S1_XGB_seed42,EC,S1,XGB,547,Train,27.0,34.40592956542969
EC_S1_XGB_seed42,EC,S1,XGB,548,Train,30.0,34.40592956542969
EC_S1_XGB_seed42,EC,S1,XGB,549,Train,24.0,34.40592956542969
EC_S1_XGB_seed42,EC,S1,XGB,550,Train,24.0,36.46194076538086
EC_S1_XGB_seed42,EC,S1,XGB,552,Train,32.0,36.46194076538086
EC_S1_XGB_seed42,EC,S1,XGB,554,Train,32.0,36.46194076538086
EC_S1_XGB_seed42,EC,S1,XGB,555,Train,27.0,39.45414733886719
EC_S1_XGB_seed42,EC,S1,XGB,556,Train,25.0,36.46194076538086
EC_S1_XGB_seed42,EC,S1,XGB,557,Train,31.0,36.46194076538086
EC_S1_XGB_seed42,EC,S1,XGB,558,Train,33.0,36.46194076538086
EC_S1_XGB_seed42,EC,S1,XGB,559,Train,29.0,36.46194076538086
EC_S1_XGB_seed42,EC,S1,XGB,560,Train,33.0,36.46194076538086
EC_S1_XGB_seed42,EC,S1,XGB,561,Train,20.0,39.45414733886719
EC_S1_XGB_seed42,EC,S1,XGB,562,Train,23.0,39.45414733886719
EC_S1_XGB_seed42,EC,S1,XGB,563,Train,27.0,39.45414733886719
EC_S1_XGB_seed42,EC,S1,XGB,565,Train,28.0,39.45414733886719
EC_S1_XGB_seed42,EC,S1,XGB,566,Train,24.0,39.45414733886719
EC_S1_XGB_seed42,EC,S1,XGB,567,Train,26.0,39.45414733886719
EC_S1_XGB_seed42,EC,S1,XGB,568,Train,22.0,34.40592956542969
EC_S1_XGB_seed42,EC,S1,XGB,569,Train,25.0,34.40592956542969
EC_S1_XGB_seed42,EC,S1,XGB,570,Train,29.0,34.40592956542969
EC_S1_XGB_seed42,EC,S1,XGB,571,Train,32.0,34.40592956542969
EC_S1_XGB_seed42,EC,S1,XGB,572,Train,31.0,34.40592956542969
EC_S1_XGB_seed42,EC,S1,XGB,573,Train,31.0,34.40592956542969
EC_S1_XGB_seed42,EC,S1,XGB,574,Train,32.0,34.40592956542969
EC_S1_XGB_seed42,EC,S1,XGB,575,Train,27.0,34.40592956542969
EC_S1_XGB_seed42,EC,S1,XGB,577,Train,26.0,39.45414733886719
EC_S1_XGB_seed42,EC,S1,XGB,578,Train,29.0,39.45414733886719
EC_S1_XGB_seed42,EC,S1,XGB,580,Train,32.0,36.46194076538086
EC_S1_XGB_seed42,EC,S1,XGB,581,Train,34.0,36.46194076538086
EC_S1_XGB_seed42,EC,S1,XGB,582,Train,22.0,34.40592956542969
EC_S1_XGB_seed42,EC,S1,XGB,583,Train,26.0,34.40592956542969
EC_S1_XGB_seed42,EC,S1,XGB,584,Train,30.0,34.40592956542969
EC_S1_XGB_seed42,EC,S1,XGB,585,Train,32.0,34.40592956542969
EC_S1_XGB_seed42,EC,S1,XGB,586,Train,30.0,34.40592956542969
EC_S1_XGB_seed42,EC,S1,XGB,588,Train,33.0,34.40592956542969
EC_S1_XGB_seed42,EC,S1,XGB,589,Train,35.0,34.40592956542969
EC_S1_XGB_seed42,EC,S1,XGB,590,Train,33.0,36.46194076538086
EC_S1_XGB_seed42,EC,S1,XGB,591,Train,34.0,36.46194076538086
EC_S1_XGB_seed42,EC,S1,XGB,592,Train,29.0,36.46194076538086
EC_S1_XGB_seed42,EC,S1,XGB,593,Train,35.0,36.46194076538086
EC_S1_XGB_seed42,EC,S1,XGB,594,Train,23.0,39.45414733886719
EC_S1_XGB_seed42,EC,S1,XGB,595,Train,26.0,39.45414733886719
EC_S1_XGB_seed42,EC,S1,XGB,596,Train,31.0,39.45414733886719
EC_S1_XGB_seed42,EC,S1,XGB,597,Train,28.0,39.45414733886719
EC_S1_XGB_seed42,EC,S1,XGB,598,Train,29.0,39.45414733886719
EC_S1_XGB_seed42,EC,S1,XGB,599,Train,26.0,39.45414733886719
EC_S1_XGB_seed42,EC,S1,XGB,600,Train,28.0,39.45414733886719
EC_S1_XGB_seed42,EC,S1,XGB,601,Train,23.0,34.40592956542969
EC_S1_XGB_seed42,EC,S1,XGB,602,Train,27.0,34.40592956542969
EC_S1_XGB_seed42,EC,S1,XGB,603,Train,31.0,34.40592956542969
EC_S1_XGB_seed42,EC,S1,XGB,604,Train,33.0,34.40592956542969
EC_S1_XGB_seed42,EC,S1,XGB,605,Train,35.0,34.40592956542969
EC_S1_XGB_seed42,EC,S1,XGB,606,Train,35.0,34.40592956542969
EC_S1_XGB_seed42,EC,S1,XGB,607,Train,36.0,34.40592956542969
EC_S1_XGB_seed42,EC,S1,XGB,608,Train,36.0,34.40592956542969
EC_S1_XGB_seed42,EC,S1,XGB,609,Train,28.0,36.46194076538086
EC_S1_XGB_seed42,EC,S1,XGB,610,Train,33.0,36.46194076538086
EC_S1_XGB_seed42,EC,S1,XGB,614,Train,29.0,39.45414733886719
EC_S1_XGB_seed42,EC,S1,XGB,615,Train,30.0,39.45414733886719
EC_S1_XGB_seed42,EC,S1,XGB,619,Train,34.0,34.40592956542969
EC_S1_XGB_seed42,EC,S1,XGB,621,Train,36.0,34.40592956542969
EC_S1_XGB_seed42,EC,S1,XGB,622,Train,37.0,34.40592956542969
EC_S1_XGB_seed42,EC,S1,XGB,623,Train,38.0,34.40592956542969
EC_S1_XGB_seed42,EC,S1,XGB,624,Train,30.0,36.46194076538086
EC_S1_XGB_seed42,EC,S1,XGB,626,Train,36.0,36.46194076538086
EC_S1_XGB_seed42,EC,S1,XGB,627,Train,33.0,36.46194076538086
EC_S1_XGB_seed42,EC,S1,XGB,628,Train,37.0,36.46194076538086
EC_S1_XGB_seed42,EC,S1,XGB,630,Train,28.0,39.45414733886719
EC_S1_XGB_seed42,EC,S1,XGB,632,Train,29.0,39.45414733886719
EC_S1_XGB_seed42,EC,S1,XGB,633,Train,31.0,39.45414733886719
EC_S1_XGB_seed42,EC,S1,XGB,636,Train,24.0,34.40592956542969
EC_S1_XGB_seed42,EC,S1,XGB,638,Train,33.0,34.40592956542969
EC_S1_XGB_seed42,EC,S1,XGB,639,Train,35.0,34.40592956542969
EC_S1_XGB_seed42,EC,S1,XGB,641,Train,37.0,34.40592956542969
EC_S1_XGB_seed42,EC,S1,XGB,642,Train,38.0,34.40592956542969
EC_S1_XGB_seed42,EC,S1,XGB,645,Train,35.0,36.46194076538086
EC_S1_XGB_seed42,EC,S1,XGB,648,Train,38.0,36.46194076538086
EC_S1_XGB_seed42,EC,S1,XGB,649,Train,26.0,39.45414733886719
EC_S1_XGB_seed42,EC,S1,XGB,650,Train,30.0,39.45414733886719
EC_S1_XGB_seed42,EC,S1,XGB,651,Train,34.0,39.45414733886719
EC_S1_XGB_seed42,EC,S1,XGB,652,Train,30.0,39.45414733886719
EC_S1_XGB_seed42,EC,S1,XGB,653,Train,31.0,39.45414733886719
EC_S1_XGB_seed42,EC,S1,XGB,655,Train,29.0,34.40592956542969
EC_S1_XGB_seed42,EC,S1,XGB,656,Train,34.0,34.40592956542969
EC_S1_XGB_seed42,EC,S1,XGB,657,Train,36.0,34.40592956542969
EC_S1_XGB_seed42,EC,S1,XGB,658,Train,38.0,34.40592956542969
EC_S1_XGB_seed42,EC,S1,XGB,659,Train,38.0,34.40592956542969
EC_S1_XGB_seed42,EC,S1,XGB,660,Train,39.0,34.40592956542969
EC_S1_XGB_seed42,EC,S1,XGB,661,Train,39.0,34.40592956542969
EC_S1_XGB_seed42,EC,S1,XGB,662,Train,36.0,36.46194076538086
EC_S1_XGB_seed42,EC,S1,XGB,663,Train,38.0,36.46194076538086
EC_S1_XGB_seed42,EC,S1,XGB,665,Train,40.0,36.46194076538086
EC_S1_XGB_seed42,EC,S1,XGB,666,Train,30.0,39.45414733886719
EC_S1_XGB_seed42,EC,S1,XGB,667,Train,32.0,39.45414733886719
EC_S1_XGB_seed42,EC,S1,XGB,669,Train,31.0,34.40592956542969
EC_S1_XGB_seed42,EC,S1,XGB,670,Train,36.0,34.40592956542969
EC_S1_XGB_seed42,EC,S1,XGB,671,Train,37.0,34.40592956542969
EC_S1_XGB_seed42,EC,S1,XGB,672,Train,39.0,34.40592956542969
EC_S1_XGB_seed42,EC,S1,XGB,674,Train,39.0,34.40592956542969
EC_S1_XGB_seed42,EC,S1,XGB,675,Train,40.0,34.40592956542969
EC_S1_XGB_seed42,EC,S1,XGB,677,Train,27.0,39.45414733886719
EC_S1_XGB_seed42,EC,S1,XGB,678,Train,31.0,39.45414733886719
EC_S1_XGB_seed42,EC,S1,XGB,679,Train,34.0,39.45414733886719
EC_S1_XGB_seed42,EC,S1,XGB,681,Train,37.0,36.46194076538086
EC_S1_XGB_seed42,EC,S1,XGB,683,Train,31.0,39.45414733886719
EC_S1_XGB_seed42,EC,S1,XGB,685,Train,29.0,39.45414733886719
EC_S1_XGB_seed42,EC,S1,XGB,686,Train,31.0,39.45414733886719
EC_S1_XGB_seed42,EC,S1,XGB,687,Train,33.0,36.46194076538086
EC_S1_XGB_seed42,EC,S1,XGB,688,Train,37.0,36.46194076538086
EC_S1_XGB_seed42,EC,S1,XGB,689,Train,38.0,36.46194076538086
EC_S1_XGB_seed42,EC,S1,XGB,690,Train,28.0,39.45414733886719
EC_S1_XGB_seed42,EC,S1,XGB,692,Train,35.0,39.45414733886719
EC_S1_XGB_seed42,EC,S1,XGB,693,Train,26.0,34.40592956542969
EC_S1_XGB_seed42,EC,S1,XGB,694,Train,32.0,34.40592956542969
EC_S1_XGB_seed42,EC,S1,XGB,695,Train,37.0,34.40592956542969
EC_S1_XGB_seed42,EC,S1,XGB,696,Train,37.0,34.40592956542969
EC_S1_XGB_seed42,EC,S1,XGB,697,Train,39.0,34.40592956542969
EC_S1_XGB_seed42,EC,S1,XGB,698,Train,39.0,34.40592956542969
EC_S1_XGB_seed42,EC,S1,XGB,700,Train,40.0,34.40592956542969
EC_S1_XGB_seed42,EC,S1,XGB,701,Train,38.0,36.46194076538086
EC_S1_XGB_seed42,EC,S1,XGB,702,Train,41.0,36.46194076538086
EC_S1_XGB_seed42,EC,S1,XGB,703,Train,31.0,39.45414733886719
EC_S1_XGB_seed42,EC,S1,XGB,704,Train,33.0,39.45414733886719
EC_S1_XGB_seed42,EC,S1,XGB,705,Train,34.0,36.46194076538086
EC_S1_XGB_seed42,EC,S1,XGB,706,Train,38.0,36.46194076538086
EC_S1_XGB_seed42,EC,S1,XGB,707,Train,28.0,39.45414733886719
EC_S1_XGB_seed42,EC,S1,XGB,708,Train,33.0,39.45414733886719
EC_S1_XGB_seed42,EC,S1,XGB,709,Train,35.0,39.45414733886719
EC_S1_XGB_seed42,EC,S1,XGB,710,Train,30.0,39.45414733886719
EC_S1_XGB_seed42,EC,S1,XGB,712,Train,27.0,34.40592956542969
EC_S1_XGB_seed42,EC,S1,XGB,713,Train,35.0,34.40592956542969
EC_S1_XGB_seed42,EC,S1,XGB,714,Train,38.0,34.40592956542969
EC_S1_XGB_seed42,EC,S1,XGB,715,Train,38.0,34.40592956542969
EC_S1_XGB_seed42,EC,S1,XGB,716,Train,40.0,34.40592956542969
EC_S1_XGB_seed42,EC,S1,XGB,717,Train,40.0,34.40592956542969
EC_S1_XGB_seed42,EC,S1,XGB,718,Train,40.0,34.40592956542969
EC_S1_XGB_seed42,EC,S1,XGB,719,Train,40.0,34.40592956542969
EC_S1_XGB_seed42,EC,S1,XGB,720,Train,38.0,36.46194076538086
EC_S1_XGB_seed42,EC,S1,XGB,722,Train,43.0,36.46194076538086
EC_S1_XGB_seed42,EC,S1,XGB,723,Train,31.0,39.45414733886719
EC_S1_XGB_seed42,EC,S1,XGB,724,Train,33.0,39.45414733886719
EC_S1_XGB_seed42,EC,S1,XGB,727,Train,34.0,36.46194076538086
EC_S1_XGB_seed42,EC,S1,XGB,728,Train,39.0,36.46194076538086
EC_S1_XGB_seed42,EC,S1,XGB,729,Train,29.0,39.45414733886719
EC_S1_XGB_seed42,EC,S1,XGB,730,Train,34.0,39.45414733886719
EC_S1_XGB_seed42,EC,S1,XGB,731,Train,35.0,39.45414733886719
EC_S1_XGB_seed42,EC,S1,XGB,732,Train,38.0,36.46194076538086
EC_S1_XGB_seed42,EC,S1,XGB,734,Train,44.0,36.46194076538086
EC_S1_XGB_seed42,EC,S1,XGB,735,Train,32.0,39.45414733886719
EC_S1_XGB_seed42,EC,S1,XGB,736,Train,34.0,39.45414733886719
EC_S1_XGB_seed42,EC,S1,XGB,737,Train,34.0,36.46194076538086
EC_S1_XGB_seed42,EC,S1,XGB,738,Train,39.0,36.46194076538086
EC_S1_XGB_seed42,EC,S1,XGB,739,Train,29.0,39.45414733886719
EC_S1_XGB_seed42,EC,S1,XGB,740,Train,34.0,39.45414733886719
EC_S1_XGB_seed42,EC,S1,XGB,741,Train,36.0,39.45414733886719
EC_S1_XGB_seed42,EC,S1,XGB,742,Train,29.0,34.40592956542969
EC_S1_XGB_seed42,EC,S1,XGB,743,Train,37.0,34.40592956542969
EC_S1_XGB_seed42,EC,S1,XGB,744,Train,39.0,34.40592956542969
EC_S1_XGB_seed42,EC,S1,XGB,745,Train,39.0,34.40592956542969
EC_S1_XGB_seed42,EC,S1,XGB,746,Train,40.0,34.40592956542969
EC_S1_XGB_seed42,EC,S1,XGB,747,Train,40.0,34.40592956542969
EC_S1_XGB_seed42,EC,S1,XGB,748,Train,40.0,34.40592956542969
EC_S1_XGB_seed42,EC,S1,XGB,751,Train,40.0,36.46194076538086
EC_S1_XGB_seed42,EC,S1,XGB,752,Train,44.0,36.46194076538086
EC_S1_XGB_seed42,EC,S1,XGB,753,Train,33.0,39.45414733886719
EC_S1_XGB_seed42,EC,S1,XGB,754,Train,34.0,39.45414733886719
EC_S1_XGB_seed42,EC,S1,XGB,756,Train,34.0,36.46194076538086
EC_S1_XGB_seed42,EC,S1,XGB,758,Train,30.0,39.45414733886719
EC_S1_XGB_seed42,EC,S1,XGB,759,Train,34.0,39.45414733886719
EC_S1_XGB_seed42,EC,S1,XGB,760,Train,37.0,39.45414733886719
EC_S1_XGB_seed42,EC,S1,XGB,761,Train,38.0,36.46194076538086
EC_S1_XGB_seed42,EC,S1,XGB,762,Train,41.0,36.46194076538086
EC_S1_XGB_seed42,EC,S1,XGB,763,Train,45.0,36.46194076538086
EC_S1_XGB_seed42,EC,S1,XGB,765,Train,35.0,39.45414733886719
EC_S1_XGB_seed42,EC,S1,XGB,766,Train,33.0,39.45414733886719
EC_S1_XGB_seed42,EC,S1,XGB,767,Train,35.0,36.46194076538086
EC_S1_XGB_seed42,EC,S1,XGB,768,Train,40.0,36.46194076538086
EC_S1_XGB_seed42,EC,S1,XGB,769,Train,31.0,39.45414733886719
EC_S1_XGB_seed42,EC,S1,XGB,770,Train,35.0,39.45414733886719
EC_S1_XGB_seed42,EC,S1,XGB,771,Train,37.0,39.45414733886719
EC_S1_XGB_seed42,EC,S1,XGB,772,Train,31.0,34.40592956542969
EC_S1_XGB_seed42,EC,S1,XGB,773,Train,38.0,34.40592956542969
EC_S1_XGB_seed42,EC,S1,XGB,774,Train,39.0,34.40592956542969
EC_S1_XGB_seed42,EC,S1,XGB,775,Train,40.0,34.40592956542969
EC_S1_XGB_seed42,EC,S1,XGB,776,Train,41.0,34.40592956542969
EC_S1_XGB_seed42,EC,S1,XGB,777,Train,41.0,34.40592956542969
EC_S1_XGB_seed42,EC,S1,XGB,778,Train,41.0,34.40592956542969
EC_S1_XGB_seed42,EC,S1,XGB,779,Train,41.0,34.40592956542969
EC_S1_XGB_seed42,EC,S1,XGB,780,Train,38.0,36.46194076538086
EC_S1_XGB_seed42,EC,S1,XGB,781,Train,42.0,36.46194076538086
EC_S1_XGB_seed42,EC,S1,XGB,782,Train,46.0,36.46194076538086
EC_S1_XGB_seed42,EC,S1,XGB,786,Train,35.0,36.46194076538086
EC_S1_XGB_seed42,EC,S1,XGB,787,Train,31.0,39.45414733886719
EC_S1_XGB_seed42,EC,S1,XGB,788,Train,35.0,39.45414733886719
EC_S1_XGB_seed42,EC,S1,XGB,789,Train,38.0,39.45414733886719
EC_S1_XGB_seed42,EC,S1,XGB,790,Train,39.0,36.46194076538086
EC_S1_XGB_seed42,EC,S1,XGB,792,Train,43.0,36.46194076538086
EC_S1_XGB_seed42,EC,S1,XGB,793,Train,46.0,36.46194076538086
EC_S1_XGB_seed42,EC,S1,XGB,795,Train,35.0,39.45414733886719
EC_S1_XGB_seed42,EC,S1,XGB,796,Train,38.0,39.45414733886719
EC_S1_XGB_seed42,EC,S1,XGB,797,Train,33.0,39.45414733886719
EC_S1_XGB_seed42,EC,S1,XGB,798,Train,35.0,39.45414733886719
EC_S1_XGB_seed42,EC,S1,XGB,799,Train,31.0,39.45414733886719
EC_S1_XGB_seed42,EC,S1,XGB,800,Train,33.0,39.45414733886719
EC_S1_XGB_seed42,EC,S1,XGB,801,Train,32.0,34.40592956542969
EC_S1_XGB_seed42,EC,S1,XGB,802,Train,39.0,34.40592956542969
EC_S1_XGB_seed42,EC,S1,XGB,804,Train,40.0,34.40592956542969
EC_S1_XGB_seed42,EC,S1,XGB,805,Train,41.0,34.40592956542969
EC_S1_XGB_seed42,EC,S1,XGB,806,Train,41.0,34.40592956542969
EC_S1_XGB_seed42,EC,S1,XGB,807,Train,42.0,34.40592956542969
EC_S1_XGB_seed42,EC,S1,XGB,808,Train,42.0,34.40592956542969
EC_S1_XGB_seed42,EC,S1,XGB,809,Train,39.0,36.46194076538086
EC_S1_XGB_seed42,EC,S1,XGB,810,Train,39.0,36.46194076538086
EC_S1_XGB_seed42,EC,S1,XGB,813,Train,33.0,39.45414733886719
EC_S1_XGB_seed42,EC,S1,XGB,814,Train,35.0,39.45414733886719
EC_S1_XGB_seed42,EC,S1,XGB,815,Train,47.0,36.46194076538086
EC_S1_XGB_seed42,EC,S1,XGB,816,Train,43.0,36.46194076538086
EC_S1_XGB_seed42,EC,S1,XGB,817,Train,34.0,39.45414733886719
EC_S1_XGB_seed42,EC,S1,XGB,818,Train,36.0,39.45414733886719
EC_S1_XGB_seed42,EC,S1,XGB,819,Train,47.0,36.46194076538086
EC_S1_XGB_seed42,EC,S1,XGB,820,Train,23.0,39.45414733886719
EC_S1_XGB_seed42,EC,S1,XGB,821,Train,27.0,39.45414733886719
EC_S1_XGB_seed42,EC,S1,XGB,822,Train,32.0,39.45414733886719
EC_S1_XGB_seed42,EC,S1,XGB,823,Train,33.0,39.45414733886719
EC_S1_XGB_seed42,EC,S1,XGB,824,Train,36.0,39.45414733886719
EC_S1_XGB_seed42,EC,S1,XGB,825,Train,43.0,39.45414733886719
EC_S1_XGB_seed42,EC,S1,XGB,827,Train,41.0,39.45414733886719
EC_S1_XGB_seed42,EC,S1,XGB,828,Train,43.0,39.45414733886719
EC_S1_XGB_seed42,EC,S1,XGB,830,Train,44.0,39.45414733886719
EC_S1_XGB_seed42,EC,S1,XGB,831,Train,47.0,39.45414733886719
EC_S1_XGB_seed42,EC,S1,XGB,832,Train,49.0,39.45414733886719
EC_S1_XGB_seed42,EC,S1,XGB,833,Train,52.0,39.45414733886719
EC_S1_XGB_seed42,EC,S1,XGB,834,Train,48.0,39.45414733886719
EC_S1_XGB_seed42,EC,S1,XGB,836,Train,26.0,39.45414733886719
EC_S1_XGB_seed42,EC,S1,XGB,837,Train,25.0,39.45414733886719
EC_S1_XGB_seed42,EC,S1,XGB,838,Train,28.0,39.45414733886719
EC_S1_XGB_seed42,EC,S1,XGB,839,Train,32.0,39.45414733886719
EC_S1_XGB_seed42,EC,S1,XGB,841,Train,33.0,39.45414733886719
EC_S1_XGB_seed42,EC,S1,XGB,843,Train,34.0,39.45414733886719
EC_S1_XGB_seed42,EC,S1,XGB,845,Train,31.0,39.45414733886719
EC_S1_XGB_seed42,EC,S1,XGB,846,Train,34.0,39.45414733886719
EC_S1_XGB_seed42,EC,S1,XGB,848,Train,13.0,39.45414733886719
EC_S1_XGB_seed42,EC,S1,XGB,849,Train,28.0,39.45414733886719
EC_S1_XGB_seed42,EC,S1,XGB,850,Train,21.0,39.45414733886719
EC_S1_XGB_seed42,EC,S1,XGB,851,Train,25.0,39.45414733886719
EC_S1_XGB_seed42,EC,S1,XGB,853,Train,18.0,39.45414733886719
EC_S1_XGB_seed42,EC,S1,XGB,855,Train,21.0,39.45414733886719
EC_S1_XGB_seed42,EC,S1,XGB,856,Train,25.0,39.45414733886719
EC_S1_XGB_seed42,EC,S1,XGB,858,Train,25.0,39.45414733886719
EC_S1_XGB_seed42,EC,S1,XGB,859,Train,25.0,39.45414733886719
EC_S1_XGB_seed42,EC,S1,XGB,860,Train,32.0,39.45414733886719
EC_S1_XGB_seed42,EC,S1,XGB,861,Train,38.0,39.45414733886719
EC_S1_XGB_seed42,EC,S1,XGB,862,Train,36.0,39.45414733886719
EC_S1_XGB_seed42,EC,S1,XGB,863,Train,41.0,39.45414733886719
EC_S1_XGB_seed42,EC,S1,XGB,865,Train,46.0,39.45414733886719
EC_S1_XGB_seed42,EC,S1,XGB,866,Train,44.0,39.45414733886719
EC_S1_XGB_seed42,EC,S1,XGB,868,Train,52.0,39.45414733886719
EC_S1_XGB_seed42,EC,S1,XGB,869,Train,47.0,39.45414733886719
EC_S1_XGB_seed42,EC,S1,XGB,870,Train,48.0,39.45414733886719
EC_S1_XGB_seed42,EC,S1,XGB,871,Train,51.0,39.45414733886719
EC_S1_XGB_seed42,EC,S1,XGB,873,Train,49.0,39.45414733886719
EC_S1_XGB_seed42,EC,S1,XGB,874,Train,26.0,39.45414733886719
EC_S1_XGB_seed42,EC,S1,XGB,875,Train,27.0,39.45414733886719
EC_S1_XGB_seed42,EC,S1,XGB,877,Train,31.0,39.45414733886719
EC_S1_XGB_seed42,EC,S1,XGB,879,Train,35.0,39.45414733886719
EC_S1_XGB_seed42,EC,S1,XGB,880,Train,35.0,39.45414733886719
EC_S1_XGB_seed42,EC,S1,XGB,881,Train,34.0,39.45414733886719
EC_S1_XGB_seed42,EC,S1,XGB,882,Train,35.0,39.45414733886719
EC_S1_XGB_seed42,EC,S1,XGB,884,Train,32.0,39.45414733886719
EC_S1_XGB_seed42,EC,S1,XGB,885,Train,35.0,39.45414733886719
EC_S1_XGB_seed42,EC,S1,XGB,886,Train,28.0,34.2144660949707
EC_S1_XGB_seed42,EC,S1,XGB,887,Train,23.0,39.45414733886719
EC_S1_XGB_seed42,EC,S1,XGB,889,Train,28.0,39.45414733886719
EC_S1_XGB_seed42,EC,S1,XGB,890,Train,18.0,39.45414733886719
EC_S1_XGB_seed42,EC,S1,XGB,891,Train,17.0,39.45414733886719
EC_S1_XGB_seed42,EC,S1,XGB,892,Train,23.0,39.45414733886719
EC_S1_XGB_seed42,EC,S1,XGB,894,Train,29.0,39.45414733886719
EC_S1_XGB_seed42,EC,S1,XGB,895,Train,28.0,39.45414733886719
EC_S1_XGB_seed42,EC,S1,XGB,896,Train,36.0,39.45414733886719
EC_S1_XGB_seed42,EC,S1,XGB,897,Train,41.0,39.45414733886719
EC_S1_XGB_seed42,EC,S1,XGB,898,Train,39.0,39.45414733886719
EC_S1_XGB_seed42,EC,S1,XGB,899,Train,46.0,39.45414733886719
EC_S1_XGB_seed42,EC,S1,XGB,900,Train,52.0,39.45414733886719
EC_S1_XGB_seed42,EC,S1,XGB,901,Train,48.0,39.45414733886719
EC_S1_XGB_seed42,EC,S1,XGB,902,Train,47.0,39.45414733886719
EC_S1_XGB_seed42,EC,S1,XGB,903,Train,52.0,39.45414733886719
EC_S1_XGB_seed42,EC,S1,XGB,905,Train,48.0,39.45414733886719
EC_S1_XGB_seed42,EC,S1,XGB,906,Train,50.0,39.45414733886719
EC_S1_XGB_seed42,EC,S1,XGB,907,Train,52.0,39.45414733886719
EC_S1_XGB_seed42,EC,S1,XGB,908,Train,55.0,39.45414733886719
EC_S1_XGB_seed42,EC,S1,XGB,909,Train,49.0,39.45414733886719
EC_S1_XGB_seed42,EC,S1,XGB,911,Train,29.0,39.45414733886719
EC_S1_XGB_seed42,EC,S1,XGB,913,Train,32.0,39.45414733886719
EC_S1_XGB_seed42,EC,S1,XGB,916,Train,35.0,39.45414733886719
EC_S1_XGB_seed42,EC,S1,XGB,917,Train,36.0,39.45414733886719
EC_S1_XGB_seed42,EC,S1,XGB,918,Train,36.0,39.45414733886719
EC_S1_XGB_seed42,EC,S1,XGB,919,Train,36.0,39.45414733886719
EC_S1_XGB_seed42,EC,S1,XGB,920,Train,34.0,39.45414733886719
EC_S1_XGB_seed42,EC,S1,XGB,921,Train,36.0,39.45414733886719
EC_S1_XGB_seed42,EC,S1,XGB,923,Train,38.0,39.45414733886719
EC_S1_XGB_seed42,EC,S1,XGB,924,Train,45.0,39.45414733886719
EC_S1_XGB_seed42,EC,S1,XGB,925,Train,41.0,39.45414733886719
EC_S1_XGB_seed42,EC,S1,XGB,926,Train,49.0,39.45414733886719
EC_S1_XGB_seed42,EC,S1,XGB,928,Train,48.0,39.45414733886719
EC_S1_XGB_seed42,EC,S1,XGB,929,Train,50.0,39.45414733886719
EC_S1_XGB_seed42,EC,S1,XGB,930,Train,55.0,39.45414733886719
EC_S1_XGB_seed42,EC,S1,XGB,931,Train,54.0,39.45414733886719
EC_S1_XGB_seed42,EC,S1,XGB,932,Train,48.0,39.45414733886719
EC_S1_XGB_seed42,EC,S1,XGB,933,Train,50.0,39.45414733886719
EC_S1_XGB_seed42,EC,S1,XGB,934,Train,54.0,39.45414733886719
EC_S1_XGB_seed42,EC,S1,XGB,935,Train,55.0,39.45414733886719
EC_S1_XGB_seed42,EC,S1,XGB,936,Train,49.0,39.45414733886719
EC_S1_XGB_seed42,EC,S1,XGB,937,Train,27.0,39.45414733886719
EC_S1_XGB_seed42,EC,S1,XGB,938,Train,30.0,39.45414733886719
EC_S1_XGB_seed42,EC,S1,XGB,939,Train,30.0,39.45414733886719
EC_S1_XGB_seed42,EC,S1,XGB,940,Train,34.0,39.45414733886719
EC_S1_XGB_seed42,EC,S1,XGB,941,Train,34.0,39.45414733886719
EC_S1_XGB_seed42,EC,S1,XGB,942,Train,36.0,39.45414733886719
EC_S1_XGB_seed42,EC,S1,XGB,944,Train,36.0,39.45414733886719
EC_S1_XGB_seed42,EC,S1,XGB,946,Train,36.0,39.45414733886719
EC_S1_XGB_seed42,EC,S1,XGB,947,Train,35.0,39.45414733886719
EC_S1_XGB_seed42,EC,S1,XGB,948,Train,37.0,39.45414733886719
EC_S1_XGB_seed42,EC,S1,XGB,949,Train,29.0,34.2144660949707
EC_S1_XGB_seed42,EC,S1,XGB,950,Train,23.0,39.45414733886719
EC_S1_XGB_seed42,EC,S1,XGB,951,Train,28.0,39.45414733886719
EC_S1_XGB_seed42,EC,S1,XGB,952,Train,29.0,39.45414733886719
EC_S1_XGB_seed42,EC,S1,XGB,953,Train,13.0,39.45414733886719
EC_S1_XGB_seed42,EC,S1,XGB,954,Train,19.0,39.45414733886719
EC_S1_XGB_seed42,EC,S1,XGB,956,Train,24.0,39.45414733886719
EC_S1_XGB_seed42,EC,S1,XGB,959,Train,31.0,39.45414733886719
EC_S1_XGB_seed42,EC,S1,XGB,960,Train,39.0,39.45414733886719
EC_S1_XGB_seed42,EC,S1,XGB,961,Train,47.0,39.45414733886719
EC_S1_XGB_seed42,EC,S1,XGB,962,Train,42.0,39.45414733886719
EC_S1_XGB_seed42,EC,S1,XGB,963,Train,50.0,39.45414733886719
EC_S1_XGB_seed42,EC,S1,XGB,967,Train,56.0,39.45414733886719
EC_S1_XGB_seed42,EC,S1,XGB,968,Train,54.0,39.45414733886719
EC_S1_XGB_seed42,EC,S1,XGB,969,Train,49.0,39.45414733886719
EC_S1_XGB_seed42,EC,S1,XGB,970,Train,52.0,39.45414733886719
EC_S1_XGB_seed42,EC,S1,XGB,971,Train,55.0,39.45414733886719
EC_S1_XGB_seed42,EC,S1,XGB,972,Train,56.0,39.45414733886719
EC_S1_XGB_seed42,EC,S1,XGB,973,Train,49.0,39.45414733886719
EC_S1_XGB_seed42,EC,S1,XGB,974,Train,27.0,39.45414733886719
EC_S1_XGB_seed42,EC,S1,XGB,975,Train,30.0,39.45414733886719
EC_S1_XGB_seed42,EC,S1,XGB,976,Train,31.0,39.45414733886719
EC_S1_XGB_seed42,EC,S1,XGB,977,Train,35.0,39.45414733886719
EC_S1_XGB_seed42,EC,S1,XGB,978,Train,34.0,39.45414733886719
EC_S1_XGB_seed42,EC,S1,XGB,979,Train,36.0,39.45414733886719
EC_S1_XGB_seed42,EC,S1,XGB,981,Train,37.0,39.45414733886719
EC_S1_XGB_seed42,EC,S1,XGB,982,Train,37.0,39.45414733886719
EC_S1_XGB_seed42,EC,S1,XGB,983,Train,37.0,39.45414733886719
EC_S1_XGB_seed42,EC,S1,XGB,985,Train,37.0,39.45414733886719
EC_S1_XGB_seed42,EC,S1,XGB,990,Train,42.0,39.45414733886719
EC_S1_XGB_seed42,EC,S1,XGB,991,Train,51.0,39.45414733886719
EC_S1_XGB_seed42,EC,S1,XGB,992,Train,47.0,39.45414733886719
EC_S1_XGB_seed42,EC,S1,XGB,993,Train,54.0,39.45414733886719
EC_S1_XGB_seed42,EC,S1,XGB,994,Train,55.0,39.45414733886719
EC_S1_XGB_seed42,EC,S1,XGB,996,Train,54.0,39.45414733886719
EC_S1_XGB_seed42,EC,S1,XGB,997,Train,58.0,39.45414733886719
EC_S1_XGB_seed42,EC,S1,XGB,998,Train,56.0,39.45414733886719
EC_S1_XGB_seed42,EC,S1,XGB,999,Train,49.0,39.45414733886719
EC_S1_XGB_seed42,EC,S1,XGB,1000,Train,54.0,39.45414733886719
EC_S1_XGB_seed42,EC,S1,XGB,1004,Train,28.0,39.45414733886719
EC_S1_XGB_seed42,EC,S1,XGB,1005,Train,31.0,39.45414733886719
EC_S1_XGB_seed42,EC,S1,XGB,1006,Train,33.0,39.45414733886719
EC_S1_XGB_seed42,EC,S1,XGB,1007,Train,36.0,39.45414733886719
EC_S1_XGB_seed42,EC,S1,XGB,1008,Train,35.0,39.45414733886719
EC_S1_XGB_seed42,EC,S1,XGB,1009,Train,36.0,39.45414733886719
EC_S1_XGB_seed42,EC,S1,XGB,1011,Train,38.0,39.45414733886719
EC_S1_XGB_seed42,EC,S1,XGB,1012,Train,37.0,39.45414733886719
EC_S1_XGB_seed42,EC,S1,XGB,1013,Train,37.0,39.45414733886719
EC_S1_XGB_seed42,EC,S1,XGB,1014,Train,37.0,39.45414733886719
EC_S1_XGB_seed42,EC,S1,XGB,1015,Train,38.0,39.45414733886719
EC_S1_XGB_seed42,EC,S1,XGB,1016,Train,24.0,39.45414733886719
EC_S1_XGB_seed42,EC,S1,XGB,1017,Train,29.0,39.45414733886719
EC_S1_XGB_seed42,EC,S1,XGB,1018,Train,30.0,39.45414733886719
EC_S1_XGB_seed42,EC,S1,XGB,1020,Train,20.0,39.45414733886719
EC_S1_XGB_seed42,EC,S1,XGB,1021,Train,18.0,39.45414733886719
EC_S1_XGB_seed42,EC,S1,XGB,1022,Train,24.0,39.45414733886719
EC_S1_XGB_seed42,EC,S1,XGB,1023,Train,29.0,39.45414733886719
EC_S1_XGB_seed42,EC,S1,XGB,1024,Train,32.0,39.45414733886719
EC_S1_XGB_seed42,EC,S1,XGB,1025,Train,35.0,39.45414733886719
EC_S1_XGB_seed42,EC,S1,XGB,1028,Train,49.0,39.45414733886719
EC_S1_XGB_seed42,EC,S1,XGB,1029,Train,56.0,39.45414733886719
EC_S1_XGB_seed42,EC,S1,XGB,1030,Train,55.0,39.45414733886719
EC_S1_XGB_seed42,EC,S1,XGB,1032,Train,57.0,39.45414733886719
EC_S1_XGB_seed42,EC,S1,XGB,1033,Train,59.0,39.45414733886719
EC_S1_XGB_seed42,EC,S1,XGB,1034,Train,56.0,39.45414733886719
EC_S1_XGB_seed42,EC,S1,XGB,1035,Train,49.0,39.45414733886719
EC_S1_XGB_seed42,EC,S1,XGB,1036,Train,55.0,39.45414733886719
EC_S1_XGB_seed42,EC,S1,XGB,1037,Train,59.0,39.45414733886719
EC_S1_XGB_seed42,EC,S1,XGB,1038,Train,57.0,39.45414733886719
EC_S1_XGB_seed42,EC,S1,XGB,1039,Train,49.0,39.45414733886719
EC_S1_XGB_seed42,EC,S1,XGB,1040,Train,28.0,39.45414733886719
EC_S1_XGB_seed42,EC,S1,XGB,1042,Train,33.0,39.45414733886719
EC_S1_XGB_seed42,EC,S1,XGB,1043,Train,36.0,39.45414733886719
EC_S1_XGB_seed42,EC,S1,XGB,1044,Train,35.0,39.45414733886719
EC_S1_XGB_seed42,EC,S1,XGB,1045,Train,37.0,39.45414733886719
EC_S1_XGB_seed42,EC,S1,XGB,1046,Train,37.0,39.45414733886719
EC_S1_XGB_seed42,EC,S1,XGB,1048,Train,37.0,39.45414733886719
EC_S1_XGB_seed42,EC,S1,XGB,1049,Train,38.0,39.45414733886719
EC_S1_XGB_seed42,EC,S1,XGB,1050,Train,38.0,39.45414733886719
EC_S1_XGB_seed42,EC,S1,XGB,1051,Train,38.0,39.45414733886719
EC_S1_XGB_seed42,EC,S1,XGB,1052,Train,34.0,34.2144660949707
EC_S1_XGB_seed42,EC,S1,XGB,1053,Train,25.0,39.45414733886719
EC_S1_XGB_seed42,EC,S1,XGB,1054,Train,29.0,39.45414733886719
EC_S1_XGB_seed42,EC,S1,XGB,1055,Train,32.0,39.45414733886719
EC_S1_XGB_seed42,EC,S1,XGB,1056,Train,37.0,39.45414733886719
EC_S1_XGB_seed42,EC,S1,XGB,1057,Train,46.0,39.45414733886719
EC_S1_XGB_seed42,EC,S1,XGB,1060,Train,58.0,39.45414733886719
EC_S1_XGB_seed42,EC,S1,XGB,1061,Train,55.0,39.45414733886719
EC_S1_XGB_seed42,EC,S1,XGB,1064,Train,60.0,39.45414733886719
EC_S1_XGB_seed42,EC,S1,XGB,1065,Train,56.0,39.45414733886719
EC_S1_XGB_seed42,EC,S1,XGB,1066,Train,50.0,39.45414733886719
EC_S1_XGB_seed42,EC,S1,XGB,1068,Train,61.0,39.45414733886719
EC_S1_XGB_seed42,EC,S1,XGB,1069,Train,57.0,39.45414733886719
EC_S1_XGB_seed42,EC,S1,XGB,1070,Train,49.0,39.45414733886719
EC_S1_XGB_seed42,EC,S1,XGB,1071,Train,29.0,39.45414733886719
EC_S1_XGB_seed42,EC,S1,XGB,1073,Train,34.0,39.45414733886719
EC_S1_XGB_seed42,EC,S1,XGB,1074,Train,36.0,39.45414733886719
EC_S1_XGB_seed42,EC,S1,XGB,1076,Train,38.0,39.45414733886719
EC_S1_XGB_seed42,EC,S1,XGB,1077,Train,38.0,39.45414733886719
EC_S1_XGB_seed42,EC,S1,XGB,1078,Train,38.0,39.45414733886719
EC_S1_XGB_seed42,EC,S1,XGB,1079,Train,38.0,39.45414733886719
EC_S1_XGB_seed42,EC,S1,XGB,1080,Train,38.0,39.45414733886719
EC_S1_XGB_seed42,EC,S1,XGB,1081,Train,40.0,39.45414733886719
EC_S1_XGB_seed42,EC,S1,XGB,1082,Train,39.0,39.45414733886719
EC_S1_XGB_seed42,EC,S1,XGB,1083,Train,39.0,39.45414733886719
EC_S1_XGB_seed42,EC,S1,XGB,1084,Train,49.0,39.45414733886719
EC_S1_XGB_seed42,EC,S1,XGB,1085,Train,55.0,39.45414733886719
EC_S1_XGB_seed42,EC,S1,XGB,1086,Train,55.0,39.45414733886719
EC_S1_XGB_seed42,EC,S1,XGB,1088,Train,56.0,39.45414733886719
EC_S1_XGB_seed42,EC,S1,XGB,1089,Train,49.0,39.45414733886719
EC_S1_XGB_seed42,EC,S1,XGB,1090,Train,61.0,39.45414733886719
EC_S1_XGB_seed42,EC,S1,XGB,1091,Train,61.0,39.45414733886719
EC_S1_XGB_seed42,EC,S1,XGB,1092,Train,56.0,39.45414733886719
EC_S1_XGB_seed42,EC,S1,XGB,1093,Train,50.0,39.45414733886719
EC_S1_XGB_seed42,EC,S1,XGB,1094,Train,58.0,39.45414733886719
EC_S1_XGB_seed42,EC,S1,XGB,1095,Train,61.0,39.45414733886719
EC_S1_XGB_seed42,EC,S1,XGB,1096,Train,57.0,39.45414733886719
EC_S1_XGB_seed42,EC,S1,XGB,1097,Train,49.0,39.45414733886719
EC_S1_XGB_seed42,EC,S1,XGB,1098,Train,30.0,39.45414733886719
EC_S1_XGB_seed42,EC,S1,XGB,1099,Train,34.0,39.45414733886719
EC_S1_XGB_seed42,EC,S1,XGB,1101,Train,37.0,39.45414733886719
EC_S1_XGB_seed42,EC,S1,XGB,1102,Train,37.0,39.45414733886719
EC_S1_XGB_seed42,EC,S1,XGB,1103,Train,38.0,39.45414733886719
EC_S1_XGB_seed42,EC,S1,XGB,1104,Train,40.0,39.45414733886719
EC_S1_XGB_seed42,EC,S1,XGB,1105,Train,38.0,39.45414733886719
EC_S1_XGB_seed42,EC,S1,XGB,1108,Train,41.0,39.45414733886719
EC_S1_XGB_seed42,EC,S1,XGB,1109,Train,39.0,39.45414733886719
EC_S1_XGB_seed42,EC,S1,XGB,1110,Train,40.0,39.45414733886719
EC_S1_XGB_seed42,EC,S1,XGB,1111,Train,50.0,39.45414733886719
EC_S1_XGB_seed42,EC,S1,XGB,1113,Train,57.0,39.45414733886719
EC_S1_XGB_seed42,EC,S1,XGB,1114,Train,59.0,39.45414733886719
EC_S1_XGB_seed42,EC,S1,XGB,1115,Train,56.0,39.45414733886719
EC_S1_XGB_seed42,EC,S1,XGB,1117,Train,62.0,39.45414733886719
EC_S1_XGB_seed42,EC,S1,XGB,1118,Train,60.0,39.45414733886719
EC_S1_XGB_seed42,EC,S1,XGB,1119,Train,57.0,39.45414733886719
EC_S1_XGB_seed42,EC,S1,XGB,1120,Train,50.0,39.45414733886719
EC_S1_XGB_seed42,EC,S1,XGB,1121,Train,59.0,39.45414733886719
EC_S1_XGB_seed42,EC,S1,XGB,1122,Train,62.0,39.45414733886719
EC_S1_XGB_seed42,EC,S1,XGB,1123,Train,57.0,39.45414733886719
EC_S1_XGB_seed42,EC,S1,XGB,1124,Train,49.0,39.45414733886719
EC_S1_XGB_seed42,EC,S1,XGB,1125,Train,30.0,39.45414733886719
EC_S1_XGB_seed42,EC,S1,XGB,1126,Train,35.0,39.45414733886719
EC_S1_XGB_seed42,EC,S1,XGB,1128,Train,36.0,39.45414733886719
EC_S1_XGB_seed42,EC,S1,XGB,1130,Train,39.0,39.45414733886719
EC_S1_XGB_seed42,EC,S1,XGB,1131,Train,41.0,39.45414733886719
EC_S1_XGB_seed42,EC,S1,XGB,1132,Train,38.0,39.45414733886719
EC_S1_XGB_seed42,EC,S1,XGB,1133,Train,39.0,39.45414733886719
EC_S1_XGB_seed42,EC,S1,XGB,1134,Train,40.0,39.45414733886719
EC_S1_XGB_seed42,EC,S1,XGB,1135,Train,41.0,39.45414733886719
EC_S1_XGB_seed42,EC,S1,XGB,1136,Train,39.0,39.45414733886719
EC_S1_XGB_seed42,EC,S1,XGB,1137,Train,35.0,34.2144660949707
EC_S1_XGB_seed42,EC,S1,XGB,1139,Train,52.0,39.45414733886719
EC_S1_XGB_seed42,EC,S1,XGB,1140,Train,57.0,39.45414733886719
EC_S1_XGB_seed42,EC,S1,XGB,1141,Train,59.0,39.45414733886719
EC_S1_XGB_seed42,EC,S1,XGB,1142,Train,60.0,39.45414733886719
EC_S1_XGB_seed42,EC,S1,XGB,1143,Train,56.0,39.45414733886719
EC_S1_XGB_seed42,EC,S1,XGB,1144,Train,50.0,39.45414733886719
EC_S1_XGB_seed42,EC,S1,XGB,1145,Train,62.0,39.45414733886719
EC_S1_XGB_seed42,EC,S1,XGB,1146,Train,61.0,39.45414733886719
EC_S1_XGB_seed42,EC,S1,XGB,1147,Train,56.0,39.45414733886719
EC_S1_XGB_seed42,EC,S1,XGB,1148,Train,51.0,39.45414733886719
EC_S1_XGB_seed42,EC,S1,XGB,1149,Train,61.0,39.45414733886719
EC_S1_XGB_seed42,EC,S1,XGB,1151,Train,57.0,39.45414733886719
EC_S1_XGB_seed42,EC,S1,XGB,1152,Train,50.0,39.45414733886719
EC_S1_XGB_seed42,EC,S1,XGB,1153,Train,30.0,39.45414733886719
EC_S1_XGB_seed42,EC,S1,XGB,1154,Train,36.0,39.45414733886719
EC_S1_XGB_seed42,EC,S1,XGB,1155,Train,37.0,39.45414733886719
EC_S1_XGB_seed42,EC,S1,XGB,1157,Train,37.0,39.45414733886719
EC_S1_XGB_seed42,EC,S1,XGB,1158,Train,40.0,39.45414733886719
EC_S1_XGB_seed42,EC,S1,XGB,1160,Train,38.0,39.45414733886719
EC_S1_XGB_seed42,EC,S1,XGB,1161,Train,39.0,39.45414733886719
EC_S1_XGB_seed42,EC,S1,XGB,1162,Train,40.0,39.45414733886719
EC_S1_XGB_seed42,EC,S1,XGB,1165,Train,46.0,34.2144660949707
EC_S1_XGB_seed42,EC,S1,XGB,1166,Train,46.0,39.45414733886719
EC_S1_XGB_seed42,EC,S1,XGB,1168,Train,56.0,39.45414733886719
EC_S1_XGB_seed42,EC,S1,XGB,1169,Train,61.0,39.45414733886719
EC_S1_XGB_seed42,EC,S1,XGB,1170,Train,61.0,39.45414733886719
EC_S1_XGB_seed42,EC,S1,XGB,1171,Train,56.0,39.45414733886719
EC_S1_XGB_seed42,EC,S1,XGB,1172,Train,50.0,39.45414733886719
EC_S1_XGB_seed42,EC,S1,XGB,1173,Train,64.0,39.45414733886719
EC_S1_XGB_seed42,EC,S1,XGB,1174,Train,62.0,39.45414733886719
EC_S1_XGB_seed42,EC,S1,XGB,1175,Train,57.0,39.45414733886719
EC_S1_XGB_seed42,EC,S1,XGB,1176,Train,51.0,39.45414733886719
EC_S1_XGB_seed42,EC,S1,XGB,1178,Train,63.0,39.45414733886719
EC_S1_XGB_seed42,EC,S1,XGB,1179,Train,56.0,39.45414733886719
EC_S1_XGB_seed42,EC,S1,XGB,1180,Train,50.0,39.45414733886719
EC_S1_XGB_seed42,EC,S1,XGB,1181,Train,32.0,39.45414733886719
EC_S1_XGB_seed42,EC,S1,XGB,1182,Train,37.0,39.45414733886719
EC_S1_XGB_seed42,EC,S1,XGB,1184,Train,36.0,39.45414733886719
EC_S1_XGB_seed42,EC,S1,XGB,1185,Train,38.0,39.45414733886719
EC_S1_XGB_seed42,EC,S1,XGB,1186,Train,41.0,39.45414733886719
EC_S1_XGB_seed42,EC,S1,XGB,1187,Train,43.0,39.45414733886719
EC_S1_XGB_seed42,EC,S1,XGB,1188,Train,38.0,39.45414733886719
EC_S1_XGB_seed42,EC,S1,XGB,1189,Train,40.0,39.45414733886719
EC_S1_XGB_seed42,EC,S1,XGB,1191,Train,42.0,39.45414733886719
EC_S1_XGB_seed42,EC,S1,XGB,1194,Train,59.0,67.8458480834961
EC_S1_XGB_seed42,EC,S1,XGB,1195,Train,59.0,67.8458480834961
EC_S1_XGB_seed42,EC,S1,XGB,1196,Train,59.0,67.8458480834961
EC_S1_XGB_seed42,EC,S1,XGB,1197,Train,61.0,67.8458480834961
EC_S1_XGB_seed42,EC,S1,XGB,1199,Train,67.0,67.8458480834961
EC_S1_XGB_seed42,EC,S1,XGB,1200,Train,78.0,67.8458480834961
EC_S1_XGB_seed42,EC,S1,XGB,1201,Train,92.0,67.8458480834961
EC_S1_XGB_seed42,EC,S1,XGB,1202,Train,38.0,55.58243179321289
EC_S1_XGB_seed42,EC,S1,XGB,1203,Train,37.0,55.58243179321289
EC_S1_XGB_seed42,EC,S1,XGB,1205,Train,38.0,55.58243179321289
EC_S1_XGB_seed42,EC,S1,XGB,1208,Train,61.0,55.58243179321289
EC_S1_XGB_seed42,EC,S1,XGB,1209,Train,74.0,55.58243179321289
EC_S1_XGB_seed42,EC,S1,XGB,1210,Train,85.0,55.58243179321289
EC_S1_XGB_seed42,EC,S1,XGB,1211,Train,37.0,51.130897521972656
EC_S1_XGB_seed42,EC,S1,XGB,1212,Train,38.0,51.130897521972656
EC_S1_XGB_seed42,EC,S1,XGB,1213,Train,38.0,51.130897521972656
EC_S1_XGB_seed42,EC,S1,XGB,1214,Train,39.0,51.130897521972656
EC_S1_XGB_seed42,EC,S1,XGB,1216,Train,42.0,51.130897521972656
EC_S1_XGB_seed42,EC,S1,XGB,1217,Train,57.0,51.130897521972656
EC_S1_XGB_seed42,EC,S1,XGB,1218,Train,73.0,51.130897521972656
EC_S1_XGB_seed42,EC,S1,XGB,1219,Train,83.0,51.130897521972656
EC_S1_XGB_seed42,EC,S1,XGB,1221,Train,32.0,44.77254867553711
EC_S1_XGB_seed42,EC,S1,XGB,1222,Train,32.0,44.77254867553711
EC_S1_XGB_seed42,EC,S1,XGB,1223,Train,33.0,44.77254867553711
EC_S1_XGB_seed42,EC,S1,XGB,1224,Train,36.0,44.77254867553711
EC_S1_XGB_seed42,EC,S1,XGB,1225,Train,37.0,44.77254867553711
EC_S1_XGB_seed42,EC,S1,XGB,1226,Train,43.0,44.77254867553711
EC_S1_XGB_seed42,EC,S1,XGB,1227,Train,65.0,44.77254867553711
EC_S1_XGB_seed42,EC,S1,XGB,1228,Train,77.0,44.77254867553711
EC_S1_XGB_seed42,EC,S1,XGB,8,Test,32.0,39.012325286865234
EC_S1_XGB_seed42,EC,S1,XGB,16,Test,37.0,39.012325286865234
EC_S1_XGB_seed42,EC,S1,XGB,33,Test,39.0,42.25021743774414
EC_S1_XGB_seed42,EC,S1,XGB,40,Test,36.0,39.012325286865234
EC_S1_XGB_seed42,EC,S1,XGB,41,Test,39.0,42.80488586425781
EC_S1_XGB_seed42,EC,S1,XGB,49,Test,37.0,39.012325286865234
EC_S1_XGB_seed42,EC,S1,XGB,55,Test,27.0,37.6906852722168
EC_S1_XGB_seed42,EC,S1,XGB,60,Test,43.0,36.367706298828125
EC_S1_XGB_seed42,EC,S1,XGB,62,Test,19.0,19.08522605895996
EC_S1_XGB_seed42,EC,S1,XGB,65,Test,38.0,39.012325286865234
EC_S1_XGB_seed42,EC,S1,XGB,67,Test,40.0,42.25021743774414
EC_S1_XGB_seed42,EC,S1,XGB,69,Test,37.0,35.886104583740234
EC_S1_XGB_seed42,EC,S1,XGB,70,Test,35.0,35.57110595703125
EC_S1_XGB_seed42,EC,S1,XGB,74,Test,38.0,39.012325286865234
EC_S1_XGB_seed42,EC,S1,XGB,77,Test,39.0,39.69938659667969
EC_S1_XGB_seed42,EC,S1,XGB,78,Test,38.0,35.886104583740234
EC_S1_XGB_seed42,EC,S1,XGB,81,Test,38.0,39.012325286865234
EC_S1_XGB_seed42,EC,S1,XGB,87,Test,43.0,37.90298843383789
EC_S1_XGB_seed42,EC,S1,XGB,90,Test,34.0,37.6906852722168
EC_S1_XGB_seed42,EC,S1,XGB,95,Test,47.0,37.90298843383789
EC_S1_XGB_seed42,EC,S1,XGB,98,Test,32.0,32.05813217163086
EC_S1_XGB_seed42,EC,S1,XGB,100,Test,44.0,42.80488586425781
EC_S1_XGB_seed42,EC,S1,XGB,108,Test,41.0,39.012325286865234
EC_S1_XGB_seed42,EC,S1,XGB,112,Test,40.0,35.886104583740234
EC_S1_XGB_seed42,EC,S1,XGB,113,Test,40.0,35.57110595703125
EC_S1_XGB_seed42,EC,S1,XGB,119,Test,40.0,36.679176330566406
EC_S1_XGB_seed42,EC,S1,XGB,122,Test,32.0,37.6906852722168
EC_S1_XGB_seed42,EC,S1,XGB,126,Test,40.0,37.6906852722168
EC_S1_XGB_seed42,EC,S1,XGB,143,Test,40.0,35.886104583740234
EC_S1_XGB_seed42,EC,S1,XGB,151,Test,34.0,38.3079948425293
EC_S1_XGB_seed42,EC,S1,XGB,153,Test,41.0,37.6906852722168
EC_S1_XGB_seed42,EC,S1,XGB,154,Test,45.0,37.6906852722168
EC_S1_XGB_seed42,EC,S1,XGB,155,Test,44.0,37.6906852722168
EC_S1_XGB_seed42,EC,S1,XGB,156,Test,41.0,37.6906852722168
EC_S1_XGB_seed42,EC,S1,XGB,171,Test,50.0,38.3079948425293
EC_S1_XGB_seed42,EC,S1,XGB,173,Test,52.0,38.3079948425293
EC_S1_XGB_seed42,EC,S1,XGB,204,Test,47.0,62.77352523803711
EC_S1_XGB_seed42,EC,S1,XGB,210,Test,32.0,38.1859245300293
EC_S1_XGB_seed42,EC,S1,XGB,214,Test,36.0,36.488407135009766
EC_S1_XGB_seed42,EC,S1,XGB,228,Test,21.0,22.09593391418457
EC_S1_XGB_seed42,EC,S1,XGB,234,Test,30.0,42.93900680541992
EC_S1_XGB_seed42,EC,S1,XGB,235,Test,33.0,37.5775260925293
EC_S1_XGB_seed42,EC,S1,XGB,244,Test,34.0,38.1859245300293
EC_S1_XGB_seed42,EC,S1,XGB,245,Test,31.0,32.22751235961914
EC_S1_XGB_seed42,EC,S1,XGB,246,Test,38.0,42.93900680541992
EC_S1_XGB_seed42,EC,S1,XGB,254,Test,53.0,62.77352523803711
EC_S1_XGB_seed42,EC,S1,XGB,257,Test,48.0,62.77352523803711
EC_S1_XGB_seed42,EC,S1,XGB,275,Test,40.0,42.93900680541992
EC_S1_XGB_seed42,EC,S1,XGB,284,Test,62.0,62.77352523803711
EC_S1_XGB_seed42,EC,S1,XGB,295,Test,66.0,62.77352523803711
EC_S1_XGB_seed42,EC,S1,XGB,296,Test,80.0,62.77352523803711
EC_S1_XGB_seed42,EC,S1,XGB,301,Test,32.0,35.86749267578125
EC_S1_XGB_seed42,EC,S1,XGB,321,Test,28.0,33.21392059326172
EC_S1_XGB_seed42,EC,S1,XGB,326,Test,80.0,62.77352523803711
EC_S1_XGB_seed42,EC,S1,XGB,338,Test,23.0,22.09593391418457
EC_S1_XGB_seed42,EC,S1,XGB,341,Test,40.0,46.43415832519531
EC_S1_XGB_seed42,EC,S1,XGB,342,Test,38.0,38.1859245300293
EC_S1_XGB_seed42,EC,S1,XGB,343,Test,32.0,32.22751235961914
EC_S1_XGB_seed42,EC,S1,XGB,360,Test,87.0,62.77352523803711
EC_S1_XGB_seed42,EC,S1,XGB,361,Test,52.0,37.047874450683594
EC_S1_XGB_seed42,EC,S1,XGB,362,Test,36.0,35.86749267578125
EC_S1_XGB_seed42,EC,S1,XGB,364,Test,37.0,34.64512252807617
EC_S1_XGB_seed42,EC,S1,XGB,366,Test,35.0,35.26835632324219
EC_S1_XGB_seed42,EC,S1,XGB,368,Test,51.0,49.0305061340332
EC_S1_XGB_seed42,EC,S1,XGB,370,Test,51.0,38.41001510620117
EC_S1_XGB_seed42,EC,S1,XGB,371,Test,52.0,42.198455810546875
EC_S1_XGB_seed42,EC,S1,XGB,386,Test,17.0,16.3542423248291
EC_S1_XGB_seed42,EC,S1,XGB,397,Test,29.0,33.21392059326172
EC_S1_XGB_seed42,EC,S1,XGB,399,Test,76.0,62.77352523803711
EC_S1_XGB_seed42,EC,S1,XGB,401,Test,84.0,62.77352523803711
EC_S1_XGB_seed42,EC,S1,XGB,411,Test,53.0,38.1859245300293
EC_S1_XGB_seed42,EC,S1,XGB,415,Test,37.0,46.43415832519531
EC_S1_XGB_seed42,EC,S1,XGB,416,Test,76.0,62.77352523803711
EC_S1_XGB_seed42,EC,S1,XGB,417,Test,80.0,62.77352523803711
EC_S1_XGB_seed42,EC,S1,XGB,427,Test,36.0,36.488407135009766
EC_S1_XGB_seed42,EC,S1,XGB,429,Test,32.0,33.21392059326172
EC_S1_XGB_seed42,EC,S1,XGB,431,Test,40.0,33.21392059326172
EC_S1_XGB_seed42,EC,S1,XGB,437,Test,31.0,33.21392059326172
EC_S1_XGB_seed42,EC,S1,XGB,439,Test,39.0,33.21392059326172
EC_S1_XGB_seed42,EC,S1,XGB,444,Test,55.0,38.1859245300293
EC_S1_XGB_seed42,EC,S1,XGB,447,Test,55.0,37.5775260925293
EC_S1_XGB_seed42,EC,S1,XGB,448,Test,36.0,36.488407135009766
EC_S1_XGB_seed42,EC,S1,XGB,467,Test,39.0,40.967201232910156
EC_S1_XGB_seed42,EC,S1,XGB,480,Test,41.0,40.967201232910156
EC_S1_XGB_seed42,EC,S1,XGB,490,Test,36.0,40.2545280456543
EC_S1_XGB_seed42,EC,S1,XGB,497,Test,36.0,40.951045989990234
EC_S1_XGB_seed42,EC,S1,XGB,499,Test,43.0,40.951045989990234
EC_S1_XGB_seed42,EC,S1,XGB,508,Test,47.0,40.967201232910156
EC_S1_XGB_seed42,EC,S1,XGB,513,Test,47.0,39.04048538208008
EC_S1_XGB_seed42,EC,S1,XGB,514,Test,49.0,40.967201232910156
EC_S1_XGB_seed42,EC,S1,XGB,515,Test,50.0,40.2545280456543
EC_S1_XGB_seed42,EC,S1,XGB,519,Test,46.0,40.967201232910156
EC_S1_XGB_seed42,EC,S1,XGB,522,Test,50.0,40.2545280456543
EC_S1_XGB_seed42,EC,S1,XGB,525,Test,45.0,39.04048538208008
EC_S1_XGB_seed42,EC,S1,XGB,531,Test,50.0,40.2545280456543
EC_S1_XGB_seed42,EC,S1,XGB,534,Test,27.0,36.46194076538086
EC_S1_XGB_seed42,EC,S1,XGB,535,Test,30.0,36.46194076538086
EC_S1_XGB_seed42,EC,S1,XGB,537,Test,30.0,36.46194076538086
EC_S1_XGB_seed42,EC,S1,XGB,539,Test,20.0,39.45414733886719
EC_S1_XGB_seed42,EC,S1,XGB,546,Test,30.0,34.40592956542969
EC_S1_XGB_seed42,EC,S1,XGB,551,Test,30.0,36.46194076538086
EC_S1_XGB_seed42,EC,S1,XGB,553,Test,27.0,36.46194076538086
EC_S1_XGB_seed42,EC,S1,XGB,564,Test,23.0,39.45414733886719
EC_S1_XGB_seed42,EC,S1,XGB,576,Test,34.0,36.46194076538086
EC_S1_XGB_seed42,EC,S1,XGB,579,Test,26.0,36.46194076538086
EC_S1_XGB_seed42,EC,S1,XGB,587,Test,32.0,34.40592956542969
EC_S1_XGB_seed42,EC,S1,XGB,611,Test,35.0,36.46194076538086
EC_S1_XGB_seed42,EC,S1,XGB,612,Test,32.0,36.46194076538086
EC_S1_XGB_seed42,EC,S1,XGB,613,Test,36.0,36.46194076538086
EC_S1_XGB_seed42,EC,S1,XGB,616,Test,23.0,34.40592956542969
EC_S1_XGB_seed42,EC,S1,XGB,617,Test,28.0,34.40592956542969
EC_S1_XGB_seed42,EC,S1,XGB,618,Test,33.0,34.40592956542969
EC_S1_XGB_seed42,EC,S1,XGB,620,Test,36.0,34.40592956542969
EC_S1_XGB_seed42,EC,S1,XGB,625,Test,35.0,36.46194076538086
EC_S1_XGB_seed42,EC,S1,XGB,629,Test,25.0,39.45414733886719
EC_S1_XGB_seed42,EC,S1,XGB,631,Test,32.0,39.45414733886719
EC_S1_XGB_seed42,EC,S1,XGB,634,Test,27.0,39.45414733886719
EC_S1_XGB_seed42,EC,S1,XGB,635,Test,30.0,39.45414733886719
EC_S1_XGB_seed42,EC,S1,XGB,637,Test,28.0,34.40592956542969
EC_S1_XGB_seed42,EC,S1,XGB,640,Test,37.0,34.40592956542969
EC_S1_XGB_seed42,EC,S1,XGB,643,Test,38.0,34.40592956542969
EC_S1_XGB_seed42,EC,S1,XGB,644,Test,31.0,36.46194076538086
EC_S1_XGB_seed42,EC,S1,XGB,646,Test,37.0,36.46194076538086
EC_S1_XGB_seed42,EC,S1,XGB,647,Test,34.0,36.46194076538086
EC_S1_XGB_seed42,EC,S1,XGB,654,Test,25.0,34.40592956542969
EC_S1_XGB_seed42,EC,S1,XGB,664,Test,35.0,36.46194076538086
EC_S1_XGB_seed42,EC,S1,XGB,668,Test,25.0,34.40592956542969
EC_S1_XGB_seed42,EC,S1,XGB,673,Test,39.0,34.40592956542969
EC_S1_XGB_seed42,EC,S1,XGB,676,Test,33.0,36.46194076538086
EC_S1_XGB_seed42,EC,S1,XGB,680,Test,36.0,36.46194076538086
EC_S1_XGB_seed42,EC,S1,XGB,682,Test,41.0,36.46194076538086
EC_S1_XGB_seed42,EC,S1,XGB,684,Test,32.0,39.45414733886719
EC_S1_XGB_seed42,EC,S1,XGB,691,Test,32.0,39.45414733886719
EC_S1_XGB_seed42,EC,S1,XGB,699,Test,39.0,34.40592956542969
EC_S1_XGB_seed42,EC,S1,XGB,721,Test,39.0,36.46194076538086
EC_S1_XGB_seed42,EC,S1,XGB,733,Test,40.0,36.46194076538086
EC_S1_XGB_seed42,EC,S1,XGB,749,Test,41.0,34.40592956542969
EC_S1_XGB_seed42,EC,S1,XGB,750,Test,38.0,36.46194076538086
EC_S1_XGB_seed42,EC,S1,XGB,757,Test,40.0,36.46194076538086
EC_S1_XGB_seed42,EC,S1,XGB,764,Test,33.0,39.45414733886719
EC_S1_XGB_seed42,EC,S1,XGB,783,Test,33.0,39.45414733886719
EC_S1_XGB_seed42,EC,S1,XGB,784,Test,35.0,39.45414733886719
EC_S1_XGB_seed42,EC,S1,XGB,785,Test,31.0,39.45414733886719
EC_S1_XGB_seed42,EC,S1,XGB,791,Test,35.0,36.46194076538086
EC_S1_XGB_seed42,EC,S1,XGB,794,Test,31.0,39.45414733886719
EC_S1_XGB_seed42,EC,S1,XGB,803,Test,40.0,34.40592956542969
EC_S1_XGB_seed42,EC,S1,XGB,811,Test,43.0,36.46194076538086
EC_S1_XGB_seed42,EC,S1,XGB,812,Test,47.0,36.46194076538086
EC_S1_XGB_seed42,EC,S1,XGB,826,Test,42.0,39.45414733886719
EC_S1_XGB_seed42,EC,S1,XGB,829,Test,46.0,39.45414733886719
EC_S1_XGB_seed42,EC,S1,XGB,835,Test,26.0,39.45414733886719
EC_S1_XGB_seed42,EC,S1,XGB,840,Test,34.0,39.45414733886719
EC_S1_XGB_seed42,EC,S1,XGB,842,Test,33.0,39.45414733886719
EC_S1_XGB_seed42,EC,S1,XGB,844,Test,34.0,39.45414733886719
EC_S1_XGB_seed42,EC,S1,XGB,847,Test,24.0,34.2144660949707
EC_S1_XGB_seed42,EC,S1,XGB,852,Test,12.0,39.45414733886719
EC_S1_XGB_seed42,EC,S1,XGB,854,Test,17.0,39.45414733886719
EC_S1_XGB_seed42,EC,S1,XGB,857,Test,27.0,39.45414733886719
EC_S1_XGB_seed42,EC,S1,XGB,864,Test,49.0,39.45414733886719
EC_S1_XGB_seed42,EC,S1,XGB,867,Test,48.0,39.45414733886719
EC_S1_XGB_seed42,EC,S1,XGB,872,Test,55.0,39.45414733886719
EC_S1_XGB_seed42,EC,S1,XGB,876,Test,27.0,39.45414733886719
EC_S1_XGB_seed42,EC,S1,XGB,878,Test,33.0,39.45414733886719
EC_S1_XGB_seed42,EC,S1,XGB,883,Test,36.0,39.45414733886719
EC_S1_XGB_seed42,EC,S1,XGB,888,Test,26.0,39.45414733886719
EC_S1_XGB_seed42,EC,S1,XGB,893,Test,27.0,39.45414733886719
EC_S1_XGB_seed42,EC,S1,XGB,904,Test,53.0,39.45414733886719
EC_S1_XGB_seed42,EC,S1,XGB,910,Test,27.0,39.45414733886719
EC_S1_XGB_seed42,EC,S1,XGB,912,Test,29.0,39.45414733886719
EC_S1_XGB_seed42,EC,S1,XGB,914,Test,34.0,39.45414733886719
EC_S1_XGB_seed42,EC,S1,XGB,915,Test,35.0,39.45414733886719
EC_S1_XGB_seed42,EC,S1,XGB,922,Test,30.0,39.45414733886719
EC_S1_XGB_seed42,EC,S1,XGB,927,Test,53.0,39.45414733886719
EC_S1_XGB_seed42,EC,S1,XGB,943,Test,35.0,39.45414733886719
EC_S1_XGB_seed42,EC,S1,XGB,945,Test,36.0,39.45414733886719
EC_S1_XGB_seed42,EC,S1,XGB,955,Test,18.0,39.45414733886719
EC_S1_XGB_seed42,EC,S1,XGB,957,Test,28.0,39.45414733886719
EC_S1_XGB_seed42,EC,S1,XGB,958,Test,30.0,39.45414733886719
EC_S1_XGB_seed42,EC,S1,XGB,964,Test,54.0,39.45414733886719
EC_S1_XGB_seed42,EC,S1,XGB,965,Test,48.0,39.45414733886719
EC_S1_XGB_seed42,EC,S1,XGB,966,Test,51.0,39.45414733886719
EC_S1_XGB_seed42,EC,S1,XGB,980,Test,36.0,39.45414733886719
EC_S1_XGB_seed42,EC,S1,XGB,984,Test,36.0,39.45414733886719
EC_S1_XGB_seed42,EC,S1,XGB,989,Test,33.0,39.45414733886719
EC_S1_XGB_seed42,EC,S1,XGB,995,Test,48.0,39.45414733886719
EC_S1_XGB_seed42,EC,S1,XGB,1001,Test,58.0,39.45414733886719
EC_S1_XGB_seed42,EC,S1,XGB,1002,Test,57.0,39.45414733886719
EC_S1_XGB_seed42,EC,S1,XGB,1003,Test,49.0,39.45414733886719
EC_S1_XGB_seed42,EC,S1,XGB,1010,Test,37.0,39.45414733886719
EC_S1_XGB_seed42,EC,S1,XGB,1019,Test,14.0,39.45414733886719
EC_S1_XGB_seed42,EC,S1,XGB,1026,Test,43.0,39.45414733886719
EC_S1_XGB_seed42,EC,S1,XGB,1027,Test,53.0,39.45414733886719
EC_S1_XGB_seed42,EC,S1,XGB,1031,Test,49.0,39.45414733886719
EC_S1_XGB_seed42,EC,S1,XGB,1041,Test,32.0,39.45414733886719
EC_S1_XGB_seed42,EC,S1,XGB,1047,Test,38.0,39.45414733886719
EC_S1_XGB_seed42,EC,S1,XGB,1058,Test,55.0,39.45414733886719
EC_S1_XGB_seed42,EC,S1,XGB,1059,Test,53.0,39.45414733886719
EC_S1_XGB_seed42,EC,S1,XGB,1062,Test,49.0,39.45414733886719
EC_S1_XGB_seed42,EC,S1,XGB,1063,Test,60.0,39.45414733886719
EC_S1_XGB_seed42,EC,S1,XGB,1067,Test,57.0,39.45414733886719
EC_S1_XGB_seed42,EC,S1,XGB,1072,Test,33.0,39.45414733886719
EC_S1_XGB_seed42,EC,S1,XGB,1075,Test,36.0,39.45414733886719
EC_S1_XGB_seed42,EC,S1,XGB,1087,Test,59.0,39.45414733886719
EC_S1_XGB_seed42,EC,S1,XGB,1100,Test,36.0,39.45414733886719
EC_S1_XGB_seed42,EC,S1,XGB,1106,Test,39.0,39.45414733886719
EC_S1_XGB_seed42,EC,S1,XGB,1107,Test,39.0,39.45414733886719
EC_S1_XGB_seed42,EC,S1,XGB,1112,Test,56.0,39.45414733886719
EC_S1_XGB_seed42,EC,S1,XGB,1116,Test,49.0,39.45414733886719
EC_S1_XGB_seed42,EC,S1,XGB,1127,Test,37.0,39.45414733886719
EC_S1_XGB_seed42,EC,S1,XGB,1129,Test,37.0,39.45414733886719
EC_S1_XGB_seed42,EC,S1,XGB,1138,Test,42.0,39.45414733886719
EC_S1_XGB_seed42,EC,S1,XGB,1150,Test,62.0,39.45414733886719
EC_S1_XGB_seed42,EC,S1,XGB,1156,Test,36.0,39.45414733886719
EC_S1_XGB_seed42,EC,S1,XGB,1159,Test,42.0,39.45414733886719
EC_S1_XGB_seed42,EC,S1,XGB,1163,Test,42.0,39.45414733886719
EC_S1_XGB_seed42,EC,S1,XGB,1164,Test,39.0,39.45414733886719
EC_S1_XGB_seed42,EC,S1,XGB,1167,Test,55.0,39.45414733886719
EC_S1_XGB_seed42,EC,S1,XGB,1177,Test,63.0,39.45414733886719
EC_S1_XGB_seed42,EC,S1,XGB,1183,Test,38.0,39.45414733886719
EC_S1_XGB_seed42,EC,S1,XGB,1190,Test,41.0,39.45414733886719
EC_S1_XGB_seed42,EC,S1,XGB,1192,Test,39.0,39.45414733886719
EC_S1_XGB_seed42,EC,S1,XGB,1193,Test,58.0,67.8458480834961
EC_S1_XGB_seed42,EC,S1,XGB,1198,Test,63.0,67.8458480834961
EC_S1_XGB_seed42,EC,S1,XGB,1204,Test,37.0,55.58243179321289
EC_S1_XGB_seed42,EC,S1,XGB,1206,Test,39.0,55.58243179321289
EC_S1_XGB_seed42,EC,S1,XGB,1207,Test,40.0,55.58243179321289
EC_S1_XGB_seed42,EC,S1,XGB,1215,Test,40.0,51.130897521972656
EC_S1_XGB_seed42,EC,S1,XGB,1220,Test,32.0,44.77254867553711
EC_S2_XGB_seed42,EC,S2,XGB,5,Train,27.0,29.885732650756836
EC_S2_XGB_seed42,EC,S2,XGB,6,Train,28.0,30.44715118408203
EC_S2_XGB_seed42,EC,S2,XGB,7,Train,29.0,29.403310775756836
EC_S2_XGB_seed42,EC,S2,XGB,9,Train,37.0,37.536956787109375
EC_S2_XGB_seed42,EC,S2,XGB,10,Train,31.0,32.207550048828125
EC_S2_XGB_seed42,EC,S2,XGB,12,Train,28.0,36.547611236572266
EC_S2_XGB_seed42,EC,S2,XGB,13,Train,32.0,33.654457092285156
EC_S2_XGB_seed42,EC,S2,XGB,14,Train,38.0,39.38908386230469
EC_S2_XGB_seed42,EC,S2,XGB,15,Train,34.0,39.098636627197266
EC_S2_XGB_seed42,EC,S2,XGB,17,Train,35.0,36.631980895996094
EC_S2_XGB_seed42,EC,S2,XGB,18,Train,31.0,31.978038787841797
EC_S2_XGB_seed42,EC,S2,XGB,20,Train,24.0,26.106727600097656
EC_S2_XGB_seed42,EC,S2,XGB,21,Train,29.0,30.10995864868164
EC_S2_XGB_seed42,EC,S2,XGB,22,Train,33.0,38.114784240722656
EC_S2_XGB_seed42,EC,S2,XGB,23,Train,38.0,38.114784240722656
EC_S2_XGB_seed42,EC,S2,XGB,24,Train,38.0,39.77403259277344
EC_S2_XGB_seed42,EC,S2,XGB,28,Train,19.0,18.346355438232422
EC_S2_XGB_seed42,EC,S2,XGB,29,Train,24.0,25.63018798828125
EC_S2_XGB_seed42,EC,S2,XGB,30,Train,31.0,31.838409423828125
EC_S2_XGB_seed42,EC,S2,XGB,31,Train,37.0,38.4715690612793
EC_S2_XGB_seed42,EC,S2,XGB,32,Train,40.0,43.82877731323242
EC_S2_XGB_seed42,EC,S2,XGB,34,Train,37.0,37.37268829345703
EC_S2_XGB_seed42,EC,S2,XGB,35,Train,35.0,34.70263671875
EC_S2_XGB_seed42,EC,S2,XGB,36,Train,33.0,34.6849365234375
EC_S2_XGB_seed42,EC,S2,XGB,37,Train,18.0,17.37940788269043
EC_S2_XGB_seed42,EC,S2,XGB,38,Train,25.0,24.888519287109375
EC_S2_XGB_seed42,EC,S2,XGB,39,Train,30.0,31.838409423828125
EC_S2_XGB_seed42,EC,S2,XGB,42,Train,38.0,38.598392486572266
EC_S2_XGB_seed42,EC,S2,XGB,43,Train,37.0,37.09884262084961
EC_S2_XGB_seed42,EC,S2,XGB,44,Train,35.0,35.03102493286133
EC_S2_XGB_seed42,EC,S2,XGB,45,Train,35.0,36.06325149536133
EC_S2_XGB_seed42,EC,S2,XGB,46,Train,31.0,32.568870544433594
EC_S2_XGB_seed42,EC,S2,XGB,47,Train,36.0,36.62242889404297
EC_S2_XGB_seed42,EC,S2,XGB,48,Train,38.0,39.38908386230469
EC_S2_XGB_seed42,EC,S2,XGB,50,Train,38.0,39.01918029785156
EC_S2_XGB_seed42,EC,S2,XGB,51,Train,37.0,37.77860641479492
EC_S2_XGB_seed42,EC,S2,XGB,52,Train,27.0,30.66653823852539
EC_S2_XGB_seed42,EC,S2,XGB,53,Train,37.0,37.57783508300781
EC_S2_XGB_seed42,EC,S2,XGB,56,Train,31.0,37.5176887512207
EC_S2_XGB_seed42,EC,S2,XGB,57,Train,36.0,36.77812194824219
EC_S2_XGB_seed42,EC,S2,XGB,58,Train,39.0,38.18247604370117
EC_S2_XGB_seed42,EC,S2,XGB,59,Train,39.0,36.60377883911133
EC_S2_XGB_seed42,EC,S2,XGB,61,Train,19.0,20.69131088256836
EC_S2_XGB_seed42,EC,S2,XGB,63,Train,25.0,25.701549530029297
EC_S2_XGB_seed42,EC,S2,XGB,64,Train,31.0,31.200088500976562
EC_S2_XGB_seed42,EC,S2,XGB,66,Train,42.0,40.53359603881836
EC_S2_XGB_seed42,EC,S2,XGB,68,Train,39.0,38.895347595214844
EC_S2_XGB_seed42,EC,S2,XGB,71,Train,19.0,18.135009765625
EC_S2_XGB_seed42,EC,S2,XGB,72,Train,26.0,25.701549530029297
EC_S2_XGB_seed42,EC,S2,XGB,73,Train,32.0,33.48397445678711
EC_S2_XGB_seed42,EC,S2,XGB,75,Train,41.0,40.23121643066406
EC_S2_XGB_seed42,EC,S2,XGB,76,Train,41.0,41.939266204833984
EC_S2_XGB_seed42,EC,S2,XGB,79,Train,38.0,36.06325149536133
EC_S2_XGB_seed42,EC,S2,XGB,80,Train,33.0,31.807554244995117
EC_S2_XGB_seed42,EC,S2,XGB,82,Train,41.0,39.38908386230469
EC_S2_XGB_seed42,EC,S2,XGB,83,Train,41.0,41.49742889404297
EC_S2_XGB_seed42,EC,S2,XGB,84,Train,39.0,37.95953369140625
EC_S2_XGB_seed42,EC,S2,XGB,85,Train,39.0,38.3484001159668
EC_S2_XGB_seed42,EC,S2,XGB,86,Train,29.0,29.451740264892578
EC_S2_XGB_seed42,EC,S2,XGB,89,Train,30.0,30.10995864868164
EC_S2_XGB_seed42,EC,S2,XGB,91,Train,40.0,38.114784240722656
EC_S2_XGB_seed42,EC,S2,XGB,92,Train,42.0,42.165016174316406
EC_S2_XGB_seed42,EC,S2,XGB,93,Train,39.0,39.65380096435547
EC_S2_XGB_seed42,EC,S2,XGB,94,Train,48.0,46.220306396484375
EC_S2_XGB_seed42,EC,S2,XGB,96,Train,19.0,20.008752822875977
EC_S2_XGB_seed42,EC,S2,XGB,97,Train,26.0,26.010921478271484
EC_S2_XGB_seed42,EC,S2,XGB,99,Train,39.0,38.86898422241211
EC_S2_XGB_seed42,EC,S2,XGB,101,Train,42.0,42.31443405151367
EC_S2_XGB_seed42,EC,S2,XGB,102,Train,40.0,40.85890579223633
EC_S2_XGB_seed42,EC,S2,XGB,103,Train,38.0,38.08427429199219
EC_S2_XGB_seed42,EC,S2,XGB,104,Train,35.0,34.88991928100586
EC_S2_XGB_seed42,EC,S2,XGB,105,Train,20.0,20.382389068603516
EC_S2_XGB_seed42,EC,S2,XGB,106,Train,27.0,27.74026870727539
EC_S2_XGB_seed42,EC,S2,XGB,107,Train,34.0,31.838409423828125
EC_S2_XGB_seed42,EC,S2,XGB,109,Train,45.0,44.1432991027832
EC_S2_XGB_seed42,EC,S2,XGB,110,Train,44.0,43.579376220703125
EC_S2_XGB_seed42,EC,S2,XGB,111,Train,42.0,40.33961868286133
EC_S2_XGB_seed42,EC,S2,XGB,114,Train,36.0,37.71580123901367
EC_S2_XGB_seed42,EC,S2,XGB,115,Train,40.0,38.86898422241211
EC_S2_XGB_seed42,EC,S2,XGB,116,Train,47.0,44.73647689819336
EC_S2_XGB_seed42,EC,S2,XGB,117,Train,44.0,38.57029342651367
EC_S2_XGB_seed42,EC,S2,XGB,118,Train,40.0,41.22846984863281
EC_S2_XGB_seed42,EC,S2,XGB,120,Train,32.0,36.980690002441406
EC_S2_XGB_seed42,EC,S2,XGB,123,Train,37.0,38.114784240722656
EC_S2_XGB_seed42,EC,S2,XGB,124,Train,43.0,41.5701789855957
EC_S2_XGB_seed42,EC,S2,XGB,125,Train,42.0,38.114784240722656
EC_S2_XGB_seed42,EC,S2,XGB,127,Train,48.0,46.63009262084961
EC_S2_XGB_seed42,EC,S2,XGB,129,Train,27.0,30.272035598754883
EC_S2_XGB_seed42,EC,S2,XGB,130,Train,37.0,38.61261749267578
EC_S2_XGB_seed42,EC,S2,XGB,131,Train,41.0,38.83450698852539
EC_S2_XGB_seed42,EC,S2,XGB,132,Train,47.0,42.951629638671875
EC_S2_XGB_seed42,EC,S2,XGB,133,Train,45.0,45.00650405883789
EC_S2_XGB_seed42,EC,S2,XGB,134,Train,41.0,40.40121841430664
EC_S2_XGB_seed42,EC,S2,XGB,136,Train,19.0,18.135009765625
EC_S2_XGB_seed42,EC,S2,XGB,137,Train,27.0,27.532114028930664
EC_S2_XGB_seed42,EC,S2,XGB,138,Train,33.0,32.682010650634766
EC_S2_XGB_seed42,EC,S2,XGB,139,Train,41.0,41.60431671142578
EC_S2_XGB_seed42,EC,S2,XGB,140,Train,47.0,45.55714416503906
EC_S2_XGB_seed42,EC,S2,XGB,141,Train,46.0,45.39455795288086
EC_S2_XGB_seed42,EC,S2,XGB,142,Train,43.0,42.58851623535156
EC_S2_XGB_seed42,EC,S2,XGB,144,Train,37.0,37.044349670410156
EC_S2_XGB_seed42,EC,S2,XGB,145,Train,38.0,36.547611236572266
EC_S2_XGB_seed42,EC,S2,XGB,146,Train,42.0,41.96903991699219
EC_S2_XGB_seed42,EC,S2,XGB,147,Train,48.0,46.634891510009766
EC_S2_XGB_seed42,EC,S2,XGB,148,Train,47.0,42.886600494384766
EC_S2_XGB_seed42,EC,S2,XGB,149,Train,42.0,42.97818374633789
EC_S2_XGB_seed42,EC,S2,XGB,150,Train,40.0,37.90922546386719
EC_S2_XGB_seed42,EC,S2,XGB,152,Train,34.0,35.909488677978516
EC_S2_XGB_seed42,EC,S2,XGB,157,Train,29.0,28.71367073059082
EC_S2_XGB_seed42,EC,S2,XGB,158,Train,39.0,37.52144241333008
EC_S2_XGB_seed42,EC,S2,XGB,159,Train,42.0,40.79099655151367
EC_S2_XGB_seed42,EC,S2,XGB,160,Train,48.0,45.986568450927734
EC_S2_XGB_seed42,EC,S2,XGB,161,Train,48.0,46.634891510009766
EC_S2_XGB_seed42,EC,S2,XGB,162,Train,43.0,41.22846984863281
EC_S2_XGB_seed42,EC,S2,XGB,163,Train,38.0,36.76741409301758
EC_S2_XGB_seed42,EC,S2,XGB,164,Train,35.0,33.84339904785156
EC_S2_XGB_seed42,EC,S2,XGB,165,Train,44.0,40.99940490722656
EC_S2_XGB_seed42,EC,S2,XGB,166,Train,47.0,40.12444305419922
EC_S2_XGB_seed42,EC,S2,XGB,167,Train,46.0,45.05807876586914
EC_S2_XGB_seed42,EC,S2,XGB,168,Train,43.0,42.16944885253906
EC_S2_XGB_seed42,EC,S2,XGB,169,Train,43.0,38.352622985839844
EC_S2_XGB_seed42,EC,S2,XGB,170,Train,46.0,45.92488098144531
EC_S2_XGB_seed42,EC,S2,XGB,172,Train,52.0,46.99467468261719
EC_S2_XGB_seed42,EC,S2,XGB,195,Train,48.0,47.39423751831055
EC_S2_XGB_seed42,EC,S2,XGB,196,Train,47.0,47.00801086425781
EC_S2_XGB_seed42,EC,S2,XGB,197,Train,47.0,47.04887390136719
EC_S2_XGB_seed42,EC,S2,XGB,198,Train,45.0,46.530670166015625
EC_S2_XGB_seed42,EC,S2,XGB,199,Train,46.0,46.303070068359375
EC_S2_XGB_seed42,EC,S2,XGB,200,Train,48.0,47.5391960144043
EC_S2_XGB_seed42,EC,S2,XGB,201,Train,47.0,47.15296936035156
EC_S2_XGB_seed42,EC,S2,XGB,202,Train,47.0,47.22025680541992
EC_S2_XGB_seed42,EC,S2,XGB,203,Train,47.0,46.897972106933594
EC_S2_XGB_seed42,EC,S2,XGB,205,Train,21.0,21.50369644165039
EC_S2_XGB_seed42,EC,S2,XGB,206,Train,19.0,19.99536895751953
EC_S2_XGB_seed42,EC,S2,XGB,207,Train,16.0,16.49656867980957
EC_S2_XGB_seed42,EC,S2,XGB,208,Train,30.0,31.906728744506836
EC_S2_XGB_seed42,EC,S2,XGB,209,Train,67.0,65.26642608642578
EC_S2_XGB_seed42,EC,S2,XGB,211,Train,32.0,32.01163101196289
EC_S2_XGB_seed42,EC,S2,XGB,212,Train,26.0,33.641502380371094
EC_S2_XGB_seed42,EC,S2,XGB,213,Train,30.0,33.023433685302734
EC_S2_XGB_seed42,EC,S2,XGB,215,Train,26.0,35.407798767089844
EC_S2_XGB_seed42,EC,S2,XGB,216,Train,29.0,31.348085403442383
EC_S2_XGB_seed42,EC,S2,XGB,217,Train,48.0,47.62390899658203
EC_S2_XGB_seed42,EC,S2,XGB,218,Train,48.0,47.25678253173828
EC_S2_XGB_seed42,EC,S2,XGB,219,Train,47.0,47.280696868896484
EC_S2_XGB_seed42,EC,S2,XGB,220,Train,46.0,46.87369918823242
EC_S2_XGB_seed42,EC,S2,XGB,221,Train,47.0,46.925838470458984
EC_S2_XGB_seed42,EC,S2,XGB,222,Train,22.0,23.440351486206055
EC_S2_XGB_seed42,EC,S2,XGB,223,Train,48.0,47.76803207397461
EC_S2_XGB_seed42,EC,S2,XGB,224,Train,47.0,47.13965606689453
EC_S2_XGB_seed42,EC,S2,XGB,225,Train,48.0,47.987979888916016
EC_S2_XGB_seed42,EC,S2,XGB,226,Train,48.0,47.95320510864258
EC_S2_XGB_seed42,EC,S2,XGB,227,Train,49.0,48.632808685302734
EC_S2_XGB_seed42,EC,S2,XGB,229,Train,16.0,15.849454879760742
EC_S2_XGB_seed42,EC,S2,XGB,230,Train,31.0,30.731224060058594
EC_S2_XGB_seed42,EC,S2,XGB,231,Train,51.0,46.942684173583984
EC_S2_XGB_seed42,EC,S2,XGB,232,Train,34.0,33.16543960571289
EC_S2_XGB_seed42,EC,S2,XGB,233,Train,31.0,30.255695343017578
EC_S2_XGB_seed42,EC,S2,XGB,236,Train,36.0,36.337371826171875
EC_S2_XGB_seed42,EC,S2,XGB,237,Train,29.0,29.136211395263672
EC_S2_XGB_seed42,EC,S2,XGB,238,Train,31.0,31.574832916259766
EC_S2_XGB_seed42,EC,S2,XGB,239,Train,21.0,20.790895462036133
EC_S2_XGB_seed42,EC,S2,XGB,240,Train,21.0,20.579801559448242
EC_S2_XGB_seed42,EC,S2,XGB,241,Train,16.0,15.912692070007324
EC_S2_XGB_seed42,EC,S2,XGB,242,Train,31.0,32.37854766845703
EC_S2_XGB_seed42,EC,S2,XGB,243,Train,45.0,45.207664489746094
EC_S2_XGB_seed42,EC,S2,XGB,247,Train,34.0,37.41727828979492
EC_S2_XGB_seed42,EC,S2,XGB,248,Train,36.0,35.419700622558594
EC_S2_XGB_seed42,EC,S2,XGB,249,Train,33.0,33.68807601928711
EC_S2_XGB_seed42,EC,S2,XGB,250,Train,31.0,31.574832916259766
EC_S2_XGB_seed42,EC,S2,XGB,251,Train,48.0,47.58604049682617
EC_S2_XGB_seed42,EC,S2,XGB,252,Train,48.0,47.957542419433594
EC_S2_XGB_seed42,EC,S2,XGB,253,Train,50.0,49.73997497558594
EC_S2_XGB_seed42,EC,S2,XGB,255,Train,51.0,50.56089401245117
EC_S2_XGB_seed42,EC,S2,XGB,258,Train,49.0,49.3649787902832
EC_S2_XGB_seed42,EC,S2,XGB,259,Train,54.0,54.13009262084961
EC_S2_XGB_seed42,EC,S2,XGB,260,Train,62.0,59.3351936340332
EC_S2_XGB_seed42,EC,S2,XGB,261,Train,54.0,55.87179183959961
EC_S2_XGB_seed42,EC,S2,XGB,269,Train,21.0,21.507503509521484
EC_S2_XGB_seed42,EC,S2,XGB,270,Train,16.0,16.70665168762207
EC_S2_XGB_seed42,EC,S2,XGB,271,Train,30.0,29.891111373901367
EC_S2_XGB_seed42,EC,S2,XGB,272,Train,44.0,44.41756820678711
EC_S2_XGB_seed42,EC,S2,XGB,273,Train,35.0,34.86359786987305
EC_S2_XGB_seed42,EC,S2,XGB,274,Train,32.0,32.06612777709961
EC_S2_XGB_seed42,EC,S2,XGB,276,Train,35.0,35.911380767822266
EC_S2_XGB_seed42,EC,S2,XGB,277,Train,36.0,37.40773010253906
EC_S2_XGB_seed42,EC,S2,XGB,278,Train,39.0,39.305484771728516
EC_S2_XGB_seed42,EC,S2,XGB,279,Train,32.0,33.02287673950195
EC_S2_XGB_seed42,EC,S2,XGB,280,Train,50.0,51.623592376708984
EC_S2_XGB_seed42,EC,S2,XGB,281,Train,53.0,54.852867126464844
EC_S2_XGB_seed42,EC,S2,XGB,282,Train,71.0,68.46685028076172
EC_S2_XGB_seed42,EC,S2,XGB,283,Train,76.0,72.70004272460938
EC_S2_XGB_seed42,EC,S2,XGB,293,Train,34.0,31.98739242553711
EC_S2_XGB_seed42,EC,S2,XGB,294,Train,55.0,55.18736267089844
EC_S2_XGB_seed42,EC,S2,XGB,297,Train,82.0,81.28063201904297
EC_S2_XGB_seed42,EC,S2,XGB,298,Train,78.0,79.8694839477539
EC_S2_XGB_seed42,EC,S2,XGB,309,Train,22.0,22.343828201293945
EC_S2_XGB_seed42,EC,S2,XGB,310,Train,23.0,23.500244140625
EC_S2_XGB_seed42,EC,S2,XGB,311,Train,16.0,15.703364372253418
EC_S2_XGB_seed42,EC,S2,XGB,312,Train,30.0,29.914669036865234
EC_S2_XGB_seed42,EC,S2,XGB,313,Train,43.0,44.268245697021484
EC_S2_XGB_seed42,EC,S2,XGB,314,Train,36.0,39.63371276855469
EC_S2_XGB_seed42,EC,S2,XGB,315,Train,32.0,31.09111976623535
EC_S2_XGB_seed42,EC,S2,XGB,316,Train,42.0,42.495582580566406
EC_S2_XGB_seed42,EC,S2,XGB,317,Train,35.0,35.612422943115234
EC_S2_XGB_seed42,EC,S2,XGB,318,Train,38.0,37.47712326049805
EC_S2_XGB_seed42,EC,S2,XGB,319,Train,44.0,35.407798767089844
EC_S2_XGB_seed42,EC,S2,XGB,320,Train,34.0,35.76497268676758
EC_S2_XGB_seed42,EC,S2,XGB,322,Train,28.0,28.807086944580078
EC_S2_XGB_seed42,EC,S2,XGB,323,Train,27.0,26.524513244628906
EC_S2_XGB_seed42,EC,S2,XGB,324,Train,65.0,66.0814437866211
EC_S2_XGB_seed42,EC,S2,XGB,325,Train,76.0,76.17308807373047
EC_S2_XGB_seed42,EC,S2,XGB,327,Train,82.0,82.44737243652344
EC_S2_XGB_seed42,EC,S2,XGB,328,Train,86.0,84.42955780029297
EC_S2_XGB_seed42,EC,S2,XGB,329,Train,33.0,33.83932876586914
EC_S2_XGB_seed42,EC,S2,XGB,337,Train,23.0,22.343828201293945
EC_S2_XGB_seed42,EC,S2,XGB,339,Train,17.0,18.83759307861328
EC_S2_XGB_seed42,EC,S2,XGB,340,Train,30.0,31.743131637573242
EC_S2_XGB_seed42,EC,S2,XGB,344,Train,45.0,43.29491424560547
EC_S2_XGB_seed42,EC,S2,XGB,345,Train,37.0,37.58332824707031
EC_S2_XGB_seed42,EC,S2,XGB,346,Train,37.0,36.127872467041016
EC_S2_XGB_seed42,EC,S2,XGB,347,Train,47.0,46.468170166015625
EC_S2_XGB_seed42,EC,S2,XGB,348,Train,39.0,37.73392105102539
EC_S2_XGB_seed42,EC,S2,XGB,351,Train,36.0,35.64130401611328
EC_S2_XGB_seed42,EC,S2,XGB,353,Train,28.0,30.910810470581055
EC_S2_XGB_seed42,EC,S2,XGB,354,Train,28.0,27.471662521362305
EC_S2_XGB_seed42,EC,S2,XGB,355,Train,35.0,35.184913635253906
EC_S2_XGB_seed42,EC,S2,XGB,356,Train,71.0,70.7617416381836
EC_S2_XGB_seed42,EC,S2,XGB,357,Train,79.0,79.48815155029297
EC_S2_XGB_seed42,EC,S2,XGB,358,Train,83.0,82.72655487060547
EC_S2_XGB_seed42,EC,S2,XGB,359,Train,85.0,84.97010803222656
EC_S2_XGB_seed42,EC,S2,XGB,365,Train,36.0,35.0143928527832
EC_S2_XGB_seed42,EC,S2,XGB,367,Train,49.0,47.607078552246094
EC_S2_XGB_seed42,EC,S2,XGB,369,Train,51.0,50.83501052856445
EC_S2_XGB_seed42,EC,S2,XGB,372,Train,51.0,47.45183563232422
EC_S2_XGB_seed42,EC,S2,XGB,373,Train,50.0,48.8266487121582
EC_S2_XGB_seed42,EC,S2,XGB,374,Train,51.0,49.0968132019043
EC_S2_XGB_seed42,EC,S2,XGB,375,Train,39.0,39.111305236816406
EC_S2_XGB_seed42,EC,S2,XGB,376,Train,40.0,40.66769790649414
EC_S2_XGB_seed42,EC,S2,XGB,377,Train,48.0,46.026607513427734
EC_S2_XGB_seed42,EC,S2,XGB,384,Train,28.0,26.292680740356445
EC_S2_XGB_seed42,EC,S2,XGB,385,Train,23.0,22.77022361755371
EC_S2_XGB_seed42,EC,S2,XGB,387,Train,31.0,30.77191925048828
EC_S2_XGB_seed42,EC,S2,XGB,388,Train,40.0,40.87228012084961
EC_S2_XGB_seed42,EC,S2,XGB,389,Train,48.0,47.4024772644043
EC_S2_XGB_seed42,EC,S2,XGB,390,Train,32.0,32.81578826904297
EC_S2_XGB_seed42,EC,S2,XGB,391,Train,45.0,44.8447380065918
EC_S2_XGB_seed42,EC,S2,XGB,392,Train,36.0,35.10984802246094
EC_S2_XGB_seed42,EC,S2,XGB,393,Train,47.0,46.802371978759766
EC_S2_XGB_seed42,EC,S2,XGB,394,Train,38.0,36.402618408203125
EC_S2_XGB_seed42,EC,S2,XGB,395,Train,41.0,40.14222717285156
EC_S2_XGB_seed42,EC,S2,XGB,396,Train,29.0,30.243793487548828
EC_S2_XGB_seed42,EC,S2,XGB,398,Train,36.0,36.45087814331055
EC_S2_XGB_seed42,EC,S2,XGB,400,Train,79.0,79.79678344726562
EC_S2_XGB_seed42,EC,S2,XGB,402,Train,85.0,85.17375183105469
EC_S2_XGB_seed42,EC,S2,XGB,403,Train,88.0,86.99791717529297
EC_S2_XGB_seed42,EC,S2,XGB,410,Train,17.0,16.3984317779541
EC_S2_XGB_seed42,EC,S2,XGB,412,Train,32.0,32.37437057495117
EC_S2_XGB_seed42,EC,S2,XGB,413,Train,47.0,46.848228454589844
EC_S2_XGB_seed42,EC,S2,XGB,414,Train,23.0,22.67057991027832
EC_S2_XGB_seed42,EC,S2,XGB,418,Train,83.0,82.77908325195312
EC_S2_XGB_seed42,EC,S2,XGB,419,Train,84.0,85.10269165039062
EC_S2_XGB_seed42,EC,S2,XGB,420,Train,87.0,86.98881530761719
EC_S2_XGB_seed42,EC,S2,XGB,421,Train,37.0,37.30204772949219
EC_S2_XGB_seed42,EC,S2,XGB,423,Train,31.0,31.56182289123535
EC_S2_XGB_seed42,EC,S2,XGB,424,Train,32.0,31.743131637573242
EC_S2_XGB_seed42,EC,S2,XGB,425,Train,47.0,43.29491424560547
EC_S2_XGB_seed42,EC,S2,XGB,426,Train,51.0,44.102325439453125
EC_S2_XGB_seed42,EC,S2,XGB,428,Train,37.0,36.41617965698242
EC_S2_XGB_seed42,EC,S2,XGB,430,Train,34.0,33.59410858154297
EC_S2_XGB_seed42,EC,S2,XGB,432,Train,77.0,74.87842559814453
EC_S2_XGB_seed42,EC,S2,XGB,433,Train,82.0,82.41641235351562
EC_S2_XGB_seed42,EC,S2,XGB,434,Train,83.0,83.20162200927734
EC_S2_XGB_seed42,EC,S2,XGB,435,Train,85.0,85.618408203125
EC_S2_XGB_seed42,EC,S2,XGB,436,Train,87.0,86.85680389404297
EC_S2_XGB_seed42,EC,S2,XGB,438,Train,38.0,37.34727096557617
EC_S2_XGB_seed42,EC,S2,XGB,440,Train,17.0,16.57889747619629
EC_S2_XGB_seed42,EC,S2,XGB,441,Train,48.0,47.28055953979492
EC_S2_XGB_seed42,EC,S2,XGB,442,Train,35.0,35.69852828979492
EC_S2_XGB_seed42,EC,S2,XGB,443,Train,36.0,39.060054779052734
EC_S2_XGB_seed42,EC,S2,XGB,445,Train,35.0,34.65300750732422
EC_S2_XGB_seed42,EC,S2,XGB,446,Train,51.0,48.194427490234375
EC_S2_XGB_seed42,EC,S2,XGB,449,Train,32.0,32.02113342285156
EC_S2_XGB_seed42,EC,S2,XGB,450,Train,37.0,36.82199478149414
EC_S2_XGB_seed42,EC,S2,XGB,452,Train,35.0,33.697975158691406
EC_S2_XGB_seed42,EC,S2,XGB,453,Train,39.0,38.022071838378906
EC_S2_XGB_seed42,EC,S2,XGB,454,Train,41.0,40.55939483642578
EC_S2_XGB_seed42,EC,S2,XGB,455,Train,24.0,22.148176193237305
EC_S2_XGB_seed42,EC,S2,XGB,456,Train,47.0,44.415958404541016
EC_S2_XGB_seed42,EC,S2,XGB,457,Train,29.0,30.528438568115234
EC_S2_XGB_seed42,EC,S2,XGB,458,Train,37.0,36.82538604736328
EC_S2_XGB_seed42,EC,S2,XGB,459,Train,32.0,31.940885543823242
EC_S2_XGB_seed42,EC,S2,XGB,460,Train,37.0,37.3321647644043
EC_S2_XGB_seed42,EC,S2,XGB,461,Train,31.0,31.514673233032227
EC_S2_XGB_seed42,EC,S2,XGB,462,Train,37.0,36.8576774597168
EC_S2_XGB_seed42,EC,S2,XGB,463,Train,31.0,31.07157325744629
EC_S2_XGB_seed42,EC,S2,XGB,464,Train,37.0,36.575172424316406
EC_S2_XGB_seed42,EC,S2,XGB,465,Train,36.0,36.82538604736328
EC_S2_XGB_seed42,EC,S2,XGB,466,Train,39.0,36.82538604736328
EC_S2_XGB_seed42,EC,S2,XGB,468,Train,42.0,42.628082275390625
EC_S2_XGB_seed42,EC,S2,XGB,469,Train,36.0,36.58547592163086
EC_S2_XGB_seed42,EC,S2,XGB,470,Train,42.0,41.980960845947266
EC_S2_XGB_seed42,EC,S2,XGB,471,Train,36.0,35.67521286010742
EC_S2_XGB_seed42,EC,S2,XGB,472,Train,41.0,40.962074279785156
EC_S2_XGB_seed42,EC,S2,XGB,473,Train,38.0,36.67085266113281
EC_S2_XGB_seed42,EC,S2,XGB,474,Train,25.0,32.5263786315918
EC_S2_XGB_seed42,EC,S2,XGB,475,Train,32.0,34.6428108215332
EC_S2_XGB_seed42,EC,S2,XGB,476,Train,35.0,34.6428108215332
EC_S2_XGB_seed42,EC,S2,XGB,477,Train,40.0,40.69266891479492
EC_S2_XGB_seed42,EC,S2,XGB,478,Train,42.0,40.69266891479492
EC_S2_XGB_seed42,EC,S2,XGB,479,Train,42.0,39.123779296875
EC_S2_XGB_seed42,EC,S2,XGB,481,Train,26.0,26.856704711914062
EC_S2_XGB_seed42,EC,S2,XGB,482,Train,33.0,34.9551887512207
EC_S2_XGB_seed42,EC,S2,XGB,483,Train,37.0,37.37849044799805
EC_S2_XGB_seed42,EC,S2,XGB,484,Train,42.0,41.43633270263672
EC_S2_XGB_seed42,EC,S2,XGB,485,Train,44.0,43.86178207397461
EC_S2_XGB_seed42,EC,S2,XGB,486,Train,45.0,44.967010498046875
EC_S2_XGB_seed42,EC,S2,XGB,487,Train,39.0,38.04145050048828
EC_S2_XGB_seed42,EC,S2,XGB,488,Train,25.0,26.07030487060547
EC_S2_XGB_seed42,EC,S2,XGB,489,Train,32.0,30.56721305847168
EC_S2_XGB_seed42,EC,S2,XGB,491,Train,42.0,41.853153228759766
EC_S2_XGB_seed42,EC,S2,XGB,492,Train,44.0,44.441497802734375
EC_S2_XGB_seed42,EC,S2,XGB,493,Train,46.0,46.187042236328125
EC_S2_XGB_seed42,EC,S2,XGB,494,Train,38.0,36.27497100830078
EC_S2_XGB_seed42,EC,S2,XGB,495,Train,26.0,36.27497100830078
EC_S2_XGB_seed42,EC,S2,XGB,496,Train,32.0,36.27497100830078
EC_S2_XGB_seed42,EC,S2,XGB,498,Train,41.0,36.27497100830078
EC_S2_XGB_seed42,EC,S2,XGB,500,Train,44.0,36.27497100830078
EC_S2_XGB_seed42,EC,S2,XGB,501,Train,44.0,45.3526611328125
EC_S2_XGB_seed42,EC,S2,XGB,502,Train,46.0,45.296512603759766
EC_S2_XGB_seed42,EC,S2,XGB,503,Train,47.0,47.26865005493164
EC_S2_XGB_seed42,EC,S2,XGB,504,Train,45.0,46.028724670410156
EC_S2_XGB_seed42,EC,S2,XGB,505,Train,41.0,40.69266891479492
EC_S2_XGB_seed42,EC,S2,XGB,506,Train,46.0,45.160362243652344
EC_S2_XGB_seed42,EC,S2,XGB,507,Train,44.0,43.69929885864258
EC_S2_XGB_seed42,EC,S2,XGB,509,Train,43.0,42.72193145751953
EC_S2_XGB_seed42,EC,S2,XGB,510,Train,48.0,47.18735885620117
EC_S2_XGB_seed42,EC,S2,XGB,511,Train,42.0,42.08346176147461
EC_S2_XGB_seed42,EC,S2,XGB,512,Train,47.0,46.800838470458984
EC_S2_XGB_seed42,EC,S2,XGB,516,Train,48.0,48.45383834838867
EC_S2_XGB_seed42,EC,S2,XGB,517,Train,44.0,40.69266891479492
EC_S2_XGB_seed42,EC,S2,XGB,518,Train,47.0,47.23522186279297
EC_S2_XGB_seed42,EC,S2,XGB,520,Train,49.0,45.59540939331055
EC_S2_XGB_seed42,EC,S2,XGB,521,Train,45.0,45.35104751586914
EC_S2_XGB_seed42,EC,S2,XGB,523,Train,45.0,44.68990707397461
EC_S2_XGB_seed42,EC,S2,XGB,524,Train,49.0,48.42757797241211
EC_S2_XGB_seed42,EC,S2,XGB,526,Train,47.0,47.599369049072266
EC_S2_XGB_seed42,EC,S2,XGB,527,Train,47.0,47.037818908691406
EC_S2_XGB_seed42,EC,S2,XGB,528,Train,46.0,46.08420181274414
EC_S2_XGB_seed42,EC,S2,XGB,529,Train,47.0,46.588905334472656
EC_S2_XGB_seed42,EC,S2,XGB,530,Train,48.0,47.9495735168457
EC_S2_XGB_seed42,EC,S2,XGB,532,Train,48.0,47.76522445678711
EC_S2_XGB_seed42,EC,S2,XGB,533,Train,23.0,22.970394134521484
EC_S2_XGB_seed42,EC,S2,XGB,536,Train,26.0,25.731319427490234
EC_S2_XGB_seed42,EC,S2,XGB,538,Train,19.0,19.494123458862305
EC_S2_XGB_seed42,EC,S2,XGB,540,Train,20.0,20.00684928894043
EC_S2_XGB_seed42,EC,S2,XGB,541,Train,24.0,24.099153518676758
EC_S2_XGB_seed42,EC,S2,XGB,542,Train,20.0,20.221078872680664
EC_S2_XGB_seed42,EC,S2,XGB,543,Train,23.0,22.475088119506836
EC_S2_XGB_seed42,EC,S2,XGB,544,Train,28.0,27.51128387451172
EC_S2_XGB_seed42,EC,S2,XGB,545,Train,29.0,28.787269592285156
EC_S2_XGB_seed42,EC,S2,XGB,547,Train,27.0,27.9782657623291
EC_S2_XGB_seed42,EC,S2,XGB,548,Train,30.0,29.28445816040039
EC_S2_XGB_seed42,EC,S2,XGB,549,Train,24.0,25.247289657592773
EC_S2_XGB_seed42,EC,S2,XGB,550,Train,24.0,24.336530685424805
EC_S2_XGB_seed42,EC,S2,XGB,552,Train,32.0,31.6446590423584
EC_S2_XGB_seed42,EC,S2,XGB,554,Train,32.0,32.436763763427734
EC_S2_XGB_seed42,EC,S2,XGB,555,Train,27.0,26.449134826660156
EC_S2_XGB_seed42,EC,S2,XGB,556,Train,25.0,25.03669548034668
EC_S2_XGB_seed42,EC,S2,XGB,557,Train,31.0,29.531763076782227
EC_S2_XGB_seed42,EC,S2,XGB,558,Train,33.0,32.21104431152344
EC_S2_XGB_seed42,EC,S2,XGB,559,Train,29.0,29.391544342041016
EC_S2_XGB_seed42,EC,S2,XGB,560,Train,33.0,33.0509147644043
EC_S2_XGB_seed42,EC,S2,XGB,561,Train,20.0,21.465072631835938
EC_S2_XGB_seed42,EC,S2,XGB,562,Train,23.0,24.836729049682617
EC_S2_XGB_seed42,EC,S2,XGB,563,Train,27.0,28.7928524017334
EC_S2_XGB_seed42,EC,S2,XGB,565,Train,28.0,26.275667190551758
EC_S2_XGB_seed42,EC,S2,XGB,566,Train,24.0,24.559005737304688
EC_S2_XGB_seed42,EC,S2,XGB,567,Train,26.0,26.2742862701416
EC_S2_XGB_seed42,EC,S2,XGB,568,Train,22.0,21.486093521118164
EC_S2_XGB_seed42,EC,S2,XGB,569,Train,25.0,24.638416290283203
EC_S2_XGB_seed42,EC,S2,XGB,570,Train,29.0,28.931303024291992
EC_S2_XGB_seed42,EC,S2,XGB,571,Train,32.0,31.25417137145996
EC_S2_XGB_seed42,EC,S2,XGB,572,Train,31.0,31.146364212036133
EC_S2_XGB_seed42,EC,S2,XGB,573,Train,31.0,30.968721389770508
EC_S2_XGB_seed42,EC,S2,XGB,574,Train,32.0,31.615665435791016
EC_S2_XGB_seed42,EC,S2,XGB,575,Train,27.0,28.145662307739258
EC_S2_XGB_seed42,EC,S2,XGB,577,Train,26.0,26.370615005493164
EC_S2_XGB_seed42,EC,S2,XGB,578,Train,29.0,28.3228702545166
EC_S2_XGB_seed42,EC,S2,XGB,580,Train,32.0,31.194726943969727
EC_S2_XGB_seed42,EC,S2,XGB,581,Train,34.0,33.43306350708008
EC_S2_XGB_seed42,EC,S2,XGB,582,Train,22.0,22.372421264648438
EC_S2_XGB_seed42,EC,S2,XGB,583,Train,26.0,25.860597610473633
EC_S2_XGB_seed42,EC,S2,XGB,584,Train,30.0,29.853097915649414
EC_S2_XGB_seed42,EC,S2,XGB,585,Train,32.0,31.59130859375
EC_S2_XGB_seed42,EC,S2,XGB,586,Train,30.0,30.981231689453125
EC_S2_XGB_seed42,EC,S2,XGB,588,Train,33.0,33.23410415649414
EC_S2_XGB_seed42,EC,S2,XGB,589,Train,35.0,34.843597412109375
EC_S2_XGB_seed42,EC,S2,XGB,590,Train,33.0,31.068727493286133
EC_S2_XGB_seed42,EC,S2,XGB,591,Train,34.0,34.275753021240234
EC_S2_XGB_seed42,EC,S2,XGB,592,Train,29.0,30.664031982421875
EC_S2_XGB_seed42,EC,S2,XGB,593,Train,35.0,34.411651611328125
EC_S2_XGB_seed42,EC,S2,XGB,594,Train,23.0,23.364551544189453
EC_S2_XGB_seed42,EC,S2,XGB,595,Train,26.0,27.905004501342773
EC_S2_XGB_seed42,EC,S2,XGB,596,Train,31.0,32.76783752441406
EC_S2_XGB_seed42,EC,S2,XGB,597,Train,28.0,26.94831085205078
EC_S2_XGB_seed42,EC,S2,XGB,598,Train,29.0,27.733348846435547
EC_S2_XGB_seed42,EC,S2,XGB,599,Train,26.0,26.94831085205078
EC_S2_XGB_seed42,EC,S2,XGB,600,Train,28.0,30.094715118408203
EC_S2_XGB_seed42,EC,S2,XGB,601,Train,23.0,21.634628295898438
EC_S2_XGB_seed42,EC,S2,XGB,602,Train,27.0,26.347288131713867
EC_S2_XGB_seed42,EC,S2,XGB,603,Train,31.0,31.616466522216797
EC_S2_XGB_seed42,EC,S2,XGB,604,Train,33.0,34.34425354003906
EC_S2_XGB_seed42,EC,S2,XGB,605,Train,35.0,34.89523696899414
EC_S2_XGB_seed42,EC,S2,XGB,606,Train,35.0,34.902549743652344
EC_S2_XGB_seed42,EC,S2,XGB,607,Train,36.0,35.69882583618164
EC_S2_XGB_seed42,EC,S2,XGB,608,Train,36.0,35.375770568847656
EC_S2_XGB_seed42,EC,S2,XGB,609,Train,28.0,28.108991622924805
EC_S2_XGB_seed42,EC,S2,XGB,610,Train,33.0,33.139076232910156
EC_S2_XGB_seed42,EC,S2,XGB,614,Train,29.0,28.948898315429688
EC_S2_XGB_seed42,EC,S2,XGB,615,Train,30.0,30.222440719604492
EC_S2_XGB_seed42,EC,S2,XGB,619,Train,34.0,34.13427734375
EC_S2_XGB_seed42,EC,S2,XGB,621,Train,36.0,35.619056701660156
EC_S2_XGB_seed42,EC,S2,XGB,622,Train,37.0,36.86939239501953
EC_S2_XGB_seed42,EC,S2,XGB,623,Train,38.0,36.60646438598633
EC_S2_XGB_seed42,EC,S2,XGB,624,Train,30.0,29.489044189453125
EC_S2_XGB_seed42,EC,S2,XGB,626,Train,36.0,35.489776611328125
EC_S2_XGB_seed42,EC,S2,XGB,627,Train,33.0,33.10948181152344
EC_S2_XGB_seed42,EC,S2,XGB,628,Train,37.0,36.43507766723633
EC_S2_XGB_seed42,EC,S2,XGB,630,Train,28.0,30.37571907043457
EC_S2_XGB_seed42,EC,S2,XGB,632,Train,29.0,30.173389434814453
EC_S2_XGB_seed42,EC,S2,XGB,633,Train,31.0,30.20393943786621
EC_S2_XGB_seed42,EC,S2,XGB,636,Train,24.0,24.6478328704834
EC_S2_XGB_seed42,EC,S2,XGB,638,Train,33.0,33.32020568847656
EC_S2_XGB_seed42,EC,S2,XGB,639,Train,35.0,35.63928985595703
EC_S2_XGB_seed42,EC,S2,XGB,641,Train,37.0,37.068634033203125
EC_S2_XGB_seed42,EC,S2,XGB,642,Train,38.0,37.39099884033203
EC_S2_XGB_seed42,EC,S2,XGB,645,Train,35.0,34.89417266845703
EC_S2_XGB_seed42,EC,S2,XGB,648,Train,38.0,38.22536087036133
EC_S2_XGB_seed42,EC,S2,XGB,649,Train,26.0,27.022315979003906
EC_S2_XGB_seed42,EC,S2,XGB,650,Train,30.0,31.30182456970215
EC_S2_XGB_seed42,EC,S2,XGB,651,Train,34.0,34.173316955566406
EC_S2_XGB_seed42,EC,S2,XGB,652,Train,30.0,29.28803062438965
EC_S2_XGB_seed42,EC,S2,XGB,653,Train,31.0,31.11490249633789
EC_S2_XGB_seed42,EC,S2,XGB,655,Train,29.0,30.206863403320312
EC_S2_XGB_seed42,EC,S2,XGB,656,Train,34.0,34.35441970825195
EC_S2_XGB_seed42,EC,S2,XGB,657,Train,36.0,35.65932083129883
EC_S2_XGB_seed42,EC,S2,XGB,658,Train,38.0,37.92454147338867
EC_S2_XGB_seed42,EC,S2,XGB,659,Train,38.0,37.93771743774414
EC_S2_XGB_seed42,EC,S2,XGB,660,Train,39.0,38.38991165161133
EC_S2_XGB_seed42,EC,S2,XGB,661,Train,39.0,38.5106086730957
EC_S2_XGB_seed42,EC,S2,XGB,662,Train,36.0,38.058597564697266
EC_S2_XGB_seed42,EC,S2,XGB,663,Train,38.0,37.426475524902344
EC_S2_XGB_seed42,EC,S2,XGB,665,Train,40.0,40.18527603149414
EC_S2_XGB_seed42,EC,S2,XGB,666,Train,30.0,29.8675537109375
EC_S2_XGB_seed42,EC,S2,XGB,667,Train,32.0,32.498069763183594
EC_S2_XGB_seed42,EC,S2,XGB,669,Train,31.0,31.371145248413086
EC_S2_XGB_seed42,EC,S2,XGB,670,Train,36.0,35.62754821777344
EC_S2_XGB_seed42,EC,S2,XGB,671,Train,37.0,37.15275955200195
EC_S2_XGB_seed42,EC,S2,XGB,672,Train,39.0,38.371429443359375
EC_S2_XGB_seed42,EC,S2,XGB,674,Train,39.0,39.35818862915039
EC_S2_XGB_seed42,EC,S2,XGB,675,Train,40.0,39.58899688720703
EC_S2_XGB_seed42,EC,S2,XGB,677,Train,27.0,27.725936889648438
EC_S2_XGB_seed42,EC,S2,XGB,678,Train,31.0,33.16206741333008
EC_S2_XGB_seed42,EC,S2,XGB,679,Train,34.0,35.07746887207031
EC_S2_XGB_seed42,EC,S2,XGB,681,Train,37.0,36.59343719482422
EC_S2_XGB_seed42,EC,S2,XGB,683,Train,31.0,29.937265396118164
EC_S2_XGB_seed42,EC,S2,XGB,685,Train,29.0,29.937265396118164
EC_S2_XGB_seed42,EC,S2,XGB,686,Train,31.0,31.943994522094727
EC_S2_XGB_seed42,EC,S2,XGB,687,Train,33.0,32.29877853393555
EC_S2_XGB_seed42,EC,S2,XGB,688,Train,37.0,37.28650665283203
EC_S2_XGB_seed42,EC,S2,XGB,689,Train,38.0,39.0743408203125
EC_S2_XGB_seed42,EC,S2,XGB,690,Train,28.0,28.746801376342773
EC_S2_XGB_seed42,EC,S2,XGB,692,Train,35.0,36.808319091796875
EC_S2_XGB_seed42,EC,S2,XGB,693,Train,26.0,26.305652618408203
EC_S2_XGB_seed42,EC,S2,XGB,694,Train,32.0,32.01219177246094
EC_S2_XGB_seed42,EC,S2,XGB,695,Train,37.0,37.2161979675293
EC_S2_XGB_seed42,EC,S2,XGB,696,Train,37.0,38.71260452270508
EC_S2_XGB_seed42,EC,S2,XGB,697,Train,39.0,39.48573684692383
EC_S2_XGB_seed42,EC,S2,XGB,698,Train,39.0,39.529666900634766
EC_S2_XGB_seed42,EC,S2,XGB,700,Train,40.0,39.869571685791016
EC_S2_XGB_seed42,EC,S2,XGB,701,Train,38.0,38.28960418701172
EC_S2_XGB_seed42,EC,S2,XGB,702,Train,41.0,41.49608612060547
EC_S2_XGB_seed42,EC,S2,XGB,703,Train,31.0,30.531742095947266
EC_S2_XGB_seed42,EC,S2,XGB,704,Train,33.0,33.31793212890625
EC_S2_XGB_seed42,EC,S2,XGB,705,Train,34.0,33.252174377441406
EC_S2_XGB_seed42,EC,S2,XGB,706,Train,38.0,38.98359298706055
EC_S2_XGB_seed42,EC,S2,XGB,707,Train,28.0,29.18072509765625
EC_S2_XGB_seed42,EC,S2,XGB,708,Train,33.0,33.37919998168945
EC_S2_XGB_seed42,EC,S2,XGB,709,Train,35.0,35.84855651855469
EC_S2_XGB_seed42,EC,S2,XGB,710,Train,30.0,31.448095321655273
EC_S2_XGB_seed42,EC,S2,XGB,712,Train,27.0,27.657958984375
EC_S2_XGB_seed42,EC,S2,XGB,713,Train,35.0,34.336299896240234
EC_S2_XGB_seed42,EC,S2,XGB,714,Train,38.0,37.56884002685547
EC_S2_XGB_seed42,EC,S2,XGB,715,Train,38.0,38.89278030395508
EC_S2_XGB_seed42,EC,S2,XGB,716,Train,40.0,39.78822326660156
EC_S2_XGB_seed42,EC,S2,XGB,717,Train,40.0,40.07077407836914
EC_S2_XGB_seed42,EC,S2,XGB,718,Train,40.0,40.258056640625
EC_S2_XGB_seed42,EC,S2,XGB,719,Train,40.0,40.36373519897461
EC_S2_XGB_seed42,EC,S2,XGB,720,Train,38.0,38.026493072509766
EC_S2_XGB_seed42,EC,S2,XGB,722,Train,43.0,42.926509857177734
EC_S2_XGB_seed42,EC,S2,XGB,723,Train,31.0,31.162277221679688
EC_S2_XGB_seed42,EC,S2,XGB,724,Train,33.0,34.15891647338867
EC_S2_XGB_seed42,EC,S2,XGB,727,Train,34.0,33.86663818359375
EC_S2_XGB_seed42,EC,S2,XGB,728,Train,39.0,38.92515563964844
EC_S2_XGB_seed42,EC,S2,XGB,729,Train,29.0,29.48843765258789
EC_S2_XGB_seed42,EC,S2,XGB,730,Train,34.0,33.88434982299805
EC_S2_XGB_seed42,EC,S2,XGB,731,Train,35.0,35.73004913330078
EC_S2_XGB_seed42,EC,S2,XGB,732,Train,38.0,38.19022750854492
EC_S2_XGB_seed42,EC,S2,XGB,734,Train,44.0,43.59480285644531
EC_S2_XGB_seed42,EC,S2,XGB,735,Train,32.0,32.04942321777344
EC_S2_XGB_seed42,EC,S2,XGB,736,Train,34.0,34.33832550048828
EC_S2_XGB_seed42,EC,S2,XGB,737,Train,34.0,34.03605651855469
EC_S2_XGB_seed42,EC,S2,XGB,738,Train,39.0,39.22749328613281
EC_S2_XGB_seed42,EC,S2,XGB,739,Train,29.0,29.460115432739258
EC_S2_XGB_seed42,EC,S2,XGB,740,Train,34.0,34.23493957519531
EC_S2_XGB_seed42,EC,S2,XGB,741,Train,36.0,36.31357192993164
EC_S2_XGB_seed42,EC,S2,XGB,742,Train,29.0,29.247907638549805
EC_S2_XGB_seed42,EC,S2,XGB,743,Train,37.0,36.13871765136719
EC_S2_XGB_seed42,EC,S2,XGB,744,Train,39.0,38.338768005371094
EC_S2_XGB_seed42,EC,S2,XGB,745,Train,39.0,39.54115676879883
EC_S2_XGB_seed42,EC,S2,XGB,746,Train,40.0,40.30033493041992
EC_S2_XGB_seed42,EC,S2,XGB,747,Train,40.0,40.35032653808594
EC_S2_XGB_seed42,EC,S2,XGB,748,Train,40.0,40.64824295043945
EC_S2_XGB_seed42,EC,S2,XGB,751,Train,40.0,40.68059158325195
EC_S2_XGB_seed42,EC,S2,XGB,752,Train,44.0,44.01762390136719
EC_S2_XGB_seed42,EC,S2,XGB,753,Train,33.0,32.46444320678711
EC_S2_XGB_seed42,EC,S2,XGB,754,Train,34.0,34.6043815612793
EC_S2_XGB_seed42,EC,S2,XGB,756,Train,34.0,34.25593566894531
EC_S2_XGB_seed42,EC,S2,XGB,758,Train,30.0,30.144113540649414
EC_S2_XGB_seed42,EC,S2,XGB,759,Train,34.0,34.25180435180664
EC_S2_XGB_seed42,EC,S2,XGB,760,Train,37.0,36.49015808105469
EC_S2_XGB_seed42,EC,S2,XGB,761,Train,38.0,38.79405212402344
EC_S2_XGB_seed42,EC,S2,XGB,762,Train,41.0,41.18025588989258
EC_S2_XGB_seed42,EC,S2,XGB,763,Train,45.0,44.788360595703125
EC_S2_XGB_seed42,EC,S2,XGB,765,Train,35.0,34.821144104003906
EC_S2_XGB_seed42,EC,S2,XGB,766,Train,33.0,33.426795959472656
EC_S2_XGB_seed42,EC,S2,XGB,767,Train,35.0,34.843116760253906
EC_S2_XGB_seed42,EC,S2,XGB,768,Train,40.0,39.74738693237305
EC_S2_XGB_seed42,EC,S2,XGB,769,Train,31.0,30.679494857788086
EC_S2_XGB_seed42,EC,S2,XGB,770,Train,35.0,34.580284118652344
EC_S2_XGB_seed42,EC,S2,XGB,771,Train,37.0,36.735355377197266
EC_S2_XGB_seed42,EC,S2,XGB,772,Train,31.0,31.064001083374023
EC_S2_XGB_seed42,EC,S2,XGB,773,Train,38.0,37.00227737426758
EC_S2_XGB_seed42,EC,S2,XGB,774,Train,39.0,38.6663932800293
EC_S2_XGB_seed42,EC,S2,XGB,775,Train,40.0,39.828163146972656
EC_S2_XGB_seed42,EC,S2,XGB,776,Train,41.0,40.59387969970703
EC_S2_XGB_seed42,EC,S2,XGB,777,Train,41.0,40.65029525756836
EC_S2_XGB_seed42,EC,S2,XGB,778,Train,41.0,41.326656341552734
EC_S2_XGB_seed42,EC,S2,XGB,779,Train,41.0,41.318511962890625
EC_S2_XGB_seed42,EC,S2,XGB,780,Train,38.0,38.999786376953125
EC_S2_XGB_seed42,EC,S2,XGB,781,Train,42.0,41.61397933959961
EC_S2_XGB_seed42,EC,S2,XGB,782,Train,46.0,45.120731353759766
EC_S2_XGB_seed42,EC,S2,XGB,786,Train,35.0,34.99345397949219
EC_S2_XGB_seed42,EC,S2,XGB,787,Train,31.0,30.739370346069336
EC_S2_XGB_seed42,EC,S2,XGB,788,Train,35.0,34.717369079589844
EC_S2_XGB_seed42,EC,S2,XGB,789,Train,38.0,36.735355377197266
EC_S2_XGB_seed42,EC,S2,XGB,790,Train,39.0,39.303863525390625
EC_S2_XGB_seed42,EC,S2,XGB,792,Train,43.0,41.933380126953125
EC_S2_XGB_seed42,EC,S2,XGB,793,Train,46.0,45.330963134765625
EC_S2_XGB_seed42,EC,S2,XGB,795,Train,35.0,34.75812530517578
EC_S2_XGB_seed42,EC,S2,XGB,796,Train,38.0,36.735355377197266
EC_S2_XGB_seed42,EC,S2,XGB,797,Train,33.0,32.89684295654297
EC_S2_XGB_seed42,EC,S2,XGB,798,Train,35.0,35.05931854248047
EC_S2_XGB_seed42,EC,S2,XGB,799,Train,31.0,32.89684295654297
EC_S2_XGB_seed42,EC,S2,XGB,800,Train,33.0,33.59157943725586
EC_S2_XGB_seed42,EC,S2,XGB,801,Train,32.0,31.467538833618164
EC_S2_XGB_seed42,EC,S2,XGB,802,Train,39.0,37.419288635253906
EC_S2_XGB_seed42,EC,S2,XGB,804,Train,40.0,40.161170959472656
EC_S2_XGB_seed42,EC,S2,XGB,805,Train,41.0,41.126930236816406
EC_S2_XGB_seed42,EC,S2,XGB,806,Train,41.0,41.22275161743164
EC_S2_XGB_seed42,EC,S2,XGB,807,Train,42.0,41.5348014831543
EC_S2_XGB_seed42,EC,S2,XGB,808,Train,42.0,41.507179260253906
EC_S2_XGB_seed42,EC,S2,XGB,809,Train,39.0,39.44804382324219
EC_S2_XGB_seed42,EC,S2,XGB,810,Train,39.0,39.30126190185547
EC_S2_XGB_seed42,EC,S2,XGB,813,Train,33.0,33.04318618774414
EC_S2_XGB_seed42,EC,S2,XGB,814,Train,35.0,35.12179183959961
EC_S2_XGB_seed42,EC,S2,XGB,815,Train,47.0,46.64495086669922
EC_S2_XGB_seed42,EC,S2,XGB,816,Train,43.0,43.23109817504883
EC_S2_XGB_seed42,EC,S2,XGB,817,Train,34.0,33.4244270324707
EC_S2_XGB_seed42,EC,S2,XGB,818,Train,36.0,35.590599060058594
EC_S2_XGB_seed42,EC,S2,XGB,819,Train,47.0,46.63470458984375
EC_S2_XGB_seed42,EC,S2,XGB,820,Train,23.0,22.962812423706055
EC_S2_XGB_seed42,EC,S2,XGB,821,Train,27.0,28.26009750366211
EC_S2_XGB_seed42,EC,S2,XGB,822,Train,32.0,33.324546813964844
EC_S2_XGB_seed42,EC,S2,XGB,823,Train,33.0,37.44023895263672
EC_S2_XGB_seed42,EC,S2,XGB,824,Train,36.0,38.820560455322266
EC_S2_XGB_seed42,EC,S2,XGB,825,Train,43.0,36.479862213134766
EC_S2_XGB_seed42,EC,S2,XGB,827,Train,41.0,37.44023895263672
EC_S2_XGB_seed42,EC,S2,XGB,828,Train,43.0,38.820560455322266
EC_S2_XGB_seed42,EC,S2,XGB,830,Train,44.0,38.33035659790039
EC_S2_XGB_seed42,EC,S2,XGB,831,Train,47.0,37.44023895263672
EC_S2_XGB_seed42,EC,S2,XGB,832,Train,49.0,38.820560455322266
EC_S2_XGB_seed42,EC,S2,XGB,833,Train,52.0,36.479862213134766
EC_S2_XGB_seed42,EC,S2,XGB,834,Train,48.0,38.33035659790039
EC_S2_XGB_seed42,EC,S2,XGB,836,Train,26.0,38.820560455322266
EC_S2_XGB_seed42,EC,S2,XGB,837,Train,25.0,36.479862213134766
EC_S2_XGB_seed42,EC,S2,XGB,838,Train,28.0,38.33035659790039
EC_S2_XGB_seed42,EC,S2,XGB,839,Train,32.0,37.44023895263672
EC_S2_XGB_seed42,EC,S2,XGB,841,Train,33.0,36.479862213134766
EC_S2_XGB_seed42,EC,S2,XGB,843,Train,34.0,37.44023895263672
EC_S2_XGB_seed42,EC,S2,XGB,845,Train,31.0,36.479862213134766
EC_S2_XGB_seed42,EC,S2,XGB,846,Train,34.0,38.33035659790039
EC_S2_XGB_seed42,EC,S2,XGB,848,Train,13.0,14.797091484069824
EC_S2_XGB_seed42,EC,S2,XGB,849,Train,28.0,27.52710723876953
EC_S2_XGB_seed42,EC,S2,XGB,850,Train,21.0,20.513389587402344
EC_S2_XGB_seed42,EC,S2,XGB,851,Train,25.0,24.90964126586914
EC_S2_XGB_seed42,EC,S2,XGB,853,Train,18.0,21.099597930908203
EC_S2_XGB_seed42,EC,S2,XGB,855,Train,21.0,20.13693618774414
EC_S2_XGB_seed42,EC,S2,XGB,856,Train,25.0,21.099597930908203
EC_S2_XGB_seed42,EC,S2,XGB,858,Train,25.0,25.457143783569336
EC_S2_XGB_seed42,EC,S2,XGB,859,Train,25.0,25.286619186401367
EC_S2_XGB_seed42,EC,S2,XGB,860,Train,32.0,31.304100036621094
EC_S2_XGB_seed42,EC,S2,XGB,861,Train,38.0,37.81576156616211
EC_S2_XGB_seed42,EC,S2,XGB,862,Train,36.0,38.11362838745117
EC_S2_XGB_seed42,EC,S2,XGB,863,Train,41.0,38.66436767578125
EC_S2_XGB_seed42,EC,S2,XGB,865,Train,46.0,40.29949951171875
EC_S2_XGB_seed42,EC,S2,XGB,866,Train,44.0,38.11362838745117
EC_S2_XGB_seed42,EC,S2,XGB,868,Train,52.0,39.656429290771484
EC_S2_XGB_seed42,EC,S2,XGB,869,Train,47.0,40.29949951171875
EC_S2_XGB_seed42,EC,S2,XGB,870,Train,48.0,38.11362838745117
EC_S2_XGB_seed42,EC,S2,XGB,871,Train,51.0,38.66436767578125
EC_S2_XGB_seed42,EC,S2,XGB,873,Train,49.0,40.29949951171875
EC_S2_XGB_seed42,EC,S2,XGB,874,Train,26.0,38.11362838745117
EC_S2_XGB_seed42,EC,S2,XGB,875,Train,27.0,38.66436767578125
EC_S2_XGB_seed42,EC,S2,XGB,877,Train,31.0,40.29949951171875
EC_S2_XGB_seed42,EC,S2,XGB,879,Train,35.0,38.66436767578125
EC_S2_XGB_seed42,EC,S2,XGB,880,Train,35.0,39.656429290771484
EC_S2_XGB_seed42,EC,S2,XGB,881,Train,34.0,40.29949951171875
EC_S2_XGB_seed42,EC,S2,XGB,882,Train,35.0,38.11362838745117
EC_S2_XGB_seed42,EC,S2,XGB,884,Train,32.0,39.656429290771484
EC_S2_XGB_seed42,EC,S2,XGB,885,Train,35.0,40.29949951171875
EC_S2_XGB_seed42,EC,S2,XGB,886,Train,28.0,31.247352600097656
EC_S2_XGB_seed42,EC,S2,XGB,887,Train,23.0,24.6322078704834
EC_S2_XGB_seed42,EC,S2,XGB,889,Train,28.0,30.274457931518555
EC_S2_XGB_seed42,EC,S2,XGB,890,Train,18.0,19.191036224365234
EC_S2_XGB_seed42,EC,S2,XGB,891,Train,17.0,22.831552505493164
EC_S2_XGB_seed42,EC,S2,XGB,892,Train,23.0,21.994916915893555
EC_S2_XGB_seed42,EC,S2,XGB,894,Train,29.0,22.831552505493164
EC_S2_XGB_seed42,EC,S2,XGB,895,Train,28.0,28.00353240966797
EC_S2_XGB_seed42,EC,S2,XGB,896,Train,36.0,34.8512077331543
EC_S2_XGB_seed42,EC,S2,XGB,897,Train,41.0,40.16499710083008
EC_S2_XGB_seed42,EC,S2,XGB,898,Train,39.0,42.53173065185547
EC_S2_XGB_seed42,EC,S2,XGB,899,Train,46.0,43.09211730957031
EC_S2_XGB_seed42,EC,S2,XGB,900,Train,52.0,43.5439567565918
EC_S2_XGB_seed42,EC,S2,XGB,901,Train,48.0,41.64824295043945
EC_S2_XGB_seed42,EC,S2,XGB,902,Train,47.0,42.53173065185547
EC_S2_XGB_seed42,EC,S2,XGB,903,Train,52.0,43.09211730957031
EC_S2_XGB_seed42,EC,S2,XGB,905,Train,48.0,41.64824295043945
EC_S2_XGB_seed42,EC,S2,XGB,906,Train,50.0,42.53173065185547
EC_S2_XGB_seed42,EC,S2,XGB,907,Train,52.0,43.09211730957031
EC_S2_XGB_seed42,EC,S2,XGB,908,Train,55.0,43.5439567565918
EC_S2_XGB_seed42,EC,S2,XGB,909,Train,49.0,41.64824295043945
EC_S2_XGB_seed42,EC,S2,XGB,911,Train,29.0,43.09211730957031
EC_S2_XGB_seed42,EC,S2,XGB,913,Train,32.0,41.64824295043945
EC_S2_XGB_seed42,EC,S2,XGB,916,Train,35.0,43.5439567565918
EC_S2_XGB_seed42,EC,S2,XGB,917,Train,36.0,41.64824295043945
EC_S2_XGB_seed42,EC,S2,XGB,918,Train,36.0,42.53173065185547
EC_S2_XGB_seed42,EC,S2,XGB,919,Train,36.0,43.09211730957031
EC_S2_XGB_seed42,EC,S2,XGB,920,Train,34.0,43.5439567565918
EC_S2_XGB_seed42,EC,S2,XGB,921,Train,36.0,41.64824295043945
EC_S2_XGB_seed42,EC,S2,XGB,923,Train,38.0,38.028289794921875
EC_S2_XGB_seed42,EC,S2,XGB,924,Train,45.0,44.14266586303711
EC_S2_XGB_seed42,EC,S2,XGB,925,Train,41.0,40.23557662963867
EC_S2_XGB_seed42,EC,S2,XGB,926,Train,49.0,43.600013732910156
EC_S2_XGB_seed42,EC,S2,XGB,928,Train,48.0,41.794925689697266
EC_S2_XGB_seed42,EC,S2,XGB,929,Train,50.0,40.23557662963867
EC_S2_XGB_seed42,EC,S2,XGB,930,Train,55.0,43.600013732910156
EC_S2_XGB_seed42,EC,S2,XGB,931,Train,54.0,44.01847457885742
EC_S2_XGB_seed42,EC,S2,XGB,932,Train,48.0,41.794925689697266
EC_S2_XGB_seed42,EC,S2,XGB,933,Train,50.0,40.23557662963867
EC_S2_XGB_seed42,EC,S2,XGB,934,Train,54.0,43.600013732910156
EC_S2_XGB_seed42,EC,S2,XGB,935,Train,55.0,44.01847457885742
EC_S2_XGB_seed42,EC,S2,XGB,936,Train,49.0,41.794925689697266
EC_S2_XGB_seed42,EC,S2,XGB,937,Train,27.0,40.23557662963867
EC_S2_XGB_seed42,EC,S2,XGB,938,Train,30.0,43.600013732910156
EC_S2_XGB_seed42,EC,S2,XGB,939,Train,30.0,44.01847457885742
EC_S2_XGB_seed42,EC,S2,XGB,940,Train,34.0,41.794925689697266
EC_S2_XGB_seed42,EC,S2,XGB,941,Train,34.0,40.23557662963867
EC_S2_XGB_seed42,EC,S2,XGB,942,Train,36.0,43.600013732910156
EC_S2_XGB_seed42,EC,S2,XGB,944,Train,36.0,41.794925689697266
EC_S2_XGB_seed42,EC,S2,XGB,946,Train,36.0,43.600013732910156
EC_S2_XGB_seed42,EC,S2,XGB,947,Train,35.0,44.01847457885742
EC_S2_XGB_seed42,EC,S2,XGB,948,Train,37.0,41.794925689697266
EC_S2_XGB_seed42,EC,S2,XGB,949,Train,29.0,29.41010284423828
EC_S2_XGB_seed42,EC,S2,XGB,950,Train,23.0,23.282304763793945
EC_S2_XGB_seed42,EC,S2,XGB,951,Train,28.0,28.873851776123047
EC_S2_XGB_seed42,EC,S2,XGB,952,Train,29.0,31.159271240234375
EC_S2_XGB_seed42,EC,S2,XGB,953,Train,13.0,18.793733596801758
EC_S2_XGB_seed42,EC,S2,XGB,954,Train,19.0,20.131851196289062
EC_S2_XGB_seed42,EC,S2,XGB,956,Train,24.0,18.793733596801758
EC_S2_XGB_seed42,EC,S2,XGB,959,Train,31.0,30.51906967163086
EC_S2_XGB_seed42,EC,S2,XGB,960,Train,39.0,38.549949645996094
EC_S2_XGB_seed42,EC,S2,XGB,961,Train,47.0,46.19888687133789
EC_S2_XGB_seed42,EC,S2,XGB,962,Train,42.0,38.65061569213867
EC_S2_XGB_seed42,EC,S2,XGB,963,Train,50.0,43.424560546875
EC_S2_XGB_seed42,EC,S2,XGB,967,Train,56.0,43.424560546875
EC_S2_XGB_seed42,EC,S2,XGB,968,Train,54.0,45.3502197265625
EC_S2_XGB_seed42,EC,S2,XGB,969,Train,49.0,41.272300720214844
EC_S2_XGB_seed42,EC,S2,XGB,970,Train,52.0,38.65061569213867
EC_S2_XGB_seed42,EC,S2,XGB,971,Train,55.0,43.424560546875
EC_S2_XGB_seed42,EC,S2,XGB,972,Train,56.0,45.3502197265625
EC_S2_XGB_seed42,EC,S2,XGB,973,Train,49.0,41.272300720214844
EC_S2_XGB_seed42,EC,S2,XGB,974,Train,27.0,38.65061569213867
EC_S2_XGB_seed42,EC,S2,XGB,975,Train,30.0,43.424560546875
EC_S2_XGB_seed42,EC,S2,XGB,976,Train,31.0,45.3502197265625
EC_S2_XGB_seed42,EC,S2,XGB,977,Train,35.0,41.272300720214844
EC_S2_XGB_seed42,EC,S2,XGB,978,Train,34.0,38.65061569213867
EC_S2_XGB_seed42,EC,S2,XGB,979,Train,36.0,43.424560546875
EC_S2_XGB_seed42,EC,S2,XGB,981,Train,37.0,41.272300720214844
EC_S2_XGB_seed42,EC,S2,XGB,982,Train,37.0,38.65061569213867
EC_S2_XGB_seed42,EC,S2,XGB,983,Train,37.0,43.424560546875
EC_S2_XGB_seed42,EC,S2,XGB,985,Train,37.0,41.272300720214844
EC_S2_XGB_seed42,EC,S2,XGB,990,Train,42.0,41.845672607421875
EC_S2_XGB_seed42,EC,S2,XGB,991,Train,51.0,48.574527740478516
EC_S2_XGB_seed42,EC,S2,XGB,992,Train,47.0,42.65984344482422
EC_S2_XGB_seed42,EC,S2,XGB,993,Train,54.0,43.45152282714844
EC_S2_XGB_seed42,EC,S2,XGB,994,Train,55.0,45.24198532104492
EC_S2_XGB_seed42,EC,S2,XGB,996,Train,54.0,42.65984344482422
EC_S2_XGB_seed42,EC,S2,XGB,997,Train,58.0,43.45152282714844
EC_S2_XGB_seed42,EC,S2,XGB,998,Train,56.0,45.24198532104492
EC_S2_XGB_seed42,EC,S2,XGB,999,Train,49.0,40.527339935302734
EC_S2_XGB_seed42,EC,S2,XGB,1000,Train,54.0,42.65984344482422
EC_S2_XGB_seed42,EC,S2,XGB,1004,Train,28.0,42.65984344482422
EC_S2_XGB_seed42,EC,S2,XGB,1005,Train,31.0,43.45152282714844
EC_S2_XGB_seed42,EC,S2,XGB,1006,Train,33.0,45.24198532104492
EC_S2_XGB_seed42,EC,S2,XGB,1007,Train,36.0,40.527339935302734
EC_S2_XGB_seed42,EC,S2,XGB,1008,Train,35.0,42.65984344482422
EC_S2_XGB_seed42,EC,S2,XGB,1009,Train,36.0,43.45152282714844
EC_S2_XGB_seed42,EC,S2,XGB,1011,Train,38.0,40.527339935302734
EC_S2_XGB_seed42,EC,S2,XGB,1012,Train,37.0,42.65984344482422
EC_S2_XGB_seed42,EC,S2,XGB,1013,Train,37.0,43.45152282714844
EC_S2_XGB_seed42,EC,S2,XGB,1014,Train,37.0,45.24198532104492
EC_S2_XGB_seed42,EC,S2,XGB,1015,Train,38.0,40.527339935302734
EC_S2_XGB_seed42,EC,S2,XGB,1016,Train,24.0,25.580368041992188
EC_S2_XGB_seed42,EC,S2,XGB,1017,Train,29.0,31.459341049194336
EC_S2_XGB_seed42,EC,S2,XGB,1018,Train,30.0,30.654052734375
EC_S2_XGB_seed42,EC,S2,XGB,1020,Train,20.0,23.822168350219727
EC_S2_XGB_seed42,EC,S2,XGB,1021,Train,18.0,25.51910400390625
EC_S2_XGB_seed42,EC,S2,XGB,1022,Train,24.0,23.532020568847656
EC_S2_XGB_seed42,EC,S2,XGB,1023,Train,29.0,23.822168350219727
EC_S2_XGB_seed42,EC,S2,XGB,1024,Train,32.0,25.51910400390625
EC_S2_XGB_seed42,EC,S2,XGB,1025,Train,35.0,35.4716796875
EC_S2_XGB_seed42,EC,S2,XGB,1028,Train,49.0,43.01873779296875
EC_S2_XGB_seed42,EC,S2,XGB,1029,Train,56.0,48.94873046875
EC_S2_XGB_seed42,EC,S2,XGB,1030,Train,55.0,46.036746978759766
EC_S2_XGB_seed42,EC,S2,XGB,1032,Train,57.0,43.01873779296875
EC_S2_XGB_seed42,EC,S2,XGB,1033,Train,59.0,48.94873046875
EC_S2_XGB_seed42,EC,S2,XGB,1034,Train,56.0,46.036746978759766
EC_S2_XGB_seed42,EC,S2,XGB,1035,Train,49.0,43.08783721923828
EC_S2_XGB_seed42,EC,S2,XGB,1036,Train,55.0,43.01873779296875
EC_S2_XGB_seed42,EC,S2,XGB,1037,Train,59.0,48.94873046875
EC_S2_XGB_seed42,EC,S2,XGB,1038,Train,57.0,46.036746978759766
EC_S2_XGB_seed42,EC,S2,XGB,1039,Train,49.0,43.08783721923828
EC_S2_XGB_seed42,EC,S2,XGB,1040,Train,28.0,43.01873779296875
EC_S2_XGB_seed42,EC,S2,XGB,1042,Train,33.0,46.036746978759766
EC_S2_XGB_seed42,EC,S2,XGB,1043,Train,36.0,43.08783721923828
EC_S2_XGB_seed42,EC,S2,XGB,1044,Train,35.0,43.01873779296875
EC_S2_XGB_seed42,EC,S2,XGB,1045,Train,37.0,48.94873046875
EC_S2_XGB_seed42,EC,S2,XGB,1046,Train,37.0,46.036746978759766
EC_S2_XGB_seed42,EC,S2,XGB,1048,Train,37.0,43.01873779296875
EC_S2_XGB_seed42,EC,S2,XGB,1049,Train,38.0,48.94873046875
EC_S2_XGB_seed42,EC,S2,XGB,1050,Train,38.0,46.036746978759766
EC_S2_XGB_seed42,EC,S2,XGB,1051,Train,38.0,43.08783721923828
EC_S2_XGB_seed42,EC,S2,XGB,1052,Train,34.0,33.540687561035156
EC_S2_XGB_seed42,EC,S2,XGB,1053,Train,25.0,23.290904998779297
EC_S2_XGB_seed42,EC,S2,XGB,1054,Train,29.0,29.140674591064453
EC_S2_XGB_seed42,EC,S2,XGB,1055,Train,32.0,31.361072540283203
EC_S2_XGB_seed42,EC,S2,XGB,1056,Train,37.0,34.6435661315918
EC_S2_XGB_seed42,EC,S2,XGB,1057,Train,46.0,44.00253677368164
EC_S2_XGB_seed42,EC,S2,XGB,1060,Train,58.0,50.88037872314453
EC_S2_XGB_seed42,EC,S2,XGB,1061,Train,55.0,46.870849609375
EC_S2_XGB_seed42,EC,S2,XGB,1064,Train,60.0,50.88037872314453
EC_S2_XGB_seed42,EC,S2,XGB,1065,Train,56.0,46.870849609375
EC_S2_XGB_seed42,EC,S2,XGB,1066,Train,50.0,42.2743034362793
EC_S2_XGB_seed42,EC,S2,XGB,1068,Train,61.0,50.88037872314453
EC_S2_XGB_seed42,EC,S2,XGB,1069,Train,57.0,46.870849609375
EC_S2_XGB_seed42,EC,S2,XGB,1070,Train,49.0,42.2743034362793
EC_S2_XGB_seed42,EC,S2,XGB,1071,Train,29.0,35.68693161010742
EC_S2_XGB_seed42,EC,S2,XGB,1073,Train,34.0,46.870849609375
EC_S2_XGB_seed42,EC,S2,XGB,1074,Train,36.0,42.2743034362793
EC_S2_XGB_seed42,EC,S2,XGB,1076,Train,38.0,50.88037872314453
EC_S2_XGB_seed42,EC,S2,XGB,1077,Train,38.0,46.870849609375
EC_S2_XGB_seed42,EC,S2,XGB,1078,Train,38.0,42.2743034362793
EC_S2_XGB_seed42,EC,S2,XGB,1079,Train,38.0,35.68693161010742
EC_S2_XGB_seed42,EC,S2,XGB,1080,Train,38.0,50.88037872314453
EC_S2_XGB_seed42,EC,S2,XGB,1081,Train,40.0,46.870849609375
EC_S2_XGB_seed42,EC,S2,XGB,1082,Train,39.0,42.2743034362793
EC_S2_XGB_seed42,EC,S2,XGB,1083,Train,39.0,38.83014678955078
EC_S2_XGB_seed42,EC,S2,XGB,1084,Train,49.0,47.80458068847656
EC_S2_XGB_seed42,EC,S2,XGB,1085,Train,55.0,52.13699722290039
EC_S2_XGB_seed42,EC,S2,XGB,1086,Train,55.0,47.87635040283203
EC_S2_XGB_seed42,EC,S2,XGB,1088,Train,56.0,50.03990936279297
EC_S2_XGB_seed42,EC,S2,XGB,1089,Train,49.0,43.62328338623047
EC_S2_XGB_seed42,EC,S2,XGB,1090,Train,61.0,47.87635040283203
EC_S2_XGB_seed42,EC,S2,XGB,1091,Train,61.0,49.11962890625
EC_S2_XGB_seed42,EC,S2,XGB,1092,Train,56.0,50.03990936279297
EC_S2_XGB_seed42,EC,S2,XGB,1093,Train,50.0,43.62328338623047
EC_S2_XGB_seed42,EC,S2,XGB,1094,Train,58.0,47.87635040283203
EC_S2_XGB_seed42,EC,S2,XGB,1095,Train,61.0,49.11962890625
EC_S2_XGB_seed42,EC,S2,XGB,1096,Train,57.0,50.03990936279297
EC_S2_XGB_seed42,EC,S2,XGB,1097,Train,49.0,43.62328338623047
EC_S2_XGB_seed42,EC,S2,XGB,1098,Train,30.0,47.87635040283203
EC_S2_XGB_seed42,EC,S2,XGB,1099,Train,34.0,49.11962890625
EC_S2_XGB_seed42,EC,S2,XGB,1101,Train,37.0,43.62328338623047
EC_S2_XGB_seed42,EC,S2,XGB,1102,Train,37.0,47.87635040283203
EC_S2_XGB_seed42,EC,S2,XGB,1103,Train,38.0,49.11962890625
EC_S2_XGB_seed42,EC,S2,XGB,1104,Train,40.0,50.03990936279297
EC_S2_XGB_seed42,EC,S2,XGB,1105,Train,38.0,43.62328338623047
EC_S2_XGB_seed42,EC,S2,XGB,1108,Train,41.0,50.03990936279297
EC_S2_XGB_seed42,EC,S2,XGB,1109,Train,39.0,43.62328338623047
EC_S2_XGB_seed42,EC,S2,XGB,1110,Train,40.0,40.845542907714844
EC_S2_XGB_seed42,EC,S2,XGB,1111,Train,50.0,47.58208465576172
EC_S2_XGB_seed42,EC,S2,XGB,1113,Train,57.0,49.08494186401367
EC_S2_XGB_seed42,EC,S2,XGB,1114,Train,59.0,48.649871826171875
EC_S2_XGB_seed42,EC,S2,XGB,1115,Train,56.0,50.167816162109375
EC_S2_XGB_seed42,EC,S2,XGB,1117,Train,62.0,49.08494186401367
EC_S2_XGB_seed42,EC,S2,XGB,1118,Train,60.0,48.649871826171875
EC_S2_XGB_seed42,EC,S2,XGB,1119,Train,57.0,50.167816162109375
EC_S2_XGB_seed42,EC,S2,XGB,1120,Train,50.0,42.585025787353516
EC_S2_XGB_seed42,EC,S2,XGB,1121,Train,59.0,49.08494186401367
EC_S2_XGB_seed42,EC,S2,XGB,1122,Train,62.0,48.649871826171875
EC_S2_XGB_seed42,EC,S2,XGB,1123,Train,57.0,50.167816162109375
EC_S2_XGB_seed42,EC,S2,XGB,1124,Train,49.0,42.585025787353516
EC_S2_XGB_seed42,EC,S2,XGB,1125,Train,30.0,49.08494186401367
EC_S2_XGB_seed42,EC,S2,XGB,1126,Train,35.0,48.649871826171875
EC_S2_XGB_seed42,EC,S2,XGB,1128,Train,36.0,42.585025787353516
EC_S2_XGB_seed42,EC,S2,XGB,1130,Train,39.0,48.649871826171875
EC_S2_XGB_seed42,EC,S2,XGB,1131,Train,41.0,50.167816162109375
EC_S2_XGB_seed42,EC,S2,XGB,1132,Train,38.0,42.585025787353516
EC_S2_XGB_seed42,EC,S2,XGB,1133,Train,39.0,49.08494186401367
EC_S2_XGB_seed42,EC,S2,XGB,1134,Train,40.0,48.649871826171875
EC_S2_XGB_seed42,EC,S2,XGB,1135,Train,41.0,50.167816162109375
EC_S2_XGB_seed42,EC,S2,XGB,1136,Train,39.0,42.585025787353516
EC_S2_XGB_seed42,EC,S2,XGB,1137,Train,35.0,33.11997604370117
EC_S2_XGB_seed42,EC,S2,XGB,1139,Train,52.0,48.74353790283203
EC_S2_XGB_seed42,EC,S2,XGB,1140,Train,57.0,54.08662414550781
EC_S2_XGB_seed42,EC,S2,XGB,1141,Train,59.0,47.9610710144043
EC_S2_XGB_seed42,EC,S2,XGB,1142,Train,60.0,47.58784484863281
EC_S2_XGB_seed42,EC,S2,XGB,1143,Train,56.0,51.65658187866211
EC_S2_XGB_seed42,EC,S2,XGB,1144,Train,50.0,47.02414321899414
EC_S2_XGB_seed42,EC,S2,XGB,1145,Train,62.0,47.9610710144043
EC_S2_XGB_seed42,EC,S2,XGB,1146,Train,61.0,47.58784484863281
EC_S2_XGB_seed42,EC,S2,XGB,1147,Train,56.0,51.65658187866211
EC_S2_XGB_seed42,EC,S2,XGB,1148,Train,51.0,47.02414321899414
EC_S2_XGB_seed42,EC,S2,XGB,1149,Train,61.0,47.9610710144043
EC_S2_XGB_seed42,EC,S2,XGB,1151,Train,57.0,51.65658187866211
EC_S2_XGB_seed42,EC,S2,XGB,1152,Train,50.0,47.02414321899414
EC_S2_XGB_seed42,EC,S2,XGB,1153,Train,30.0,47.9610710144043
EC_S2_XGB_seed42,EC,S2,XGB,1154,Train,36.0,47.58784484863281
EC_S2_XGB_seed42,EC,S2,XGB,1155,Train,37.0,51.65658187866211
EC_S2_XGB_seed42,EC,S2,XGB,1157,Train,37.0,47.9610710144043
EC_S2_XGB_seed42,EC,S2,XGB,1158,Train,40.0,47.58784484863281
EC_S2_XGB_seed42,EC,S2,XGB,1160,Train,38.0,47.02414321899414
EC_S2_XGB_seed42,EC,S2,XGB,1161,Train,39.0,47.9610710144043
EC_S2_XGB_seed42,EC,S2,XGB,1162,Train,40.0,47.58784484863281
EC_S2_XGB_seed42,EC,S2,XGB,1165,Train,46.0,45.660186767578125
EC_S2_XGB_seed42,EC,S2,XGB,1166,Train,46.0,45.30243682861328
EC_S2_XGB_seed42,EC,S2,XGB,1168,Train,56.0,51.818397521972656
EC_S2_XGB_seed42,EC,S2,XGB,1169,Train,61.0,46.844268798828125
EC_S2_XGB_seed42,EC,S2,XGB,1170,Train,61.0,52.6173210144043
EC_S2_XGB_seed42,EC,S2,XGB,1171,Train,56.0,51.02699661254883
EC_S2_XGB_seed42,EC,S2,XGB,1172,Train,50.0,44.64730453491211
EC_S2_XGB_seed42,EC,S2,XGB,1173,Train,64.0,46.844268798828125
EC_S2_XGB_seed42,EC,S2,XGB,1174,Train,62.0,52.6173210144043
EC_S2_XGB_seed42,EC,S2,XGB,1175,Train,57.0,51.02699661254883
EC_S2_XGB_seed42,EC,S2,XGB,1176,Train,51.0,44.64730453491211
EC_S2_XGB_seed42,EC,S2,XGB,1178,Train,63.0,52.6173210144043
EC_S2_XGB_seed42,EC,S2,XGB,1179,Train,56.0,51.02699661254883
EC_S2_XGB_seed42,EC,S2,XGB,1180,Train,50.0,44.64730453491211
EC_S2_XGB_seed42,EC,S2,XGB,1181,Train,32.0,46.844268798828125
EC_S2_XGB_seed42,EC,S2,XGB,1182,Train,37.0,52.6173210144043
EC_S2_XGB_seed42,EC,S2,XGB,1184,Train,36.0,44.64730453491211
EC_S2_XGB_seed42,EC,S2,XGB,1185,Train,38.0,46.844268798828125
EC_S2_XGB_seed42,EC,S2,XGB,1186,Train,41.0,52.6173210144043
EC_S2_XGB_seed42,EC,S2,XGB,1187,Train,43.0,51.02699661254883
EC_S2_XGB_seed42,EC,S2,XGB,1188,Train,38.0,44.64730453491211
EC_S2_XGB_seed42,EC,S2,XGB,1189,Train,40.0,46.844268798828125
EC_S2_XGB_seed42,EC,S2,XGB,1191,Train,42.0,51.02699661254883
EC_S2_XGB_seed42,EC,S2,XGB,1194,Train,59.0,57.9348258972168
EC_S2_XGB_seed42,EC,S2,XGB,1195,Train,59.0,59.94390106201172
EC_S2_XGB_seed42,EC,S2,XGB,1196,Train,59.0,59.14936447143555
EC_S2_XGB_seed42,EC,S2,XGB,1197,Train,61.0,60.56122589111328
EC_S2_XGB_seed42,EC,S2,XGB,1199,Train,67.0,66.57087707519531
EC_S2_XGB_seed42,EC,S2,XGB,1200,Train,78.0,79.27645874023438
EC_S2_XGB_seed42,EC,S2,XGB,1201,Train,92.0,90.11514282226562
EC_S2_XGB_seed42,EC,S2,XGB,1202,Train,38.0,37.40591049194336
EC_S2_XGB_seed42,EC,S2,XGB,1203,Train,37.0,37.072425842285156
EC_S2_XGB_seed42,EC,S2,XGB,1205,Train,38.0,38.75510787963867
EC_S2_XGB_seed42,EC,S2,XGB,1208,Train,61.0,60.2088508605957
EC_S2_XGB_seed42,EC,S2,XGB,1209,Train,74.0,75.73320007324219
EC_S2_XGB_seed42,EC,S2,XGB,1210,Train,85.0,86.17498779296875
EC_S2_XGB_seed42,EC,S2,XGB,1211,Train,37.0,36.97195816040039
EC_S2_XGB_seed42,EC,S2,XGB,1212,Train,38.0,37.71970748901367
EC_S2_XGB_seed42,EC,S2,XGB,1213,Train,38.0,38.78216552734375
EC_S2_XGB_seed42,EC,S2,XGB,1214,Train,39.0,38.72340393066406
EC_S2_XGB_seed42,EC,S2,XGB,1216,Train,42.0,42.07277297973633
EC_S2_XGB_seed42,EC,S2,XGB,1217,Train,57.0,56.70785903930664
EC_S2_XGB_seed42,EC,S2,XGB,1218,Train,73.0,71.91394805908203
EC_S2_XGB_seed42,EC,S2,XGB,1219,Train,83.0,82.1518783569336
EC_S2_XGB_seed42,EC,S2,XGB,1221,Train,32.0,32.49000930786133
EC_S2_XGB_seed42,EC,S2,XGB,1222,Train,32.0,32.87744903564453
EC_S2_XGB_seed42,EC,S2,XGB,1223,Train,33.0,33.984153747558594
EC_S2_XGB_seed42,EC,S2,XGB,1224,Train,36.0,35.576873779296875
EC_S2_XGB_seed42,EC,S2,XGB,1225,Train,37.0,36.532997131347656
EC_S2_XGB_seed42,EC,S2,XGB,1226,Train,43.0,44.64166259765625
EC_S2_XGB_seed42,EC,S2,XGB,1227,Train,65.0,64.00010681152344
EC_S2_XGB_seed42,EC,S2,XGB,1228,Train,77.0,76.15078735351562
EC_S2_XGB_seed42,EC,S2,XGB,8,Test,32.0,21.802236557006836
EC_S2_XGB_seed42,EC,S2,XGB,16,Test,37.0,48.93330383300781
EC_S2_XGB_seed42,EC,S2,XGB,33,Test,39.0,39.984046936035156
EC_S2_XGB_seed42,EC,S2,XGB,40,Test,36.0,32.69217300415039
EC_S2_XGB_seed42,EC,S2,XGB,41,Test,39.0,43.82877731323242
EC_S2_XGB_seed42,EC,S2,XGB,49,Test,37.0,37.730838775634766
EC_S2_XGB_seed42,EC,S2,XGB,55,Test,27.0,34.55398941040039
EC_S2_XGB_seed42,EC,S2,XGB,60,Test,43.0,39.122859954833984
EC_S2_XGB_seed42,EC,S2,XGB,62,Test,19.0,19.012840270996094
EC_S2_XGB_seed42,EC,S2,XGB,65,Test,38.0,38.83450698852539
EC_S2_XGB_seed42,EC,S2,XGB,67,Test,40.0,40.22335433959961
EC_S2_XGB_seed42,EC,S2,XGB,69,Test,37.0,37.88461685180664
EC_S2_XGB_seed42,EC,S2,XGB,70,Test,35.0,36.43595504760742
EC_S2_XGB_seed42,EC,S2,XGB,74,Test,38.0,38.86898422241211
EC_S2_XGB_seed42,EC,S2,XGB,77,Test,39.0,39.33591842651367
EC_S2_XGB_seed42,EC,S2,XGB,78,Test,38.0,31.43619155883789
EC_S2_XGB_seed42,EC,S2,XGB,81,Test,38.0,38.4715690612793
EC_S2_XGB_seed42,EC,S2,XGB,87,Test,43.0,40.817630767822266
EC_S2_XGB_seed42,EC,S2,XGB,90,Test,34.0,33.90346908569336
EC_S2_XGB_seed42,EC,S2,XGB,95,Test,47.0,42.7673225402832
EC_S2_XGB_seed42,EC,S2,XGB,98,Test,32.0,30.24546241760254
EC_S2_XGB_seed42,EC,S2,XGB,100,Test,44.0,35.10531234741211
EC_S2_XGB_seed42,EC,S2,XGB,108,Test,41.0,41.4720573425293
EC_S2_XGB_seed42,EC,S2,XGB,112,Test,40.0,37.080848693847656
EC_S2_XGB_seed42,EC,S2,XGB,113,Test,40.0,35.24654006958008
EC_S2_XGB_seed42,EC,S2,XGB,119,Test,40.0,39.65324783325195
EC_S2_XGB_seed42,EC,S2,XGB,122,Test,32.0,36.45214080810547
EC_S2_XGB_seed42,EC,S2,XGB,126,Test,40.0,42.7123908996582
EC_S2_XGB_seed42,EC,S2,XGB,143,Test,40.0,38.47492599487305
EC_S2_XGB_seed42,EC,S2,XGB,151,Test,34.0,36.267547607421875
EC_S2_XGB_seed42,EC,S2,XGB,153,Test,41.0,41.5701789855957
EC_S2_XGB_seed42,EC,S2,XGB,154,Test,45.0,31.7220401763916
EC_S2_XGB_seed42,EC,S2,XGB,155,Test,44.0,43.79596710205078
EC_S2_XGB_seed42,EC,S2,XGB,156,Test,41.0,39.77403259277344
EC_S2_XGB_seed42,EC,S2,XGB,171,Test,50.0,49.523040771484375
EC_S2_XGB_seed42,EC,S2,XGB,173,Test,52.0,45.947105407714844
EC_S2_XGB_seed42,EC,S2,XGB,204,Test,47.0,46.634403228759766
EC_S2_XGB_seed42,EC,S2,XGB,210,Test,32.0,40.97809600830078
EC_S2_XGB_seed42,EC,S2,XGB,214,Test,36.0,31.063026428222656
EC_S2_XGB_seed42,EC,S2,XGB,228,Test,21.0,22.885255813598633
EC_S2_XGB_seed42,EC,S2,XGB,234,Test,30.0,35.10375213623047
EC_S2_XGB_seed42,EC,S2,XGB,235,Test,33.0,30.212020874023438
EC_S2_XGB_seed42,EC,S2,XGB,244,Test,34.0,36.97859191894531
EC_S2_XGB_seed42,EC,S2,XGB,245,Test,31.0,28.723020553588867
EC_S2_XGB_seed42,EC,S2,XGB,246,Test,38.0,38.57200622558594
EC_S2_XGB_seed42,EC,S2,XGB,254,Test,53.0,50.381683349609375
EC_S2_XGB_seed42,EC,S2,XGB,257,Test,48.0,48.9495964050293
EC_S2_XGB_seed42,EC,S2,XGB,275,Test,40.0,36.03650665283203
EC_S2_XGB_seed42,EC,S2,XGB,284,Test,62.0,66.00553131103516
EC_S2_XGB_seed42,EC,S2,XGB,295,Test,66.0,68.42937469482422
EC_S2_XGB_seed42,EC,S2,XGB,296,Test,80.0,70.48993682861328
EC_S2_XGB_seed42,EC,S2,XGB,301,Test,32.0,33.370994567871094
EC_S2_XGB_seed42,EC,S2,XGB,321,Test,28.0,34.20943832397461
EC_S2_XGB_seed42,EC,S2,XGB,326,Test,80.0,78.07032012939453
EC_S2_XGB_seed42,EC,S2,XGB,338,Test,23.0,27.98036003112793
EC_S2_XGB_seed42,EC,S2,XGB,341,Test,40.0,40.87228012084961
EC_S2_XGB_seed42,EC,S2,XGB,342,Test,38.0,35.48129653930664
EC_S2_XGB_seed42,EC,S2,XGB,343,Test,32.0,32.67271423339844
EC_S2_XGB_seed42,EC,S2,XGB,360,Test,87.0,84.19758605957031
EC_S2_XGB_seed42,EC,S2,XGB,361,Test,52.0,44.141937255859375
EC_S2_XGB_seed42,EC,S2,XGB,362,Test,36.0,40.23912811279297
EC_S2_XGB_seed42,EC,S2,XGB,364,Test,37.0,33.180240631103516
EC_S2_XGB_seed42,EC,S2,XGB,366,Test,35.0,25.814529418945312
EC_S2_XGB_seed42,EC,S2,XGB,368,Test,51.0,47.015567779541016
EC_S2_XGB_seed42,EC,S2,XGB,370,Test,51.0,43.86497497558594
EC_S2_XGB_seed42,EC,S2,XGB,371,Test,52.0,40.83702087402344
EC_S2_XGB_seed42,EC,S2,XGB,386,Test,17.0,20.890220642089844
EC_S2_XGB_seed42,EC,S2,XGB,397,Test,29.0,34.16596221923828
EC_S2_XGB_seed42,EC,S2,XGB,399,Test,76.0,71.7867202758789
EC_S2_XGB_seed42,EC,S2,XGB,401,Test,84.0,82.05944061279297
EC_S2_XGB_seed42,EC,S2,XGB,411,Test,53.0,41.82801818847656
EC_S2_XGB_seed42,EC,S2,XGB,415,Test,37.0,44.87538146972656
EC_S2_XGB_seed42,EC,S2,XGB,416,Test,76.0,74.16364288330078
EC_S2_XGB_seed42,EC,S2,XGB,417,Test,80.0,82.29904174804688
EC_S2_XGB_seed42,EC,S2,XGB,427,Test,36.0,31.854154586791992
EC_S2_XGB_seed42,EC,S2,XGB,429,Test,32.0,38.4473876953125
EC_S2_XGB_seed42,EC,S2,XGB,431,Test,40.0,37.452423095703125
EC_S2_XGB_seed42,EC,S2,XGB,437,Test,31.0,37.509151458740234
EC_S2_XGB_seed42,EC,S2,XGB,439,Test,39.0,35.184913635253906
EC_S2_XGB_seed42,EC,S2,XGB,444,Test,55.0,32.96484375
EC_S2_XGB_seed42,EC,S2,XGB,447,Test,55.0,38.58185577392578
EC_S2_XGB_seed42,EC,S2,XGB,448,Test,36.0,32.136940002441406
EC_S2_XGB_seed42,EC,S2,XGB,467,Test,39.0,40.453758239746094
EC_S2_XGB_seed42,EC,S2,XGB,480,Test,41.0,41.33484649658203
EC_S2_XGB_seed42,EC,S2,XGB,490,Test,36.0,34.5238151550293
EC_S2_XGB_seed42,EC,S2,XGB,497,Test,36.0,36.27497100830078
EC_S2_XGB_seed42,EC,S2,XGB,499,Test,43.0,36.27497100830078
EC_S2_XGB_seed42,EC,S2,XGB,508,Test,47.0,47.08848571777344
EC_S2_XGB_seed42,EC,S2,XGB,513,Test,47.0,41.85905075073242
EC_S2_XGB_seed42,EC,S2,XGB,514,Test,49.0,36.69413757324219
EC_S2_XGB_seed42,EC,S2,XGB,515,Test,50.0,49.19944763183594
EC_S2_XGB_seed42,EC,S2,XGB,519,Test,46.0,45.861576080322266
EC_S2_XGB_seed42,EC,S2,XGB,522,Test,50.0,48.928157806396484
EC_S2_XGB_seed42,EC,S2,XGB,525,Test,45.0,36.004852294921875
EC_S2_XGB_seed42,EC,S2,XGB,531,Test,50.0,48.77285385131836
EC_S2_XGB_seed42,EC,S2,XGB,534,Test,27.0,25.55750274658203
EC_S2_XGB_seed42,EC,S2,XGB,535,Test,30.0,28.17303466796875
EC_S2_XGB_seed42,EC,S2,XGB,537,Test,30.0,30.321502685546875
EC_S2_XGB_seed42,EC,S2,XGB,539,Test,20.0,24.185457229614258
EC_S2_XGB_seed42,EC,S2,XGB,546,Test,30.0,28.622005462646484
EC_S2_XGB_seed42,EC,S2,XGB,551,Test,30.0,29.057575225830078
EC_S2_XGB_seed42,EC,S2,XGB,553,Test,27.0,28.944116592407227
EC_S2_XGB_seed42,EC,S2,XGB,564,Test,23.0,24.559005737304688
EC_S2_XGB_seed42,EC,S2,XGB,576,Test,34.0,34.310935974121094
EC_S2_XGB_seed42,EC,S2,XGB,579,Test,26.0,26.999845504760742
EC_S2_XGB_seed42,EC,S2,XGB,587,Test,32.0,32.27932357788086
EC_S2_XGB_seed42,EC,S2,XGB,611,Test,35.0,36.249595642089844
EC_S2_XGB_seed42,EC,S2,XGB,612,Test,32.0,32.463260650634766
EC_S2_XGB_seed42,EC,S2,XGB,613,Test,36.0,36.47896194458008
EC_S2_XGB_seed42,EC,S2,XGB,616,Test,23.0,26.091854095458984
EC_S2_XGB_seed42,EC,S2,XGB,617,Test,28.0,28.658777236938477
EC_S2_XGB_seed42,EC,S2,XGB,618,Test,33.0,32.88475799560547
EC_S2_XGB_seed42,EC,S2,XGB,620,Test,36.0,35.45723342895508
EC_S2_XGB_seed42,EC,S2,XGB,625,Test,35.0,32.3046875
EC_S2_XGB_seed42,EC,S2,XGB,629,Test,25.0,27.755887985229492
EC_S2_XGB_seed42,EC,S2,XGB,631,Test,32.0,33.95167922973633
EC_S2_XGB_seed42,EC,S2,XGB,634,Test,27.0,30.173389434814453
EC_S2_XGB_seed42,EC,S2,XGB,635,Test,30.0,31.288854598999023
EC_S2_XGB_seed42,EC,S2,XGB,637,Test,28.0,29.291889190673828
EC_S2_XGB_seed42,EC,S2,XGB,640,Test,37.0,35.812774658203125
EC_S2_XGB_seed42,EC,S2,XGB,643,Test,38.0,36.81839370727539
EC_S2_XGB_seed42,EC,S2,XGB,644,Test,31.0,28.80287742614746
EC_S2_XGB_seed42,EC,S2,XGB,646,Test,37.0,36.60734176635742
EC_S2_XGB_seed42,EC,S2,XGB,647,Test,34.0,35.18230056762695
EC_S2_XGB_seed42,EC,S2,XGB,654,Test,25.0,23.268598556518555
EC_S2_XGB_seed42,EC,S2,XGB,664,Test,35.0,36.91806411743164
EC_S2_XGB_seed42,EC,S2,XGB,668,Test,25.0,28.374919891357422
EC_S2_XGB_seed42,EC,S2,XGB,673,Test,39.0,38.236175537109375
EC_S2_XGB_seed42,EC,S2,XGB,676,Test,33.0,31.657594680786133
EC_S2_XGB_seed42,EC,S2,XGB,680,Test,36.0,37.194034576416016
EC_S2_XGB_seed42,EC,S2,XGB,682,Test,41.0,39.9154167175293
EC_S2_XGB_seed42,EC,S2,XGB,684,Test,32.0,32.7113037109375
EC_S2_XGB_seed42,EC,S2,XGB,691,Test,32.0,35.884483337402344
EC_S2_XGB_seed42,EC,S2,XGB,699,Test,39.0,39.79879379272461
EC_S2_XGB_seed42,EC,S2,XGB,721,Test,39.0,39.69239044189453
EC_S2_XGB_seed42,EC,S2,XGB,733,Test,40.0,39.91506576538086
EC_S2_XGB_seed42,EC,S2,XGB,749,Test,41.0,40.75520324707031
EC_S2_XGB_seed42,EC,S2,XGB,750,Test,38.0,38.65266418457031
EC_S2_XGB_seed42,EC,S2,XGB,757,Test,40.0,39.425376892089844
EC_S2_XGB_seed42,EC,S2,XGB,764,Test,33.0,32.67544174194336
EC_S2_XGB_seed42,EC,S2,XGB,783,Test,33.0,32.814064025878906
EC_S2_XGB_seed42,EC,S2,XGB,784,Test,35.0,34.9488639831543
EC_S2_XGB_seed42,EC,S2,XGB,785,Test,31.0,32.814064025878906
EC_S2_XGB_seed42,EC,S2,XGB,791,Test,35.0,35.11380386352539
EC_S2_XGB_seed42,EC,S2,XGB,794,Test,31.0,30.77648162841797
EC_S2_XGB_seed42,EC,S2,XGB,803,Test,40.0,38.73173904418945
EC_S2_XGB_seed42,EC,S2,XGB,811,Test,43.0,41.902748107910156
EC_S2_XGB_seed42,EC,S2,XGB,812,Test,47.0,45.30033874511719
EC_S2_XGB_seed42,EC,S2,XGB,826,Test,42.0,38.33035659790039
EC_S2_XGB_seed42,EC,S2,XGB,829,Test,46.0,36.479862213134766
EC_S2_XGB_seed42,EC,S2,XGB,835,Test,26.0,37.44023895263672
EC_S2_XGB_seed42,EC,S2,XGB,840,Test,34.0,38.820560455322266
EC_S2_XGB_seed42,EC,S2,XGB,842,Test,33.0,38.33035659790039
EC_S2_XGB_seed42,EC,S2,XGB,844,Test,34.0,38.820560455322266
EC_S2_XGB_seed42,EC,S2,XGB,847,Test,24.0,34.63878631591797
EC_S2_XGB_seed42,EC,S2,XGB,852,Test,12.0,20.13693618774414
EC_S2_XGB_seed42,EC,S2,XGB,854,Test,17.0,21.41904067993164
EC_S2_XGB_seed42,EC,S2,XGB,857,Test,27.0,21.41904067993164
EC_S2_XGB_seed42,EC,S2,XGB,864,Test,49.0,39.656429290771484
EC_S2_XGB_seed42,EC,S2,XGB,867,Test,48.0,38.66436767578125
EC_S2_XGB_seed42,EC,S2,XGB,872,Test,55.0,39.656429290771484
EC_S2_XGB_seed42,EC,S2,XGB,876,Test,27.0,39.656429290771484
EC_S2_XGB_seed42,EC,S2,XGB,878,Test,33.0,38.11362838745117
EC_S2_XGB_seed42,EC,S2,XGB,883,Test,36.0,38.66436767578125
EC_S2_XGB_seed42,EC,S2,XGB,888,Test,26.0,29.066286087036133
EC_S2_XGB_seed42,EC,S2,XGB,893,Test,27.0,19.191036224365234
EC_S2_XGB_seed42,EC,S2,XGB,904,Test,53.0,43.5439567565918
EC_S2_XGB_seed42,EC,S2,XGB,910,Test,27.0,42.53173065185547
EC_S2_XGB_seed42,EC,S2,XGB,912,Test,29.0,43.5439567565918
EC_S2_XGB_seed42,EC,S2,XGB,914,Test,34.0,42.53173065185547
EC_S2_XGB_seed42,EC,S2,XGB,915,Test,35.0,43.09211730957031
EC_S2_XGB_seed42,EC,S2,XGB,922,Test,30.0,30.426435470581055
EC_S2_XGB_seed42,EC,S2,XGB,927,Test,53.0,44.01847457885742
EC_S2_XGB_seed42,EC,S2,XGB,943,Test,35.0,44.01847457885742
EC_S2_XGB_seed42,EC,S2,XGB,945,Test,36.0,40.23557662963867
EC_S2_XGB_seed42,EC,S2,XGB,955,Test,18.0,24.685701370239258
EC_S2_XGB_seed42,EC,S2,XGB,957,Test,28.0,20.131851196289062
EC_S2_XGB_seed42,EC,S2,XGB,958,Test,30.0,24.685701370239258
EC_S2_XGB_seed42,EC,S2,XGB,964,Test,54.0,45.3502197265625
EC_S2_XGB_seed42,EC,S2,XGB,965,Test,48.0,41.272300720214844
EC_S2_XGB_seed42,EC,S2,XGB,966,Test,51.0,38.65061569213867
EC_S2_XGB_seed42,EC,S2,XGB,980,Test,36.0,45.3502197265625
EC_S2_XGB_seed42,EC,S2,XGB,984,Test,36.0,45.3502197265625
EC_S2_XGB_seed42,EC,S2,XGB,989,Test,33.0,35.99435806274414
EC_S2_XGB_seed42,EC,S2,XGB,995,Test,48.0,40.527339935302734
EC_S2_XGB_seed42,EC,S2,XGB,1001,Test,58.0,43.45152282714844
EC_S2_XGB_seed42,EC,S2,XGB,1002,Test,57.0,45.24198532104492
EC_S2_XGB_seed42,EC,S2,XGB,1003,Test,49.0,40.527339935302734
EC_S2_XGB_seed42,EC,S2,XGB,1010,Test,37.0,45.24198532104492
EC_S2_XGB_seed42,EC,S2,XGB,1019,Test,14.0,23.532020568847656
EC_S2_XGB_seed42,EC,S2,XGB,1026,Test,43.0,42.39853286743164
EC_S2_XGB_seed42,EC,S2,XGB,1027,Test,53.0,47.00523376464844
EC_S2_XGB_seed42,EC,S2,XGB,1031,Test,49.0,43.08783721923828
EC_S2_XGB_seed42,EC,S2,XGB,1041,Test,32.0,48.94873046875
EC_S2_XGB_seed42,EC,S2,XGB,1047,Test,38.0,43.08783721923828
EC_S2_XGB_seed42,EC,S2,XGB,1058,Test,55.0,48.26251983642578
EC_S2_XGB_seed42,EC,S2,XGB,1059,Test,53.0,35.68693161010742
EC_S2_XGB_seed42,EC,S2,XGB,1062,Test,49.0,42.2743034362793
EC_S2_XGB_seed42,EC,S2,XGB,1063,Test,60.0,35.68693161010742
EC_S2_XGB_seed42,EC,S2,XGB,1067,Test,57.0,35.68693161010742
EC_S2_XGB_seed42,EC,S2,XGB,1072,Test,33.0,50.88037872314453
EC_S2_XGB_seed42,EC,S2,XGB,1075,Test,36.0,35.68693161010742
EC_S2_XGB_seed42,EC,S2,XGB,1087,Test,59.0,49.11962890625
EC_S2_XGB_seed42,EC,S2,XGB,1100,Test,36.0,50.03990936279297
EC_S2_XGB_seed42,EC,S2,XGB,1106,Test,39.0,47.87635040283203
EC_S2_XGB_seed42,EC,S2,XGB,1107,Test,39.0,49.11962890625
EC_S2_XGB_seed42,EC,S2,XGB,1112,Test,56.0,52.551307678222656
EC_S2_XGB_seed42,EC,S2,XGB,1116,Test,49.0,42.585025787353516
EC_S2_XGB_seed42,EC,S2,XGB,1127,Test,37.0,50.167816162109375
EC_S2_XGB_seed42,EC,S2,XGB,1129,Test,37.0,49.08494186401367
EC_S2_XGB_seed42,EC,S2,XGB,1138,Test,42.0,41.79350662231445
EC_S2_XGB_seed42,EC,S2,XGB,1150,Test,62.0,47.58784484863281
EC_S2_XGB_seed42,EC,S2,XGB,1156,Test,36.0,47.02414321899414
EC_S2_XGB_seed42,EC,S2,XGB,1159,Test,42.0,51.65658187866211
EC_S2_XGB_seed42,EC,S2,XGB,1163,Test,42.0,51.65658187866211
EC_S2_XGB_seed42,EC,S2,XGB,1164,Test,39.0,47.02414321899414
EC_S2_XGB_seed42,EC,S2,XGB,1167,Test,55.0,46.61849594116211
EC_S2_XGB_seed42,EC,S2,XGB,1177,Test,63.0,46.844268798828125
EC_S2_XGB_seed42,EC,S2,XGB,1183,Test,38.0,51.02699661254883
EC_S2_XGB_seed42,EC,S2,XGB,1190,Test,41.0,52.6173210144043
EC_S2_XGB_seed42,EC,S2,XGB,1192,Test,39.0,44.64730453491211
EC_S2_XGB_seed42,EC,S2,XGB,1193,Test,58.0,51.97406768798828
EC_S2_XGB_seed42,EC,S2,XGB,1198,Test,63.0,60.49857711791992
EC_S2_XGB_seed42,EC,S2,XGB,1204,Test,37.0,39.19303894042969
EC_S2_XGB_seed42,EC,S2,XGB,1206,Test,39.0,42.595829010009766
EC_S2_XGB_seed42,EC,S2,XGB,1207,Test,40.0,49.09642791748047
EC_S2_XGB_seed42,EC,S2,XGB,1215,Test,40.0,40.8873405456543
EC_S2_XGB_seed42,EC,S2,XGB,1220,Test,32.0,34.467567443847656
EC_S3_XGB_seed42,EC,S3,XGB,5,Train,27.0,35.85955810546875
EC_S3_XGB_seed42,EC,S3,XGB,6,Train,28.0,38.17393112182617
EC_S3_XGB_seed42,EC,S3,XGB,7,Train,29.0,29.604829788208008
EC_S3_XGB_seed42,EC,S3,XGB,9,Train,37.0,37.16118240356445
EC_S3_XGB_seed42,EC,S3,XGB,10,Train,31.0,31.66080093383789
EC_S3_XGB_seed42,EC,S3,XGB,12,Train,28.0,38.939796447753906
EC_S3_XGB_seed42,EC,S3,XGB,13,Train,32.0,35.17313766479492
EC_S3_XGB_seed42,EC,S3,XGB,14,Train,38.0,37.17890548706055
EC_S3_XGB_seed42,EC,S3,XGB,15,Train,34.0,38.72593307495117
EC_S3_XGB_seed42,EC,S3,XGB,17,Train,35.0,36.77707290649414
EC_S3_XGB_seed42,EC,S3,XGB,18,Train,31.0,34.80245590209961
EC_S3_XGB_seed42,EC,S3,XGB,20,Train,24.0,31.85196304321289
EC_S3_XGB_seed42,EC,S3,XGB,21,Train,29.0,32.990848541259766
EC_S3_XGB_seed42,EC,S3,XGB,22,Train,33.0,37.34239959716797
EC_S3_XGB_seed42,EC,S3,XGB,23,Train,38.0,37.34239959716797
EC_S3_XGB_seed42,EC,S3,XGB,24,Train,38.0,38.09488296508789
EC_S3_XGB_seed42,EC,S3,XGB,28,Train,19.0,15.610618591308594
EC_S3_XGB_seed42,EC,S3,XGB,29,Train,24.0,30.703428268432617
EC_S3_XGB_seed42,EC,S3,XGB,30,Train,31.0,32.17113494873047
EC_S3_XGB_seed42,EC,S3,XGB,31,Train,37.0,37.39276885986328
EC_S3_XGB_seed42,EC,S3,XGB,32,Train,40.0,44.3061637878418
EC_S3_XGB_seed42,EC,S3,XGB,34,Train,37.0,37.6986198425293
EC_S3_XGB_seed42,EC,S3,XGB,35,Train,35.0,36.17002487182617
EC_S3_XGB_seed42,EC,S3,XGB,36,Train,33.0,37.48860168457031
EC_S3_XGB_seed42,EC,S3,XGB,37,Train,18.0,18.974740982055664
EC_S3_XGB_seed42,EC,S3,XGB,38,Train,25.0,23.34954833984375
EC_S3_XGB_seed42,EC,S3,XGB,39,Train,30.0,32.17113494873047
EC_S3_XGB_seed42,EC,S3,XGB,42,Train,38.0,39.05160903930664
EC_S3_XGB_seed42,EC,S3,XGB,43,Train,37.0,37.81177520751953
EC_S3_XGB_seed42,EC,S3,XGB,44,Train,35.0,34.87620544433594
EC_S3_XGB_seed42,EC,S3,XGB,45,Train,35.0,36.011898040771484
EC_S3_XGB_seed42,EC,S3,XGB,46,Train,31.0,34.013755798339844
EC_S3_XGB_seed42,EC,S3,XGB,47,Train,36.0,36.87537384033203
EC_S3_XGB_seed42,EC,S3,XGB,48,Train,38.0,37.17890548706055
EC_S3_XGB_seed42,EC,S3,XGB,50,Train,38.0,40.56296920776367
EC_S3_XGB_seed42,EC,S3,XGB,51,Train,37.0,39.325931549072266
EC_S3_XGB_seed42,EC,S3,XGB,52,Train,27.0,32.654727935791016
EC_S3_XGB_seed42,EC,S3,XGB,53,Train,37.0,40.24803924560547
EC_S3_XGB_seed42,EC,S3,XGB,56,Train,31.0,40.712890625
EC_S3_XGB_seed42,EC,S3,XGB,57,Train,36.0,39.29784393310547
EC_S3_XGB_seed42,EC,S3,XGB,58,Train,39.0,40.243106842041016
EC_S3_XGB_seed42,EC,S3,XGB,59,Train,39.0,35.81487274169922
EC_S3_XGB_seed42,EC,S3,XGB,61,Train,19.0,23.753841400146484
EC_S3_XGB_seed42,EC,S3,XGB,63,Train,25.0,23.9301815032959
EC_S3_XGB_seed42,EC,S3,XGB,64,Train,31.0,32.7161865234375
EC_S3_XGB_seed42,EC,S3,XGB,66,Train,42.0,39.52981185913086
EC_S3_XGB_seed42,EC,S3,XGB,68,Train,39.0,40.78310012817383
EC_S3_XGB_seed42,EC,S3,XGB,71,Train,19.0,21.413549423217773
EC_S3_XGB_seed42,EC,S3,XGB,72,Train,26.0,23.9301815032959
EC_S3_XGB_seed42,EC,S3,XGB,73,Train,32.0,36.58554458618164
EC_S3_XGB_seed42,EC,S3,XGB,75,Train,41.0,38.78204345703125
EC_S3_XGB_seed42,EC,S3,XGB,76,Train,41.0,40.43397903442383
EC_S3_XGB_seed42,EC,S3,XGB,79,Train,38.0,36.011898040771484
EC_S3_XGB_seed42,EC,S3,XGB,80,Train,33.0,33.17871856689453
EC_S3_XGB_seed42,EC,S3,XGB,82,Train,41.0,37.17890548706055
EC_S3_XGB_seed42,EC,S3,XGB,83,Train,41.0,40.23567581176758
EC_S3_XGB_seed42,EC,S3,XGB,84,Train,39.0,35.96884536743164
EC_S3_XGB_seed42,EC,S3,XGB,85,Train,39.0,40.45016098022461
EC_S3_XGB_seed42,EC,S3,XGB,86,Train,29.0,32.24150466918945
EC_S3_XGB_seed42,EC,S3,XGB,89,Train,30.0,32.990848541259766
EC_S3_XGB_seed42,EC,S3,XGB,91,Train,40.0,37.34239959716797
EC_S3_XGB_seed42,EC,S3,XGB,92,Train,42.0,38.67551803588867
EC_S3_XGB_seed42,EC,S3,XGB,93,Train,39.0,41.72591781616211
EC_S3_XGB_seed42,EC,S3,XGB,94,Train,48.0,42.83659744262695
EC_S3_XGB_seed42,EC,S3,XGB,96,Train,19.0,23.673856735229492
EC_S3_XGB_seed42,EC,S3,XGB,97,Train,26.0,27.73847007751465
EC_S3_XGB_seed42,EC,S3,XGB,99,Train,39.0,37.09163284301758
EC_S3_XGB_seed42,EC,S3,XGB,101,Train,42.0,41.655025482177734
EC_S3_XGB_seed42,EC,S3,XGB,102,Train,40.0,40.4071159362793
EC_S3_XGB_seed42,EC,S3,XGB,103,Train,38.0,38.80549240112305
EC_S3_XGB_seed42,EC,S3,XGB,104,Train,35.0,34.95005798339844
EC_S3_XGB_seed42,EC,S3,XGB,105,Train,20.0,18.166122436523438
EC_S3_XGB_seed42,EC,S3,XGB,106,Train,27.0,30.45819854736328
EC_S3_XGB_seed42,EC,S3,XGB,107,Train,34.0,32.17113494873047
EC_S3_XGB_seed42,EC,S3,XGB,109,Train,45.0,41.49330139160156
EC_S3_XGB_seed42,EC,S3,XGB,110,Train,44.0,41.715824127197266
EC_S3_XGB_seed42,EC,S3,XGB,111,Train,42.0,39.05496597290039
EC_S3_XGB_seed42,EC,S3,XGB,114,Train,36.0,39.148651123046875
EC_S3_XGB_seed42,EC,S3,XGB,115,Train,40.0,37.09163284301758
EC_S3_XGB_seed42,EC,S3,XGB,116,Train,47.0,40.85940933227539
EC_S3_XGB_seed42,EC,S3,XGB,117,Train,44.0,36.962646484375
EC_S3_XGB_seed42,EC,S3,XGB,118,Train,40.0,43.6884651184082
EC_S3_XGB_seed42,EC,S3,XGB,120,Train,32.0,37.158485412597656
EC_S3_XGB_seed42,EC,S3,XGB,123,Train,37.0,37.34239959716797
EC_S3_XGB_seed42,EC,S3,XGB,124,Train,43.0,40.6529541015625
EC_S3_XGB_seed42,EC,S3,XGB,125,Train,42.0,37.34239959716797
EC_S3_XGB_seed42,EC,S3,XGB,127,Train,48.0,42.45378494262695
EC_S3_XGB_seed42,EC,S3,XGB,129,Train,27.0,32.493202209472656
EC_S3_XGB_seed42,EC,S3,XGB,130,Train,37.0,40.54353713989258
EC_S3_XGB_seed42,EC,S3,XGB,131,Train,41.0,40.54353713989258
EC_S3_XGB_seed42,EC,S3,XGB,132,Train,47.0,40.49365234375
EC_S3_XGB_seed42,EC,S3,XGB,133,Train,45.0,43.60485076904297
EC_S3_XGB_seed42,EC,S3,XGB,134,Train,41.0,40.931148529052734
EC_S3_XGB_seed42,EC,S3,XGB,136,Train,19.0,21.413549423217773
EC_S3_XGB_seed42,EC,S3,XGB,137,Train,27.0,25.107078552246094
EC_S3_XGB_seed42,EC,S3,XGB,138,Train,33.0,33.51518249511719
EC_S3_XGB_seed42,EC,S3,XGB,139,Train,41.0,41.39115524291992
EC_S3_XGB_seed42,EC,S3,XGB,140,Train,47.0,41.62913131713867
EC_S3_XGB_seed42,EC,S3,XGB,141,Train,46.0,43.41318130493164
EC_S3_XGB_seed42,EC,S3,XGB,142,Train,43.0,40.404273986816406
EC_S3_XGB_seed42,EC,S3,XGB,144,Train,37.0,36.39061737060547
EC_S3_XGB_seed42,EC,S3,XGB,145,Train,38.0,38.939796447753906
EC_S3_XGB_seed42,EC,S3,XGB,146,Train,42.0,40.493003845214844
EC_S3_XGB_seed42,EC,S3,XGB,147,Train,48.0,43.166080474853516
EC_S3_XGB_seed42,EC,S3,XGB,148,Train,47.0,37.7298698425293
EC_S3_XGB_seed42,EC,S3,XGB,149,Train,42.0,45.388675689697266
EC_S3_XGB_seed42,EC,S3,XGB,150,Train,40.0,36.99333190917969
EC_S3_XGB_seed42,EC,S3,XGB,152,Train,34.0,39.3180046081543
EC_S3_XGB_seed42,EC,S3,XGB,157,Train,29.0,26.55739974975586
EC_S3_XGB_seed42,EC,S3,XGB,158,Train,39.0,38.6386604309082
EC_S3_XGB_seed42,EC,S3,XGB,159,Train,42.0,38.9935302734375
EC_S3_XGB_seed42,EC,S3,XGB,160,Train,48.0,42.55294418334961
EC_S3_XGB_seed42,EC,S3,XGB,161,Train,48.0,43.166080474853516
EC_S3_XGB_seed42,EC,S3,XGB,162,Train,43.0,43.6884651184082
EC_S3_XGB_seed42,EC,S3,XGB,163,Train,38.0,36.55678939819336
EC_S3_XGB_seed42,EC,S3,XGB,164,Train,35.0,33.67796325683594
EC_S3_XGB_seed42,EC,S3,XGB,165,Train,44.0,39.33807373046875
EC_S3_XGB_seed42,EC,S3,XGB,166,Train,47.0,38.26959228515625
EC_S3_XGB_seed42,EC,S3,XGB,167,Train,46.0,41.29137420654297
EC_S3_XGB_seed42,EC,S3,XGB,168,Train,43.0,39.558799743652344
EC_S3_XGB_seed42,EC,S3,XGB,169,Train,43.0,37.06204605102539
EC_S3_XGB_seed42,EC,S3,XGB,170,Train,46.0,42.20201110839844
EC_S3_XGB_seed42,EC,S3,XGB,172,Train,52.0,41.071685791015625
EC_S3_XGB_seed42,EC,S3,XGB,195,Train,48.0,44.47163009643555
EC_S3_XGB_seed42,EC,S3,XGB,196,Train,47.0,47.39509201049805
EC_S3_XGB_seed42,EC,S3,XGB,197,Train,47.0,48.28406524658203
EC_S3_XGB_seed42,EC,S3,XGB,198,Train,45.0,48.689903259277344
EC_S3_XGB_seed42,EC,S3,XGB,199,Train,46.0,50.78474426269531
EC_S3_XGB_seed42,EC,S3,XGB,200,Train,48.0,44.47163009643555
EC_S3_XGB_seed42,EC,S3,XGB,201,Train,47.0,47.39509201049805
EC_S3_XGB_seed42,EC,S3,XGB,202,Train,47.0,48.28406524658203
EC_S3_XGB_seed42,EC,S3,XGB,203,Train,47.0,48.689903259277344
EC_S3_XGB_seed42,EC,S3,XGB,205,Train,21.0,20.81191635131836
EC_S3_XGB_seed42,EC,S3,XGB,206,Train,19.0,19.124614715576172
EC_S3_XGB_seed42,EC,S3,XGB,207,Train,16.0,19.457138061523438
EC_S3_XGB_seed42,EC,S3,XGB,208,Train,30.0,32.43621063232422
EC_S3_XGB_seed42,EC,S3,XGB,209,Train,67.0,46.8470573425293
EC_S3_XGB_seed42,EC,S3,XGB,211,Train,32.0,31.615707397460938
EC_S3_XGB_seed42,EC,S3,XGB,212,Train,26.0,39.75568389892578
EC_S3_XGB_seed42,EC,S3,XGB,213,Train,30.0,36.88230514526367
EC_S3_XGB_seed42,EC,S3,XGB,215,Train,26.0,36.46031951904297
EC_S3_XGB_seed42,EC,S3,XGB,216,Train,29.0,34.49026870727539
EC_S3_XGB_seed42,EC,S3,XGB,217,Train,48.0,44.47163009643555
EC_S3_XGB_seed42,EC,S3,XGB,218,Train,48.0,47.45608139038086
EC_S3_XGB_seed42,EC,S3,XGB,219,Train,47.0,48.20383071899414
EC_S3_XGB_seed42,EC,S3,XGB,220,Train,46.0,48.60966873168945
EC_S3_XGB_seed42,EC,S3,XGB,221,Train,47.0,50.70450973510742
EC_S3_XGB_seed42,EC,S3,XGB,222,Train,22.0,25.934011459350586
EC_S3_XGB_seed42,EC,S3,XGB,223,Train,48.0,44.330406188964844
EC_S3_XGB_seed42,EC,S3,XGB,224,Train,47.0,47.314857482910156
EC_S3_XGB_seed42,EC,S3,XGB,225,Train,48.0,48.33262252807617
EC_S3_XGB_seed42,EC,S3,XGB,226,Train,48.0,48.82958984375
EC_S3_XGB_seed42,EC,S3,XGB,227,Train,49.0,52.54314422607422
EC_S3_XGB_seed42,EC,S3,XGB,229,Train,16.0,11.931663513183594
EC_S3_XGB_seed42,EC,S3,XGB,230,Train,31.0,28.862695693969727
EC_S3_XGB_seed42,EC,S3,XGB,231,Train,51.0,46.21242904663086
EC_S3_XGB_seed42,EC,S3,XGB,232,Train,34.0,32.47480010986328
EC_S3_XGB_seed42,EC,S3,XGB,233,Train,31.0,32.253204345703125
EC_S3_XGB_seed42,EC,S3,XGB,236,Train,36.0,37.690032958984375
EC_S3_XGB_seed42,EC,S3,XGB,237,Train,29.0,34.39921569824219
EC_S3_XGB_seed42,EC,S3,XGB,238,Train,31.0,35.129642486572266
EC_S3_XGB_seed42,EC,S3,XGB,239,Train,21.0,21.13520622253418
EC_S3_XGB_seed42,EC,S3,XGB,240,Train,21.0,20.139284133911133
EC_S3_XGB_seed42,EC,S3,XGB,241,Train,16.0,12.788741111755371
EC_S3_XGB_seed42,EC,S3,XGB,242,Train,31.0,34.85979080200195
EC_S3_XGB_seed42,EC,S3,XGB,243,Train,45.0,47.35163116455078
EC_S3_XGB_seed42,EC,S3,XGB,247,Train,34.0,40.63813781738281
EC_S3_XGB_seed42,EC,S3,XGB,248,Train,36.0,35.208160400390625
EC_S3_XGB_seed42,EC,S3,XGB,249,Train,33.0,37.70846939086914
EC_S3_XGB_seed42,EC,S3,XGB,250,Train,31.0,35.129642486572266
EC_S3_XGB_seed42,EC,S3,XGB,251,Train,48.0,44.137081146240234
EC_S3_XGB_seed42,EC,S3,XGB,252,Train,48.0,47.504905700683594
EC_S3_XGB_seed42,EC,S3,XGB,253,Train,50.0,47.96207046508789
EC_S3_XGB_seed42,EC,S3,XGB,255,Train,51.0,51.59666061401367
EC_S3_XGB_seed42,EC,S3,XGB,258,Train,49.0,50.78156661987305
EC_S3_XGB_seed42,EC,S3,XGB,259,Train,54.0,54.44631576538086
EC_S3_XGB_seed42,EC,S3,XGB,260,Train,62.0,57.10438537597656
EC_S3_XGB_seed42,EC,S3,XGB,261,Train,54.0,59.078983306884766
EC_S3_XGB_seed42,EC,S3,XGB,269,Train,21.0,22.0811710357666
EC_S3_XGB_seed42,EC,S3,XGB,270,Train,16.0,17.257816314697266
EC_S3_XGB_seed42,EC,S3,XGB,271,Train,30.0,33.067020416259766
EC_S3_XGB_seed42,EC,S3,XGB,272,Train,44.0,46.3836784362793
EC_S3_XGB_seed42,EC,S3,XGB,273,Train,35.0,35.75675964355469
EC_S3_XGB_seed42,EC,S3,XGB,274,Train,32.0,32.7412223815918
EC_S3_XGB_seed42,EC,S3,XGB,276,Train,35.0,34.85780334472656
EC_S3_XGB_seed42,EC,S3,XGB,277,Train,36.0,38.48975372314453
EC_S3_XGB_seed42,EC,S3,XGB,278,Train,39.0,44.604190826416016
EC_S3_XGB_seed42,EC,S3,XGB,279,Train,32.0,33.12562942504883
EC_S3_XGB_seed42,EC,S3,XGB,280,Train,50.0,51.598052978515625
EC_S3_XGB_seed42,EC,S3,XGB,281,Train,53.0,57.41316604614258
EC_S3_XGB_seed42,EC,S3,XGB,282,Train,71.0,64.10161590576172
EC_S3_XGB_seed42,EC,S3,XGB,283,Train,76.0,64.7918701171875
EC_S3_XGB_seed42,EC,S3,XGB,293,Train,34.0,31.782503128051758
EC_S3_XGB_seed42,EC,S3,XGB,294,Train,55.0,57.83303451538086
EC_S3_XGB_seed42,EC,S3,XGB,297,Train,82.0,80.07486724853516
EC_S3_XGB_seed42,EC,S3,XGB,298,Train,78.0,82.92322540283203
EC_S3_XGB_seed42,EC,S3,XGB,309,Train,22.0,25.47743797302246
EC_S3_XGB_seed42,EC,S3,XGB,310,Train,23.0,26.347349166870117
EC_S3_XGB_seed42,EC,S3,XGB,311,Train,16.0,16.867290496826172
EC_S3_XGB_seed42,EC,S3,XGB,312,Train,30.0,29.24148178100586
EC_S3_XGB_seed42,EC,S3,XGB,313,Train,43.0,46.72029113769531
EC_S3_XGB_seed42,EC,S3,XGB,314,Train,36.0,41.17387008666992
EC_S3_XGB_seed42,EC,S3,XGB,315,Train,32.0,28.230287551879883
EC_S3_XGB_seed42,EC,S3,XGB,316,Train,42.0,44.44040298461914
EC_S3_XGB_seed42,EC,S3,XGB,317,Train,35.0,35.31039047241211
EC_S3_XGB_seed42,EC,S3,XGB,318,Train,38.0,37.758358001708984
EC_S3_XGB_seed42,EC,S3,XGB,319,Train,44.0,36.46031951904297
EC_S3_XGB_seed42,EC,S3,XGB,320,Train,34.0,37.383541107177734
EC_S3_XGB_seed42,EC,S3,XGB,322,Train,28.0,39.45652389526367
EC_S3_XGB_seed42,EC,S3,XGB,323,Train,27.0,24.474807739257812
EC_S3_XGB_seed42,EC,S3,XGB,324,Train,65.0,73.16088104248047
EC_S3_XGB_seed42,EC,S3,XGB,325,Train,76.0,78.33920288085938
EC_S3_XGB_seed42,EC,S3,XGB,327,Train,82.0,79.7586669921875
EC_S3_XGB_seed42,EC,S3,XGB,328,Train,86.0,81.7109375
EC_S3_XGB_seed42,EC,S3,XGB,329,Train,33.0,35.693119049072266
EC_S3_XGB_seed42,EC,S3,XGB,337,Train,23.0,25.47743797302246
EC_S3_XGB_seed42,EC,S3,XGB,339,Train,17.0,22.09547233581543
EC_S3_XGB_seed42,EC,S3,XGB,340,Train,30.0,34.03719711303711
EC_S3_XGB_seed42,EC,S3,XGB,344,Train,45.0,40.421199798583984
EC_S3_XGB_seed42,EC,S3,XGB,345,Train,37.0,38.77644729614258
EC_S3_XGB_seed42,EC,S3,XGB,346,Train,37.0,32.30344772338867
EC_S3_XGB_seed42,EC,S3,XGB,347,Train,47.0,41.128395080566406
EC_S3_XGB_seed42,EC,S3,XGB,348,Train,39.0,36.93131637573242
EC_S3_XGB_seed42,EC,S3,XGB,351,Train,36.0,37.48573684692383
EC_S3_XGB_seed42,EC,S3,XGB,353,Train,28.0,37.44205093383789
EC_S3_XGB_seed42,EC,S3,XGB,354,Train,28.0,26.610746383666992
EC_S3_XGB_seed42,EC,S3,XGB,355,Train,35.0,35.47117614746094
EC_S3_XGB_seed42,EC,S3,XGB,356,Train,71.0,73.93145751953125
EC_S3_XGB_seed42,EC,S3,XGB,357,Train,79.0,80.0058822631836
EC_S3_XGB_seed42,EC,S3,XGB,358,Train,83.0,82.89724731445312
EC_S3_XGB_seed42,EC,S3,XGB,359,Train,85.0,82.44285583496094
EC_S3_XGB_seed42,EC,S3,XGB,365,Train,36.0,32.305519104003906
EC_S3_XGB_seed42,EC,S3,XGB,367,Train,49.0,43.7811279296875
EC_S3_XGB_seed42,EC,S3,XGB,369,Train,51.0,43.179595947265625
EC_S3_XGB_seed42,EC,S3,XGB,372,Train,51.0,34.158199310302734
EC_S3_XGB_seed42,EC,S3,XGB,373,Train,50.0,44.96217727661133
EC_S3_XGB_seed42,EC,S3,XGB,374,Train,51.0,43.13685607910156
EC_S3_XGB_seed42,EC,S3,XGB,375,Train,39.0,39.363033294677734
EC_S3_XGB_seed42,EC,S3,XGB,376,Train,40.0,40.55186080932617
EC_S3_XGB_seed42,EC,S3,XGB,377,Train,48.0,41.4393424987793
EC_S3_XGB_seed42,EC,S3,XGB,384,Train,28.0,21.3179874420166
EC_S3_XGB_seed42,EC,S3,XGB,385,Train,23.0,22.791261672973633
EC_S3_XGB_seed42,EC,S3,XGB,387,Train,31.0,30.146955490112305
EC_S3_XGB_seed42,EC,S3,XGB,388,Train,40.0,43.133277893066406
EC_S3_XGB_seed42,EC,S3,XGB,389,Train,48.0,42.818450927734375
EC_S3_XGB_seed42,EC,S3,XGB,390,Train,32.0,34.50919723510742
EC_S3_XGB_seed42,EC,S3,XGB,391,Train,45.0,39.95228576660156
EC_S3_XGB_seed42,EC,S3,XGB,392,Train,36.0,33.41541290283203
EC_S3_XGB_seed42,EC,S3,XGB,393,Train,47.0,43.18013000488281
EC_S3_XGB_seed42,EC,S3,XGB,394,Train,38.0,36.23637008666992
EC_S3_XGB_seed42,EC,S3,XGB,395,Train,41.0,41.23970413208008
EC_S3_XGB_seed42,EC,S3,XGB,396,Train,29.0,31.66094970703125
EC_S3_XGB_seed42,EC,S3,XGB,398,Train,36.0,38.13508224487305
EC_S3_XGB_seed42,EC,S3,XGB,400,Train,79.0,81.17613220214844
EC_S3_XGB_seed42,EC,S3,XGB,402,Train,85.0,83.37319946289062
EC_S3_XGB_seed42,EC,S3,XGB,403,Train,88.0,84.99439239501953
EC_S3_XGB_seed42,EC,S3,XGB,410,Train,17.0,16.68214225769043
EC_S3_XGB_seed42,EC,S3,XGB,412,Train,32.0,31.265213012695312
EC_S3_XGB_seed42,EC,S3,XGB,413,Train,47.0,42.336204528808594
EC_S3_XGB_seed42,EC,S3,XGB,414,Train,23.0,23.713912963867188
EC_S3_XGB_seed42,EC,S3,XGB,418,Train,83.0,83.63321685791016
EC_S3_XGB_seed42,EC,S3,XGB,419,Train,84.0,83.49604797363281
EC_S3_XGB_seed42,EC,S3,XGB,420,Train,87.0,84.56053161621094
EC_S3_XGB_seed42,EC,S3,XGB,421,Train,37.0,40.03627395629883
EC_S3_XGB_seed42,EC,S3,XGB,423,Train,31.0,29.960159301757812
EC_S3_XGB_seed42,EC,S3,XGB,424,Train,32.0,34.03719711303711
EC_S3_XGB_seed42,EC,S3,XGB,425,Train,47.0,40.421199798583984
EC_S3_XGB_seed42,EC,S3,XGB,426,Train,51.0,41.741058349609375
EC_S3_XGB_seed42,EC,S3,XGB,428,Train,37.0,36.13428497314453
EC_S3_XGB_seed42,EC,S3,XGB,430,Train,34.0,39.55870056152344
EC_S3_XGB_seed42,EC,S3,XGB,432,Train,77.0,77.11382293701172
EC_S3_XGB_seed42,EC,S3,XGB,433,Train,82.0,82.27391052246094
EC_S3_XGB_seed42,EC,S3,XGB,434,Train,83.0,83.6996078491211
EC_S3_XGB_seed42,EC,S3,XGB,435,Train,85.0,83.59557342529297
EC_S3_XGB_seed42,EC,S3,XGB,436,Train,87.0,85.05081939697266
EC_S3_XGB_seed42,EC,S3,XGB,438,Train,38.0,35.566017150878906
EC_S3_XGB_seed42,EC,S3,XGB,440,Train,17.0,16.993032455444336
EC_S3_XGB_seed42,EC,S3,XGB,441,Train,48.0,40.59074401855469
EC_S3_XGB_seed42,EC,S3,XGB,442,Train,35.0,38.566131591796875
EC_S3_XGB_seed42,EC,S3,XGB,443,Train,36.0,42.86759567260742
EC_S3_XGB_seed42,EC,S3,XGB,445,Train,35.0,37.24913024902344
EC_S3_XGB_seed42,EC,S3,XGB,446,Train,51.0,44.256717681884766
EC_S3_XGB_seed42,EC,S3,XGB,449,Train,32.0,29.272375106811523
EC_S3_XGB_seed42,EC,S3,XGB,450,Train,37.0,38.82795715332031
EC_S3_XGB_seed42,EC,S3,XGB,452,Train,35.0,31.201047897338867
EC_S3_XGB_seed42,EC,S3,XGB,453,Train,39.0,35.793922424316406
EC_S3_XGB_seed42,EC,S3,XGB,454,Train,41.0,39.04665756225586
EC_S3_XGB_seed42,EC,S3,XGB,455,Train,24.0,23.236358642578125
EC_S3_XGB_seed42,EC,S3,XGB,456,Train,47.0,41.110225677490234
EC_S3_XGB_seed42,EC,S3,XGB,457,Train,29.0,39.40329360961914
EC_S3_XGB_seed42,EC,S3,XGB,458,Train,37.0,37.61265182495117
EC_S3_XGB_seed42,EC,S3,XGB,459,Train,32.0,30.81211280822754
EC_S3_XGB_seed42,EC,S3,XGB,460,Train,37.0,38.20836639404297
EC_S3_XGB_seed42,EC,S3,XGB,461,Train,31.0,31.259464263916016
EC_S3_XGB_seed42,EC,S3,XGB,462,Train,37.0,37.54145050048828
EC_S3_XGB_seed42,EC,S3,XGB,463,Train,31.0,30.359405517578125
EC_S3_XGB_seed42,EC,S3,XGB,464,Train,37.0,36.81791305541992
EC_S3_XGB_seed42,EC,S3,XGB,465,Train,36.0,37.61265182495117
EC_S3_XGB_seed42,EC,S3,XGB,466,Train,39.0,37.61265182495117
EC_S3_XGB_seed42,EC,S3,XGB,468,Train,42.0,44.239845275878906
EC_S3_XGB_seed42,EC,S3,XGB,469,Train,36.0,36.35300827026367
EC_S3_XGB_seed42,EC,S3,XGB,470,Train,42.0,41.65697479248047
EC_S3_XGB_seed42,EC,S3,XGB,471,Train,36.0,35.39444351196289
EC_S3_XGB_seed42,EC,S3,XGB,472,Train,41.0,40.90715408325195
EC_S3_XGB_seed42,EC,S3,XGB,473,Train,38.0,37.30386734008789
EC_S3_XGB_seed42,EC,S3,XGB,474,Train,25.0,37.07865524291992
EC_S3_XGB_seed42,EC,S3,XGB,475,Train,32.0,36.144615173339844
EC_S3_XGB_seed42,EC,S3,XGB,476,Train,35.0,36.144615173339844
EC_S3_XGB_seed42,EC,S3,XGB,477,Train,40.0,38.38088607788086
EC_S3_XGB_seed42,EC,S3,XGB,478,Train,42.0,38.38088607788086
EC_S3_XGB_seed42,EC,S3,XGB,479,Train,42.0,38.62562942504883
EC_S3_XGB_seed42,EC,S3,XGB,481,Train,26.0,27.243440628051758
EC_S3_XGB_seed42,EC,S3,XGB,482,Train,33.0,37.42755889892578
EC_S3_XGB_seed42,EC,S3,XGB,483,Train,37.0,37.607696533203125
EC_S3_XGB_seed42,EC,S3,XGB,484,Train,42.0,41.27912139892578
EC_S3_XGB_seed42,EC,S3,XGB,485,Train,44.0,42.93791580200195
EC_S3_XGB_seed42,EC,S3,XGB,486,Train,45.0,45.785728454589844
EC_S3_XGB_seed42,EC,S3,XGB,487,Train,39.0,37.3077278137207
EC_S3_XGB_seed42,EC,S3,XGB,488,Train,25.0,28.7188663482666
EC_S3_XGB_seed42,EC,S3,XGB,489,Train,32.0,25.496509552001953
EC_S3_XGB_seed42,EC,S3,XGB,491,Train,42.0,43.31558609008789
EC_S3_XGB_seed42,EC,S3,XGB,492,Train,44.0,47.05768966674805
EC_S3_XGB_seed42,EC,S3,XGB,493,Train,46.0,46.62929153442383
EC_S3_XGB_seed42,EC,S3,XGB,494,Train,38.0,36.359561920166016
EC_S3_XGB_seed42,EC,S3,XGB,495,Train,26.0,36.359561920166016
EC_S3_XGB_seed42,EC,S3,XGB,496,Train,32.0,36.359561920166016
EC_S3_XGB_seed42,EC,S3,XGB,498,Train,41.0,36.359561920166016
EC_S3_XGB_seed42,EC,S3,XGB,500,Train,44.0,36.359561920166016
EC_S3_XGB_seed42,EC,S3,XGB,501,Train,44.0,42.377750396728516
EC_S3_XGB_seed42,EC,S3,XGB,502,Train,46.0,44.64448547363281
EC_S3_XGB_seed42,EC,S3,XGB,503,Train,47.0,48.13978958129883
EC_S3_XGB_seed42,EC,S3,XGB,504,Train,45.0,47.1653938293457
EC_S3_XGB_seed42,EC,S3,XGB,505,Train,41.0,38.38088607788086
EC_S3_XGB_seed42,EC,S3,XGB,506,Train,46.0,41.40962219238281
EC_S3_XGB_seed42,EC,S3,XGB,507,Train,44.0,43.651527404785156
EC_S3_XGB_seed42,EC,S3,XGB,509,Train,43.0,42.387855529785156
EC_S3_XGB_seed42,EC,S3,XGB,510,Train,48.0,46.24142837524414
EC_S3_XGB_seed42,EC,S3,XGB,511,Train,42.0,41.11283493041992
EC_S3_XGB_seed42,EC,S3,XGB,512,Train,47.0,45.9322624206543
EC_S3_XGB_seed42,EC,S3,XGB,516,Train,48.0,47.602474212646484
EC_S3_XGB_seed42,EC,S3,XGB,517,Train,44.0,38.38088607788086
EC_S3_XGB_seed42,EC,S3,XGB,518,Train,47.0,44.63621520996094
EC_S3_XGB_seed42,EC,S3,XGB,520,Train,49.0,41.43406677246094
EC_S3_XGB_seed42,EC,S3,XGB,521,Train,45.0,43.28952407836914
EC_S3_XGB_seed42,EC,S3,XGB,523,Train,45.0,42.77162170410156
EC_S3_XGB_seed42,EC,S3,XGB,524,Train,49.0,47.5303955078125
EC_S3_XGB_seed42,EC,S3,XGB,526,Train,47.0,48.359798431396484
EC_S3_XGB_seed42,EC,S3,XGB,527,Train,47.0,46.29548645019531
EC_S3_XGB_seed42,EC,S3,XGB,528,Train,46.0,45.777591705322266
EC_S3_XGB_seed42,EC,S3,XGB,529,Train,47.0,46.503475189208984
EC_S3_XGB_seed42,EC,S3,XGB,530,Train,48.0,45.294700622558594
EC_S3_XGB_seed42,EC,S3,XGB,532,Train,48.0,49.37590026855469
EC_S3_XGB_seed42,EC,S3,XGB,533,Train,23.0,22.93647575378418
EC_S3_XGB_seed42,EC,S3,XGB,536,Train,26.0,24.779008865356445
EC_S3_XGB_seed42,EC,S3,XGB,538,Train,19.0,23.935142517089844
EC_S3_XGB_seed42,EC,S3,XGB,540,Train,20.0,22.349918365478516
EC_S3_XGB_seed42,EC,S3,XGB,541,Train,24.0,18.673751831054688
EC_S3_XGB_seed42,EC,S3,XGB,542,Train,20.0,18.76504898071289
EC_S3_XGB_seed42,EC,S3,XGB,543,Train,23.0,22.517959594726562
EC_S3_XGB_seed42,EC,S3,XGB,544,Train,28.0,28.24190330505371
EC_S3_XGB_seed42,EC,S3,XGB,545,Train,29.0,31.14067840576172
EC_S3_XGB_seed42,EC,S3,XGB,547,Train,27.0,29.569583892822266
EC_S3_XGB_seed42,EC,S3,XGB,548,Train,30.0,29.633291244506836
EC_S3_XGB_seed42,EC,S3,XGB,549,Train,24.0,27.10947608947754
EC_S3_XGB_seed42,EC,S3,XGB,550,Train,24.0,24.75138282775879
EC_S3_XGB_seed42,EC,S3,XGB,552,Train,32.0,31.91657257080078
EC_S3_XGB_seed42,EC,S3,XGB,554,Train,32.0,31.13909149169922
EC_S3_XGB_seed42,EC,S3,XGB,555,Train,27.0,23.737638473510742
EC_S3_XGB_seed42,EC,S3,XGB,556,Train,25.0,25.51450538635254
EC_S3_XGB_seed42,EC,S3,XGB,557,Train,31.0,30.00554084777832
EC_S3_XGB_seed42,EC,S3,XGB,558,Train,33.0,32.16286849975586
EC_S3_XGB_seed42,EC,S3,XGB,559,Train,29.0,29.874996185302734
EC_S3_XGB_seed42,EC,S3,XGB,560,Train,33.0,31.179113388061523
EC_S3_XGB_seed42,EC,S3,XGB,561,Train,20.0,24.8519287109375
EC_S3_XGB_seed42,EC,S3,XGB,562,Train,23.0,29.225749969482422
EC_S3_XGB_seed42,EC,S3,XGB,563,Train,27.0,32.138633728027344
EC_S3_XGB_seed42,EC,S3,XGB,565,Train,28.0,23.777660369873047
EC_S3_XGB_seed42,EC,S3,XGB,566,Train,24.0,27.640525817871094
EC_S3_XGB_seed42,EC,S3,XGB,567,Train,26.0,31.63619613647461
EC_S3_XGB_seed42,EC,S3,XGB,568,Train,22.0,21.12681770324707
EC_S3_XGB_seed42,EC,S3,XGB,569,Train,25.0,25.622072219848633
EC_S3_XGB_seed42,EC,S3,XGB,570,Train,29.0,29.93195343017578
EC_S3_XGB_seed42,EC,S3,XGB,571,Train,32.0,31.73740005493164
EC_S3_XGB_seed42,EC,S3,XGB,572,Train,31.0,32.425777435302734
EC_S3_XGB_seed42,EC,S3,XGB,573,Train,31.0,30.7384090423584
EC_S3_XGB_seed42,EC,S3,XGB,574,Train,32.0,31.371904373168945
EC_S3_XGB_seed42,EC,S3,XGB,575,Train,27.0,28.105224609375
EC_S3_XGB_seed42,EC,S3,XGB,577,Train,26.0,28.710411071777344
EC_S3_XGB_seed42,EC,S3,XGB,578,Train,29.0,24.84754753112793
EC_S3_XGB_seed42,EC,S3,XGB,580,Train,32.0,31.02286148071289
EC_S3_XGB_seed42,EC,S3,XGB,581,Train,34.0,33.02316665649414
EC_S3_XGB_seed42,EC,S3,XGB,582,Train,22.0,21.85508155822754
EC_S3_XGB_seed42,EC,S3,XGB,583,Train,26.0,26.691957473754883
EC_S3_XGB_seed42,EC,S3,XGB,584,Train,30.0,30.792238235473633
EC_S3_XGB_seed42,EC,S3,XGB,585,Train,32.0,32.49412536621094
EC_S3_XGB_seed42,EC,S3,XGB,586,Train,30.0,32.434906005859375
EC_S3_XGB_seed42,EC,S3,XGB,588,Train,33.0,33.81377029418945
EC_S3_XGB_seed42,EC,S3,XGB,589,Train,35.0,32.91340637207031
EC_S3_XGB_seed42,EC,S3,XGB,590,Train,33.0,31.10031509399414
EC_S3_XGB_seed42,EC,S3,XGB,591,Train,34.0,34.280845642089844
EC_S3_XGB_seed42,EC,S3,XGB,592,Train,29.0,30.96978187561035
EC_S3_XGB_seed42,EC,S3,XGB,593,Train,35.0,32.2197265625
EC_S3_XGB_seed42,EC,S3,XGB,594,Train,23.0,24.965293884277344
EC_S3_XGB_seed42,EC,S3,XGB,595,Train,26.0,30.10154151916504
EC_S3_XGB_seed42,EC,S3,XGB,596,Train,31.0,33.761165618896484
EC_S3_XGB_seed42,EC,S3,XGB,597,Train,28.0,28.51631736755371
EC_S3_XGB_seed42,EC,S3,XGB,598,Train,29.0,24.5992488861084
EC_S3_XGB_seed42,EC,S3,XGB,599,Train,26.0,28.51631736755371
EC_S3_XGB_seed42,EC,S3,XGB,600,Train,28.0,33.258731842041016
EC_S3_XGB_seed42,EC,S3,XGB,601,Train,23.0,21.458984375
EC_S3_XGB_seed42,EC,S3,XGB,602,Train,27.0,26.71666717529297
EC_S3_XGB_seed42,EC,S3,XGB,603,Train,31.0,31.99715805053711
EC_S3_XGB_seed42,EC,S3,XGB,604,Train,33.0,35.281341552734375
EC_S3_XGB_seed42,EC,S3,XGB,605,Train,35.0,36.063663482666016
EC_S3_XGB_seed42,EC,S3,XGB,606,Train,35.0,34.9953727722168
EC_S3_XGB_seed42,EC,S3,XGB,607,Train,36.0,35.40805435180664
EC_S3_XGB_seed42,EC,S3,XGB,608,Train,36.0,32.876007080078125
EC_S3_XGB_seed42,EC,S3,XGB,609,Train,28.0,27.087188720703125
EC_S3_XGB_seed42,EC,S3,XGB,610,Train,33.0,34.08261489868164
EC_S3_XGB_seed42,EC,S3,XGB,614,Train,29.0,31.274738311767578
EC_S3_XGB_seed42,EC,S3,XGB,615,Train,30.0,28.16893196105957
EC_S3_XGB_seed42,EC,S3,XGB,619,Train,34.0,34.331905364990234
EC_S3_XGB_seed42,EC,S3,XGB,621,Train,36.0,34.26671600341797
EC_S3_XGB_seed42,EC,S3,XGB,622,Train,37.0,34.780452728271484
EC_S3_XGB_seed42,EC,S3,XGB,623,Train,38.0,33.371360778808594
EC_S3_XGB_seed42,EC,S3,XGB,624,Train,30.0,28.693796157836914
EC_S3_XGB_seed42,EC,S3,XGB,626,Train,36.0,34.85787582397461
EC_S3_XGB_seed42,EC,S3,XGB,627,Train,33.0,33.34267044067383
EC_S3_XGB_seed42,EC,S3,XGB,628,Train,37.0,35.307857513427734
EC_S3_XGB_seed42,EC,S3,XGB,630,Train,28.0,32.19587707519531
EC_S3_XGB_seed42,EC,S3,XGB,632,Train,29.0,30.64344024658203
EC_S3_XGB_seed42,EC,S3,XGB,633,Train,31.0,27.441606521606445
EC_S3_XGB_seed42,EC,S3,XGB,636,Train,24.0,24.305896759033203
EC_S3_XGB_seed42,EC,S3,XGB,638,Train,33.0,32.667274475097656
EC_S3_XGB_seed42,EC,S3,XGB,639,Train,35.0,34.7158203125
EC_S3_XGB_seed42,EC,S3,XGB,641,Train,37.0,36.73362350463867
EC_S3_XGB_seed42,EC,S3,XGB,642,Train,38.0,37.03297424316406
EC_S3_XGB_seed42,EC,S3,XGB,645,Train,35.0,35.69712829589844
EC_S3_XGB_seed42,EC,S3,XGB,648,Train,38.0,38.043270111083984
EC_S3_XGB_seed42,EC,S3,XGB,649,Train,26.0,27.565189361572266
EC_S3_XGB_seed42,EC,S3,XGB,650,Train,30.0,33.908206939697266
EC_S3_XGB_seed42,EC,S3,XGB,651,Train,34.0,35.9876708984375
EC_S3_XGB_seed42,EC,S3,XGB,652,Train,30.0,32.31224822998047
EC_S3_XGB_seed42,EC,S3,XGB,653,Train,31.0,29.632600784301758
EC_S3_XGB_seed42,EC,S3,XGB,655,Train,29.0,31.374393463134766
EC_S3_XGB_seed42,EC,S3,XGB,656,Train,34.0,35.13923263549805
EC_S3_XGB_seed42,EC,S3,XGB,657,Train,36.0,36.728759765625
EC_S3_XGB_seed42,EC,S3,XGB,658,Train,38.0,39.38044738769531
EC_S3_XGB_seed42,EC,S3,XGB,659,Train,38.0,40.27325439453125
EC_S3_XGB_seed42,EC,S3,XGB,660,Train,39.0,38.77922821044922
EC_S3_XGB_seed42,EC,S3,XGB,661,Train,39.0,37.918975830078125
EC_S3_XGB_seed42,EC,S3,XGB,662,Train,36.0,39.04977798461914
EC_S3_XGB_seed42,EC,S3,XGB,663,Train,38.0,38.2983512878418
EC_S3_XGB_seed42,EC,S3,XGB,665,Train,40.0,43.49583053588867
EC_S3_XGB_seed42,EC,S3,XGB,666,Train,30.0,35.1390380859375
EC_S3_XGB_seed42,EC,S3,XGB,667,Train,32.0,34.593048095703125
EC_S3_XGB_seed42,EC,S3,XGB,669,Train,31.0,34.58046340942383
EC_S3_XGB_seed42,EC,S3,XGB,670,Train,36.0,35.98997116088867
EC_S3_XGB_seed42,EC,S3,XGB,671,Train,37.0,36.27335739135742
EC_S3_XGB_seed42,EC,S3,XGB,672,Train,39.0,37.558502197265625
EC_S3_XGB_seed42,EC,S3,XGB,674,Train,39.0,40.012386322021484
EC_S3_XGB_seed42,EC,S3,XGB,675,Train,40.0,40.155879974365234
EC_S3_XGB_seed42,EC,S3,XGB,677,Train,27.0,30.25777244567871
EC_S3_XGB_seed42,EC,S3,XGB,678,Train,31.0,34.6820068359375
EC_S3_XGB_seed42,EC,S3,XGB,679,Train,34.0,36.42896270751953
EC_S3_XGB_seed42,EC,S3,XGB,681,Train,37.0,36.78422927856445
EC_S3_XGB_seed42,EC,S3,XGB,683,Train,31.0,33.04845428466797
EC_S3_XGB_seed42,EC,S3,XGB,685,Train,29.0,33.04845428466797
EC_S3_XGB_seed42,EC,S3,XGB,686,Train,31.0,36.44239044189453
EC_S3_XGB_seed42,EC,S3,XGB,687,Train,33.0,32.332061767578125
EC_S3_XGB_seed42,EC,S3,XGB,688,Train,37.0,37.98404312133789
EC_S3_XGB_seed42,EC,S3,XGB,689,Train,38.0,40.38317108154297
EC_S3_XGB_seed42,EC,S3,XGB,690,Train,28.0,30.16817283630371
EC_S3_XGB_seed42,EC,S3,XGB,692,Train,35.0,38.178680419921875
EC_S3_XGB_seed42,EC,S3,XGB,693,Train,26.0,27.825693130493164
EC_S3_XGB_seed42,EC,S3,XGB,694,Train,32.0,33.206520080566406
EC_S3_XGB_seed42,EC,S3,XGB,695,Train,37.0,37.940948486328125
EC_S3_XGB_seed42,EC,S3,XGB,696,Train,37.0,38.6772346496582
EC_S3_XGB_seed42,EC,S3,XGB,697,Train,39.0,39.7651252746582
EC_S3_XGB_seed42,EC,S3,XGB,698,Train,39.0,40.770423889160156
EC_S3_XGB_seed42,EC,S3,XGB,700,Train,40.0,39.58363723754883
EC_S3_XGB_seed42,EC,S3,XGB,701,Train,38.0,38.75086975097656
EC_S3_XGB_seed42,EC,S3,XGB,702,Train,41.0,43.59244918823242
EC_S3_XGB_seed42,EC,S3,XGB,703,Train,31.0,34.3016357421875
EC_S3_XGB_seed42,EC,S3,XGB,704,Train,33.0,33.97620391845703
EC_S3_XGB_seed42,EC,S3,XGB,705,Train,34.0,33.975868225097656
EC_S3_XGB_seed42,EC,S3,XGB,706,Train,38.0,40.52519607543945
EC_S3_XGB_seed42,EC,S3,XGB,707,Train,28.0,31.0985164642334
EC_S3_XGB_seed42,EC,S3,XGB,708,Train,33.0,35.83544921875
EC_S3_XGB_seed42,EC,S3,XGB,709,Train,35.0,37.84461975097656
EC_S3_XGB_seed42,EC,S3,XGB,710,Train,30.0,34.30640411376953
EC_S3_XGB_seed42,EC,S3,XGB,712,Train,27.0,29.12952995300293
EC_S3_XGB_seed42,EC,S3,XGB,713,Train,35.0,34.07211685180664
EC_S3_XGB_seed42,EC,S3,XGB,714,Train,38.0,37.671173095703125
EC_S3_XGB_seed42,EC,S3,XGB,715,Train,38.0,38.13526916503906
EC_S3_XGB_seed42,EC,S3,XGB,716,Train,40.0,39.22315979003906
EC_S3_XGB_seed42,EC,S3,XGB,717,Train,40.0,40.228458404541016
EC_S3_XGB_seed42,EC,S3,XGB,718,Train,40.0,41.30860137939453
EC_S3_XGB_seed42,EC,S3,XGB,719,Train,40.0,40.35014343261719
EC_S3_XGB_seed42,EC,S3,XGB,720,Train,38.0,38.864532470703125
EC_S3_XGB_seed42,EC,S3,XGB,722,Train,43.0,43.63174819946289
EC_S3_XGB_seed42,EC,S3,XGB,723,Train,31.0,33.95195388793945
EC_S3_XGB_seed42,EC,S3,XGB,724,Train,33.0,33.62651824951172
EC_S3_XGB_seed42,EC,S3,XGB,727,Train,34.0,34.36962127685547
EC_S3_XGB_seed42,EC,S3,XGB,728,Train,39.0,39.98323059082031
EC_S3_XGB_seed42,EC,S3,XGB,729,Train,29.0,31.103294372558594
EC_S3_XGB_seed42,EC,S3,XGB,730,Train,34.0,35.29348373413086
EC_S3_XGB_seed42,EC,S3,XGB,731,Train,35.0,37.30265426635742
EC_S3_XGB_seed42,EC,S3,XGB,732,Train,38.0,38.67701721191406
EC_S3_XGB_seed42,EC,S3,XGB,734,Train,44.0,43.44423294067383
EC_S3_XGB_seed42,EC,S3,XGB,735,Train,32.0,33.76443862915039
EC_S3_XGB_seed42,EC,S3,XGB,736,Train,34.0,33.439002990722656
EC_S3_XGB_seed42,EC,S3,XGB,737,Train,34.0,33.82765579223633
EC_S3_XGB_seed42,EC,S3,XGB,738,Train,39.0,40.68383026123047
EC_S3_XGB_seed42,EC,S3,XGB,739,Train,29.0,30.56132698059082
EC_S3_XGB_seed42,EC,S3,XGB,740,Train,34.0,35.48628234863281
EC_S3_XGB_seed42,EC,S3,XGB,741,Train,36.0,37.52859115600586
EC_S3_XGB_seed42,EC,S3,XGB,742,Train,29.0,28.592329025268555
EC_S3_XGB_seed42,EC,S3,XGB,743,Train,37.0,34.19761276245117
EC_S3_XGB_seed42,EC,S3,XGB,744,Train,39.0,37.82980728149414
EC_S3_XGB_seed42,EC,S3,XGB,745,Train,39.0,38.90177536010742
EC_S3_XGB_seed42,EC,S3,XGB,746,Train,40.0,39.98966598510742
EC_S3_XGB_seed42,EC,S3,XGB,747,Train,40.0,40.994964599609375
EC_S3_XGB_seed42,EC,S3,XGB,748,Train,40.0,41.40764617919922
EC_S3_XGB_seed42,EC,S3,XGB,751,Train,40.0,39.30325698852539
EC_S3_XGB_seed42,EC,S3,XGB,752,Train,44.0,44.14483642578125
EC_S3_XGB_seed42,EC,S3,XGB,753,Train,33.0,33.99037551879883
EC_S3_XGB_seed42,EC,S3,XGB,754,Train,34.0,33.66494369506836
EC_S3_XGB_seed42,EC,S3,XGB,756,Train,34.0,34.4951171875
EC_S3_XGB_seed42,EC,S3,XGB,758,Train,30.0,30.754127502441406
EC_S3_XGB_seed42,EC,S3,XGB,759,Train,34.0,35.5194206237793
EC_S3_XGB_seed42,EC,S3,XGB,760,Train,37.0,37.52859115600586
EC_S3_XGB_seed42,EC,S3,XGB,761,Train,38.0,39.49877166748047
EC_S3_XGB_seed42,EC,S3,XGB,762,Train,41.0,39.42441177368164
EC_S3_XGB_seed42,EC,S3,XGB,763,Train,45.0,44.2659912109375
EC_S3_XGB_seed42,EC,S3,XGB,765,Train,35.0,33.66494369506836
EC_S3_XGB_seed42,EC,S3,XGB,766,Train,33.0,37.27519607543945
EC_S3_XGB_seed42,EC,S3,XGB,767,Train,35.0,34.528255462646484
EC_S3_XGB_seed42,EC,S3,XGB,768,Train,40.0,40.80498504638672
EC_S3_XGB_seed42,EC,S3,XGB,769,Train,31.0,30.787267684936523
EC_S3_XGB_seed42,EC,S3,XGB,770,Train,35.0,35.5194206237793
EC_S3_XGB_seed42,EC,S3,XGB,771,Train,37.0,37.52859115600586
EC_S3_XGB_seed42,EC,S3,XGB,772,Train,31.0,29.292940139770508
EC_S3_XGB_seed42,EC,S3,XGB,773,Train,38.0,34.230751037597656
EC_S3_XGB_seed42,EC,S3,XGB,774,Train,39.0,37.82980728149414
EC_S3_XGB_seed42,EC,S3,XGB,775,Train,40.0,38.90177536010742
EC_S3_XGB_seed42,EC,S3,XGB,776,Train,41.0,39.87419891357422
EC_S3_XGB_seed42,EC,S3,XGB,777,Train,41.0,40.83203125
EC_S3_XGB_seed42,EC,S3,XGB,778,Train,41.0,42.030357360839844
EC_S3_XGB_seed42,EC,S3,XGB,779,Train,41.0,41.300392150878906
EC_S3_XGB_seed42,EC,S3,XGB,780,Train,38.0,39.49877166748047
EC_S3_XGB_seed42,EC,S3,XGB,781,Train,42.0,39.42441177368164
EC_S3_XGB_seed42,EC,S3,XGB,782,Train,46.0,44.2659912109375
EC_S3_XGB_seed42,EC,S3,XGB,786,Train,35.0,34.649410247802734
EC_S3_XGB_seed42,EC,S3,XGB,787,Train,31.0,30.787267684936523
EC_S3_XGB_seed42,EC,S3,XGB,788,Train,35.0,35.5194206237793
EC_S3_XGB_seed42,EC,S3,XGB,789,Train,38.0,37.52859115600586
EC_S3_XGB_seed42,EC,S3,XGB,790,Train,39.0,39.49877166748047
EC_S3_XGB_seed42,EC,S3,XGB,792,Train,43.0,39.42441177368164
EC_S3_XGB_seed42,EC,S3,XGB,793,Train,46.0,44.2659912109375
EC_S3_XGB_seed42,EC,S3,XGB,795,Train,35.0,35.5194206237793
EC_S3_XGB_seed42,EC,S3,XGB,796,Train,38.0,37.22270965576172
EC_S3_XGB_seed42,EC,S3,XGB,797,Train,33.0,33.99037551879883
EC_S3_XGB_seed42,EC,S3,XGB,798,Train,35.0,33.66494369506836
EC_S3_XGB_seed42,EC,S3,XGB,799,Train,31.0,33.99037551879883
EC_S3_XGB_seed42,EC,S3,XGB,800,Train,33.0,36.96931457519531
EC_S3_XGB_seed42,EC,S3,XGB,801,Train,32.0,29.292940139770508
EC_S3_XGB_seed42,EC,S3,XGB,802,Train,39.0,34.230751037597656
EC_S3_XGB_seed42,EC,S3,XGB,804,Train,40.0,39.57517623901367
EC_S3_XGB_seed42,EC,S3,XGB,805,Train,41.0,40.782955169677734
EC_S3_XGB_seed42,EC,S3,XGB,806,Train,41.0,41.737571716308594
EC_S3_XGB_seed42,EC,S3,XGB,807,Train,42.0,42.15025329589844
EC_S3_XGB_seed42,EC,S3,XGB,808,Train,42.0,41.300392150878906
EC_S3_XGB_seed42,EC,S3,XGB,809,Train,39.0,39.49877166748047
EC_S3_XGB_seed42,EC,S3,XGB,810,Train,39.0,39.335838317871094
EC_S3_XGB_seed42,EC,S3,XGB,813,Train,33.0,33.68449401855469
EC_S3_XGB_seed42,EC,S3,XGB,814,Train,35.0,33.35905838012695
EC_S3_XGB_seed42,EC,S3,XGB,815,Train,47.0,46.31085968017578
EC_S3_XGB_seed42,EC,S3,XGB,816,Train,43.0,41.43872833251953
EC_S3_XGB_seed42,EC,S3,XGB,817,Train,34.0,34.60216522216797
EC_S3_XGB_seed42,EC,S3,XGB,818,Train,36.0,34.30728530883789
EC_S3_XGB_seed42,EC,S3,XGB,819,Train,47.0,46.31085968017578
EC_S3_XGB_seed42,EC,S3,XGB,820,Train,23.0,29.929542541503906
EC_S3_XGB_seed42,EC,S3,XGB,821,Train,27.0,31.356374740600586
EC_S3_XGB_seed42,EC,S3,XGB,822,Train,32.0,31.444007873535156
EC_S3_XGB_seed42,EC,S3,XGB,823,Train,33.0,37.097625732421875
EC_S3_XGB_seed42,EC,S3,XGB,824,Train,36.0,37.69822692871094
EC_S3_XGB_seed42,EC,S3,XGB,825,Train,43.0,37.47145080566406
EC_S3_XGB_seed42,EC,S3,XGB,827,Train,41.0,37.097625732421875
EC_S3_XGB_seed42,EC,S3,XGB,828,Train,43.0,37.69822692871094
EC_S3_XGB_seed42,EC,S3,XGB,830,Train,44.0,37.10486602783203
EC_S3_XGB_seed42,EC,S3,XGB,831,Train,47.0,37.097625732421875
EC_S3_XGB_seed42,EC,S3,XGB,832,Train,49.0,37.69822692871094
EC_S3_XGB_seed42,EC,S3,XGB,833,Train,52.0,37.47145080566406
EC_S3_XGB_seed42,EC,S3,XGB,834,Train,48.0,37.10486602783203
EC_S3_XGB_seed42,EC,S3,XGB,836,Train,26.0,37.69822692871094
EC_S3_XGB_seed42,EC,S3,XGB,837,Train,25.0,37.47145080566406
EC_S3_XGB_seed42,EC,S3,XGB,838,Train,28.0,37.10486602783203
EC_S3_XGB_seed42,EC,S3,XGB,839,Train,32.0,37.097625732421875
EC_S3_XGB_seed42,EC,S3,XGB,841,Train,33.0,37.47145080566406
EC_S3_XGB_seed42,EC,S3,XGB,843,Train,34.0,37.097625732421875
EC_S3_XGB_seed42,EC,S3,XGB,845,Train,31.0,37.47145080566406
EC_S3_XGB_seed42,EC,S3,XGB,846,Train,34.0,37.10486602783203
EC_S3_XGB_seed42,EC,S3,XGB,848,Train,13.0,15.266357421875
EC_S3_XGB_seed42,EC,S3,XGB,849,Train,28.0,31.067684173583984
EC_S3_XGB_seed42,EC,S3,XGB,850,Train,21.0,23.075801849365234
EC_S3_XGB_seed42,EC,S3,XGB,851,Train,25.0,28.193317413330078
EC_S3_XGB_seed42,EC,S3,XGB,853,Train,18.0,19.25901222229004
EC_S3_XGB_seed42,EC,S3,XGB,855,Train,21.0,15.10702133178711
EC_S3_XGB_seed42,EC,S3,XGB,856,Train,25.0,19.25901222229004
EC_S3_XGB_seed42,EC,S3,XGB,858,Train,25.0,29.611143112182617
EC_S3_XGB_seed42,EC,S3,XGB,859,Train,25.0,29.9670352935791
EC_S3_XGB_seed42,EC,S3,XGB,860,Train,32.0,32.43914794921875
EC_S3_XGB_seed42,EC,S3,XGB,861,Train,38.0,34.20642852783203
EC_S3_XGB_seed42,EC,S3,XGB,862,Train,36.0,37.13509750366211
EC_S3_XGB_seed42,EC,S3,XGB,863,Train,41.0,38.78098678588867
EC_S3_XGB_seed42,EC,S3,XGB,865,Train,46.0,39.09659194946289
EC_S3_XGB_seed42,EC,S3,XGB,866,Train,44.0,37.13509750366211
EC_S3_XGB_seed42,EC,S3,XGB,868,Train,52.0,40.23386001586914
EC_S3_XGB_seed42,EC,S3,XGB,869,Train,47.0,39.09659194946289
EC_S3_XGB_seed42,EC,S3,XGB,870,Train,48.0,37.13509750366211
EC_S3_XGB_seed42,EC,S3,XGB,871,Train,51.0,38.78098678588867
EC_S3_XGB_seed42,EC,S3,XGB,873,Train,49.0,39.09659194946289
EC_S3_XGB_seed42,EC,S3,XGB,874,Train,26.0,37.13509750366211
EC_S3_XGB_seed42,EC,S3,XGB,875,Train,27.0,38.78098678588867
EC_S3_XGB_seed42,EC,S3,XGB,877,Train,31.0,39.09659194946289
EC_S3_XGB_seed42,EC,S3,XGB,879,Train,35.0,38.78098678588867
EC_S3_XGB_seed42,EC,S3,XGB,880,Train,35.0,40.23386001586914
EC_S3_XGB_seed42,EC,S3,XGB,881,Train,34.0,39.09659194946289
EC_S3_XGB_seed42,EC,S3,XGB,882,Train,35.0,37.13509750366211
EC_S3_XGB_seed42,EC,S3,XGB,884,Train,32.0,40.23386001586914
EC_S3_XGB_seed42,EC,S3,XGB,885,Train,35.0,39.09659194946289
EC_S3_XGB_seed42,EC,S3,XGB,886,Train,28.0,32.888343811035156
EC_S3_XGB_seed42,EC,S3,XGB,887,Train,23.0,26.441682815551758
EC_S3_XGB_seed42,EC,S3,XGB,889,Train,28.0,36.716094970703125
EC_S3_XGB_seed42,EC,S3,XGB,890,Train,18.0,24.6684513092041
EC_S3_XGB_seed42,EC,S3,XGB,891,Train,17.0,26.970481872558594
EC_S3_XGB_seed42,EC,S3,XGB,892,Train,23.0,18.162851333618164
EC_S3_XGB_seed42,EC,S3,XGB,894,Train,29.0,26.970481872558594
EC_S3_XGB_seed42,EC,S3,XGB,895,Train,28.0,32.54616165161133
EC_S3_XGB_seed42,EC,S3,XGB,896,Train,36.0,35.58548355102539
EC_S3_XGB_seed42,EC,S3,XGB,897,Train,41.0,35.79853057861328
EC_S3_XGB_seed42,EC,S3,XGB,898,Train,39.0,39.82783889770508
EC_S3_XGB_seed42,EC,S3,XGB,899,Train,46.0,42.14225387573242
EC_S3_XGB_seed42,EC,S3,XGB,900,Train,52.0,42.13081359863281
EC_S3_XGB_seed42,EC,S3,XGB,901,Train,48.0,39.730064392089844
EC_S3_XGB_seed42,EC,S3,XGB,902,Train,47.0,39.82783889770508
EC_S3_XGB_seed42,EC,S3,XGB,903,Train,52.0,42.14225387573242
EC_S3_XGB_seed42,EC,S3,XGB,905,Train,48.0,39.730064392089844
EC_S3_XGB_seed42,EC,S3,XGB,906,Train,50.0,39.82783889770508
EC_S3_XGB_seed42,EC,S3,XGB,907,Train,52.0,42.14225387573242
EC_S3_XGB_seed42,EC,S3,XGB,908,Train,55.0,42.13081359863281
EC_S3_XGB_seed42,EC,S3,XGB,909,Train,49.0,39.730064392089844
EC_S3_XGB_seed42,EC,S3,XGB,911,Train,29.0,42.14225387573242
EC_S3_XGB_seed42,EC,S3,XGB,913,Train,32.0,39.730064392089844
EC_S3_XGB_seed42,EC,S3,XGB,916,Train,35.0,42.13081359863281
EC_S3_XGB_seed42,EC,S3,XGB,917,Train,36.0,39.730064392089844
EC_S3_XGB_seed42,EC,S3,XGB,918,Train,36.0,39.82783889770508
EC_S3_XGB_seed42,EC,S3,XGB,919,Train,36.0,42.14225387573242
EC_S3_XGB_seed42,EC,S3,XGB,920,Train,34.0,42.13081359863281
EC_S3_XGB_seed42,EC,S3,XGB,921,Train,36.0,39.730064392089844
EC_S3_XGB_seed42,EC,S3,XGB,923,Train,38.0,36.65537643432617
EC_S3_XGB_seed42,EC,S3,XGB,924,Train,45.0,36.65882873535156
EC_S3_XGB_seed42,EC,S3,XGB,925,Train,41.0,40.56533432006836
EC_S3_XGB_seed42,EC,S3,XGB,926,Train,49.0,43.120052337646484
EC_S3_XGB_seed42,EC,S3,XGB,928,Train,48.0,40.18714904785156
EC_S3_XGB_seed42,EC,S3,XGB,929,Train,50.0,40.56533432006836
EC_S3_XGB_seed42,EC,S3,XGB,930,Train,55.0,43.120052337646484
EC_S3_XGB_seed42,EC,S3,XGB,931,Train,54.0,42.963584899902344
EC_S3_XGB_seed42,EC,S3,XGB,932,Train,48.0,40.18714904785156
EC_S3_XGB_seed42,EC,S3,XGB,933,Train,50.0,40.56533432006836
EC_S3_XGB_seed42,EC,S3,XGB,934,Train,54.0,43.120052337646484
EC_S3_XGB_seed42,EC,S3,XGB,935,Train,55.0,42.963584899902344
EC_S3_XGB_seed42,EC,S3,XGB,936,Train,49.0,40.18714904785156
EC_S3_XGB_seed42,EC,S3,XGB,937,Train,27.0,40.56533432006836
EC_S3_XGB_seed42,EC,S3,XGB,938,Train,30.0,43.120052337646484
EC_S3_XGB_seed42,EC,S3,XGB,939,Train,30.0,42.963584899902344
EC_S3_XGB_seed42,EC,S3,XGB,940,Train,34.0,40.18714904785156
EC_S3_XGB_seed42,EC,S3,XGB,941,Train,34.0,40.56533432006836
EC_S3_XGB_seed42,EC,S3,XGB,942,Train,36.0,43.120052337646484
EC_S3_XGB_seed42,EC,S3,XGB,944,Train,36.0,40.18714904785156
EC_S3_XGB_seed42,EC,S3,XGB,946,Train,36.0,43.120052337646484
EC_S3_XGB_seed42,EC,S3,XGB,947,Train,35.0,42.963584899902344
EC_S3_XGB_seed42,EC,S3,XGB,948,Train,37.0,40.18714904785156
EC_S3_XGB_seed42,EC,S3,XGB,949,Train,29.0,31.746244430541992
EC_S3_XGB_seed42,EC,S3,XGB,950,Train,23.0,26.51094627380371
EC_S3_XGB_seed42,EC,S3,XGB,951,Train,28.0,34.48735427856445
EC_S3_XGB_seed42,EC,S3,XGB,952,Train,29.0,37.889305114746094
EC_S3_XGB_seed42,EC,S3,XGB,953,Train,13.0,18.177927017211914
EC_S3_XGB_seed42,EC,S3,XGB,954,Train,19.0,25.15761947631836
EC_S3_XGB_seed42,EC,S3,XGB,956,Train,24.0,18.177927017211914
EC_S3_XGB_seed42,EC,S3,XGB,959,Train,31.0,32.65955352783203
EC_S3_XGB_seed42,EC,S3,XGB,960,Train,39.0,36.46128845214844
EC_S3_XGB_seed42,EC,S3,XGB,961,Train,47.0,37.42106246948242
EC_S3_XGB_seed42,EC,S3,XGB,962,Train,42.0,39.89712142944336
EC_S3_XGB_seed42,EC,S3,XGB,963,Train,50.0,42.685638427734375
EC_S3_XGB_seed42,EC,S3,XGB,967,Train,56.0,42.685638427734375
EC_S3_XGB_seed42,EC,S3,XGB,968,Train,54.0,43.358219146728516
EC_S3_XGB_seed42,EC,S3,XGB,969,Train,49.0,42.43623733520508
EC_S3_XGB_seed42,EC,S3,XGB,970,Train,52.0,39.89712142944336
EC_S3_XGB_seed42,EC,S3,XGB,971,Train,55.0,42.685638427734375
EC_S3_XGB_seed42,EC,S3,XGB,972,Train,56.0,43.358219146728516
EC_S3_XGB_seed42,EC,S3,XGB,973,Train,49.0,42.43623733520508
EC_S3_XGB_seed42,EC,S3,XGB,974,Train,27.0,39.89712142944336
EC_S3_XGB_seed42,EC,S3,XGB,975,Train,30.0,42.685638427734375
EC_S3_XGB_seed42,EC,S3,XGB,976,Train,31.0,43.358219146728516
EC_S3_XGB_seed42,EC,S3,XGB,977,Train,35.0,42.43623733520508
EC_S3_XGB_seed42,EC,S3,XGB,978,Train,34.0,39.89712142944336
EC_S3_XGB_seed42,EC,S3,XGB,979,Train,36.0,42.685638427734375
EC_S3_XGB_seed42,EC,S3,XGB,981,Train,37.0,42.43623733520508
EC_S3_XGB_seed42,EC,S3,XGB,982,Train,37.0,39.89712142944336
EC_S3_XGB_seed42,EC,S3,XGB,983,Train,37.0,42.685638427734375
EC_S3_XGB_seed42,EC,S3,XGB,985,Train,37.0,42.43623733520508
EC_S3_XGB_seed42,EC,S3,XGB,990,Train,42.0,39.219703674316406
EC_S3_XGB_seed42,EC,S3,XGB,991,Train,51.0,39.1707763671875
EC_S3_XGB_seed42,EC,S3,XGB,992,Train,47.0,42.87216567993164
EC_S3_XGB_seed42,EC,S3,XGB,993,Train,54.0,45.31678009033203
EC_S3_XGB_seed42,EC,S3,XGB,994,Train,55.0,45.107933044433594
EC_S3_XGB_seed42,EC,S3,XGB,996,Train,54.0,42.87216567993164
EC_S3_XGB_seed42,EC,S3,XGB,997,Train,58.0,45.31678009033203
EC_S3_XGB_seed42,EC,S3,XGB,998,Train,56.0,45.107933044433594
EC_S3_XGB_seed42,EC,S3,XGB,999,Train,49.0,41.43221664428711
EC_S3_XGB_seed42,EC,S3,XGB,1000,Train,54.0,42.87216567993164
EC_S3_XGB_seed42,EC,S3,XGB,1004,Train,28.0,42.87216567993164
EC_S3_XGB_seed42,EC,S3,XGB,1005,Train,31.0,45.31678009033203
EC_S3_XGB_seed42,EC,S3,XGB,1006,Train,33.0,45.107933044433594
EC_S3_XGB_seed42,EC,S3,XGB,1007,Train,36.0,41.43221664428711
EC_S3_XGB_seed42,EC,S3,XGB,1008,Train,35.0,42.87216567993164
EC_S3_XGB_seed42,EC,S3,XGB,1009,Train,36.0,45.31678009033203
EC_S3_XGB_seed42,EC,S3,XGB,1011,Train,38.0,41.43221664428711
EC_S3_XGB_seed42,EC,S3,XGB,1012,Train,37.0,42.87216567993164
EC_S3_XGB_seed42,EC,S3,XGB,1013,Train,37.0,45.31678009033203
EC_S3_XGB_seed42,EC,S3,XGB,1014,Train,37.0,45.107933044433594
EC_S3_XGB_seed42,EC,S3,XGB,1015,Train,38.0,41.43221664428711
EC_S3_XGB_seed42,EC,S3,XGB,1016,Train,24.0,28.747447967529297
EC_S3_XGB_seed42,EC,S3,XGB,1017,Train,29.0,36.56002426147461
EC_S3_XGB_seed42,EC,S3,XGB,1018,Train,30.0,38.38357162475586
EC_S3_XGB_seed42,EC,S3,XGB,1020,Train,20.0,27.945533752441406
EC_S3_XGB_seed42,EC,S3,XGB,1021,Train,18.0,29.341434478759766
EC_S3_XGB_seed42,EC,S3,XGB,1022,Train,24.0,21.169559478759766
EC_S3_XGB_seed42,EC,S3,XGB,1023,Train,29.0,27.945533752441406
EC_S3_XGB_seed42,EC,S3,XGB,1024,Train,32.0,29.341434478759766
EC_S3_XGB_seed42,EC,S3,XGB,1025,Train,35.0,35.21031188964844
EC_S3_XGB_seed42,EC,S3,XGB,1028,Train,49.0,42.13361740112305
EC_S3_XGB_seed42,EC,S3,XGB,1029,Train,56.0,44.75830841064453
EC_S3_XGB_seed42,EC,S3,XGB,1030,Train,55.0,43.892372131347656
EC_S3_XGB_seed42,EC,S3,XGB,1032,Train,57.0,42.13361740112305
EC_S3_XGB_seed42,EC,S3,XGB,1033,Train,59.0,44.75830841064453
EC_S3_XGB_seed42,EC,S3,XGB,1034,Train,56.0,43.892372131347656
EC_S3_XGB_seed42,EC,S3,XGB,1035,Train,49.0,41.69770050048828
EC_S3_XGB_seed42,EC,S3,XGB,1036,Train,55.0,42.13361740112305
EC_S3_XGB_seed42,EC,S3,XGB,1037,Train,59.0,44.75830841064453
EC_S3_XGB_seed42,EC,S3,XGB,1038,Train,57.0,43.892372131347656
EC_S3_XGB_seed42,EC,S3,XGB,1039,Train,49.0,41.69770050048828
EC_S3_XGB_seed42,EC,S3,XGB,1040,Train,28.0,42.13361740112305
EC_S3_XGB_seed42,EC,S3,XGB,1042,Train,33.0,43.892372131347656
EC_S3_XGB_seed42,EC,S3,XGB,1043,Train,36.0,41.69770050048828
EC_S3_XGB_seed42,EC,S3,XGB,1044,Train,35.0,42.13361740112305
EC_S3_XGB_seed42,EC,S3,XGB,1045,Train,37.0,44.75830841064453
EC_S3_XGB_seed42,EC,S3,XGB,1046,Train,37.0,43.892372131347656
EC_S3_XGB_seed42,EC,S3,XGB,1048,Train,37.0,42.13361740112305
EC_S3_XGB_seed42,EC,S3,XGB,1049,Train,38.0,44.75830841064453
EC_S3_XGB_seed42,EC,S3,XGB,1050,Train,38.0,43.892372131347656
EC_S3_XGB_seed42,EC,S3,XGB,1051,Train,38.0,41.69770050048828
EC_S3_XGB_seed42,EC,S3,XGB,1052,Train,34.0,36.274539947509766
EC_S3_XGB_seed42,EC,S3,XGB,1053,Train,25.0,21.21420669555664
EC_S3_XGB_seed42,EC,S3,XGB,1054,Train,29.0,31.224613189697266
EC_S3_XGB_seed42,EC,S3,XGB,1055,Train,32.0,34.0914421081543
EC_S3_XGB_seed42,EC,S3,XGB,1056,Train,37.0,35.241729736328125
EC_S3_XGB_seed42,EC,S3,XGB,1057,Train,46.0,40.438411712646484
EC_S3_XGB_seed42,EC,S3,XGB,1060,Train,58.0,47.51516342163086
EC_S3_XGB_seed42,EC,S3,XGB,1061,Train,55.0,46.764007568359375
EC_S3_XGB_seed42,EC,S3,XGB,1064,Train,60.0,47.51516342163086
EC_S3_XGB_seed42,EC,S3,XGB,1065,Train,56.0,46.764007568359375
EC_S3_XGB_seed42,EC,S3,XGB,1066,Train,50.0,44.57368469238281
EC_S3_XGB_seed42,EC,S3,XGB,1068,Train,61.0,47.51516342163086
EC_S3_XGB_seed42,EC,S3,XGB,1069,Train,57.0,46.764007568359375
EC_S3_XGB_seed42,EC,S3,XGB,1070,Train,49.0,44.57368469238281
EC_S3_XGB_seed42,EC,S3,XGB,1071,Train,29.0,42.3286018371582
EC_S3_XGB_seed42,EC,S3,XGB,1073,Train,34.0,46.764007568359375
EC_S3_XGB_seed42,EC,S3,XGB,1074,Train,36.0,44.57368469238281
EC_S3_XGB_seed42,EC,S3,XGB,1076,Train,38.0,47.51516342163086
EC_S3_XGB_seed42,EC,S3,XGB,1077,Train,38.0,46.764007568359375
EC_S3_XGB_seed42,EC,S3,XGB,1078,Train,38.0,44.57368469238281
EC_S3_XGB_seed42,EC,S3,XGB,1079,Train,38.0,42.3286018371582
EC_S3_XGB_seed42,EC,S3,XGB,1080,Train,38.0,47.51516342163086
EC_S3_XGB_seed42,EC,S3,XGB,1081,Train,40.0,46.764007568359375
EC_S3_XGB_seed42,EC,S3,XGB,1082,Train,39.0,44.57368469238281
EC_S3_XGB_seed42,EC,S3,XGB,1083,Train,39.0,38.22184753417969
EC_S3_XGB_seed42,EC,S3,XGB,1084,Train,49.0,43.29888916015625
EC_S3_XGB_seed42,EC,S3,XGB,1085,Train,55.0,41.15426254272461
EC_S3_XGB_seed42,EC,S3,XGB,1086,Train,55.0,46.80886459350586
EC_S3_XGB_seed42,EC,S3,XGB,1088,Train,56.0,48.886810302734375
EC_S3_XGB_seed42,EC,S3,XGB,1089,Train,49.0,44.122371673583984
EC_S3_XGB_seed42,EC,S3,XGB,1090,Train,61.0,46.80886459350586
EC_S3_XGB_seed42,EC,S3,XGB,1091,Train,61.0,51.19779586791992
EC_S3_XGB_seed42,EC,S3,XGB,1092,Train,56.0,48.886810302734375
EC_S3_XGB_seed42,EC,S3,XGB,1093,Train,50.0,44.122371673583984
EC_S3_XGB_seed42,EC,S3,XGB,1094,Train,58.0,46.80886459350586
EC_S3_XGB_seed42,EC,S3,XGB,1095,Train,61.0,51.19779586791992
EC_S3_XGB_seed42,EC,S3,XGB,1096,Train,57.0,48.886810302734375
EC_S3_XGB_seed42,EC,S3,XGB,1097,Train,49.0,44.122371673583984
EC_S3_XGB_seed42,EC,S3,XGB,1098,Train,30.0,46.80886459350586
EC_S3_XGB_seed42,EC,S3,XGB,1099,Train,34.0,51.19779586791992
EC_S3_XGB_seed42,EC,S3,XGB,1101,Train,37.0,44.122371673583984
EC_S3_XGB_seed42,EC,S3,XGB,1102,Train,37.0,46.80886459350586
EC_S3_XGB_seed42,EC,S3,XGB,1103,Train,38.0,51.19779586791992
EC_S3_XGB_seed42,EC,S3,XGB,1104,Train,40.0,48.886810302734375
EC_S3_XGB_seed42,EC,S3,XGB,1105,Train,38.0,44.122371673583984
EC_S3_XGB_seed42,EC,S3,XGB,1108,Train,41.0,48.886810302734375
EC_S3_XGB_seed42,EC,S3,XGB,1109,Train,39.0,44.122371673583984
EC_S3_XGB_seed42,EC,S3,XGB,1110,Train,40.0,40.622623443603516
EC_S3_XGB_seed42,EC,S3,XGB,1111,Train,50.0,41.20830535888672
EC_S3_XGB_seed42,EC,S3,XGB,1113,Train,57.0,49.2475471496582
EC_S3_XGB_seed42,EC,S3,XGB,1114,Train,59.0,48.9723014831543
EC_S3_XGB_seed42,EC,S3,XGB,1115,Train,56.0,49.02738571166992
EC_S3_XGB_seed42,EC,S3,XGB,1117,Train,62.0,49.2475471496582
EC_S3_XGB_seed42,EC,S3,XGB,1118,Train,60.0,48.9723014831543
EC_S3_XGB_seed42,EC,S3,XGB,1119,Train,57.0,49.02738571166992
EC_S3_XGB_seed42,EC,S3,XGB,1120,Train,50.0,44.63181686401367
EC_S3_XGB_seed42,EC,S3,XGB,1121,Train,59.0,49.2475471496582
EC_S3_XGB_seed42,EC,S3,XGB,1122,Train,62.0,48.9723014831543
EC_S3_XGB_seed42,EC,S3,XGB,1123,Train,57.0,49.02738571166992
EC_S3_XGB_seed42,EC,S3,XGB,1124,Train,49.0,44.63181686401367
EC_S3_XGB_seed42,EC,S3,XGB,1125,Train,30.0,49.2475471496582
EC_S3_XGB_seed42,EC,S3,XGB,1126,Train,35.0,48.9723014831543
EC_S3_XGB_seed42,EC,S3,XGB,1128,Train,36.0,44.63181686401367
EC_S3_XGB_seed42,EC,S3,XGB,1130,Train,39.0,48.9723014831543
EC_S3_XGB_seed42,EC,S3,XGB,1131,Train,41.0,49.02738571166992
EC_S3_XGB_seed42,EC,S3,XGB,1132,Train,38.0,44.63181686401367
EC_S3_XGB_seed42,EC,S3,XGB,1133,Train,39.0,49.2475471496582
EC_S3_XGB_seed42,EC,S3,XGB,1134,Train,40.0,48.9723014831543
EC_S3_XGB_seed42,EC,S3,XGB,1135,Train,41.0,49.02738571166992
EC_S3_XGB_seed42,EC,S3,XGB,1136,Train,39.0,44.63181686401367
EC_S3_XGB_seed42,EC,S3,XGB,1137,Train,35.0,32.84832763671875
EC_S3_XGB_seed42,EC,S3,XGB,1139,Train,52.0,41.66494369506836
EC_S3_XGB_seed42,EC,S3,XGB,1140,Train,57.0,42.612728118896484
EC_S3_XGB_seed42,EC,S3,XGB,1141,Train,59.0,47.168006896972656
EC_S3_XGB_seed42,EC,S3,XGB,1142,Train,60.0,49.42893981933594
EC_S3_XGB_seed42,EC,S3,XGB,1143,Train,56.0,50.51028060913086
EC_S3_XGB_seed42,EC,S3,XGB,1144,Train,50.0,46.201961517333984
EC_S3_XGB_seed42,EC,S3,XGB,1145,Train,62.0,47.168006896972656
EC_S3_XGB_seed42,EC,S3,XGB,1146,Train,61.0,49.42893981933594
EC_S3_XGB_seed42,EC,S3,XGB,1147,Train,56.0,50.51028060913086
EC_S3_XGB_seed42,EC,S3,XGB,1148,Train,51.0,46.201961517333984
EC_S3_XGB_seed42,EC,S3,XGB,1149,Train,61.0,47.168006896972656
EC_S3_XGB_seed42,EC,S3,XGB,1151,Train,57.0,50.51028060913086
EC_S3_XGB_seed42,EC,S3,XGB,1152,Train,50.0,46.201961517333984
EC_S3_XGB_seed42,EC,S3,XGB,1153,Train,30.0,47.168006896972656
EC_S3_XGB_seed42,EC,S3,XGB,1154,Train,36.0,49.42893981933594
EC_S3_XGB_seed42,EC,S3,XGB,1155,Train,37.0,50.51028060913086
EC_S3_XGB_seed42,EC,S3,XGB,1157,Train,37.0,47.168006896972656
EC_S3_XGB_seed42,EC,S3,XGB,1158,Train,40.0,49.42893981933594
EC_S3_XGB_seed42,EC,S3,XGB,1160,Train,38.0,46.201961517333984
EC_S3_XGB_seed42,EC,S3,XGB,1161,Train,39.0,47.168006896972656
EC_S3_XGB_seed42,EC,S3,XGB,1162,Train,40.0,49.42893981933594
EC_S3_XGB_seed42,EC,S3,XGB,1165,Train,46.0,43.00812911987305
EC_S3_XGB_seed42,EC,S3,XGB,1166,Train,46.0,39.54093551635742
EC_S3_XGB_seed42,EC,S3,XGB,1168,Train,56.0,42.27866744995117
EC_S3_XGB_seed42,EC,S3,XGB,1169,Train,61.0,48.147560119628906
EC_S3_XGB_seed42,EC,S3,XGB,1170,Train,61.0,50.23025131225586
EC_S3_XGB_seed42,EC,S3,XGB,1171,Train,56.0,50.17621994018555
EC_S3_XGB_seed42,EC,S3,XGB,1172,Train,50.0,45.659996032714844
EC_S3_XGB_seed42,EC,S3,XGB,1173,Train,64.0,48.147560119628906
EC_S3_XGB_seed42,EC,S3,XGB,1174,Train,62.0,50.23025131225586
EC_S3_XGB_seed42,EC,S3,XGB,1175,Train,57.0,50.17621994018555
EC_S3_XGB_seed42,EC,S3,XGB,1176,Train,51.0,45.659996032714844
EC_S3_XGB_seed42,EC,S3,XGB,1178,Train,63.0,50.23025131225586
EC_S3_XGB_seed42,EC,S3,XGB,1179,Train,56.0,50.17621994018555
EC_S3_XGB_seed42,EC,S3,XGB,1180,Train,50.0,45.659996032714844
EC_S3_XGB_seed42,EC,S3,XGB,1181,Train,32.0,48.147560119628906
EC_S3_XGB_seed42,EC,S3,XGB,1182,Train,37.0,50.23025131225586
EC_S3_XGB_seed42,EC,S3,XGB,1184,Train,36.0,45.659996032714844
EC_S3_XGB_seed42,EC,S3,XGB,1185,Train,38.0,48.147560119628906
EC_S3_XGB_seed42,EC,S3,XGB,1186,Train,41.0,50.23025131225586
EC_S3_XGB_seed42,EC,S3,XGB,1187,Train,43.0,50.17621994018555
EC_S3_XGB_seed42,EC,S3,XGB,1188,Train,38.0,45.659996032714844
EC_S3_XGB_seed42,EC,S3,XGB,1189,Train,40.0,48.147560119628906
EC_S3_XGB_seed42,EC,S3,XGB,1191,Train,42.0,50.17621994018555
EC_S3_XGB_seed42,EC,S3,XGB,1194,Train,59.0,54.71154022216797
EC_S3_XGB_seed42,EC,S3,XGB,1195,Train,59.0,61.45997619628906
EC_S3_XGB_seed42,EC,S3,XGB,1196,Train,59.0,58.31949996948242
EC_S3_XGB_seed42,EC,S3,XGB,1197,Train,61.0,59.99884796142578
EC_S3_XGB_seed42,EC,S3,XGB,1199,Train,67.0,68.20598602294922
EC_S3_XGB_seed42,EC,S3,XGB,1200,Train,78.0,83.54176330566406
EC_S3_XGB_seed42,EC,S3,XGB,1201,Train,92.0,89.10001373291016
EC_S3_XGB_seed42,EC,S3,XGB,1202,Train,38.0,37.18120574951172
EC_S3_XGB_seed42,EC,S3,XGB,1203,Train,37.0,40.38376998901367
EC_S3_XGB_seed42,EC,S3,XGB,1205,Train,38.0,44.112457275390625
EC_S3_XGB_seed42,EC,S3,XGB,1208,Train,61.0,58.448036193847656
EC_S3_XGB_seed42,EC,S3,XGB,1209,Train,74.0,74.12870025634766
EC_S3_XGB_seed42,EC,S3,XGB,1210,Train,85.0,80.95503234863281
EC_S3_XGB_seed42,EC,S3,XGB,1211,Train,37.0,37.521671295166016
EC_S3_XGB_seed42,EC,S3,XGB,1212,Train,38.0,40.91620635986328
EC_S3_XGB_seed42,EC,S3,XGB,1213,Train,38.0,42.19517517089844
EC_S3_XGB_seed42,EC,S3,XGB,1214,Train,39.0,39.17171096801758
EC_S3_XGB_seed42,EC,S3,XGB,1216,Train,42.0,41.35899353027344
EC_S3_XGB_seed42,EC,S3,XGB,1217,Train,57.0,54.77342987060547
EC_S3_XGB_seed42,EC,S3,XGB,1218,Train,73.0,71.06612396240234
EC_S3_XGB_seed42,EC,S3,XGB,1219,Train,83.0,76.7193832397461
EC_S3_XGB_seed42,EC,S3,XGB,1221,Train,32.0,31.292272567749023
EC_S3_XGB_seed42,EC,S3,XGB,1222,Train,32.0,34.40138244628906
EC_S3_XGB_seed42,EC,S3,XGB,1223,Train,33.0,55.983436584472656
EC_S3_XGB_seed42,EC,S3,XGB,1224,Train,36.0,33.90107345581055
EC_S3_XGB_seed42,EC,S3,XGB,1225,Train,37.0,33.79779052734375
EC_S3_XGB_seed42,EC,S3,XGB,1226,Train,43.0,44.178306579589844
EC_S3_XGB_seed42,EC,S3,XGB,1227,Train,65.0,60.00889587402344
EC_S3_XGB_seed42,EC,S3,XGB,1228,Train,77.0,66.65419006347656
EC_S3_XGB_seed42,EC,S3,XGB,8,Test,32.0,24.897764205932617
EC_S3_XGB_seed42,EC,S3,XGB,16,Test,37.0,48.23849105834961
EC_S3_XGB_seed42,EC,S3,XGB,33,Test,39.0,40.87493896484375
EC_S3_XGB_seed42,EC,S3,XGB,40,Test,36.0,34.23491668701172
EC_S3_XGB_seed42,EC,S3,XGB,41,Test,39.0,44.3061637878418
EC_S3_XGB_seed42,EC,S3,XGB,49,Test,37.0,36.6615104675293
EC_S3_XGB_seed42,EC,S3,XGB,55,Test,27.0,37.28868103027344
EC_S3_XGB_seed42,EC,S3,XGB,60,Test,43.0,39.51462173461914
EC_S3_XGB_seed42,EC,S3,XGB,62,Test,19.0,19.452295303344727
EC_S3_XGB_seed42,EC,S3,XGB,65,Test,38.0,40.54353713989258
EC_S3_XGB_seed42,EC,S3,XGB,67,Test,40.0,40.1693115234375
EC_S3_XGB_seed42,EC,S3,XGB,69,Test,37.0,37.43427658081055
EC_S3_XGB_seed42,EC,S3,XGB,70,Test,35.0,39.24925231933594
EC_S3_XGB_seed42,EC,S3,XGB,74,Test,38.0,37.09163284301758
EC_S3_XGB_seed42,EC,S3,XGB,77,Test,39.0,40.997074127197266
EC_S3_XGB_seed42,EC,S3,XGB,78,Test,38.0,29.5865478515625
EC_S3_XGB_seed42,EC,S3,XGB,81,Test,38.0,37.39276885986328
EC_S3_XGB_seed42,EC,S3,XGB,87,Test,43.0,40.026405334472656
EC_S3_XGB_seed42,EC,S3,XGB,90,Test,34.0,41.94111251831055
EC_S3_XGB_seed42,EC,S3,XGB,95,Test,47.0,42.022483825683594
EC_S3_XGB_seed42,EC,S3,XGB,98,Test,32.0,31.22515869140625
EC_S3_XGB_seed42,EC,S3,XGB,100,Test,44.0,36.45748519897461
EC_S3_XGB_seed42,EC,S3,XGB,108,Test,41.0,40.49013900756836
EC_S3_XGB_seed42,EC,S3,XGB,112,Test,40.0,36.1193962097168
EC_S3_XGB_seed42,EC,S3,XGB,113,Test,40.0,33.57310104370117
EC_S3_XGB_seed42,EC,S3,XGB,119,Test,40.0,40.227012634277344
EC_S3_XGB_seed42,EC,S3,XGB,122,Test,32.0,40.08625793457031
EC_S3_XGB_seed42,EC,S3,XGB,126,Test,40.0,40.04893493652344
EC_S3_XGB_seed42,EC,S3,XGB,143,Test,40.0,39.57449722290039
EC_S3_XGB_seed42,EC,S3,XGB,151,Test,34.0,36.258914947509766
EC_S3_XGB_seed42,EC,S3,XGB,153,Test,41.0,40.6529541015625
EC_S3_XGB_seed42,EC,S3,XGB,154,Test,45.0,31.827728271484375
EC_S3_XGB_seed42,EC,S3,XGB,155,Test,44.0,42.33037567138672
EC_S3_XGB_seed42,EC,S3,XGB,156,Test,41.0,38.09488296508789
EC_S3_XGB_seed42,EC,S3,XGB,171,Test,50.0,43.5994758605957
EC_S3_XGB_seed42,EC,S3,XGB,173,Test,52.0,40.09989929199219
EC_S3_XGB_seed42,EC,S3,XGB,204,Test,47.0,50.78474426269531
EC_S3_XGB_seed42,EC,S3,XGB,210,Test,32.0,41.68936538696289
EC_S3_XGB_seed42,EC,S3,XGB,214,Test,36.0,34.52998733520508
EC_S3_XGB_seed42,EC,S3,XGB,228,Test,21.0,24.38609504699707
EC_S3_XGB_seed42,EC,S3,XGB,234,Test,30.0,33.61172866821289
EC_S3_XGB_seed42,EC,S3,XGB,235,Test,33.0,29.892831802368164
EC_S3_XGB_seed42,EC,S3,XGB,244,Test,34.0,37.406429290771484
EC_S3_XGB_seed42,EC,S3,XGB,245,Test,31.0,30.950206756591797
EC_S3_XGB_seed42,EC,S3,XGB,246,Test,38.0,43.20089340209961
EC_S3_XGB_seed42,EC,S3,XGB,254,Test,53.0,48.44395446777344
EC_S3_XGB_seed42,EC,S3,XGB,257,Test,48.0,45.179344177246094
EC_S3_XGB_seed42,EC,S3,XGB,275,Test,40.0,41.22751998901367
EC_S3_XGB_seed42,EC,S3,XGB,284,Test,62.0,66.18323516845703
EC_S3_XGB_seed42,EC,S3,XGB,295,Test,66.0,68.18421936035156
EC_S3_XGB_seed42,EC,S3,XGB,296,Test,80.0,68.7734375
EC_S3_XGB_seed42,EC,S3,XGB,301,Test,32.0,33.37724304199219
EC_S3_XGB_seed42,EC,S3,XGB,321,Test,28.0,33.40023422241211
EC_S3_XGB_seed42,EC,S3,XGB,326,Test,80.0,79.35706329345703
EC_S3_XGB_seed42,EC,S3,XGB,338,Test,23.0,28.484750747680664
EC_S3_XGB_seed42,EC,S3,XGB,341,Test,40.0,43.133277893066406
EC_S3_XGB_seed42,EC,S3,XGB,342,Test,38.0,35.90530776977539
EC_S3_XGB_seed42,EC,S3,XGB,343,Test,32.0,30.836477279663086
EC_S3_XGB_seed42,EC,S3,XGB,360,Test,87.0,81.46695709228516
EC_S3_XGB_seed42,EC,S3,XGB,361,Test,52.0,41.017333984375
EC_S3_XGB_seed42,EC,S3,XGB,362,Test,36.0,40.553985595703125
EC_S3_XGB_seed42,EC,S3,XGB,364,Test,37.0,31.509885787963867
EC_S3_XGB_seed42,EC,S3,XGB,366,Test,35.0,24.369190216064453
EC_S3_XGB_seed42,EC,S3,XGB,368,Test,51.0,41.670204162597656
EC_S3_XGB_seed42,EC,S3,XGB,370,Test,51.0,39.37383270263672
EC_S3_XGB_seed42,EC,S3,XGB,371,Test,52.0,41.45851516723633
EC_S3_XGB_seed42,EC,S3,XGB,386,Test,17.0,21.93785858154297
EC_S3_XGB_seed42,EC,S3,XGB,397,Test,29.0,32.711708068847656
EC_S3_XGB_seed42,EC,S3,XGB,399,Test,76.0,75.00997924804688
EC_S3_XGB_seed42,EC,S3,XGB,401,Test,84.0,82.15238952636719
EC_S3_XGB_seed42,EC,S3,XGB,411,Test,53.0,40.32532501220703
EC_S3_XGB_seed42,EC,S3,XGB,415,Test,37.0,45.911190032958984
EC_S3_XGB_seed42,EC,S3,XGB,416,Test,76.0,77.91346740722656
EC_S3_XGB_seed42,EC,S3,XGB,417,Test,80.0,82.7862777709961
EC_S3_XGB_seed42,EC,S3,XGB,427,Test,36.0,30.380517959594727
EC_S3_XGB_seed42,EC,S3,XGB,429,Test,32.0,36.44371032714844
EC_S3_XGB_seed42,EC,S3,XGB,431,Test,40.0,36.080650329589844
EC_S3_XGB_seed42,EC,S3,XGB,437,Test,31.0,40.95358657836914
EC_S3_XGB_seed42,EC,S3,XGB,439,Test,39.0,35.47117614746094
EC_S3_XGB_seed42,EC,S3,XGB,444,Test,55.0,33.30928039550781
EC_S3_XGB_seed42,EC,S3,XGB,447,Test,55.0,36.6525993347168
EC_S3_XGB_seed42,EC,S3,XGB,448,Test,36.0,31.285991668701172
EC_S3_XGB_seed42,EC,S3,XGB,467,Test,39.0,41.79151153564453
EC_S3_XGB_seed42,EC,S3,XGB,480,Test,41.0,41.66633605957031
EC_S3_XGB_seed42,EC,S3,XGB,490,Test,36.0,29.188085556030273
EC_S3_XGB_seed42,EC,S3,XGB,497,Test,36.0,36.359561920166016
EC_S3_XGB_seed42,EC,S3,XGB,499,Test,43.0,36.359561920166016
EC_S3_XGB_seed42,EC,S3,XGB,508,Test,47.0,46.314697265625
EC_S3_XGB_seed42,EC,S3,XGB,513,Test,47.0,39.681636810302734
EC_S3_XGB_seed42,EC,S3,XGB,514,Test,49.0,38.536922454833984
EC_S3_XGB_seed42,EC,S3,XGB,515,Test,50.0,47.9116325378418
EC_S3_XGB_seed42,EC,S3,XGB,519,Test,46.0,45.943878173828125
EC_S3_XGB_seed42,EC,S3,XGB,522,Test,50.0,47.83955383300781
EC_S3_XGB_seed42,EC,S3,XGB,525,Test,45.0,38.09163284301758
EC_S3_XGB_seed42,EC,S3,XGB,531,Test,50.0,49.46703338623047
EC_S3_XGB_seed42,EC,S3,XGB,534,Test,27.0,24.90955352783203
EC_S3_XGB_seed42,EC,S3,XGB,535,Test,30.0,27.532272338867188
EC_S3_XGB_seed42,EC,S3,XGB,537,Test,30.0,26.269819259643555
EC_S3_XGB_seed42,EC,S3,XGB,539,Test,20.0,27.292573928833008
EC_S3_XGB_seed42,EC,S3,XGB,546,Test,30.0,31.399059295654297
EC_S3_XGB_seed42,EC,S3,XGB,551,Test,30.0,29.965517044067383
EC_S3_XGB_seed42,EC,S3,XGB,553,Test,27.0,29.834972381591797
EC_S3_XGB_seed42,EC,S3,XGB,564,Test,23.0,27.640525817871094
EC_S3_XGB_seed42,EC,S3,XGB,576,Test,34.0,32.196441650390625
EC_S3_XGB_seed42,EC,S3,XGB,579,Test,26.0,26.190204620361328
EC_S3_XGB_seed42,EC,S3,XGB,587,Test,32.0,31.888179779052734
EC_S3_XGB_seed42,EC,S3,XGB,611,Test,35.0,36.03055953979492
EC_S3_XGB_seed42,EC,S3,XGB,612,Test,32.0,33.95208740234375
EC_S3_XGB_seed42,EC,S3,XGB,613,Test,36.0,36.013301849365234
EC_S3_XGB_seed42,EC,S3,XGB,616,Test,23.0,24.98986053466797
EC_S3_XGB_seed42,EC,S3,XGB,617,Test,28.0,29.698938369750977
EC_S3_XGB_seed42,EC,S3,XGB,618,Test,33.0,33.74687576293945
EC_S3_XGB_seed42,EC,S3,XGB,620,Test,36.0,35.50471496582031
EC_S3_XGB_seed42,EC,S3,XGB,625,Test,35.0,33.440391540527344
EC_S3_XGB_seed42,EC,S3,XGB,629,Test,25.0,27.53377342224121
EC_S3_XGB_seed42,EC,S3,XGB,631,Test,32.0,34.31631851196289
EC_S3_XGB_seed42,EC,S3,XGB,634,Test,27.0,30.64344024658203
EC_S3_XGB_seed42,EC,S3,XGB,635,Test,30.0,33.83525848388672
EC_S3_XGB_seed42,EC,S3,XGB,637,Test,28.0,29.12222671508789
EC_S3_XGB_seed42,EC,S3,XGB,640,Test,37.0,35.660430908203125
EC_S3_XGB_seed42,EC,S3,XGB,643,Test,38.0,35.87700271606445
EC_S3_XGB_seed42,EC,S3,XGB,644,Test,31.0,28.979063034057617
EC_S3_XGB_seed42,EC,S3,XGB,646,Test,37.0,37.329833984375
EC_S3_XGB_seed42,EC,S3,XGB,647,Test,34.0,35.55585479736328
EC_S3_XGB_seed42,EC,S3,XGB,654,Test,25.0,24.61931037902832
EC_S3_XGB_seed42,EC,S3,XGB,664,Test,35.0,38.87481689453125
EC_S3_XGB_seed42,EC,S3,XGB,668,Test,25.0,27.79146957397461
EC_S3_XGB_seed42,EC,S3,XGB,673,Test,39.0,39.13599395751953
EC_S3_XGB_seed42,EC,S3,XGB,676,Test,33.0,32.421669006347656
EC_S3_XGB_seed42,EC,S3,XGB,680,Test,36.0,36.959190368652344
EC_S3_XGB_seed42,EC,S3,XGB,682,Test,41.0,41.40525436401367
EC_S3_XGB_seed42,EC,S3,XGB,684,Test,32.0,32.502464294433594
EC_S3_XGB_seed42,EC,S3,XGB,691,Test,32.0,35.13473892211914
EC_S3_XGB_seed42,EC,S3,XGB,699,Test,39.0,40.64113998413086
EC_S3_XGB_seed42,EC,S3,XGB,721,Test,39.0,38.7901725769043
EC_S3_XGB_seed42,EC,S3,XGB,733,Test,40.0,38.602657318115234
EC_S3_XGB_seed42,EC,S3,XGB,749,Test,41.0,40.35014343261719
EC_S3_XGB_seed42,EC,S3,XGB,750,Test,38.0,39.37761688232422
EC_S3_XGB_seed42,EC,S3,XGB,757,Test,40.0,40.80498504638672
EC_S3_XGB_seed42,EC,S3,XGB,764,Test,33.0,33.99037551879883
EC_S3_XGB_seed42,EC,S3,XGB,783,Test,33.0,33.99037551879883
EC_S3_XGB_seed42,EC,S3,XGB,784,Test,35.0,33.66494369506836
EC_S3_XGB_seed42,EC,S3,XGB,785,Test,31.0,33.99037551879883
EC_S3_XGB_seed42,EC,S3,XGB,791,Test,35.0,34.649410247802734
EC_S3_XGB_seed42,EC,S3,XGB,794,Test,31.0,30.787267684936523
EC_S3_XGB_seed42,EC,S3,XGB,803,Test,40.0,37.666873931884766
EC_S3_XGB_seed42,EC,S3,XGB,811,Test,43.0,39.261478424072266
EC_S3_XGB_seed42,EC,S3,XGB,812,Test,47.0,44.103057861328125
EC_S3_XGB_seed42,EC,S3,XGB,826,Test,42.0,37.10486602783203
EC_S3_XGB_seed42,EC,S3,XGB,829,Test,46.0,37.47145080566406
EC_S3_XGB_seed42,EC,S3,XGB,835,Test,26.0,37.097625732421875
EC_S3_XGB_seed42,EC,S3,XGB,840,Test,34.0,37.69822692871094
EC_S3_XGB_seed42,EC,S3,XGB,842,Test,33.0,37.10486602783203
EC_S3_XGB_seed42,EC,S3,XGB,844,Test,34.0,37.69822692871094
EC_S3_XGB_seed42,EC,S3,XGB,847,Test,24.0,34.2991943359375
EC_S3_XGB_seed42,EC,S3,XGB,852,Test,12.0,15.10702133178711
EC_S3_XGB_seed42,EC,S3,XGB,854,Test,17.0,22.104209899902344
EC_S3_XGB_seed42,EC,S3,XGB,857,Test,27.0,22.104209899902344
EC_S3_XGB_seed42,EC,S3,XGB,864,Test,49.0,40.23386001586914
EC_S3_XGB_seed42,EC,S3,XGB,867,Test,48.0,38.78098678588867
EC_S3_XGB_seed42,EC,S3,XGB,872,Test,55.0,40.23386001586914
EC_S3_XGB_seed42,EC,S3,XGB,876,Test,27.0,40.23386001586914
EC_S3_XGB_seed42,EC,S3,XGB,878,Test,33.0,37.13509750366211
EC_S3_XGB_seed42,EC,S3,XGB,883,Test,36.0,38.78098678588867
EC_S3_XGB_seed42,EC,S3,XGB,888,Test,26.0,33.9439697265625
EC_S3_XGB_seed42,EC,S3,XGB,893,Test,27.0,24.6684513092041
EC_S3_XGB_seed42,EC,S3,XGB,904,Test,53.0,42.13081359863281
EC_S3_XGB_seed42,EC,S3,XGB,910,Test,27.0,39.82783889770508
EC_S3_XGB_seed42,EC,S3,XGB,912,Test,29.0,42.13081359863281
EC_S3_XGB_seed42,EC,S3,XGB,914,Test,34.0,39.82783889770508
EC_S3_XGB_seed42,EC,S3,XGB,915,Test,35.0,42.14225387573242
EC_S3_XGB_seed42,EC,S3,XGB,922,Test,30.0,33.27442932128906
EC_S3_XGB_seed42,EC,S3,XGB,927,Test,53.0,42.963584899902344
EC_S3_XGB_seed42,EC,S3,XGB,943,Test,35.0,42.963584899902344
EC_S3_XGB_seed42,EC,S3,XGB,945,Test,36.0,40.56533432006836
EC_S3_XGB_seed42,EC,S3,XGB,955,Test,18.0,28.841541290283203
EC_S3_XGB_seed42,EC,S3,XGB,957,Test,28.0,25.15761947631836
EC_S3_XGB_seed42,EC,S3,XGB,958,Test,30.0,28.841541290283203
EC_S3_XGB_seed42,EC,S3,XGB,964,Test,54.0,43.358219146728516
EC_S3_XGB_seed42,EC,S3,XGB,965,Test,48.0,42.43623733520508
EC_S3_XGB_seed42,EC,S3,XGB,966,Test,51.0,39.89712142944336
EC_S3_XGB_seed42,EC,S3,XGB,980,Test,36.0,43.358219146728516
EC_S3_XGB_seed42,EC,S3,XGB,984,Test,36.0,43.358219146728516
EC_S3_XGB_seed42,EC,S3,XGB,989,Test,33.0,35.94886016845703
EC_S3_XGB_seed42,EC,S3,XGB,995,Test,48.0,41.43221664428711
EC_S3_XGB_seed42,EC,S3,XGB,1001,Test,58.0,45.31678009033203
EC_S3_XGB_seed42,EC,S3,XGB,1002,Test,57.0,45.107933044433594
EC_S3_XGB_seed42,EC,S3,XGB,1003,Test,49.0,41.43221664428711
EC_S3_XGB_seed42,EC,S3,XGB,1010,Test,37.0,45.107933044433594
EC_S3_XGB_seed42,EC,S3,XGB,1019,Test,14.0,21.169559478759766
EC_S3_XGB_seed42,EC,S3,XGB,1026,Test,43.0,38.62842559814453
EC_S3_XGB_seed42,EC,S3,XGB,1027,Test,53.0,37.97621536254883
EC_S3_XGB_seed42,EC,S3,XGB,1031,Test,49.0,41.69770050048828
EC_S3_XGB_seed42,EC,S3,XGB,1041,Test,32.0,44.75830841064453
EC_S3_XGB_seed42,EC,S3,XGB,1047,Test,38.0,41.69770050048828
EC_S3_XGB_seed42,EC,S3,XGB,1058,Test,55.0,39.72815704345703
EC_S3_XGB_seed42,EC,S3,XGB,1059,Test,53.0,42.3286018371582
EC_S3_XGB_seed42,EC,S3,XGB,1062,Test,49.0,44.57368469238281
EC_S3_XGB_seed42,EC,S3,XGB,1063,Test,60.0,42.3286018371582
EC_S3_XGB_seed42,EC,S3,XGB,1067,Test,57.0,42.3286018371582
EC_S3_XGB_seed42,EC,S3,XGB,1072,Test,33.0,47.51516342163086
EC_S3_XGB_seed42,EC,S3,XGB,1075,Test,36.0,42.3286018371582
EC_S3_XGB_seed42,EC,S3,XGB,1087,Test,59.0,51.19779586791992
EC_S3_XGB_seed42,EC,S3,XGB,1100,Test,36.0,48.886810302734375
EC_S3_XGB_seed42,EC,S3,XGB,1106,Test,39.0,46.80886459350586
EC_S3_XGB_seed42,EC,S3,XGB,1107,Test,39.0,51.19779586791992
EC_S3_XGB_seed42,EC,S3,XGB,1112,Test,56.0,41.362342834472656
EC_S3_XGB_seed42,EC,S3,XGB,1116,Test,49.0,44.63181686401367
EC_S3_XGB_seed42,EC,S3,XGB,1127,Test,37.0,49.02738571166992
EC_S3_XGB_seed42,EC,S3,XGB,1129,Test,37.0,49.2475471496582
EC_S3_XGB_seed42,EC,S3,XGB,1138,Test,42.0,38.61058807373047
EC_S3_XGB_seed42,EC,S3,XGB,1150,Test,62.0,49.42893981933594
EC_S3_XGB_seed42,EC,S3,XGB,1156,Test,36.0,46.201961517333984
EC_S3_XGB_seed42,EC,S3,XGB,1159,Test,42.0,50.51028060913086
EC_S3_XGB_seed42,EC,S3,XGB,1163,Test,42.0,50.51028060913086
EC_S3_XGB_seed42,EC,S3,XGB,1164,Test,39.0,46.201961517333984
EC_S3_XGB_seed42,EC,S3,XGB,1167,Test,55.0,42.36565399169922
EC_S3_XGB_seed42,EC,S3,XGB,1177,Test,63.0,48.147560119628906
EC_S3_XGB_seed42,EC,S3,XGB,1183,Test,38.0,50.17621994018555
EC_S3_XGB_seed42,EC,S3,XGB,1190,Test,41.0,50.23025131225586
EC_S3_XGB_seed42,EC,S3,XGB,1192,Test,39.0,45.659996032714844
EC_S3_XGB_seed42,EC,S3,XGB,1193,Test,58.0,47.46468734741211
EC_S3_XGB_seed42,EC,S3,XGB,1198,Test,63.0,59.810386657714844
EC_S3_XGB_seed42,EC,S3,XGB,1204,Test,37.0,47.252933502197266
EC_S3_XGB_seed42,EC,S3,XGB,1206,Test,39.0,45.95307159423828
EC_S3_XGB_seed42,EC,S3,XGB,1207,Test,40.0,46.25170135498047
EC_S3_XGB_seed42,EC,S3,XGB,1215,Test,40.0,41.325035095214844
EC_S3_XGB_seed42,EC,S3,XGB,1220,Test,32.0,32.89830780029297
Q3_S0_XGB_seed42,Q3,S0,XGB,5,Train,1.11514676750688,0.8517706394195557
Q3_S0_XGB_seed42,Q3,S0,XGB,6,Train,1.0565765573796,0.8517706394195557
Q3_S0_XGB_seed42,Q3,S0,XGB,7,Train,0.896984787073229,0.8517706394195557
Q3_S0_XGB_seed42,Q3,S0,XGB,9,Train,0.76051362037454,0.8517706394195557
Q3_S0_XGB_seed42,Q3,S0,XGB,10,Train,0.950497286823995,0.8622559905052185
Q3_S0_XGB_seed42,Q3,S0,XGB,12,Train,1.07686468394027,0.8517706394195557
Q3_S0_XGB_seed42,Q3,S0,XGB,13,Train,0.933147035394019,0.8517706394195557
Q3_S0_XGB_seed42,Q3,S0,XGB,14,Train,0.785557623630764,0.8517706394195557
Q3_S0_XGB_seed42,Q3,S0,XGB,15,Train,0.842644918243032,0.8517706394195557
Q3_S0_XGB_seed42,Q3,S0,XGB,17,Train,0.886580948587187,0.8622559905052185
Q3_S0_XGB_seed42,Q3,S0,XGB,18,Train,0.934277126829998,0.8470991253852844
Q3_S0_XGB_seed42,Q3,S0,XGB,20,Train,1.23705008651909,0.9585806131362915
Q3_S0_XGB_seed42,Q3,S0,XGB,21,Train,1.12081929484091,0.9585806131362915
Q3_S0_XGB_seed42,Q3,S0,XGB,22,Train,1.01850275153181,0.9585806131362915
Q3_S0_XGB_seed42,Q3,S0,XGB,23,Train,0.870122736694625,0.9585806131362915
Q3_S0_XGB_seed42,Q3,S0,XGB,24,Train,0.901897886930289,0.9585806131362915
Q3_S0_XGB_seed42,Q3,S0,XGB,28,Train,1.10127559245174,1.0734004974365234
Q3_S0_XGB_seed42,Q3,S0,XGB,29,Train,1.00531824737307,0.9842707514762878
Q3_S0_XGB_seed42,Q3,S0,XGB,30,Train,0.920314571147693,0.9004070162773132
Q3_S0_XGB_seed42,Q3,S0,XGB,31,Train,0.842933486548124,0.8517706394195557
Q3_S0_XGB_seed42,Q3,S0,XGB,32,Train,0.866913768550946,0.8158848881721497
Q3_S0_XGB_seed42,Q3,S0,XGB,34,Train,1.00281893894957,0.9242424964904785
Q3_S0_XGB_seed42,Q3,S0,XGB,35,Train,1.0400567900952,0.9914721846580505
Q3_S0_XGB_seed42,Q3,S0,XGB,36,Train,1.07283135226429,1.0045510530471802
Q3_S0_XGB_seed42,Q3,S0,XGB,37,Train,1.0544181367815,1.0734004974365234
Q3_S0_XGB_seed42,Q3,S0,XGB,38,Train,0.973831697368482,0.9842707514762878
Q3_S0_XGB_seed42,Q3,S0,XGB,39,Train,0.906030407651833,0.9004070162773132
Q3_S0_XGB_seed42,Q3,S0,XGB,42,Train,0.899866388788341,0.860309362411499
Q3_S0_XGB_seed42,Q3,S0,XGB,43,Train,0.929645323254218,0.9242424964904785
Q3_S0_XGB_seed42,Q3,S0,XGB,44,Train,0.962587613991127,0.9914721846580505
Q3_S0_XGB_seed42,Q3,S0,XGB,45,Train,0.964652847972138,1.0045510530471802
Q3_S0_XGB_seed42,Q3,S0,XGB,46,Train,1.00614212656907,0.8517706394195557
Q3_S0_XGB_seed42,Q3,S0,XGB,47,Train,0.841068495208582,0.8517706394195557
Q3_S0_XGB_seed42,Q3,S0,XGB,48,Train,0.777823644006181,0.8517706394195557
Q3_S0_XGB_seed42,Q3,S0,XGB,50,Train,0.736439137486459,0.8517706394195557
Q3_S0_XGB_seed42,Q3,S0,XGB,51,Train,0.827266068741322,0.8622559905052185
Q3_S0_XGB_seed42,Q3,S0,XGB,52,Train,0.965447930384461,0.8737296462059021
Q3_S0_XGB_seed42,Q3,S0,XGB,53,Train,0.823869594684897,0.8470991253852844
Q3_S0_XGB_seed42,Q3,S0,XGB,56,Train,1.06631401603798,0.9585806131362915
Q3_S0_XGB_seed42,Q3,S0,XGB,57,Train,0.920757730594384,0.9585806131362915
Q3_S0_XGB_seed42,Q3,S0,XGB,58,Train,0.874320308993983,0.9585806131362915
Q3_S0_XGB_seed42,Q3,S0,XGB,59,Train,0.924047364068431,0.9585806131362915
Q3_S0_XGB_seed42,Q3,S0,XGB,61,Train,0.949867691891581,0.9407775402069092
Q3_S0_XGB_seed42,Q3,S0,XGB,63,Train,0.976976532023534,0.9842707514762878
Q3_S0_XGB_seed42,Q3,S0,XGB,64,Train,0.906801235757686,0.9004070162773132
Q3_S0_XGB_seed42,Q3,S0,XGB,66,Train,0.812015177575546,0.8158848881721497
Q3_S0_XGB_seed42,Q3,S0,XGB,68,Train,0.898774056329083,0.9242424964904785
Q3_S0_XGB_seed42,Q3,S0,XGB,71,Train,1.03757357258339,1.0734004974365234
Q3_S0_XGB_seed42,Q3,S0,XGB,72,Train,0.953736688508713,0.9842707514762878
Q3_S0_XGB_seed42,Q3,S0,XGB,73,Train,0.883117327217867,0.9004070162773132
Q3_S0_XGB_seed42,Q3,S0,XGB,75,Train,0.800814624767177,0.8158848881721497
Q3_S0_XGB_seed42,Q3,S0,XGB,76,Train,0.821675056584442,0.860309362411499
Q3_S0_XGB_seed42,Q3,S0,XGB,79,Train,0.912142251080241,1.0045510530471802
Q3_S0_XGB_seed42,Q3,S0,XGB,80,Train,0.934315649073268,0.8517706394195557
Q3_S0_XGB_seed42,Q3,S0,XGB,82,Train,0.772100152115195,0.8517706394195557
Q3_S0_XGB_seed42,Q3,S0,XGB,83,Train,0.82751179955198,0.8517706394195557
Q3_S0_XGB_seed42,Q3,S0,XGB,84,Train,0.735308773693085,0.8517706394195557
Q3_S0_XGB_seed42,Q3,S0,XGB,85,Train,0.804863789287563,0.8622559905052185
Q3_S0_XGB_seed42,Q3,S0,XGB,86,Train,0.91052496907352,0.8737296462059021
Q3_S0_XGB_seed42,Q3,S0,XGB,89,Train,1.12534479349634,0.9585806131362915
Q3_S0_XGB_seed42,Q3,S0,XGB,91,Train,0.85684247351947,0.9585806131362915
Q3_S0_XGB_seed42,Q3,S0,XGB,92,Train,0.869365755467141,0.9585806131362915
Q3_S0_XGB_seed42,Q3,S0,XGB,93,Train,0.974544273463535,0.9585806131362915
Q3_S0_XGB_seed42,Q3,S0,XGB,94,Train,0.699692444654365,0.7357071042060852
Q3_S0_XGB_seed42,Q3,S0,XGB,96,Train,1.07945554814053,1.0734004974365234
Q3_S0_XGB_seed42,Q3,S0,XGB,97,Train,0.99614458008211,0.9842707514762878
Q3_S0_XGB_seed42,Q3,S0,XGB,99,Train,0.837452530024711,0.8517706394195557
Q3_S0_XGB_seed42,Q3,S0,XGB,101,Train,0.877938882001441,0.860309362411499
Q3_S0_XGB_seed42,Q3,S0,XGB,102,Train,0.930366682240684,0.9242424964904785
Q3_S0_XGB_seed42,Q3,S0,XGB,103,Train,0.976414639385889,0.9914721846580505
Q3_S0_XGB_seed42,Q3,S0,XGB,104,Train,1.02231802183271,1.0045510530471802
Q3_S0_XGB_seed42,Q3,S0,XGB,105,Train,1.04170153253153,1.0734004974365234
Q3_S0_XGB_seed42,Q3,S0,XGB,106,Train,0.962148070655844,0.9842707514762878
Q3_S0_XGB_seed42,Q3,S0,XGB,107,Train,0.877227261616662,0.9004070162773132
Q3_S0_XGB_seed42,Q3,S0,XGB,109,Train,0.775453968442856,0.8158848881721497
Q3_S0_XGB_seed42,Q3,S0,XGB,110,Train,0.807135366414901,0.860309362411499
Q3_S0_XGB_seed42,Q3,S0,XGB,111,Train,0.858775531141403,0.9242424964904785
Q3_S0_XGB_seed42,Q3,S0,XGB,114,Train,0.8765668989859,0.8517706394195557
Q3_S0_XGB_seed42,Q3,S0,XGB,115,Train,0.820060973342836,0.8517706394195557
Q3_S0_XGB_seed42,Q3,S0,XGB,116,Train,0.74651756923174,0.8517706394195557
Q3_S0_XGB_seed42,Q3,S0,XGB,117,Train,0.842907501341001,0.8517706394195557
Q3_S0_XGB_seed42,Q3,S0,XGB,118,Train,0.73095404771111,0.8517706394195557
Q3_S0_XGB_seed42,Q3,S0,XGB,120,Train,0.852320637196598,0.8737296462059021
Q3_S0_XGB_seed42,Q3,S0,XGB,123,Train,0.931712883387309,0.9585806131362915
Q3_S0_XGB_seed42,Q3,S0,XGB,124,Train,0.816470299348186,0.9585806131362915
Q3_S0_XGB_seed42,Q3,S0,XGB,125,Train,0.904169723291315,0.9585806131362915
Q3_S0_XGB_seed42,Q3,S0,XGB,127,Train,0.766407774105349,0.8470991253852844
Q3_S0_XGB_seed42,Q3,S0,XGB,129,Train,0.854253259929068,0.8543390035629272
Q3_S0_XGB_seed42,Q3,S0,XGB,130,Train,0.859202484788517,0.8517706394195557
Q3_S0_XGB_seed42,Q3,S0,XGB,131,Train,0.825559406026328,0.8517706394195557
Q3_S0_XGB_seed42,Q3,S0,XGB,132,Train,0.779662587096313,0.8517706394195557
Q3_S0_XGB_seed42,Q3,S0,XGB,133,Train,0.897063983849173,0.8517706394195557
Q3_S0_XGB_seed42,Q3,S0,XGB,134,Train,0.731582105741902,0.8517706394195557
Q3_S0_XGB_seed42,Q3,S0,XGB,136,Train,1.11873809026471,1.0734004974365234
Q3_S0_XGB_seed42,Q3,S0,XGB,137,Train,1.03307658025924,0.9842707514762878
Q3_S0_XGB_seed42,Q3,S0,XGB,138,Train,0.938094690126679,0.9004070162773132
Q3_S0_XGB_seed42,Q3,S0,XGB,139,Train,0.865836496621492,0.8517706394195557
Q3_S0_XGB_seed42,Q3,S0,XGB,140,Train,0.81886553699064,0.8158848881721497
Q3_S0_XGB_seed42,Q3,S0,XGB,141,Train,0.886590643030329,0.860309362411499
Q3_S0_XGB_seed42,Q3,S0,XGB,142,Train,0.936618684449866,0.9242424964904785
Q3_S0_XGB_seed42,Q3,S0,XGB,144,Train,1.03909437030581,1.0045510530471802
Q3_S0_XGB_seed42,Q3,S0,XGB,145,Train,0.847375648720677,0.8517706394195557
Q3_S0_XGB_seed42,Q3,S0,XGB,146,Train,0.823886993768721,0.8517706394195557
Q3_S0_XGB_seed42,Q3,S0,XGB,147,Train,0.814845935224556,0.8517706394195557
Q3_S0_XGB_seed42,Q3,S0,XGB,148,Train,0.926494074528407,0.8517706394195557
Q3_S0_XGB_seed42,Q3,S0,XGB,149,Train,0.723790296687503,0.8517706394195557
Q3_S0_XGB_seed42,Q3,S0,XGB,150,Train,0.83911607828791,0.8622559905052185
Q3_S0_XGB_seed42,Q3,S0,XGB,152,Train,1.03982899113222,0.9585806131362915
Q3_S0_XGB_seed42,Q3,S0,XGB,157,Train,0.857957011285251,0.8646659255027771
Q3_S0_XGB_seed42,Q3,S0,XGB,158,Train,0.824492863020455,0.8517706394195557
Q3_S0_XGB_seed42,Q3,S0,XGB,159,Train,0.831933637325084,0.8517706394195557
Q3_S0_XGB_seed42,Q3,S0,XGB,160,Train,0.87058484268274,0.8517706394195557
Q3_S0_XGB_seed42,Q3,S0,XGB,161,Train,0.953709001950396,0.8517706394195557
Q3_S0_XGB_seed42,Q3,S0,XGB,162,Train,0.748051942207763,0.8517706394195557
Q3_S0_XGB_seed42,Q3,S0,XGB,163,Train,0.771800126144815,0.8737296462059021
Q3_S0_XGB_seed42,Q3,S0,XGB,164,Train,1.03559606790605,0.9585806131362915
Q3_S0_XGB_seed42,Q3,S0,XGB,165,Train,0.803044753553073,0.9585806131362915
Q3_S0_XGB_seed42,Q3,S0,XGB,166,Train,0.83233691267763,0.9585806131362915
Q3_S0_XGB_seed42,Q3,S0,XGB,167,Train,0.94383618222052,0.9585806131362915
Q3_S0_XGB_seed42,Q3,S0,XGB,168,Train,1.03751339989451,0.9585806131362915
Q3_S0_XGB_seed42,Q3,S0,XGB,169,Train,0.808409412610811,0.8737296462059021
Q3_S0_XGB_seed42,Q3,S0,XGB,170,Train,0.905409565154336,0.8737296462059021
Q3_S0_XGB_seed42,Q3,S0,XGB,172,Train,0.910340354147792,0.8737296462059021
Q3_S0_XGB_seed42,Q3,S0,XGB,195,Train,1.12517950776161,1.003474473953247
Q3_S0_XGB_seed42,Q3,S0,XGB,196,Train,1.12868176576461,1.003474473953247
Q3_S0_XGB_seed42,Q3,S0,XGB,197,Train,1.13400469131662,1.003474473953247
Q3_S0_XGB_seed42,Q3,S0,XGB,198,Train,1.1545232562397,1.003474473953247
Q3_S0_XGB_seed42,Q3,S0,XGB,199,Train,1.14290667777114,1.003474473953247
Q3_S0_XGB_seed42,Q3,S0,XGB,200,Train,1.12785654669737,1.003474473953247
Q3_S0_XGB_seed42,Q3,S0,XGB,201,Train,1.12602340161149,1.003474473953247
Q3_S0_XGB_seed42,Q3,S0,XGB,202,Train,1.13400469131662,1.003474473953247
Q3_S0_XGB_seed42,Q3,S0,XGB,203,Train,1.14467492771398,1.003474473953247
Q3_S0_XGB_seed42,Q3,S0,XGB,205,Train,1.32560048277304,1.2444374561309814
Q3_S0_XGB_seed42,Q3,S0,XGB,206,Train,1.13493357440378,1.0959794521331787
Q3_S0_XGB_seed42,Q3,S0,XGB,207,Train,1.09420703701744,1.1031965017318726
Q3_S0_XGB_seed42,Q3,S0,XGB,208,Train,1.24105449234269,1.2293858528137207
Q3_S0_XGB_seed42,Q3,S0,XGB,209,Train,0.845171439294695,0.8771277666091919
Q3_S0_XGB_seed42,Q3,S0,XGB,211,Train,1.22802583136846,1.222899317741394
Q3_S0_XGB_seed42,Q3,S0,XGB,212,Train,1.19314942116747,0.9141835570335388
Q3_S0_XGB_seed42,Q3,S0,XGB,213,Train,1.0019037098872,0.9372931122779846
Q3_S0_XGB_seed42,Q3,S0,XGB,215,Train,1.2728771554883,0.9793820977210999
Q3_S0_XGB_seed42,Q3,S0,XGB,216,Train,1.01935024138376,0.9456111192703247
Q3_S0_XGB_seed42,Q3,S0,XGB,217,Train,1.12517950776161,1.003474473953247
Q3_S0_XGB_seed42,Q3,S0,XGB,218,Train,1.12517950776161,1.003474473953247
Q3_S0_XGB_seed42,Q3,S0,XGB,219,Train,1.13400469131662,1.003474473953247
Q3_S0_XGB_seed42,Q3,S0,XGB,220,Train,1.14555871834836,1.003474473953247
Q3_S0_XGB_seed42,Q3,S0,XGB,221,Train,1.13134220052408,1.003474473953247
Q3_S0_XGB_seed42,Q3,S0,XGB,222,Train,1.30129179304586,1.2444374561309814
Q3_S0_XGB_seed42,Q3,S0,XGB,223,Train,1.12785654669737,1.003474473953247
Q3_S0_XGB_seed42,Q3,S0,XGB,224,Train,1.13134220052408,1.003474473953247
Q3_S0_XGB_seed42,Q3,S0,XGB,225,Train,1.11983143864454,1.003474473953247
Q3_S0_XGB_seed42,Q3,S0,XGB,226,Train,1.10649699406606,1.003474473953247
Q3_S0_XGB_seed42,Q3,S0,XGB,227,Train,1.11105971599558,1.003474473953247
Q3_S0_XGB_seed42,Q3,S0,XGB,229,Train,1.07786230064286,1.1031965017318726
Q3_S0_XGB_seed42,Q3,S0,XGB,230,Train,1.23328727511638,1.2293858528137207
Q3_S0_XGB_seed42,Q3,S0,XGB,231,Train,0.852286444133707,0.8771277666091919
Q3_S0_XGB_seed42,Q3,S0,XGB,232,Train,0.900280998471653,0.8682568669319153
Q3_S0_XGB_seed42,Q3,S0,XGB,233,Train,1.24295421262678,1.222899317741394
Q3_S0_XGB_seed42,Q3,S0,XGB,236,Train,1.21062408455055,1.2071678638458252
Q3_S0_XGB_seed42,Q3,S0,XGB,237,Train,1.16301255092905,0.9793820977210999
Q3_S0_XGB_seed42,Q3,S0,XGB,238,Train,0.980590602917416,0.9456111192703247
Q3_S0_XGB_seed42,Q3,S0,XGB,239,Train,1.29849185828608,1.2444374561309814
Q3_S0_XGB_seed42,Q3,S0,XGB,240,Train,1.06854609992783,1.0959794521331787
Q3_S0_XGB_seed42,Q3,S0,XGB,241,Train,1.08519218707036,1.1031965017318726
Q3_S0_XGB_seed42,Q3,S0,XGB,242,Train,1.23328727511638,1.2293858528137207
Q3_S0_XGB_seed42,Q3,S0,XGB,243,Train,0.865067797277029,0.8771277666091919
Q3_S0_XGB_seed42,Q3,S0,XGB,247,Train,0.953713108737876,0.9372931122779846
Q3_S0_XGB_seed42,Q3,S0,XGB,248,Train,1.21062408455055,1.2071678638458252
Q3_S0_XGB_seed42,Q3,S0,XGB,249,Train,1.05954037695122,0.9793820977210999
Q3_S0_XGB_seed42,Q3,S0,XGB,250,Train,0.98640277120882,0.9456111192703247
Q3_S0_XGB_seed42,Q3,S0,XGB,251,Train,1.13053556958367,1.003474473953247
Q3_S0_XGB_seed42,Q3,S0,XGB,252,Train,1.12250446697086,1.003474473953247
Q3_S0_XGB_seed42,Q3,S0,XGB,253,Train,1.07549495505976,1.003474473953247
Q3_S0_XGB_seed42,Q3,S0,XGB,255,Train,1.0829352885134,1.003474473953247
Q3_S0_XGB_seed42,Q3,S0,XGB,258,Train,1.11105971599558,1.003474473953247
Q3_S0_XGB_seed42,Q3,S0,XGB,259,Train,1.01386063203782,1.003474473953247
Q3_S0_XGB_seed42,Q3,S0,XGB,260,Train,0.95690803542294,1.003474473953247
Q3_S0_XGB_seed42,Q3,S0,XGB,261,Train,1.06021217500802,1.003474473953247
Q3_S0_XGB_seed42,Q3,S0,XGB,269,Train,1.30972958302411,1.2444374561309814
Q3_S0_XGB_seed42,Q3,S0,XGB,270,Train,1.08077410214474,1.1031965017318726
Q3_S0_XGB_seed42,Q3,S0,XGB,271,Train,1.24825529374785,1.2293858528137207
Q3_S0_XGB_seed42,Q3,S0,XGB,272,Train,0.8581249828584,0.8771277666091919
Q3_S0_XGB_seed42,Q3,S0,XGB,273,Train,0.872200174343443,0.8682568669319153
Q3_S0_XGB_seed42,Q3,S0,XGB,274,Train,1.22559832447829,1.222899317741394
Q3_S0_XGB_seed42,Q3,S0,XGB,276,Train,0.912790229307553,0.9372931122779846
Q3_S0_XGB_seed42,Q3,S0,XGB,277,Train,1.22065556157337,1.2071678638458252
Q3_S0_XGB_seed42,Q3,S0,XGB,278,Train,0.963352339838838,0.9793820977210999
Q3_S0_XGB_seed42,Q3,S0,XGB,279,Train,0.963157212909166,0.9456111192703247
Q3_S0_XGB_seed42,Q3,S0,XGB,280,Train,1.1104689452522,1.003474473953247
Q3_S0_XGB_seed42,Q3,S0,XGB,281,Train,1.05497462859644,1.003474473953247
Q3_S0_XGB_seed42,Q3,S0,XGB,282,Train,0.862978249917694,1.003474473953247
Q3_S0_XGB_seed42,Q3,S0,XGB,283,Train,0.87888676382029,1.003474473953247
Q3_S0_XGB_seed42,Q3,S0,XGB,293,Train,0.868685024049319,0.8877067565917969
Q3_S0_XGB_seed42,Q3,S0,XGB,294,Train,1.05467108902976,1.003474473953247
Q3_S0_XGB_seed42,Q3,S0,XGB,297,Train,0.852769356557038,1.003474473953247
Q3_S0_XGB_seed42,Q3,S0,XGB,298,Train,0.936737206458081,1.003474473953247
Q3_S0_XGB_seed42,Q3,S0,XGB,309,Train,1.29675737284592,1.2444374561309814
Q3_S0_XGB_seed42,Q3,S0,XGB,310,Train,1.03924089971665,1.0959794521331787
Q3_S0_XGB_seed42,Q3,S0,XGB,311,Train,1.08967007677054,1.1031965017318726
Q3_S0_XGB_seed42,Q3,S0,XGB,312,Train,1.25066139489738,1.2293858528137207
Q3_S0_XGB_seed42,Q3,S0,XGB,313,Train,0.869084535893915,0.8771277666091919
Q3_S0_XGB_seed42,Q3,S0,XGB,314,Train,0.851409310050692,0.8682568669319153
Q3_S0_XGB_seed42,Q3,S0,XGB,315,Train,1.22559832447829,1.222899317741394
Q3_S0_XGB_seed42,Q3,S0,XGB,316,Train,0.910841844839356,0.9141835570335388
Q3_S0_XGB_seed42,Q3,S0,XGB,317,Train,0.928326864671582,0.9372931122779846
Q3_S0_XGB_seed42,Q3,S0,XGB,318,Train,1.18119272473377,1.2071678638458252
Q3_S0_XGB_seed42,Q3,S0,XGB,319,Train,0.905299696851462,0.9793820977210999
Q3_S0_XGB_seed42,Q3,S0,XGB,320,Train,0.9379549656945,0.9456111192703247
Q3_S0_XGB_seed42,Q3,S0,XGB,322,Train,1.18276353494062,1.0587574243545532
Q3_S0_XGB_seed42,Q3,S0,XGB,323,Train,1.14067445902436,1.0587574243545532
Q3_S0_XGB_seed42,Q3,S0,XGB,324,Train,0.945708559227524,1.003474473953247
Q3_S0_XGB_seed42,Q3,S0,XGB,325,Train,0.843084306328854,1.003474473953247
Q3_S0_XGB_seed42,Q3,S0,XGB,327,Train,0.849735123882455,1.003474473953247
Q3_S0_XGB_seed42,Q3,S0,XGB,328,Train,0.923296590464239,1.003474473953247
Q3_S0_XGB_seed42,Q3,S0,XGB,329,Train,0.889296449334854,0.9385614991188049
Q3_S0_XGB_seed42,Q3,S0,XGB,337,Train,1.26125249017114,1.2444374561309814
Q3_S0_XGB_seed42,Q3,S0,XGB,339,Train,1.08337218436624,1.1031965017318726
Q3_S0_XGB_seed42,Q3,S0,XGB,340,Train,1.24585209835546,1.2293858528137207
Q3_S0_XGB_seed42,Q3,S0,XGB,344,Train,0.860574748101461,0.9141835570335388
Q3_S0_XGB_seed42,Q3,S0,XGB,345,Train,0.88756392902911,0.9372931122779846
Q3_S0_XGB_seed42,Q3,S0,XGB,346,Train,1.21100400087572,1.2071678638458252
Q3_S0_XGB_seed42,Q3,S0,XGB,347,Train,0.85751088308495,0.9793820977210999
Q3_S0_XGB_seed42,Q3,S0,XGB,348,Train,0.864389749860933,0.9456111192703247
Q3_S0_XGB_seed42,Q3,S0,XGB,351,Train,0.836002074941405,0.9385614991188049
Q3_S0_XGB_seed42,Q3,S0,XGB,353,Train,1.17375544001433,1.0587574243545532
Q3_S0_XGB_seed42,Q3,S0,XGB,354,Train,1.12315874473961,1.0587574243545532
Q3_S0_XGB_seed42,Q3,S0,XGB,355,Train,0.962587613991127,1.0587574243545532
Q3_S0_XGB_seed42,Q3,S0,XGB,356,Train,0.889317081642978,1.003474473953247
Q3_S0_XGB_seed42,Q3,S0,XGB,357,Train,0.819944736050943,1.003474473953247
Q3_S0_XGB_seed42,Q3,S0,XGB,358,Train,0.817592884243045,1.003474473953247
Q3_S0_XGB_seed42,Q3,S0,XGB,359,Train,0.8602895986925,1.003474473953247
Q3_S0_XGB_seed42,Q3,S0,XGB,365,Train,0.79813710988408,0.8278264403343201
Q3_S0_XGB_seed42,Q3,S0,XGB,367,Train,0.781629766743678,0.7804796695709229
Q3_S0_XGB_seed42,Q3,S0,XGB,369,Train,0.783038508514702,0.8017926216125488
Q3_S0_XGB_seed42,Q3,S0,XGB,372,Train,0.823172843965236,0.841016948223114
Q3_S0_XGB_seed42,Q3,S0,XGB,373,Train,0.847765983879713,0.8533998727798462
Q3_S0_XGB_seed42,Q3,S0,XGB,374,Train,0.859657066279412,0.8455901741981506
Q3_S0_XGB_seed42,Q3,S0,XGB,375,Train,0.84311310408725,0.8385211825370789
Q3_S0_XGB_seed42,Q3,S0,XGB,376,Train,0.883342967623177,0.8878849744796753
Q3_S0_XGB_seed42,Q3,S0,XGB,377,Train,0.856396945847507,0.8764901757240295
Q3_S0_XGB_seed42,Q3,S0,XGB,384,Train,1.15149893230951,1.2444374561309814
Q3_S0_XGB_seed42,Q3,S0,XGB,385,Train,1.0783435976576,1.0959794521331787
Q3_S0_XGB_seed42,Q3,S0,XGB,387,Train,1.23569967731168,1.2293858528137207
Q3_S0_XGB_seed42,Q3,S0,XGB,388,Train,0.895908299174609,0.8771277666091919
Q3_S0_XGB_seed42,Q3,S0,XGB,389,Train,0.844698003074952,0.8682568669319153
Q3_S0_XGB_seed42,Q3,S0,XGB,390,Train,1.23045619628522,1.222899317741394
Q3_S0_XGB_seed42,Q3,S0,XGB,391,Train,0.867321866829216,0.9141835570335388
Q3_S0_XGB_seed42,Q3,S0,XGB,392,Train,1.21312809595027,1.2071678638458252
Q3_S0_XGB_seed42,Q3,S0,XGB,393,Train,0.864477864873901,0.9793820977210999
Q3_S0_XGB_seed42,Q3,S0,XGB,394,Train,0.88382959484243,0.9456111192703247
Q3_S0_XGB_seed42,Q3,S0,XGB,395,Train,0.955437669886648,0.9372931122779846
Q3_S0_XGB_seed42,Q3,S0,XGB,396,Train,1.16301255092905,1.0587574243545532
Q3_S0_XGB_seed42,Q3,S0,XGB,398,Train,0.970199574532386,1.0587574243545532
Q3_S0_XGB_seed42,Q3,S0,XGB,400,Train,0.819944736050943,1.003474473953247
Q3_S0_XGB_seed42,Q3,S0,XGB,402,Train,0.8602895986925,1.003474473953247
Q3_S0_XGB_seed42,Q3,S0,XGB,403,Train,0.91241396703636,1.003474473953247
Q3_S0_XGB_seed42,Q3,S0,XGB,410,Train,1.14447454268627,1.1031965017318726
Q3_S0_XGB_seed42,Q3,S0,XGB,412,Train,1.22075195295707,1.222899317741394
Q3_S0_XGB_seed42,Q3,S0,XGB,413,Train,0.876181182417668,0.9793820977210999
Q3_S0_XGB_seed42,Q3,S0,XGB,414,Train,1.10273996168474,1.0959794521331787
Q3_S0_XGB_seed42,Q3,S0,XGB,418,Train,0.814554686813047,1.003474473953247
Q3_S0_XGB_seed42,Q3,S0,XGB,419,Train,0.861650708592816,1.003474473953247
Q3_S0_XGB_seed42,Q3,S0,XGB,420,Train,0.916244578278823,1.003474473953247
Q3_S0_XGB_seed42,Q3,S0,XGB,421,Train,0.940037747326569,0.9385614991188049
Q3_S0_XGB_seed42,Q3,S0,XGB,423,Train,1.13937765430527,1.2444374561309814
Q3_S0_XGB_seed42,Q3,S0,XGB,424,Train,1.21350426002862,1.2293858528137207
Q3_S0_XGB_seed42,Q3,S0,XGB,425,Train,0.855197948455102,0.9141835570335388
Q3_S0_XGB_seed42,Q3,S0,XGB,426,Train,0.927466837520466,0.9372931122779846
Q3_S0_XGB_seed42,Q3,S0,XGB,428,Train,0.893412560197882,0.9456111192703247
Q3_S0_XGB_seed42,Q3,S0,XGB,430,Train,1.04865956183269,1.0587574243545532
Q3_S0_XGB_seed42,Q3,S0,XGB,432,Train,0.849179628294238,1.003474473953247
Q3_S0_XGB_seed42,Q3,S0,XGB,433,Train,0.807282256517311,1.003474473953247
Q3_S0_XGB_seed42,Q3,S0,XGB,434,Train,0.817592884243045,1.003474473953247
Q3_S0_XGB_seed42,Q3,S0,XGB,435,Train,0.85723807848117,1.003474473953247
Q3_S0_XGB_seed42,Q3,S0,XGB,436,Train,0.92542581048841,1.003474473953247
Q3_S0_XGB_seed42,Q3,S0,XGB,438,Train,1.03318695144596,1.0587574243545532
Q3_S0_XGB_seed42,Q3,S0,XGB,440,Train,1.16963572563126,1.1031965017318726
Q3_S0_XGB_seed42,Q3,S0,XGB,441,Train,0.882527065649618,0.9793820977210999
Q3_S0_XGB_seed42,Q3,S0,XGB,442,Train,1.16383325436374,1.2293858528137207
Q3_S0_XGB_seed42,Q3,S0,XGB,443,Train,0.951292426671113,0.8771277666091919
Q3_S0_XGB_seed42,Q3,S0,XGB,445,Train,1.1857829084766,1.222899317741394
Q3_S0_XGB_seed42,Q3,S0,XGB,446,Train,0.832809689459086,0.9141835570335388
Q3_S0_XGB_seed42,Q3,S0,XGB,449,Train,1.12875620728424,1.2444374561309814
Q3_S0_XGB_seed42,Q3,S0,XGB,450,Train,1.10736202957446,0.9385614991188049
Q3_S0_XGB_seed42,Q3,S0,XGB,452,Train,1.05806735449034,1.0587574243545532
Q3_S0_XGB_seed42,Q3,S0,XGB,453,Train,1.00415599474417,1.0587574243545532
Q3_S0_XGB_seed42,Q3,S0,XGB,454,Train,0.85553258425342,1.0587574243545532
Q3_S0_XGB_seed42,Q3,S0,XGB,455,Train,1.15306585258658,1.0959794521331787
Q3_S0_XGB_seed42,Q3,S0,XGB,456,Train,0.986006148238874,0.9456111192703247
Q3_S0_XGB_seed42,Q3,S0,XGB,457,Train,0.941131717596831,0.8470656275749207
Q3_S0_XGB_seed42,Q3,S0,XGB,458,Train,0.825563879603713,0.8470656275749207
Q3_S0_XGB_seed42,Q3,S0,XGB,459,Train,0.936810267937746,0.8775075078010559
Q3_S0_XGB_seed42,Q3,S0,XGB,460,Train,0.885627051544251,0.8775075078010559
Q3_S0_XGB_seed42,Q3,S0,XGB,461,Train,0.941420641279253,0.8336985111236572
Q3_S0_XGB_seed42,Q3,S0,XGB,462,Train,0.848291326608718,0.8336985111236572
Q3_S0_XGB_seed42,Q3,S0,XGB,463,Train,0.956020020926017,0.8478103876113892
Q3_S0_XGB_seed42,Q3,S0,XGB,464,Train,0.859202484788517,0.8478103876113892
Q3_S0_XGB_seed42,Q3,S0,XGB,465,Train,0.865613735535156,0.8470656275749207
Q3_S0_XGB_seed42,Q3,S0,XGB,466,Train,0.817248383912483,0.8470656275749207
Q3_S0_XGB_seed42,Q3,S0,XGB,468,Train,0.835995448351632,0.8775075078010559
Q3_S0_XGB_seed42,Q3,S0,XGB,469,Train,0.851409310050692,0.8336985111236572
Q3_S0_XGB_seed42,Q3,S0,XGB,470,Train,0.783441002546699,0.8336985111236572
Q3_S0_XGB_seed42,Q3,S0,XGB,471,Train,0.869236826110561,0.8478103876113892
Q3_S0_XGB_seed42,Q3,S0,XGB,472,Train,0.81018902115494,0.8478103876113892
Q3_S0_XGB_seed42,Q3,S0,XGB,473,Train,0.823880940713752,0.8470656275749207
Q3_S0_XGB_seed42,Q3,S0,XGB,474,Train,1.04546182476858,0.8470656275749207
Q3_S0_XGB_seed42,Q3,S0,XGB,475,Train,0.916989382925319,0.8470656275749207
Q3_S0_XGB_seed42,Q3,S0,XGB,476,Train,0.859994234086558,0.8470656275749207
Q3_S0_XGB_seed42,Q3,S0,XGB,477,Train,0.805333675116914,0.8470656275749207
Q3_S0_XGB_seed42,Q3,S0,XGB,478,Train,0.82588891487761,0.8470656275749207
Q3_S0_XGB_seed42,Q3,S0,XGB,479,Train,0.895343351122245,0.8470656275749207
Q3_S0_XGB_seed42,Q3,S0,XGB,481,Train,1.05048744261926,0.8775075078010559
Q3_S0_XGB_seed42,Q3,S0,XGB,482,Train,0.921288675620535,0.8775075078010559
Q3_S0_XGB_seed42,Q3,S0,XGB,483,Train,0.877943989627788,0.8775075078010559
Q3_S0_XGB_seed42,Q3,S0,XGB,484,Train,0.823886993768721,0.8775075078010559
Q3_S0_XGB_seed42,Q3,S0,XGB,485,Train,0.8581249828584,0.8775075078010559
Q3_S0_XGB_seed42,Q3,S0,XGB,486,Train,0.932322719981046,0.8775075078010559
Q3_S0_XGB_seed42,Q3,S0,XGB,487,Train,0.828159510480667,0.8336985111236572
Q3_S0_XGB_seed42,Q3,S0,XGB,488,Train,1.05658105748769,0.8336985111236572
Q3_S0_XGB_seed42,Q3,S0,XGB,489,Train,0.953609151008525,0.8336985111236572
Q3_S0_XGB_seed42,Q3,S0,XGB,491,Train,0.798477879968868,0.8336985111236572
Q3_S0_XGB_seed42,Q3,S0,XGB,492,Train,0.788936302907142,0.8336985111236572
Q3_S0_XGB_seed42,Q3,S0,XGB,493,Train,0.852090163697418,0.8336985111236572
Q3_S0_XGB_seed42,Q3,S0,XGB,494,Train,0.8327698438009,0.8478103876113892
Q3_S0_XGB_seed42,Q3,S0,XGB,495,Train,1.04859127624119,0.8478103876113892
Q3_S0_XGB_seed42,Q3,S0,XGB,496,Train,0.949832397742186,0.8478103876113892
Q3_S0_XGB_seed42,Q3,S0,XGB,498,Train,0.804542404831259,0.8478103876113892
Q3_S0_XGB_seed42,Q3,S0,XGB,500,Train,0.907598993418392,0.8478103876113892
Q3_S0_XGB_seed42,Q3,S0,XGB,501,Train,0.78496662806375,0.8470656275749207
Q3_S0_XGB_seed42,Q3,S0,XGB,502,Train,0.843075726450442,0.8775075078010559
Q3_S0_XGB_seed42,Q3,S0,XGB,503,Train,0.773318849402548,0.8336985111236572
Q3_S0_XGB_seed42,Q3,S0,XGB,504,Train,0.814691966773043,0.8478103876113892
Q3_S0_XGB_seed42,Q3,S0,XGB,505,Train,0.798961878103158,0.8470656275749207
Q3_S0_XGB_seed42,Q3,S0,XGB,506,Train,0.774189026409601,0.8470656275749207
Q3_S0_XGB_seed42,Q3,S0,XGB,507,Train,0.803044753553073,0.8775075078010559
Q3_S0_XGB_seed42,Q3,S0,XGB,509,Train,0.773505691298633,0.8336985111236572
Q3_S0_XGB_seed42,Q3,S0,XGB,510,Train,0.762147970146058,0.8336985111236572
Q3_S0_XGB_seed42,Q3,S0,XGB,511,Train,0.789023974706805,0.8478103876113892
Q3_S0_XGB_seed42,Q3,S0,XGB,512,Train,0.80120908801594,0.8478103876113892
Q3_S0_XGB_seed42,Q3,S0,XGB,516,Train,0.819383032732699,0.8478103876113892
Q3_S0_XGB_seed42,Q3,S0,XGB,517,Train,0.798980305387909,0.8470656275749207
Q3_S0_XGB_seed42,Q3,S0,XGB,518,Train,0.790360449203176,0.8470656275749207
Q3_S0_XGB_seed42,Q3,S0,XGB,520,Train,0.884504298959516,0.8775075078010559
Q3_S0_XGB_seed42,Q3,S0,XGB,521,Train,0.75772351224412,0.8336985111236572
Q3_S0_XGB_seed42,Q3,S0,XGB,523,Train,0.761612804015922,0.8478103876113892
Q3_S0_XGB_seed42,Q3,S0,XGB,524,Train,0.853178830205228,0.8478103876113892
Q3_S0_XGB_seed42,Q3,S0,XGB,526,Train,0.783923241729417,0.8775075078010559
Q3_S0_XGB_seed42,Q3,S0,XGB,527,Train,0.740499887010204,0.8336985111236572
Q3_S0_XGB_seed42,Q3,S0,XGB,528,Train,0.768057380113704,0.8478103876113892
Q3_S0_XGB_seed42,Q3,S0,XGB,529,Train,0.825577414164749,0.8470656275749207
Q3_S0_XGB_seed42,Q3,S0,XGB,530,Train,0.865837905996859,0.8775075078010559
Q3_S0_XGB_seed42,Q3,S0,XGB,532,Train,0.772844770868304,0.8478103876113892
Q3_S0_XGB_seed42,Q3,S0,XGB,533,Train,0.934190760734528,0.7571117877960205
Q3_S0_XGB_seed42,Q3,S0,XGB,536,Train,0.840866326590497,0.7571117877960205
Q3_S0_XGB_seed42,Q3,S0,XGB,538,Train,0.985099073907519,0.8293415904045105
Q3_S0_XGB_seed42,Q3,S0,XGB,540,Train,0.932856129203703,0.8293415904045105
Q3_S0_XGB_seed42,Q3,S0,XGB,541,Train,0.867183990464843,0.8293415904045105
Q3_S0_XGB_seed42,Q3,S0,XGB,542,Train,0.924553107896262,0.8885254263877869
Q3_S0_XGB_seed42,Q3,S0,XGB,543,Train,0.878845761791743,0.8885254263877869
Q3_S0_XGB_seed42,Q3,S0,XGB,544,Train,0.816352362153621,0.8885254263877869
Q3_S0_XGB_seed42,Q3,S0,XGB,545,Train,0.826695514401272,0.8885254263877869
Q3_S0_XGB_seed42,Q3,S0,XGB,547,Train,0.947648069034162,0.8885254263877869
Q3_S0_XGB_seed42,Q3,S0,XGB,548,Train,0.856663524132423,0.8885254263877869
Q3_S0_XGB_seed42,Q3,S0,XGB,549,Train,0.931224940654771,0.8885254263877869
Q3_S0_XGB_seed42,Q3,S0,XGB,550,Train,0.92029350590003,0.7571117877960205
Q3_S0_XGB_seed42,Q3,S0,XGB,552,Train,0.805740406844413,0.7571117877960205
Q3_S0_XGB_seed42,Q3,S0,XGB,554,Train,0.764316296310271,0.7571117877960205
Q3_S0_XGB_seed42,Q3,S0,XGB,555,Train,0.83175097276162,0.8293415904045105
Q3_S0_XGB_seed42,Q3,S0,XGB,556,Train,0.900643223800407,0.7571117877960205
Q3_S0_XGB_seed42,Q3,S0,XGB,557,Train,0.815198293424885,0.7571117877960205
Q3_S0_XGB_seed42,Q3,S0,XGB,558,Train,0.786408672212412,0.7571117877960205
Q3_S0_XGB_seed42,Q3,S0,XGB,559,Train,0.798982458338327,0.7571117877960205
Q3_S0_XGB_seed42,Q3,S0,XGB,560,Train,0.753279433801201,0.7571117877960205
Q3_S0_XGB_seed42,Q3,S0,XGB,561,Train,0.955897128492629,0.8293415904045105
Q3_S0_XGB_seed42,Q3,S0,XGB,562,Train,0.916456312894737,0.8293415904045105
Q3_S0_XGB_seed42,Q3,S0,XGB,563,Train,0.868476177883672,0.8293415904045105
Q3_S0_XGB_seed42,Q3,S0,XGB,565,Train,0.809825478657467,0.8293415904045105
Q3_S0_XGB_seed42,Q3,S0,XGB,566,Train,0.859708259377373,0.8293415904045105
Q3_S0_XGB_seed42,Q3,S0,XGB,567,Train,0.850960841052855,0.8293415904045105
Q3_S0_XGB_seed42,Q3,S0,XGB,568,Train,0.894147115277187,0.8885254263877869
Q3_S0_XGB_seed42,Q3,S0,XGB,569,Train,0.85142815632786,0.8885254263877869
Q3_S0_XGB_seed42,Q3,S0,XGB,570,Train,0.801146460271435,0.8885254263877869
Q3_S0_XGB_seed42,Q3,S0,XGB,571,Train,0.812647552301802,0.8885254263877869
Q3_S0_XGB_seed42,Q3,S0,XGB,572,Train,0.857654288131218,0.8885254263877869
Q3_S0_XGB_seed42,Q3,S0,XGB,573,Train,0.866234698253165,0.8885254263877869
Q3_S0_XGB_seed42,Q3,S0,XGB,574,Train,0.865776828695711,0.8885254263877869
Q3_S0_XGB_seed42,Q3,S0,XGB,575,Train,0.923347356962982,0.8885254263877869
Q3_S0_XGB_seed42,Q3,S0,XGB,577,Train,0.837502538444339,0.8293415904045105
Q3_S0_XGB_seed42,Q3,S0,XGB,578,Train,0.797969010201319,0.8293415904045105
Q3_S0_XGB_seed42,Q3,S0,XGB,580,Train,0.802422854971014,0.7571117877960205
Q3_S0_XGB_seed42,Q3,S0,XGB,581,Train,0.777988873751503,0.7571117877960205
Q3_S0_XGB_seed42,Q3,S0,XGB,582,Train,0.892298348391422,0.8885254263877869
Q3_S0_XGB_seed42,Q3,S0,XGB,583,Train,0.833194013031795,0.8885254263877869
Q3_S0_XGB_seed42,Q3,S0,XGB,584,Train,0.793809217204316,0.8885254263877869
Q3_S0_XGB_seed42,Q3,S0,XGB,585,Train,0.826226011608823,0.8885254263877869
Q3_S0_XGB_seed42,Q3,S0,XGB,586,Train,0.878699293147255,0.8885254263877869
Q3_S0_XGB_seed42,Q3,S0,XGB,588,Train,0.864427740016764,0.8885254263877869
Q3_S0_XGB_seed42,Q3,S0,XGB,589,Train,0.854874876500284,0.8885254263877869
Q3_S0_XGB_seed42,Q3,S0,XGB,590,Train,0.789650516165938,0.7571117877960205
Q3_S0_XGB_seed42,Q3,S0,XGB,591,Train,0.782523228550948,0.7571117877960205
Q3_S0_XGB_seed42,Q3,S0,XGB,592,Train,0.801146460271435,0.7571117877960205
Q3_S0_XGB_seed42,Q3,S0,XGB,593,Train,0.73363996111312,0.7571117877960205
Q3_S0_XGB_seed42,Q3,S0,XGB,594,Train,0.916456312894737,0.8293415904045105
Q3_S0_XGB_seed42,Q3,S0,XGB,595,Train,0.868997899727548,0.8293415904045105
Q3_S0_XGB_seed42,Q3,S0,XGB,596,Train,0.804859872876447,0.8293415904045105
Q3_S0_XGB_seed42,Q3,S0,XGB,597,Train,0.810800897585135,0.8293415904045105
Q3_S0_XGB_seed42,Q3,S0,XGB,598,Train,0.800041668864993,0.8293415904045105
Q3_S0_XGB_seed42,Q3,S0,XGB,599,Train,0.836468266501584,0.8293415904045105
Q3_S0_XGB_seed42,Q3,S0,XGB,600,Train,0.83074847205683,0.8293415904045105
Q3_S0_XGB_seed42,Q3,S0,XGB,601,Train,0.885246421967059,0.8885254263877869
Q3_S0_XGB_seed42,Q3,S0,XGB,602,Train,0.819970068327537,0.8885254263877869
Q3_S0_XGB_seed42,Q3,S0,XGB,603,Train,0.79470074482459,0.8885254263877869
Q3_S0_XGB_seed42,Q3,S0,XGB,604,Train,0.842822772629174,0.8885254263877869
Q3_S0_XGB_seed42,Q3,S0,XGB,605,Train,0.851500125444752,0.8885254263877869
Q3_S0_XGB_seed42,Q3,S0,XGB,606,Train,0.856573743630585,0.8885254263877869
Q3_S0_XGB_seed42,Q3,S0,XGB,607,Train,0.853159195428482,0.8885254263877869
Q3_S0_XGB_seed42,Q3,S0,XGB,608,Train,0.884006504341295,0.8885254263877869
Q3_S0_XGB_seed42,Q3,S0,XGB,609,Train,0.859008756801763,0.7571117877960205
Q3_S0_XGB_seed42,Q3,S0,XGB,610,Train,0.787478820957529,0.7571117877960205
Q3_S0_XGB_seed42,Q3,S0,XGB,614,Train,0.801715890222028,0.8293415904045105
Q3_S0_XGB_seed42,Q3,S0,XGB,615,Train,0.788862726211253,0.8293415904045105
Q3_S0_XGB_seed42,Q3,S0,XGB,619,Train,0.855412098959476,0.8885254263877869
Q3_S0_XGB_seed42,Q3,S0,XGB,621,Train,0.87841663966553,0.8885254263877869
Q3_S0_XGB_seed42,Q3,S0,XGB,622,Train,0.874141721757814,0.8885254263877869
Q3_S0_XGB_seed42,Q3,S0,XGB,623,Train,0.881852505955376,0.8885254263877869
Q3_S0_XGB_seed42,Q3,S0,XGB,624,Train,0.832374398082112,0.7571117877960205
Q3_S0_XGB_seed42,Q3,S0,XGB,626,Train,0.763034821343403,0.7571117877960205
Q3_S0_XGB_seed42,Q3,S0,XGB,627,Train,0.753909982070491,0.7571117877960205
Q3_S0_XGB_seed42,Q3,S0,XGB,628,Train,0.720251771646694,0.7571117877960205
Q3_S0_XGB_seed42,Q3,S0,XGB,630,Train,0.833276096745915,0.8293415904045105
Q3_S0_XGB_seed42,Q3,S0,XGB,632,Train,0.802888697806569,0.8293415904045105
Q3_S0_XGB_seed42,Q3,S0,XGB,633,Train,0.777173319559092,0.8293415904045105
Q3_S0_XGB_seed42,Q3,S0,XGB,636,Train,0.867796832525943,0.8885254263877869
Q3_S0_XGB_seed42,Q3,S0,XGB,638,Train,0.774399736000629,0.8885254263877869
Q3_S0_XGB_seed42,Q3,S0,XGB,639,Train,0.853183655252342,0.8885254263877869
Q3_S0_XGB_seed42,Q3,S0,XGB,641,Train,0.913307258348461,0.8885254263877869
Q3_S0_XGB_seed42,Q3,S0,XGB,642,Train,0.926720585659848,0.8885254263877869
Q3_S0_XGB_seed42,Q3,S0,XGB,645,Train,0.757660487927601,0.7571117877960205
Q3_S0_XGB_seed42,Q3,S0,XGB,648,Train,0.71312917807553,0.7571117877960205
Q3_S0_XGB_seed42,Q3,S0,XGB,649,Train,0.872930374187904,0.8293415904045105
Q3_S0_XGB_seed42,Q3,S0,XGB,650,Train,0.812924078738548,0.8293415904045105
Q3_S0_XGB_seed42,Q3,S0,XGB,651,Train,0.776881429889234,0.8293415904045105
Q3_S0_XGB_seed42,Q3,S0,XGB,652,Train,0.791868789127212,0.8293415904045105
Q3_S0_XGB_seed42,Q3,S0,XGB,653,Train,0.777772399476774,0.8293415904045105
Q3_S0_XGB_seed42,Q3,S0,XGB,655,Train,0.794376225885031,0.8885254263877869
Q3_S0_XGB_seed42,Q3,S0,XGB,656,Train,0.783682735179066,0.8885254263877869
Q3_S0_XGB_seed42,Q3,S0,XGB,657,Train,0.842772863581729,0.8885254263877869
Q3_S0_XGB_seed42,Q3,S0,XGB,658,Train,0.926720585659848,0.8885254263877869
Q3_S0_XGB_seed42,Q3,S0,XGB,659,Train,0.950158028677875,0.8885254263877869
Q3_S0_XGB_seed42,Q3,S0,XGB,660,Train,0.961127684229507,0.8885254263877869
Q3_S0_XGB_seed42,Q3,S0,XGB,661,Train,0.985847769341663,0.8885254263877869
Q3_S0_XGB_seed42,Q3,S0,XGB,662,Train,0.749146326862969,0.7571117877960205
Q3_S0_XGB_seed42,Q3,S0,XGB,663,Train,0.746590746440129,0.7571117877960205
Q3_S0_XGB_seed42,Q3,S0,XGB,665,Train,0.698084367957614,0.7571117877960205
Q3_S0_XGB_seed42,Q3,S0,XGB,666,Train,0.793151072002874,0.8293415904045105
Q3_S0_XGB_seed42,Q3,S0,XGB,667,Train,0.767418516321959,0.8293415904045105
Q3_S0_XGB_seed42,Q3,S0,XGB,669,Train,0.770900644499919,0.8885254263877869
Q3_S0_XGB_seed42,Q3,S0,XGB,670,Train,0.79375716356903,0.8885254263877869
Q3_S0_XGB_seed42,Q3,S0,XGB,671,Train,0.889507167326115,0.8885254263877869
Q3_S0_XGB_seed42,Q3,S0,XGB,672,Train,0.932642471077175,0.8885254263877869
Q3_S0_XGB_seed42,Q3,S0,XGB,674,Train,0.999553894929436,0.8885254263877869
Q3_S0_XGB_seed42,Q3,S0,XGB,675,Train,1.00528174393871,0.8885254263877869
Q3_S0_XGB_seed42,Q3,S0,XGB,677,Train,0.859113500130653,0.8293415904045105
Q3_S0_XGB_seed42,Q3,S0,XGB,678,Train,0.801961178112691,0.8293415904045105
Q3_S0_XGB_seed42,Q3,S0,XGB,679,Train,0.779106820776095,0.8293415904045105
Q3_S0_XGB_seed42,Q3,S0,XGB,681,Train,0.723048597139057,0.7571117877960205
Q3_S0_XGB_seed42,Q3,S0,XGB,683,Train,0.784398058232244,0.8293415904045105
Q3_S0_XGB_seed42,Q3,S0,XGB,685,Train,0.803492025889185,0.8293415904045105
Q3_S0_XGB_seed42,Q3,S0,XGB,686,Train,0.846700953722188,0.8293415904045105
Q3_S0_XGB_seed42,Q3,S0,XGB,687,Train,0.788559449950821,0.7571117877960205
Q3_S0_XGB_seed42,Q3,S0,XGB,688,Train,0.742008090324318,0.7571117877960205
Q3_S0_XGB_seed42,Q3,S0,XGB,689,Train,0.753272075591055,0.7571117877960205
Q3_S0_XGB_seed42,Q3,S0,XGB,690,Train,0.845300153632359,0.8293415904045105
Q3_S0_XGB_seed42,Q3,S0,XGB,692,Train,0.770956453518485,0.8293415904045105
Q3_S0_XGB_seed42,Q3,S0,XGB,693,Train,0.845953668163504,0.8885254263877869
Q3_S0_XGB_seed42,Q3,S0,XGB,694,Train,0.757645425736901,0.8885254263877869
Q3_S0_XGB_seed42,Q3,S0,XGB,695,Train,0.787196986893441,0.8885254263877869
Q3_S0_XGB_seed42,Q3,S0,XGB,696,Train,0.909280357024702,0.8885254263877869
Q3_S0_XGB_seed42,Q3,S0,XGB,697,Train,0.945687167254019,0.8885254263877869
Q3_S0_XGB_seed42,Q3,S0,XGB,698,Train,0.990399550755274,0.8885254263877869
Q3_S0_XGB_seed42,Q3,S0,XGB,700,Train,1.03125262252782,0.8885254263877869
Q3_S0_XGB_seed42,Q3,S0,XGB,701,Train,0.715131946648899,0.7571117877960205
Q3_S0_XGB_seed42,Q3,S0,XGB,702,Train,0.694710654486211,0.7571117877960205
Q3_S0_XGB_seed42,Q3,S0,XGB,703,Train,0.788919430073695,0.8293415904045105
Q3_S0_XGB_seed42,Q3,S0,XGB,704,Train,0.761627351481268,0.8293415904045105
Q3_S0_XGB_seed42,Q3,S0,XGB,705,Train,0.773622566197128,0.7571117877960205
Q3_S0_XGB_seed42,Q3,S0,XGB,706,Train,0.758798011501759,0.7571117877960205
Q3_S0_XGB_seed42,Q3,S0,XGB,707,Train,0.845300153632359,0.8293415904045105
Q3_S0_XGB_seed42,Q3,S0,XGB,708,Train,0.783261534929068,0.8293415904045105
Q3_S0_XGB_seed42,Q3,S0,XGB,709,Train,0.776944125046722,0.8293415904045105
Q3_S0_XGB_seed42,Q3,S0,XGB,710,Train,0.796554495159318,0.8293415904045105
Q3_S0_XGB_seed42,Q3,S0,XGB,712,Train,0.835166094434971,0.8885254263877869
Q3_S0_XGB_seed42,Q3,S0,XGB,713,Train,0.720543434596451,0.8885254263877869
Q3_S0_XGB_seed42,Q3,S0,XGB,714,Train,0.80168230434905,0.8885254263877869
Q3_S0_XGB_seed42,Q3,S0,XGB,715,Train,0.914208226023996,0.8885254263877869
Q3_S0_XGB_seed42,Q3,S0,XGB,716,Train,0.950314521111876,0.8885254263877869
Q3_S0_XGB_seed42,Q3,S0,XGB,717,Train,1.01467278489236,0.8885254263877869
Q3_S0_XGB_seed42,Q3,S0,XGB,718,Train,1.04080712903253,0.8885254263877869
Q3_S0_XGB_seed42,Q3,S0,XGB,719,Train,1.05524419455208,0.8885254263877869
Q3_S0_XGB_seed42,Q3,S0,XGB,720,Train,0.734007498328761,0.7571117877960205
Q3_S0_XGB_seed42,Q3,S0,XGB,722,Train,0.676977294746911,0.7571117877960205
Q3_S0_XGB_seed42,Q3,S0,XGB,723,Train,0.789712178970565,0.8293415904045105
Q3_S0_XGB_seed42,Q3,S0,XGB,724,Train,0.764783542675837,0.8293415904045105
Q3_S0_XGB_seed42,Q3,S0,XGB,727,Train,0.773622566197128,0.7571117877960205
Q3_S0_XGB_seed42,Q3,S0,XGB,728,Train,0.757893465491069,0.7571117877960205
Q3_S0_XGB_seed42,Q3,S0,XGB,729,Train,0.833479813631314,0.8293415904045105
Q3_S0_XGB_seed42,Q3,S0,XGB,730,Train,0.774698231397807,0.8293415904045105
Q3_S0_XGB_seed42,Q3,S0,XGB,731,Train,0.784464901837064,0.8293415904045105
Q3_S0_XGB_seed42,Q3,S0,XGB,732,Train,0.734007498328761,0.7571117877960205
Q3_S0_XGB_seed42,Q3,S0,XGB,734,Train,0.678103962533706,0.7571117877960205
Q3_S0_XGB_seed42,Q3,S0,XGB,735,Train,0.780982137263124,0.8293415904045105
Q3_S0_XGB_seed42,Q3,S0,XGB,736,Train,0.753567565394396,0.8293415904045105
Q3_S0_XGB_seed42,Q3,S0,XGB,737,Train,0.773622566197128,0.7571117877960205
Q3_S0_XGB_seed42,Q3,S0,XGB,738,Train,0.759388033493715,0.7571117877960205
Q3_S0_XGB_seed42,Q3,S0,XGB,739,Train,0.832480104824992,0.8293415904045105
Q3_S0_XGB_seed42,Q3,S0,XGB,740,Train,0.779106820776095,0.8293415904045105
Q3_S0_XGB_seed42,Q3,S0,XGB,741,Train,0.777080750036464,0.8293415904045105
Q3_S0_XGB_seed42,Q3,S0,XGB,742,Train,0.810865220177659,0.8885254263877869
Q3_S0_XGB_seed42,Q3,S0,XGB,743,Train,0.701220657756291,0.8885254263877869
Q3_S0_XGB_seed42,Q3,S0,XGB,744,Train,0.84311310408725,0.8885254263877869
Q3_S0_XGB_seed42,Q3,S0,XGB,745,Train,0.917655868986698,0.8885254263877869
Q3_S0_XGB_seed42,Q3,S0,XGB,746,Train,0.954799183427052,0.8885254263877869
Q3_S0_XGB_seed42,Q3,S0,XGB,747,Train,1.03125262252782,0.8885254263877869
Q3_S0_XGB_seed42,Q3,S0,XGB,748,Train,1.06493688802797,0.8885254263877869
Q3_S0_XGB_seed42,Q3,S0,XGB,751,Train,0.713594845288137,0.7571117877960205
Q3_S0_XGB_seed42,Q3,S0,XGB,752,Train,0.688370897174795,0.7571117877960205
Q3_S0_XGB_seed42,Q3,S0,XGB,753,Train,0.77255062916464,0.8293415904045105
Q3_S0_XGB_seed42,Q3,S0,XGB,754,Train,0.757006009701427,0.8293415904045105
Q3_S0_XGB_seed42,Q3,S0,XGB,756,Train,0.773622566197128,0.7571117877960205
Q3_S0_XGB_seed42,Q3,S0,XGB,758,Train,0.82066550733501,0.8293415904045105
Q3_S0_XGB_seed42,Q3,S0,XGB,759,Train,0.783682735179066,0.8293415904045105
Q3_S0_XGB_seed42,Q3,S0,XGB,760,Train,0.76856264759232,0.8293415904045105
Q3_S0_XGB_seed42,Q3,S0,XGB,761,Train,0.735217924121935,0.7571117877960205
Q3_S0_XGB_seed42,Q3,S0,XGB,762,Train,0.718441519246758,0.7571117877960205
Q3_S0_XGB_seed42,Q3,S0,XGB,763,Train,0.688449255531412,0.7571117877960205
Q3_S0_XGB_seed42,Q3,S0,XGB,765,Train,0.746859607841232,0.8293415904045105
Q3_S0_XGB_seed42,Q3,S0,XGB,766,Train,0.973186669599277,0.8293415904045105
Q3_S0_XGB_seed42,Q3,S0,XGB,767,Train,0.759768801741319,0.7571117877960205
Q3_S0_XGB_seed42,Q3,S0,XGB,768,Train,0.757802886706236,0.7571117877960205
Q3_S0_XGB_seed42,Q3,S0,XGB,769,Train,0.806844862473226,0.8293415904045105
Q3_S0_XGB_seed42,Q3,S0,XGB,770,Train,0.773320583288713,0.8293415904045105
Q3_S0_XGB_seed42,Q3,S0,XGB,771,Train,0.76993874578373,0.8293415904045105
Q3_S0_XGB_seed42,Q3,S0,XGB,772,Train,0.782289967046785,0.8885254263877869
Q3_S0_XGB_seed42,Q3,S0,XGB,773,Train,0.692891774424785,0.8885254263877869
Q3_S0_XGB_seed42,Q3,S0,XGB,774,Train,0.845013806324218,0.8885254263877869
Q3_S0_XGB_seed42,Q3,S0,XGB,775,Train,0.904396288730716,0.8885254263877869
Q3_S0_XGB_seed42,Q3,S0,XGB,776,Train,0.950876857435849,0.8885254263877869
Q3_S0_XGB_seed42,Q3,S0,XGB,777,Train,1.02582131493631,0.8885254263877869
Q3_S0_XGB_seed42,Q3,S0,XGB,778,Train,1.0696298812969,0.8885254263877869
Q3_S0_XGB_seed42,Q3,S0,XGB,779,Train,1.09690879965459,0.8885254263877869
Q3_S0_XGB_seed42,Q3,S0,XGB,780,Train,0.736439137486459,0.7571117877960205
Q3_S0_XGB_seed42,Q3,S0,XGB,781,Train,0.722248122910828,0.7571117877960205
Q3_S0_XGB_seed42,Q3,S0,XGB,782,Train,0.686057894581173,0.7571117877960205
Q3_S0_XGB_seed42,Q3,S0,XGB,786,Train,0.760839318813295,0.7571117877960205
Q3_S0_XGB_seed42,Q3,S0,XGB,787,Train,0.805847140635809,0.8293415904045105
Q3_S0_XGB_seed42,Q3,S0,XGB,788,Train,0.774518165430972,0.8293415904045105
Q3_S0_XGB_seed42,Q3,S0,XGB,789,Train,0.760204163477313,0.8293415904045105
Q3_S0_XGB_seed42,Q3,S0,XGB,790,Train,0.730069086834549,0.7571117877960205
Q3_S0_XGB_seed42,Q3,S0,XGB,792,Train,0.727544416479067,0.7571117877960205
Q3_S0_XGB_seed42,Q3,S0,XGB,793,Train,0.694543170076781,0.7571117877960205
Q3_S0_XGB_seed42,Q3,S0,XGB,795,Train,0.774518165430972,0.8293415904045105
Q3_S0_XGB_seed42,Q3,S0,XGB,796,Train,0.763045688513871,0.8293415904045105
Q3_S0_XGB_seed42,Q3,S0,XGB,797,Train,0.792985905265767,0.8293415904045105
Q3_S0_XGB_seed42,Q3,S0,XGB,798,Train,0.761920681521003,0.8293415904045105
Q3_S0_XGB_seed42,Q3,S0,XGB,799,Train,0.801961178112691,0.8293415904045105
Q3_S0_XGB_seed42,Q3,S0,XGB,800,Train,0.987330734281547,0.8293415904045105
Q3_S0_XGB_seed42,Q3,S0,XGB,801,Train,0.769420608847027,0.8885254263877869
Q3_S0_XGB_seed42,Q3,S0,XGB,802,Train,0.689257733017462,0.8885254263877869
Q3_S0_XGB_seed42,Q3,S0,XGB,804,Train,0.915126920728385,0.8885254263877869
Q3_S0_XGB_seed42,Q3,S0,XGB,805,Train,0.957724668649905,0.8885254263877869
Q3_S0_XGB_seed42,Q3,S0,XGB,806,Train,1.03063481620061,0.8885254263877869
Q3_S0_XGB_seed42,Q3,S0,XGB,807,Train,1.07716357459863,0.8885254263877869
Q3_S0_XGB_seed42,Q3,S0,XGB,808,Train,1.099765176777,0.8885254263877869
Q3_S0_XGB_seed42,Q3,S0,XGB,809,Train,0.730069086834549,0.7571117877960205
Q3_S0_XGB_seed42,Q3,S0,XGB,810,Train,0.735308773693085,0.7571117877960205
Q3_S0_XGB_seed42,Q3,S0,XGB,813,Train,0.796413664208491,0.8293415904045105
Q3_S0_XGB_seed42,Q3,S0,XGB,814,Train,0.767488558989535,0.8293415904045105
Q3_S0_XGB_seed42,Q3,S0,XGB,815,Train,0.703988669853818,0.7571117877960205
Q3_S0_XGB_seed42,Q3,S0,XGB,816,Train,0.739353567501696,0.7571117877960205
Q3_S0_XGB_seed42,Q3,S0,XGB,817,Train,0.788423061208014,0.8293415904045105
Q3_S0_XGB_seed42,Q3,S0,XGB,818,Train,0.758235053232286,0.8293415904045105
Q3_S0_XGB_seed42,Q3,S0,XGB,819,Train,0.72284929898718,0.7571117877960205
Q3_S0_XGB_seed42,Q3,S0,XGB,820,Train,1.02080147380554,0.8293415904045105
Q3_S0_XGB_seed42,Q3,S0,XGB,821,Train,0.947648069034162,0.8293415904045105
Q3_S0_XGB_seed42,Q3,S0,XGB,822,Train,0.862728357189864,0.8293415904045105
Q3_S0_XGB_seed42,Q3,S0,XGB,823,Train,0.839870245957322,0.8293415904045105
Q3_S0_XGB_seed42,Q3,S0,XGB,824,Train,0.824458849728904,0.8293415904045105
Q3_S0_XGB_seed42,Q3,S0,XGB,825,Train,0.804418862461367,0.8293415904045105
Q3_S0_XGB_seed42,Q3,S0,XGB,827,Train,0.755219649235383,0.8293415904045105
Q3_S0_XGB_seed42,Q3,S0,XGB,828,Train,0.758767649085695,0.8293415904045105
Q3_S0_XGB_seed42,Q3,S0,XGB,830,Train,0.896148516387512,0.8293415904045105
Q3_S0_XGB_seed42,Q3,S0,XGB,831,Train,0.74651756923174,0.8293415904045105
Q3_S0_XGB_seed42,Q3,S0,XGB,832,Train,0.740400830055671,0.8293415904045105
Q3_S0_XGB_seed42,Q3,S0,XGB,833,Train,0.767907275522683,0.8293415904045105
Q3_S0_XGB_seed42,Q3,S0,XGB,834,Train,0.896994041262592,0.8293415904045105
Q3_S0_XGB_seed42,Q3,S0,XGB,836,Train,0.83913565970459,0.8293415904045105
Q3_S0_XGB_seed42,Q3,S0,XGB,837,Train,0.861622810252725,0.8293415904045105
Q3_S0_XGB_seed42,Q3,S0,XGB,838,Train,0.881909255770372,0.8293415904045105
Q3_S0_XGB_seed42,Q3,S0,XGB,839,Train,0.77684465445017,0.8293415904045105
Q3_S0_XGB_seed42,Q3,S0,XGB,841,Train,0.798749567481218,0.8293415904045105
Q3_S0_XGB_seed42,Q3,S0,XGB,843,Train,0.783682735179066,0.8293415904045105
Q3_S0_XGB_seed42,Q3,S0,XGB,845,Train,0.804859872876447,0.8293415904045105
Q3_S0_XGB_seed42,Q3,S0,XGB,846,Train,0.830406809094925,0.8293415904045105
Q3_S0_XGB_seed42,Q3,S0,XGB,848,Train,0.988718904599137,0.8293415904045105
Q3_S0_XGB_seed42,Q3,S0,XGB,849,Train,0.843338733281164,0.8293415904045105
Q3_S0_XGB_seed42,Q3,S0,XGB,850,Train,0.888691948306559,0.8293415904045105
Q3_S0_XGB_seed42,Q3,S0,XGB,851,Train,0.838448835114117,0.8293415904045105
Q3_S0_XGB_seed42,Q3,S0,XGB,853,Train,0.93120974605083,0.8293415904045105
Q3_S0_XGB_seed42,Q3,S0,XGB,855,Train,0.891947087933177,0.8293415904045105
Q3_S0_XGB_seed42,Q3,S0,XGB,856,Train,0.841003664585931,0.8293415904045105
Q3_S0_XGB_seed42,Q3,S0,XGB,858,Train,0.837640427960517,0.8293415904045105
Q3_S0_XGB_seed42,Q3,S0,XGB,859,Train,0.976976532023534,0.8293415904045105
Q3_S0_XGB_seed42,Q3,S0,XGB,860,Train,0.875116602351075,0.8293415904045105
Q3_S0_XGB_seed42,Q3,S0,XGB,861,Train,0.806684329368713,0.8293415904045105
Q3_S0_XGB_seed42,Q3,S0,XGB,862,Train,0.801102499746633,0.8293415904045105
Q3_S0_XGB_seed42,Q3,S0,XGB,863,Train,0.788004693259768,0.8293415904045105
Q3_S0_XGB_seed42,Q3,S0,XGB,865,Train,0.905409565154336,0.8293415904045105
Q3_S0_XGB_seed42,Q3,S0,XGB,866,Train,0.729031856490157,0.8293415904045105
Q3_S0_XGB_seed42,Q3,S0,XGB,868,Train,0.805791496614141,0.8293415904045105
Q3_S0_XGB_seed42,Q3,S0,XGB,869,Train,0.91435430633742,0.8293415904045105
Q3_S0_XGB_seed42,Q3,S0,XGB,870,Train,0.73919054953609,0.8293415904045105
Q3_S0_XGB_seed42,Q3,S0,XGB,871,Train,0.74439488829365,0.8293415904045105
Q3_S0_XGB_seed42,Q3,S0,XGB,873,Train,0.923963860690704,0.8293415904045105
Q3_S0_XGB_seed42,Q3,S0,XGB,874,Train,0.833194013031795,0.8293415904045105
Q3_S0_XGB_seed42,Q3,S0,XGB,875,Train,0.830460308093366,0.8293415904045105
Q3_S0_XGB_seed42,Q3,S0,XGB,877,Train,0.892161082204004,0.8293415904045105
Q3_S0_XGB_seed42,Q3,S0,XGB,879,Train,0.754580500145541,0.8293415904045105
Q3_S0_XGB_seed42,Q3,S0,XGB,880,Train,0.78318641891646,0.8293415904045105
Q3_S0_XGB_seed42,Q3,S0,XGB,881,Train,0.880695747690427,0.8293415904045105
Q3_S0_XGB_seed42,Q3,S0,XGB,882,Train,0.770956453518485,0.8293415904045105
Q3_S0_XGB_seed42,Q3,S0,XGB,884,Train,0.804624381901374,0.8293415904045105
Q3_S0_XGB_seed42,Q3,S0,XGB,885,Train,0.877540164348498,0.8293415904045105
Q3_S0_XGB_seed42,Q3,S0,XGB,886,Train,0.861262296092212,0.8336752653121948
Q3_S0_XGB_seed42,Q3,S0,XGB,887,Train,0.862587271755434,0.8293415904045105
Q3_S0_XGB_seed42,Q3,S0,XGB,889,Train,0.855699794660814,0.8293415904045105
Q3_S0_XGB_seed42,Q3,S0,XGB,890,Train,0.933510742242849,0.8293415904045105
Q3_S0_XGB_seed42,Q3,S0,XGB,891,Train,1.00605846926458,0.8293415904045105
Q3_S0_XGB_seed42,Q3,S0,XGB,892,Train,0.866467395757682,0.8293415904045105
Q3_S0_XGB_seed42,Q3,S0,XGB,894,Train,0.826695514401272,0.8293415904045105
Q3_S0_XGB_seed42,Q3,S0,XGB,895,Train,0.929061249041944,0.8293415904045105
Q3_S0_XGB_seed42,Q3,S0,XGB,896,Train,0.818042662263129,0.8293415904045105
Q3_S0_XGB_seed42,Q3,S0,XGB,897,Train,0.812085675359892,0.8293415904045105
Q3_S0_XGB_seed42,Q3,S0,XGB,898,Train,0.778042560572574,0.8293415904045105
Q3_S0_XGB_seed42,Q3,S0,XGB,899,Train,0.750039220749238,0.8293415904045105
Q3_S0_XGB_seed42,Q3,S0,XGB,900,Train,0.849781838530611,0.8293415904045105
Q3_S0_XGB_seed42,Q3,S0,XGB,901,Train,0.921417913561959,0.8293415904045105
Q3_S0_XGB_seed42,Q3,S0,XGB,902,Train,0.709560263195736,0.8293415904045105
Q3_S0_XGB_seed42,Q3,S0,XGB,903,Train,0.767907275522683,0.8293415904045105
Q3_S0_XGB_seed42,Q3,S0,XGB,905,Train,0.923880804895202,0.8293415904045105
Q3_S0_XGB_seed42,Q3,S0,XGB,906,Train,0.731376879007756,0.8293415904045105
Q3_S0_XGB_seed42,Q3,S0,XGB,907,Train,0.756332494515326,0.8293415904045105
Q3_S0_XGB_seed42,Q3,S0,XGB,908,Train,0.793009162016314,0.8293415904045105
Q3_S0_XGB_seed42,Q3,S0,XGB,909,Train,0.938995087972337,0.8293415904045105
Q3_S0_XGB_seed42,Q3,S0,XGB,911,Train,0.812349202994303,0.8293415904045105
Q3_S0_XGB_seed42,Q3,S0,XGB,913,Train,0.918757744370779,0.8293415904045105
Q3_S0_XGB_seed42,Q3,S0,XGB,916,Train,0.793688616630125,0.8293415904045105
Q3_S0_XGB_seed42,Q3,S0,XGB,917,Train,0.895365302224161,0.8293415904045105
Q3_S0_XGB_seed42,Q3,S0,XGB,918,Train,0.760613981871055,0.8293415904045105
Q3_S0_XGB_seed42,Q3,S0,XGB,919,Train,0.773129311444233,0.8293415904045105
Q3_S0_XGB_seed42,Q3,S0,XGB,920,Train,0.800973771863673,0.8293415904045105
Q3_S0_XGB_seed42,Q3,S0,XGB,921,Train,0.893455868895967,0.8293415904045105
Q3_S0_XGB_seed42,Q3,S0,XGB,923,Train,0.796755167716249,0.8293415904045105
Q3_S0_XGB_seed42,Q3,S0,XGB,924,Train,0.795814694826164,0.8293415904045105
Q3_S0_XGB_seed42,Q3,S0,XGB,925,Train,0.758526566744865,0.8293415904045105
Q3_S0_XGB_seed42,Q3,S0,XGB,926,Train,0.748892319551776,0.8293415904045105
Q3_S0_XGB_seed42,Q3,S0,XGB,928,Train,0.931291021036105,0.8293415904045105
Q3_S0_XGB_seed42,Q3,S0,XGB,929,Train,0.702154693520188,0.8293415904045105
Q3_S0_XGB_seed42,Q3,S0,XGB,930,Train,0.763409984431848,0.8293415904045105
Q3_S0_XGB_seed42,Q3,S0,XGB,931,Train,0.853067002093386,0.8293415904045105
Q3_S0_XGB_seed42,Q3,S0,XGB,932,Train,0.926347305711552,0.8293415904045105
Q3_S0_XGB_seed42,Q3,S0,XGB,933,Train,0.735661375815505,0.8293415904045105
Q3_S0_XGB_seed42,Q3,S0,XGB,934,Train,0.742397974619634,0.8293415904045105
Q3_S0_XGB_seed42,Q3,S0,XGB,935,Train,0.818122373675804,0.8293415904045105
Q3_S0_XGB_seed42,Q3,S0,XGB,936,Train,0.946555392146291,0.8293415904045105
Q3_S0_XGB_seed42,Q3,S0,XGB,937,Train,0.822176110017067,0.8293415904045105
Q3_S0_XGB_seed42,Q3,S0,XGB,938,Train,0.802579810987906,0.8293415904045105
Q3_S0_XGB_seed42,Q3,S0,XGB,939,Train,0.850241359949186,0.8293415904045105
Q3_S0_XGB_seed42,Q3,S0,XGB,940,Train,0.900280998471653,0.8293415904045105
Q3_S0_XGB_seed42,Q3,S0,XGB,941,Train,0.757894222047023,0.8293415904045105
Q3_S0_XGB_seed42,Q3,S0,XGB,942,Train,0.757061429213538,0.8293415904045105
Q3_S0_XGB_seed42,Q3,S0,XGB,944,Train,0.916784083531629,0.8293415904045105
Q3_S0_XGB_seed42,Q3,S0,XGB,946,Train,0.774436547805945,0.8293415904045105
Q3_S0_XGB_seed42,Q3,S0,XGB,947,Train,0.804802264358862,0.8293415904045105
Q3_S0_XGB_seed42,Q3,S0,XGB,948,Train,0.889507167326115,0.8293415904045105
Q3_S0_XGB_seed42,Q3,S0,XGB,949,Train,0.834489600568311,0.8336752653121948
Q3_S0_XGB_seed42,Q3,S0,XGB,950,Train,0.866179569383206,0.8293415904045105
Q3_S0_XGB_seed42,Q3,S0,XGB,951,Train,0.808010862359159,0.8293415904045105
Q3_S0_XGB_seed42,Q3,S0,XGB,952,Train,0.860410176752358,0.8293415904045105
Q3_S0_XGB_seed42,Q3,S0,XGB,953,Train,0.989598819123395,0.8293415904045105
Q3_S0_XGB_seed42,Q3,S0,XGB,954,Train,0.92242775800187,0.8293415904045105
Q3_S0_XGB_seed42,Q3,S0,XGB,956,Train,0.853182190508781,0.8293415904045105
Q3_S0_XGB_seed42,Q3,S0,XGB,959,Train,0.878145002204253,0.8293415904045105
Q3_S0_XGB_seed42,Q3,S0,XGB,960,Train,0.787849267499515,0.8293415904045105
Q3_S0_XGB_seed42,Q3,S0,XGB,961,Train,0.807788120514204,0.8293415904045105
Q3_S0_XGB_seed42,Q3,S0,XGB,962,Train,0.763569965105048,0.8293415904045105
Q3_S0_XGB_seed42,Q3,S0,XGB,963,Train,0.742136835683651,0.8293415904045105
Q3_S0_XGB_seed42,Q3,S0,XGB,967,Train,0.770768562571437,0.8293415904045105
Q3_S0_XGB_seed42,Q3,S0,XGB,968,Train,0.865848949986576,0.8293415904045105
Q3_S0_XGB_seed42,Q3,S0,XGB,969,Train,0.926460609945532,0.8293415904045105
Q3_S0_XGB_seed42,Q3,S0,XGB,970,Train,0.718033884901515,0.8293415904045105
Q3_S0_XGB_seed42,Q3,S0,XGB,971,Train,0.744034833728012,0.8293415904045105
Q3_S0_XGB_seed42,Q3,S0,XGB,972,Train,0.834231145952886,0.8293415904045105
Q3_S0_XGB_seed42,Q3,S0,XGB,973,Train,0.949081938843105,0.8293415904045105
Q3_S0_XGB_seed42,Q3,S0,XGB,974,Train,0.823136893551042,0.8293415904045105
Q3_S0_XGB_seed42,Q3,S0,XGB,975,Train,0.807558799569149,0.8293415904045105
Q3_S0_XGB_seed42,Q3,S0,XGB,976,Train,0.845371896610588,0.8293415904045105
Q3_S0_XGB_seed42,Q3,S0,XGB,977,Train,0.901400479158204,0.8293415904045105
Q3_S0_XGB_seed42,Q3,S0,XGB,978,Train,0.758793795325685,0.8293415904045105
Q3_S0_XGB_seed42,Q3,S0,XGB,979,Train,0.759419253918282,0.8293415904045105
Q3_S0_XGB_seed42,Q3,S0,XGB,981,Train,0.909280357024702,0.8293415904045105
Q3_S0_XGB_seed42,Q3,S0,XGB,982,Train,0.75408366475121,0.8293415904045105
Q3_S0_XGB_seed42,Q3,S0,XGB,983,Train,0.764493341936512,0.8293415904045105
Q3_S0_XGB_seed42,Q3,S0,XGB,985,Train,0.899317323108963,0.8293415904045105
Q3_S0_XGB_seed42,Q3,S0,XGB,990,Train,0.761811915695933,0.8293415904045105
Q3_S0_XGB_seed42,Q3,S0,XGB,991,Train,0.859657066279412,0.8293415904045105
Q3_S0_XGB_seed42,Q3,S0,XGB,992,Train,0.720926707585792,0.8293415904045105
Q3_S0_XGB_seed42,Q3,S0,XGB,993,Train,0.735349221875968,0.8293415904045105
Q3_S0_XGB_seed42,Q3,S0,XGB,994,Train,0.864231348838916,0.8293415904045105
Q3_S0_XGB_seed42,Q3,S0,XGB,996,Train,0.719091440442532,0.8293415904045105
Q3_S0_XGB_seed42,Q3,S0,XGB,997,Train,0.779437546258,0.8293415904045105
Q3_S0_XGB_seed42,Q3,S0,XGB,998,Train,0.860219674132099,0.8293415904045105
Q3_S0_XGB_seed42,Q3,S0,XGB,999,Train,0.928960777763589,0.8293415904045105
Q3_S0_XGB_seed42,Q3,S0,XGB,1000,Train,0.709925720338231,0.8293415904045105
Q3_S0_XGB_seed42,Q3,S0,XGB,1004,Train,0.812887139706805,0.8293415904045105
Q3_S0_XGB_seed42,Q3,S0,XGB,1005,Train,0.798244919255891,0.8293415904045105
Q3_S0_XGB_seed42,Q3,S0,XGB,1006,Train,0.842822772629174,0.8293415904045105
Q3_S0_XGB_seed42,Q3,S0,XGB,1007,Train,0.906955362965224,0.8293415904045105
Q3_S0_XGB_seed42,Q3,S0,XGB,1008,Train,0.747785039139969,0.8293415904045105
Q3_S0_XGB_seed42,Q3,S0,XGB,1009,Train,0.766743793103087,0.8293415904045105
Q3_S0_XGB_seed42,Q3,S0,XGB,1011,Train,0.901897886930289,0.8293415904045105
Q3_S0_XGB_seed42,Q3,S0,XGB,1012,Train,0.759207198504107,0.8293415904045105
Q3_S0_XGB_seed42,Q3,S0,XGB,1013,Train,0.76993874578373,0.8293415904045105
Q3_S0_XGB_seed42,Q3,S0,XGB,1014,Train,0.818834654745319,0.8293415904045105
Q3_S0_XGB_seed42,Q3,S0,XGB,1015,Train,0.905978375447755,0.8293415904045105
Q3_S0_XGB_seed42,Q3,S0,XGB,1016,Train,0.856006369302794,0.8293415904045105
Q3_S0_XGB_seed42,Q3,S0,XGB,1017,Train,0.798470002896076,0.8293415904045105
Q3_S0_XGB_seed42,Q3,S0,XGB,1018,Train,0.867404297372514,0.8293415904045105
Q3_S0_XGB_seed42,Q3,S0,XGB,1020,Train,0.919245673734333,0.8293415904045105
Q3_S0_XGB_seed42,Q3,S0,XGB,1021,Train,1.05737670205315,0.8293415904045105
Q3_S0_XGB_seed42,Q3,S0,XGB,1022,Train,0.853182190508781,0.8293415904045105
Q3_S0_XGB_seed42,Q3,S0,XGB,1023,Train,0.798982458338327,0.8293415904045105
Q3_S0_XGB_seed42,Q3,S0,XGB,1024,Train,0.894639934691145,0.8293415904045105
Q3_S0_XGB_seed42,Q3,S0,XGB,1025,Train,0.836702062630733,0.8293415904045105
Q3_S0_XGB_seed42,Q3,S0,XGB,1028,Train,0.711549340265613,0.8293415904045105
Q3_S0_XGB_seed42,Q3,S0,XGB,1029,Train,0.738760170069949,0.8293415904045105
Q3_S0_XGB_seed42,Q3,S0,XGB,1030,Train,0.861641648130033,0.8293415904045105
Q3_S0_XGB_seed42,Q3,S0,XGB,1032,Train,0.718982616423606,0.8293415904045105
Q3_S0_XGB_seed42,Q3,S0,XGB,1033,Train,0.783095405058374,0.8293415904045105
Q3_S0_XGB_seed42,Q3,S0,XGB,1034,Train,0.865454199500397,0.8293415904045105
Q3_S0_XGB_seed42,Q3,S0,XGB,1035,Train,0.933971259237154,0.8293415904045105
Q3_S0_XGB_seed42,Q3,S0,XGB,1036,Train,0.701623672917154,0.8293415904045105
Q3_S0_XGB_seed42,Q3,S0,XGB,1037,Train,0.757193696411778,0.8293415904045105
Q3_S0_XGB_seed42,Q3,S0,XGB,1038,Train,0.872255273289102,0.8293415904045105
Q3_S0_XGB_seed42,Q3,S0,XGB,1039,Train,0.954144546641154,0.8293415904045105
Q3_S0_XGB_seed42,Q3,S0,XGB,1040,Train,0.814569613592269,0.8293415904045105
Q3_S0_XGB_seed42,Q3,S0,XGB,1042,Train,0.859663223157214,0.8293415904045105
Q3_S0_XGB_seed42,Q3,S0,XGB,1043,Train,0.932819211063934,0.8293415904045105
Q3_S0_XGB_seed42,Q3,S0,XGB,1044,Train,0.753576013281286,0.8293415904045105
Q3_S0_XGB_seed42,Q3,S0,XGB,1045,Train,0.76051362037454,0.8293415904045105
Q3_S0_XGB_seed42,Q3,S0,XGB,1046,Train,0.818834654745319,0.8293415904045105
Q3_S0_XGB_seed42,Q3,S0,XGB,1048,Train,0.756624896500184,0.8293415904045105
Q3_S0_XGB_seed42,Q3,S0,XGB,1049,Train,0.760204163477313,0.8293415904045105
Q3_S0_XGB_seed42,Q3,S0,XGB,1050,Train,0.829191674260014,0.8293415904045105
Q3_S0_XGB_seed42,Q3,S0,XGB,1051,Train,0.922527857069852,0.8293415904045105
Q3_S0_XGB_seed42,Q3,S0,XGB,1052,Train,0.79710536729945,0.8336752653121948
Q3_S0_XGB_seed42,Q3,S0,XGB,1053,Train,0.843595373557105,0.8293415904045105
Q3_S0_XGB_seed42,Q3,S0,XGB,1054,Train,0.820417256414491,0.8293415904045105
Q3_S0_XGB_seed42,Q3,S0,XGB,1055,Train,0.957410318343692,0.8293415904045105
Q3_S0_XGB_seed42,Q3,S0,XGB,1056,Train,0.813872622033883,0.8293415904045105
Q3_S0_XGB_seed42,Q3,S0,XGB,1057,Train,0.774189026409601,0.8293415904045105
Q3_S0_XGB_seed42,Q3,S0,XGB,1060,Train,0.761528027071662,0.8293415904045105
Q3_S0_XGB_seed42,Q3,S0,XGB,1061,Train,0.869420076911184,0.8293415904045105
Q3_S0_XGB_seed42,Q3,S0,XGB,1064,Train,0.800373468473371,0.8293415904045105
Q3_S0_XGB_seed42,Q3,S0,XGB,1065,Train,0.868075884732324,0.8293415904045105
Q3_S0_XGB_seed42,Q3,S0,XGB,1066,Train,0.929363429825195,0.8293415904045105
Q3_S0_XGB_seed42,Q3,S0,XGB,1068,Train,0.770219717628378,0.8293415904045105
Q3_S0_XGB_seed42,Q3,S0,XGB,1069,Train,0.88022855729693,0.8293415904045105
Q3_S0_XGB_seed42,Q3,S0,XGB,1070,Train,0.959219672874343,0.8293415904045105
Q3_S0_XGB_seed42,Q3,S0,XGB,1071,Train,0.802296644258131,0.8293415904045105
Q3_S0_XGB_seed42,Q3,S0,XGB,1073,Train,0.866999035914871,0.8293415904045105
Q3_S0_XGB_seed42,Q3,S0,XGB,1074,Train,0.949217949892863,0.8293415904045105
Q3_S0_XGB_seed42,Q3,S0,XGB,1076,Train,0.760204163477313,0.8293415904045105
Q3_S0_XGB_seed42,Q3,S0,XGB,1077,Train,0.822125963335149,0.8293415904045105
Q3_S0_XGB_seed42,Q3,S0,XGB,1078,Train,0.939426893652025,0.8293415904045105
Q3_S0_XGB_seed42,Q3,S0,XGB,1079,Train,0.750569072247341,0.8293415904045105
Q3_S0_XGB_seed42,Q3,S0,XGB,1080,Train,0.763045688513871,0.8293415904045105
Q3_S0_XGB_seed42,Q3,S0,XGB,1081,Train,0.83332674041077,0.8293415904045105
Q3_S0_XGB_seed42,Q3,S0,XGB,1082,Train,0.926188379655635,0.8293415904045105
Q3_S0_XGB_seed42,Q3,S0,XGB,1083,Train,0.797960018930702,0.8293415904045105
Q3_S0_XGB_seed42,Q3,S0,XGB,1084,Train,0.763999535247556,0.8293415904045105
Q3_S0_XGB_seed42,Q3,S0,XGB,1085,Train,0.895543206493383,0.8293415904045105
Q3_S0_XGB_seed42,Q3,S0,XGB,1086,Train,0.708569706169591,0.8293415904045105
Q3_S0_XGB_seed42,Q3,S0,XGB,1088,Train,0.868075884732324,0.8293415904045105
Q3_S0_XGB_seed42,Q3,S0,XGB,1089,Train,0.944032050879927,0.8293415904045105
Q3_S0_XGB_seed42,Q3,S0,XGB,1090,Train,0.733424008300312,0.8293415904045105
Q3_S0_XGB_seed42,Q3,S0,XGB,1091,Train,0.804932790987593,0.8293415904045105
Q3_S0_XGB_seed42,Q3,S0,XGB,1092,Train,0.875958312856537,0.8293415904045105
Q3_S0_XGB_seed42,Q3,S0,XGB,1093,Train,0.93951362970487,0.8293415904045105
Q3_S0_XGB_seed42,Q3,S0,XGB,1094,Train,0.69677225391561,0.8293415904045105
Q3_S0_XGB_seed42,Q3,S0,XGB,1095,Train,0.786180255102554,0.8293415904045105
Q3_S0_XGB_seed42,Q3,S0,XGB,1096,Train,0.882891632476178,0.8293415904045105
Q3_S0_XGB_seed42,Q3,S0,XGB,1097,Train,0.956680557393612,0.8293415904045105
Q3_S0_XGB_seed42,Q3,S0,XGB,1098,Train,0.792504253391991,0.8293415904045105
Q3_S0_XGB_seed42,Q3,S0,XGB,1099,Train,0.789633487297816,0.8293415904045105
Q3_S0_XGB_seed42,Q3,S0,XGB,1101,Train,0.956942220525115,0.8293415904045105
Q3_S0_XGB_seed42,Q3,S0,XGB,1102,Train,0.734199846749297,0.8293415904045105
Q3_S0_XGB_seed42,Q3,S0,XGB,1103,Train,0.774793449957782,0.8293415904045105
Q3_S0_XGB_seed42,Q3,S0,XGB,1104,Train,0.831410637779578,0.8293415904045105
Q3_S0_XGB_seed42,Q3,S0,XGB,1105,Train,0.945850340334221,0.8293415904045105
Q3_S0_XGB_seed42,Q3,S0,XGB,1108,Train,0.845381357533183,0.8293415904045105
Q3_S0_XGB_seed42,Q3,S0,XGB,1109,Train,0.936970712621457,0.8293415904045105
Q3_S0_XGB_seed42,Q3,S0,XGB,1110,Train,0.799935130890267,0.8293415904045105
Q3_S0_XGB_seed42,Q3,S0,XGB,1111,Train,0.76635763480699,0.8293415904045105
Q3_S0_XGB_seed42,Q3,S0,XGB,1113,Train,0.72141924849785,0.8293415904045105
Q3_S0_XGB_seed42,Q3,S0,XGB,1114,Train,0.814615157530146,0.8293415904045105
Q3_S0_XGB_seed42,Q3,S0,XGB,1115,Train,0.870700482829228,0.8293415904045105
Q3_S0_XGB_seed42,Q3,S0,XGB,1117,Train,0.748026513306267,0.8293415904045105
Q3_S0_XGB_seed42,Q3,S0,XGB,1118,Train,0.819042301069102,0.8293415904045105
Q3_S0_XGB_seed42,Q3,S0,XGB,1119,Train,0.872255273289102,0.8293415904045105
Q3_S0_XGB_seed42,Q3,S0,XGB,1120,Train,0.93951362970487,0.8293415904045105
Q3_S0_XGB_seed42,Q3,S0,XGB,1121,Train,0.699087262596401,0.8293415904045105
Q3_S0_XGB_seed42,Q3,S0,XGB,1122,Train,0.804412761608385,0.8293415904045105
Q3_S0_XGB_seed42,Q3,S0,XGB,1123,Train,0.888225610247878,0.8293415904045105
Q3_S0_XGB_seed42,Q3,S0,XGB,1124,Train,0.959219672874343,0.8293415904045105
Q3_S0_XGB_seed42,Q3,S0,XGB,1125,Train,0.794478660847515,0.8293415904045105
Q3_S0_XGB_seed42,Q3,S0,XGB,1126,Train,0.795044896217672,0.8293415904045105
Q3_S0_XGB_seed42,Q3,S0,XGB,1128,Train,0.97232606069617,0.8293415904045105
Q3_S0_XGB_seed42,Q3,S0,XGB,1130,Train,0.76392809877467,0.8293415904045105
Q3_S0_XGB_seed42,Q3,S0,XGB,1131,Train,0.845381357533183,0.8293415904045105
Q3_S0_XGB_seed42,Q3,S0,XGB,1132,Train,0.954485708802878,0.8293415904045105
Q3_S0_XGB_seed42,Q3,S0,XGB,1133,Train,0.742091685619275,0.8293415904045105
Q3_S0_XGB_seed42,Q3,S0,XGB,1134,Train,0.754667374526097,0.8293415904045105
Q3_S0_XGB_seed42,Q3,S0,XGB,1135,Train,0.869999601044121,0.8293415904045105
Q3_S0_XGB_seed42,Q3,S0,XGB,1136,Train,0.952275901991181,0.8293415904045105
Q3_S0_XGB_seed42,Q3,S0,XGB,1137,Train,0.813523741478924,0.8336752653121948
Q3_S0_XGB_seed42,Q3,S0,XGB,1139,Train,0.765581738055363,0.8293415904045105
Q3_S0_XGB_seed42,Q3,S0,XGB,1140,Train,0.893569868785435,0.8293415904045105
Q3_S0_XGB_seed42,Q3,S0,XGB,1141,Train,0.709030521494937,0.8293415904045105
Q3_S0_XGB_seed42,Q3,S0,XGB,1142,Train,0.824401326732183,0.8293415904045105
Q3_S0_XGB_seed42,Q3,S0,XGB,1143,Train,0.875958312856537,0.8293415904045105
Q3_S0_XGB_seed42,Q3,S0,XGB,1144,Train,0.944607596729703,0.8293415904045105
Q3_S0_XGB_seed42,Q3,S0,XGB,1145,Train,0.766681341537034,0.8293415904045105
Q3_S0_XGB_seed42,Q3,S0,XGB,1146,Train,0.821112449176638,0.8293415904045105
Q3_S0_XGB_seed42,Q3,S0,XGB,1147,Train,0.875958312856537,0.8293415904045105
Q3_S0_XGB_seed42,Q3,S0,XGB,1148,Train,0.935150536886007,0.8293415904045105
Q3_S0_XGB_seed42,Q3,S0,XGB,1149,Train,0.702440630147331,0.8293415904045105
Q3_S0_XGB_seed42,Q3,S0,XGB,1151,Train,0.89089646597602,0.8293415904045105
Q3_S0_XGB_seed42,Q3,S0,XGB,1152,Train,0.957395932449324,0.8293415904045105
Q3_S0_XGB_seed42,Q3,S0,XGB,1153,Train,0.798730965528296,0.8293415904045105
Q3_S0_XGB_seed42,Q3,S0,XGB,1154,Train,0.79375716356903,0.8293415904045105
Q3_S0_XGB_seed42,Q3,S0,XGB,1155,Train,0.909280357024702,0.8293415904045105
Q3_S0_XGB_seed42,Q3,S0,XGB,1157,Train,0.740859563923326,0.8293415904045105
Q3_S0_XGB_seed42,Q3,S0,XGB,1158,Train,0.762574527781987,0.8293415904045105
Q3_S0_XGB_seed42,Q3,S0,XGB,1160,Train,0.965390605715699,0.8293415904045105
Q3_S0_XGB_seed42,Q3,S0,XGB,1161,Train,0.743478810778917,0.8293415904045105
Q3_S0_XGB_seed42,Q3,S0,XGB,1162,Train,0.764183080187211,0.8293415904045105
Q3_S0_XGB_seed42,Q3,S0,XGB,1165,Train,0.86118506512759,0.8336752653121948
Q3_S0_XGB_seed42,Q3,S0,XGB,1166,Train,0.774189026409601,0.8293415904045105
Q3_S0_XGB_seed42,Q3,S0,XGB,1168,Train,0.905073760419263,0.8293415904045105
Q3_S0_XGB_seed42,Q3,S0,XGB,1169,Train,0.723035518357035,0.8293415904045105
Q3_S0_XGB_seed42,Q3,S0,XGB,1170,Train,0.826526360327323,0.8293415904045105
Q3_S0_XGB_seed42,Q3,S0,XGB,1171,Train,0.875958312856537,0.8293415904045105
Q3_S0_XGB_seed42,Q3,S0,XGB,1172,Train,0.944607596729703,0.8293415904045105
Q3_S0_XGB_seed42,Q3,S0,XGB,1173,Train,0.760209160895165,0.8293415904045105
Q3_S0_XGB_seed42,Q3,S0,XGB,1174,Train,0.820740259958004,0.8293415904045105
Q3_S0_XGB_seed42,Q3,S0,XGB,1175,Train,0.872255273289102,0.8293415904045105
Q3_S0_XGB_seed42,Q3,S0,XGB,1176,Train,0.945437666284331,0.8293415904045105
Q3_S0_XGB_seed42,Q3,S0,XGB,1178,Train,0.823357286621594,0.8293415904045105
Q3_S0_XGB_seed42,Q3,S0,XGB,1179,Train,0.891799038593436,0.8293415904045105
Q3_S0_XGB_seed42,Q3,S0,XGB,1180,Train,0.959962561862519,0.8293415904045105
Q3_S0_XGB_seed42,Q3,S0,XGB,1181,Train,0.77684465445017,0.8293415904045105
Q3_S0_XGB_seed42,Q3,S0,XGB,1182,Train,0.794780573757261,0.8293415904045105
Q3_S0_XGB_seed42,Q3,S0,XGB,1184,Train,0.996041319454468,0.8293415904045105
Q3_S0_XGB_seed42,Q3,S0,XGB,1185,Train,0.729274737980591,0.8293415904045105
Q3_S0_XGB_seed42,Q3,S0,XGB,1186,Train,0.765245089682088,0.8293415904045105
Q3_S0_XGB_seed42,Q3,S0,XGB,1187,Train,0.900060352488373,0.8293415904045105
Q3_S0_XGB_seed42,Q3,S0,XGB,1188,Train,0.974200495215366,0.8293415904045105
Q3_S0_XGB_seed42,Q3,S0,XGB,1189,Train,0.741022079805728,0.8293415904045105
Q3_S0_XGB_seed42,Q3,S0,XGB,1191,Train,0.924316467912413,0.8293415904045105
Q3_S0_XGB_seed42,Q3,S0,XGB,1194,Train,1.0309100192963,0.9665622711181641
Q3_S0_XGB_seed42,Q3,S0,XGB,1195,Train,1.0309100192963,0.9665622711181641
Q3_S0_XGB_seed42,Q3,S0,XGB,1196,Train,1.04780321656717,0.9665622711181641
Q3_S0_XGB_seed42,Q3,S0,XGB,1197,Train,1.02116378112696,0.9665622711181641
Q3_S0_XGB_seed42,Q3,S0,XGB,1199,Train,0.942863732067123,0.9665622711181641
Q3_S0_XGB_seed42,Q3,S0,XGB,1200,Train,0.858516034072475,0.9665622711181641
Q3_S0_XGB_seed42,Q3,S0,XGB,1201,Train,0.828220858895706,0.9665622711181641
Q3_S0_XGB_seed42,Q3,S0,XGB,1202,Train,1.16613648991414,0.9902700185775757
Q3_S0_XGB_seed42,Q3,S0,XGB,1203,Train,1.17590341402158,0.9902700185775757
Q3_S0_XGB_seed42,Q3,S0,XGB,1205,Train,1.15864463864469,0.9902700185775757
Q3_S0_XGB_seed42,Q3,S0,XGB,1208,Train,0.945059146949154,0.9902700185775757
Q3_S0_XGB_seed42,Q3,S0,XGB,1209,Train,0.743453636792905,0.9902700185775757
Q3_S0_XGB_seed42,Q3,S0,XGB,1210,Train,0.756610346124391,0.9902700185775757
Q3_S0_XGB_seed42,Q3,S0,XGB,1211,Train,1.14869832591629,1.022711992263794
Q3_S0_XGB_seed42,Q3,S0,XGB,1212,Train,1.15615284385716,1.022711992263794
Q3_S0_XGB_seed42,Q3,S0,XGB,1213,Train,1.15366382320943,1.022711992263794
Q3_S0_XGB_seed42,Q3,S0,XGB,1214,Train,1.16146409290499,1.022711992263794
Q3_S0_XGB_seed42,Q3,S0,XGB,1216,Train,1.09724257611613,1.022711992263794
Q3_S0_XGB_seed42,Q3,S0,XGB,1217,Train,0.969373157471161,1.022711992263794
Q3_S0_XGB_seed42,Q3,S0,XGB,1218,Train,0.767721189179986,1.022711992263794
Q3_S0_XGB_seed42,Q3,S0,XGB,1219,Train,0.747774846750593,1.022711992263794
Q3_S0_XGB_seed42,Q3,S0,XGB,1221,Train,1.19192306228115,1.0539569854736328
Q3_S0_XGB_seed42,Q3,S0,XGB,1222,Train,1.19192306228115,1.0539569854736328
Q3_S0_XGB_seed42,Q3,S0,XGB,1223,Train,1.17930396588958,1.0539569854736328
Q3_S0_XGB_seed42,Q3,S0,XGB,1224,Train,1.15378304985468,1.0539569854736328
Q3_S0_XGB_seed42,Q3,S0,XGB,1225,Train,1.14378937187987,1.0539569854736328
Q3_S0_XGB_seed42,Q3,S0,XGB,1226,Train,1.05992184543277,1.0539569854736328
Q3_S0_XGB_seed42,Q3,S0,XGB,1227,Train,0.779325256152953,1.0539569854736328
Q3_S0_XGB_seed42,Q3,S0,XGB,1228,Train,0.765644820823472,1.0539569854736328
Q3_S0_XGB_seed42,Q3,S0,XGB,8,Test,0.852320637196598,0.8517706394195557
Q3_S0_XGB_seed42,Q3,S0,XGB,16,Test,0.757910939800996,0.8517706394195557
Q3_S0_XGB_seed42,Q3,S0,XGB,33,Test,0.947878574037492,0.860309362411499
Q3_S0_XGB_seed42,Q3,S0,XGB,40,Test,0.846204660987704,0.8517706394195557
Q3_S0_XGB_seed42,Q3,S0,XGB,41,Test,0.826322526936951,0.8158848881721497
Q3_S0_XGB_seed42,Q3,S0,XGB,49,Test,0.813872622033883,0.8517706394195557
Q3_S0_XGB_seed42,Q3,S0,XGB,55,Test,1.1800839773586,0.9585806131362915
Q3_S0_XGB_seed42,Q3,S0,XGB,60,Test,0.711458783801433,0.8584405779838562
Q3_S0_XGB_seed42,Q3,S0,XGB,62,Test,1.05868835286937,1.0734004974365234
Q3_S0_XGB_seed42,Q3,S0,XGB,65,Test,0.822125963335149,0.8517706394195557
Q3_S0_XGB_seed42,Q3,S0,XGB,67,Test,0.860852339675353,0.860309362411499
Q3_S0_XGB_seed42,Q3,S0,XGB,69,Test,0.952684962682573,0.9914721846580505
Q3_S0_XGB_seed42,Q3,S0,XGB,70,Test,1.00486544375881,1.0045510530471802
Q3_S0_XGB_seed42,Q3,S0,XGB,74,Test,0.813467798407692,0.8517706394195557
Q3_S0_XGB_seed42,Q3,S0,XGB,77,Test,0.852684600835069,0.9242424964904785
Q3_S0_XGB_seed42,Q3,S0,XGB,78,Test,0.903935228958348,0.9914721846580505
Q3_S0_XGB_seed42,Q3,S0,XGB,81,Test,0.813467798407692,0.8517706394195557
Q3_S0_XGB_seed42,Q3,S0,XGB,87,Test,0.737639852812842,0.8470991253852844
Q3_S0_XGB_seed42,Q3,S0,XGB,90,Test,0.992568658138745,0.9585806131362915
Q3_S0_XGB_seed42,Q3,S0,XGB,95,Test,0.728664117820701,0.8470991253852844
Q3_S0_XGB_seed42,Q3,S0,XGB,98,Test,0.920532930540302,0.9004070162773132
Q3_S0_XGB_seed42,Q3,S0,XGB,100,Test,0.81331948022468,0.8158848881721497
Q3_S0_XGB_seed42,Q3,S0,XGB,108,Test,0.802674817559499,0.8517706394195557
Q3_S0_XGB_seed42,Q3,S0,XGB,112,Test,0.900141392199746,0.9914721846580505
Q3_S0_XGB_seed42,Q3,S0,XGB,113,Test,0.904396288730716,1.0045510530471802
Q3_S0_XGB_seed42,Q3,S0,XGB,119,Test,0.810800723507938,0.8622559905052185
Q3_S0_XGB_seed42,Q3,S0,XGB,122,Test,1.07485139681547,0.9585806131362915
Q3_S0_XGB_seed42,Q3,S0,XGB,126,Test,1.01467278489236,0.9585806131362915
Q3_S0_XGB_seed42,Q3,S0,XGB,143,Test,0.998279458179488,0.9914721846580505
Q3_S0_XGB_seed42,Q3,S0,XGB,151,Test,0.81033471544061,0.8737296462059021
Q3_S0_XGB_seed42,Q3,S0,XGB,153,Test,0.843369921106177,0.9585806131362915
Q3_S0_XGB_seed42,Q3,S0,XGB,154,Test,0.821094228516559,0.9585806131362915
Q3_S0_XGB_seed42,Q3,S0,XGB,155,Test,0.919162757835833,0.9585806131362915
Q3_S0_XGB_seed42,Q3,S0,XGB,156,Test,1.03546229011457,0.9585806131362915
Q3_S0_XGB_seed42,Q3,S0,XGB,171,Test,0.906717139703928,0.8737296462059021
Q3_S0_XGB_seed42,Q3,S0,XGB,173,Test,0.912905287026554,0.8737296462059021
Q3_S0_XGB_seed42,Q3,S0,XGB,204,Test,1.1393357833334,1.003474473953247
Q3_S0_XGB_seed42,Q3,S0,XGB,210,Test,0.936810267937746,0.8682568669319153
Q3_S0_XGB_seed42,Q3,S0,XGB,214,Test,1.22065556157337,1.2071678638458252
Q3_S0_XGB_seed42,Q3,S0,XGB,228,Test,1.06344855958423,1.0959794521331787
Q3_S0_XGB_seed42,Q3,S0,XGB,234,Test,1.11427419043542,0.9141835570335388
Q3_S0_XGB_seed42,Q3,S0,XGB,235,Test,0.961279319724471,0.9372931122779846
Q3_S0_XGB_seed42,Q3,S0,XGB,244,Test,0.893061283610279,0.8682568669319153
Q3_S0_XGB_seed42,Q3,S0,XGB,245,Test,1.23569967731168,1.222899317741394
Q3_S0_XGB_seed42,Q3,S0,XGB,246,Test,0.971990987958718,0.9141835570335388
Q3_S0_XGB_seed42,Q3,S0,XGB,254,Test,1.03327416363859,1.003474473953247
Q3_S0_XGB_seed42,Q3,S0,XGB,257,Test,1.12250446697086,1.003474473953247
Q3_S0_XGB_seed42,Q3,S0,XGB,275,Test,0.939184508560139,0.9141835570335388
Q3_S0_XGB_seed42,Q3,S0,XGB,284,Test,1.00509196322014,1.003474473953247
Q3_S0_XGB_seed42,Q3,S0,XGB,295,Test,0.912592939485118,1.003474473953247
Q3_S0_XGB_seed42,Q3,S0,XGB,296,Test,0.823590841598461,1.003474473953247
Q3_S0_XGB_seed42,Q3,S0,XGB,301,Test,1.0639187054379,0.9385614991188049
Q3_S0_XGB_seed42,Q3,S0,XGB,321,Test,1.19182986579302,1.0587574243545532
Q3_S0_XGB_seed42,Q3,S0,XGB,326,Test,0.826607210133647,1.003474473953247
Q3_S0_XGB_seed42,Q3,S0,XGB,338,Test,1.04267580718159,1.0959794521331787
Q3_S0_XGB_seed42,Q3,S0,XGB,341,Test,0.893800025847912,0.8771277666091919
Q3_S0_XGB_seed42,Q3,S0,XGB,342,Test,0.822125963335149,0.8682568669319153
Q3_S0_XGB_seed42,Q3,S0,XGB,343,Test,1.23045619628522,1.222899317741394
Q3_S0_XGB_seed42,Q3,S0,XGB,360,Test,0.928486314599026,1.003474473953247
Q3_S0_XGB_seed42,Q3,S0,XGB,361,Test,0.817874479739484,0.8654921650886536
Q3_S0_XGB_seed42,Q3,S0,XGB,362,Test,0.804103761789322,0.9385614991188049
Q3_S0_XGB_seed42,Q3,S0,XGB,364,Test,0.807372310203011,0.8492276668548584
Q3_S0_XGB_seed42,Q3,S0,XGB,366,Test,0.793688616630125,0.8278264403343201
Q3_S0_XGB_seed42,Q3,S0,XGB,368,Test,0.778410456559892,0.7785048484802246
Q3_S0_XGB_seed42,Q3,S0,XGB,370,Test,0.797044767127811,0.875029981136322
Q3_S0_XGB_seed42,Q3,S0,XGB,371,Test,0.798595345560752,0.8691411018371582
Q3_S0_XGB_seed42,Q3,S0,XGB,386,Test,1.13574687602424,1.1031965017318726
Q3_S0_XGB_seed42,Q3,S0,XGB,397,Test,1.1186386283466,1.0587574243545532
Q3_S0_XGB_seed42,Q3,S0,XGB,399,Test,0.87291386843261,1.003474473953247
Q3_S0_XGB_seed42,Q3,S0,XGB,401,Test,0.815966834108385,1.003474473953247
Q3_S0_XGB_seed42,Q3,S0,XGB,411,Test,0.877864354166367,0.8682568669319153
Q3_S0_XGB_seed42,Q3,S0,XGB,415,Test,0.925526846600607,0.8771277666091919
Q3_S0_XGB_seed42,Q3,S0,XGB,416,Test,0.849045399851102,1.003474473953247
Q3_S0_XGB_seed42,Q3,S0,XGB,417,Test,0.808514768466947,1.003474473953247
Q3_S0_XGB_seed42,Q3,S0,XGB,427,Test,1.215634689863,1.2071678638458252
Q3_S0_XGB_seed42,Q3,S0,XGB,429,Test,1.10827609567712,1.0587574243545532
Q3_S0_XGB_seed42,Q3,S0,XGB,431,Test,0.881268697770986,1.0587574243545532
Q3_S0_XGB_seed42,Q3,S0,XGB,437,Test,1.13482643199722,1.0587574243545532
Q3_S0_XGB_seed42,Q3,S0,XGB,439,Test,0.902931191290748,1.0587574243545532
Q3_S0_XGB_seed42,Q3,S0,XGB,444,Test,0.924601655563363,0.8682568669319153
Q3_S0_XGB_seed42,Q3,S0,XGB,447,Test,0.929918995294268,0.9372931122779846
Q3_S0_XGB_seed42,Q3,S0,XGB,448,Test,1.21062408455055,1.2071678638458252
Q3_S0_XGB_seed42,Q3,S0,XGB,467,Test,0.84311310408725,0.8775075078010559
Q3_S0_XGB_seed42,Q3,S0,XGB,480,Test,0.821675056584442,0.8775075078010559
Q3_S0_XGB_seed42,Q3,S0,XGB,490,Test,0.860232526704263,0.8336985111236572
Q3_S0_XGB_seed42,Q3,S0,XGB,497,Test,0.865613735535156,0.8478103876113892
Q3_S0_XGB_seed42,Q3,S0,XGB,499,Test,0.818501856967033,0.8478103876113892
Q3_S0_XGB_seed42,Q3,S0,XGB,508,Test,0.869145624340571,0.8775075078010559
Q3_S0_XGB_seed42,Q3,S0,XGB,513,Test,0.777541657084211,0.8470656275749207
Q3_S0_XGB_seed42,Q3,S0,XGB,514,Test,0.872373442452523,0.8775075078010559
Q3_S0_XGB_seed42,Q3,S0,XGB,515,Test,0.761899976261084,0.8336985111236572
Q3_S0_XGB_seed42,Q3,S0,XGB,519,Test,0.792940350167374,0.8775075078010559
Q3_S0_XGB_seed42,Q3,S0,XGB,522,Test,0.795876748277848,0.8336985111236572
Q3_S0_XGB_seed42,Q3,S0,XGB,525,Test,0.787590206185008,0.8470656275749207
Q3_S0_XGB_seed42,Q3,S0,XGB,531,Test,0.746485628020581,0.8336985111236572
Q3_S0_XGB_seed42,Q3,S0,XGB,534,Test,0.887000548342337,0.7571117877960205
Q3_S0_XGB_seed42,Q3,S0,XGB,535,Test,0.833498423244719,0.7571117877960205
Q3_S0_XGB_seed42,Q3,S0,XGB,537,Test,0.793151072002874,0.7571117877960205
Q3_S0_XGB_seed42,Q3,S0,XGB,539,Test,0.970060488345038,0.8293415904045105
Q3_S0_XGB_seed42,Q3,S0,XGB,546,Test,0.889020469334822,0.8885254263877869
Q3_S0_XGB_seed42,Q3,S0,XGB,551,Test,0.831260172592189,0.7571117877960205
Q3_S0_XGB_seed42,Q3,S0,XGB,553,Test,0.826849384947378,0.7571117877960205
Q3_S0_XGB_seed42,Q3,S0,XGB,564,Test,0.878262057500151,0.8293415904045105
Q3_S0_XGB_seed42,Q3,S0,XGB,576,Test,0.742339670007947,0.7571117877960205
Q3_S0_XGB_seed42,Q3,S0,XGB,579,Test,0.886763619447251,0.7571117877960205
Q3_S0_XGB_seed42,Q3,S0,XGB,587,Test,0.861216463662039,0.8885254263877869
Q3_S0_XGB_seed42,Q3,S0,XGB,611,Test,0.77213333007826,0.7571117877960205
Q3_S0_XGB_seed42,Q3,S0,XGB,612,Test,0.764913144503674,0.7571117877960205
Q3_S0_XGB_seed42,Q3,S0,XGB,613,Test,0.728688971473978,0.7571117877960205
Q3_S0_XGB_seed42,Q3,S0,XGB,616,Test,0.880044085567343,0.8885254263877869
Q3_S0_XGB_seed42,Q3,S0,XGB,617,Test,0.807585700067222,0.8885254263877869
Q3_S0_XGB_seed42,Q3,S0,XGB,618,Test,0.77074592040747,0.8885254263877869
Q3_S0_XGB_seed42,Q3,S0,XGB,620,Test,0.874724003831233,0.8885254263877869
Q3_S0_XGB_seed42,Q3,S0,XGB,625,Test,0.758709176213725,0.7571117877960205
Q3_S0_XGB_seed42,Q3,S0,XGB,629,Test,0.889817242212127,0.8293415904045105
Q3_S0_XGB_seed42,Q3,S0,XGB,631,Test,0.798143063448458,0.8293415904045105
Q3_S0_XGB_seed42,Q3,S0,XGB,634,Test,0.825733401774114,0.8293415904045105
Q3_S0_XGB_seed42,Q3,S0,XGB,635,Test,0.834632208487437,0.8293415904045105
Q3_S0_XGB_seed42,Q3,S0,XGB,637,Test,0.809354767359919,0.8885254263877869
Q3_S0_XGB_seed42,Q3,S0,XGB,640,Test,0.876039548113258,0.8885254263877869
Q3_S0_XGB_seed42,Q3,S0,XGB,643,Test,0.945850340334221,0.8885254263877869
Q3_S0_XGB_seed42,Q3,S0,XGB,644,Test,0.818498551872722,0.7571117877960205
Q3_S0_XGB_seed42,Q3,S0,XGB,646,Test,0.75408366475121,0.7571117877960205
Q3_S0_XGB_seed42,Q3,S0,XGB,647,Test,0.747247842259885,0.7571117877960205
Q3_S0_XGB_seed42,Q3,S0,XGB,654,Test,0.851986068586528,0.8885254263877869
Q3_S0_XGB_seed42,Q3,S0,XGB,664,Test,0.741549273895159,0.7571117877960205
Q3_S0_XGB_seed42,Q3,S0,XGB,668,Test,0.851986068586528,0.8885254263877869
Q3_S0_XGB_seed42,Q3,S0,XGB,673,Test,0.976796171044411,0.8885254263877869
Q3_S0_XGB_seed42,Q3,S0,XGB,676,Test,0.791863787278371,0.7571117877960205
Q3_S0_XGB_seed42,Q3,S0,XGB,680,Test,0.75024454341863,0.7571117877960205
Q3_S0_XGB_seed42,Q3,S0,XGB,682,Test,0.689926541089295,0.7571117877960205
Q3_S0_XGB_seed42,Q3,S0,XGB,684,Test,0.769420608847027,0.8293415904045105
Q3_S0_XGB_seed42,Q3,S0,XGB,691,Test,0.792036479454565,0.8293415904045105
Q3_S0_XGB_seed42,Q3,S0,XGB,699,Test,1.01805929822394,0.8885254263877869
Q3_S0_XGB_seed42,Q3,S0,XGB,721,Test,0.713090900306153,0.7571117877960205
Q3_S0_XGB_seed42,Q3,S0,XGB,733,Test,0.708619564845011,0.7571117877960205
Q3_S0_XGB_seed42,Q3,S0,XGB,749,Test,1.0745623846132,0.8885254263877869
Q3_S0_XGB_seed42,Q3,S0,XGB,750,Test,0.732807913562506,0.7571117877960205
Q3_S0_XGB_seed42,Q3,S0,XGB,757,Test,0.754667374526097,0.7571117877960205
Q3_S0_XGB_seed42,Q3,S0,XGB,764,Test,0.778229870410982,0.8293415904045105
Q3_S0_XGB_seed42,Q3,S0,XGB,783,Test,0.786408672212412,0.8293415904045105
Q3_S0_XGB_seed42,Q3,S0,XGB,784,Test,0.753576013281286,0.8293415904045105
Q3_S0_XGB_seed42,Q3,S0,XGB,785,Test,0.796451175291166,0.8293415904045105
Q3_S0_XGB_seed42,Q3,S0,XGB,791,Test,0.764115759199259,0.7571117877960205
Q3_S0_XGB_seed42,Q3,S0,XGB,794,Test,0.803883097711839,0.8293415904045105
Q3_S0_XGB_seed42,Q3,S0,XGB,803,Test,0.864887132936625,0.8885254263877869
Q3_S0_XGB_seed42,Q3,S0,XGB,811,Test,0.735934933307509,0.7571117877960205
Q3_S0_XGB_seed42,Q3,S0,XGB,812,Test,0.696679662727248,0.7571117877960205
Q3_S0_XGB_seed42,Q3,S0,XGB,826,Test,0.86511259293188,0.8293415904045105
Q3_S0_XGB_seed42,Q3,S0,XGB,829,Test,0.799304941599041,0.8293415904045105
Q3_S0_XGB_seed42,Q3,S0,XGB,835,Test,0.834074420809216,0.8293415904045105
Q3_S0_XGB_seed42,Q3,S0,XGB,840,Test,0.76156027562374,0.8293415904045105
Q3_S0_XGB_seed42,Q3,S0,XGB,842,Test,0.827016737870009,0.8293415904045105
Q3_S0_XGB_seed42,Q3,S0,XGB,844,Test,0.782523228550948,0.8293415904045105
Q3_S0_XGB_seed42,Q3,S0,XGB,847,Test,1.05187627303712,0.8336752653121948
Q3_S0_XGB_seed42,Q3,S0,XGB,852,Test,1.0,0.8293415904045105
Q3_S0_XGB_seed42,Q3,S0,XGB,854,Test,0.98736628129819,0.8293415904045105
Q3_S0_XGB_seed42,Q3,S0,XGB,857,Test,0.829831231648525,0.8293415904045105
Q3_S0_XGB_seed42,Q3,S0,XGB,864,Test,0.829581934480047,0.8293415904045105
Q3_S0_XGB_seed42,Q3,S0,XGB,867,Test,0.753705950531613,0.8293415904045105
Q3_S0_XGB_seed42,Q3,S0,XGB,872,Test,0.756109151147717,0.8293415904045105
Q3_S0_XGB_seed42,Q3,S0,XGB,876,Test,0.850544221972722,0.8293415904045105
Q3_S0_XGB_seed42,Q3,S0,XGB,878,Test,0.768122786122246,0.8293415904045105
Q3_S0_XGB_seed42,Q3,S0,XGB,883,Test,0.764260833453758,0.8293415904045105
Q3_S0_XGB_seed42,Q3,S0,XGB,888,Test,0.829146849424817,0.8293415904045105
Q3_S0_XGB_seed42,Q3,S0,XGB,893,Test,0.813477995464056,0.8293415904045105
Q3_S0_XGB_seed42,Q3,S0,XGB,904,Test,0.844991284927913,0.8293415904045105
Q3_S0_XGB_seed42,Q3,S0,XGB,910,Test,0.822650923078357,0.8293415904045105
Q3_S0_XGB_seed42,Q3,S0,XGB,912,Test,0.842926286538743,0.8293415904045105
Q3_S0_XGB_seed42,Q3,S0,XGB,914,Test,0.756129198325393,0.8293415904045105
Q3_S0_XGB_seed42,Q3,S0,XGB,915,Test,0.763012843752246,0.8293415904045105
Q3_S0_XGB_seed42,Q3,S0,XGB,922,Test,0.898181417669202,0.8293415904045105
Q3_S0_XGB_seed42,Q3,S0,XGB,927,Test,0.852524328493307,0.8293415904045105
Q3_S0_XGB_seed42,Q3,S0,XGB,943,Test,0.806233218706077,0.8293415904045105
Q3_S0_XGB_seed42,Q3,S0,XGB,945,Test,0.766743793103087,0.8293415904045105
Q3_S0_XGB_seed42,Q3,S0,XGB,955,Test,1.01472282521954,0.8293415904045105
Q3_S0_XGB_seed42,Q3,S0,XGB,957,Test,0.80717197123045,0.8293415904045105
Q3_S0_XGB_seed42,Q3,S0,XGB,958,Test,0.835775714089677,0.8293415904045105
Q3_S0_XGB_seed42,Q3,S0,XGB,964,Test,0.855616672954909,0.8293415904045105
Q3_S0_XGB_seed42,Q3,S0,XGB,965,Test,0.933768178822049,0.8293415904045105
Q3_S0_XGB_seed42,Q3,S0,XGB,966,Test,0.705375122357597,0.8293415904045105
Q3_S0_XGB_seed42,Q3,S0,XGB,980,Test,0.799615295736052,0.8293415904045105
Q3_S0_XGB_seed42,Q3,S0,XGB,984,Test,0.808672040193808,0.8293415904045105
Q3_S0_XGB_seed42,Q3,S0,XGB,989,Test,0.856527083574307,0.8293415904045105
Q3_S0_XGB_seed42,Q3,S0,XGB,995,Test,0.94122051777521,0.8293415904045105
Q3_S0_XGB_seed42,Q3,S0,XGB,1001,Test,0.738780628318686,0.8293415904045105
Q3_S0_XGB_seed42,Q3,S0,XGB,1002,Test,0.856382665714486,0.8293415904045105
Q3_S0_XGB_seed42,Q3,S0,XGB,1003,Test,0.951611665438936,0.8293415904045105
Q3_S0_XGB_seed42,Q3,S0,XGB,1010,Test,0.807372310203011,0.8293415904045105
Q3_S0_XGB_seed42,Q3,S0,XGB,1019,Test,0.97754928544809,0.8293415904045105
Q3_S0_XGB_seed42,Q3,S0,XGB,1026,Test,0.766073853156941,0.8293415904045105
Q3_S0_XGB_seed42,Q3,S0,XGB,1027,Test,0.870226290982859,0.8293415904045105
Q3_S0_XGB_seed42,Q3,S0,XGB,1031,Test,0.936481518609124,0.8293415904045105
Q3_S0_XGB_seed42,Q3,S0,XGB,1041,Test,0.793027846274449,0.8293415904045105
Q3_S0_XGB_seed42,Q3,S0,XGB,1047,Test,0.92043966507775,0.8293415904045105
Q3_S0_XGB_seed42,Q3,S0,XGB,1058,Test,0.882445021438997,0.8293415904045105
Q3_S0_XGB_seed42,Q3,S0,XGB,1059,Test,0.696130860398804,0.8293415904045105
Q3_S0_XGB_seed42,Q3,S0,XGB,1062,Test,0.938995087972337,0.8293415904045105
Q3_S0_XGB_seed42,Q3,S0,XGB,1063,Test,0.724687392452051,0.8293415904045105
Q3_S0_XGB_seed42,Q3,S0,XGB,1067,Test,0.692510670315816,0.8293415904045105
Q3_S0_XGB_seed42,Q3,S0,XGB,1072,Test,0.791863787278371,0.8293415904045105
Q3_S0_XGB_seed42,Q3,S0,XGB,1075,Test,0.746982840546495,0.8293415904045105
Q3_S0_XGB_seed42,Q3,S0,XGB,1087,Test,0.788316855346138,0.8293415904045105
Q3_S0_XGB_seed42,Q3,S0,XGB,1100,Test,0.874724003831233,0.8293415904045105
Q3_S0_XGB_seed42,Q3,S0,XGB,1106,Test,0.737991169849063,0.8293415904045105
Q3_S0_XGB_seed42,Q3,S0,XGB,1107,Test,0.760892032233977,0.8293415904045105
Q3_S0_XGB_seed42,Q3,S0,XGB,1112,Test,0.894448704342633,0.8293415904045105
Q3_S0_XGB_seed42,Q3,S0,XGB,1116,Test,0.949081938843105,0.8293415904045105
Q3_S0_XGB_seed42,Q3,S0,XGB,1127,Test,0.893412560197882,0.8293415904045105
Q3_S0_XGB_seed42,Q3,S0,XGB,1129,Test,0.736375333711986,0.8293415904045105
Q3_S0_XGB_seed42,Q3,S0,XGB,1138,Test,0.785294421397043,0.8293415904045105
Q3_S0_XGB_seed42,Q3,S0,XGB,1150,Test,0.818012884857102,0.8293415904045105
Q3_S0_XGB_seed42,Q3,S0,XGB,1156,Test,0.987350077425618,0.8293415904045105
Q3_S0_XGB_seed42,Q3,S0,XGB,1159,Test,0.854579770296881,0.8293415904045105
Q3_S0_XGB_seed42,Q3,S0,XGB,1163,Test,0.880095843518457,0.8293415904045105
Q3_S0_XGB_seed42,Q3,S0,XGB,1164,Test,0.963352339838838,0.8293415904045105
Q3_S0_XGB_seed42,Q3,S0,XGB,1167,Test,0.780601625075104,0.8293415904045105
Q3_S0_XGB_seed42,Q3,S0,XGB,1177,Test,0.717878780699404,0.8293415904045105
Q3_S0_XGB_seed42,Q3,S0,XGB,1183,Test,0.94370407868224,0.8293415904045105
Q3_S0_XGB_seed42,Q3,S0,XGB,1190,Test,0.772100152115195,0.8293415904045105
Q3_S0_XGB_seed42,Q3,S0,XGB,1192,Test,0.970053895441174,0.8293415904045105
Q3_S0_XGB_seed42,Q3,S0,XGB,1193,Test,1.06402417781585,0.9665622711181641
Q3_S0_XGB_seed42,Q3,S0,XGB,1198,Test,1.00621600482152,0.9665622711181641
Q3_S0_XGB_seed42,Q3,S0,XGB,1204,Test,1.17590341402158,0.9902700185775757
Q3_S0_XGB_seed42,Q3,S0,XGB,1206,Test,1.14889975557443,0.9902700185775757
Q3_S0_XGB_seed42,Q3,S0,XGB,1207,Test,1.15184604574972,0.9902700185775757
Q3_S0_XGB_seed42,Q3,S0,XGB,1215,Test,1.12665504657055,1.022711992263794
Q3_S0_XGB_seed42,Q3,S0,XGB,1220,Test,1.1943087167904,1.0539569854736328
Q3_S1_XGB_seed42,Q3,S1,XGB,5,Train,1.11514676750688,0.8514860272407532
Q3_S1_XGB_seed42,Q3,S1,XGB,6,Train,1.0565765573796,0.8514860272407532
Q3_S1_XGB_seed42,Q3,S1,XGB,7,Train,0.896984787073229,0.8514860272407532
Q3_S1_XGB_seed42,Q3,S1,XGB,9,Train,0.76051362037454,0.8514860272407532
Q3_S1_XGB_seed42,Q3,S1,XGB,10,Train,0.950497286823995,0.8600659966468811
Q3_S1_XGB_seed42,Q3,S1,XGB,12,Train,1.07686468394027,0.8514860272407532
Q3_S1_XGB_seed42,Q3,S1,XGB,13,Train,0.933147035394019,0.8514860272407532
Q3_S1_XGB_seed42,Q3,S1,XGB,14,Train,0.785557623630764,0.8514860272407532
Q3_S1_XGB_seed42,Q3,S1,XGB,15,Train,0.842644918243032,0.8514860272407532
Q3_S1_XGB_seed42,Q3,S1,XGB,17,Train,0.886580948587187,0.8600659966468811
Q3_S1_XGB_seed42,Q3,S1,XGB,18,Train,0.934277126829998,0.844280481338501
Q3_S1_XGB_seed42,Q3,S1,XGB,20,Train,1.23705008651909,0.9588117599487305
Q3_S1_XGB_seed42,Q3,S1,XGB,21,Train,1.12081929484091,0.9588117599487305
Q3_S1_XGB_seed42,Q3,S1,XGB,22,Train,1.01850275153181,0.9588117599487305
Q3_S1_XGB_seed42,Q3,S1,XGB,23,Train,0.870122736694625,0.9588117599487305
Q3_S1_XGB_seed42,Q3,S1,XGB,24,Train,0.901897886930289,0.9588117599487305
Q3_S1_XGB_seed42,Q3,S1,XGB,28,Train,1.10127559245174,1.073296070098877
Q3_S1_XGB_seed42,Q3,S1,XGB,29,Train,1.00531824737307,0.9865474104881287
Q3_S1_XGB_seed42,Q3,S1,XGB,30,Train,0.920314571147693,0.9043289422988892
Q3_S1_XGB_seed42,Q3,S1,XGB,31,Train,0.842933486548124,0.8514860272407532
Q3_S1_XGB_seed42,Q3,S1,XGB,32,Train,0.866913768550946,0.8156152367591858
Q3_S1_XGB_seed42,Q3,S1,XGB,34,Train,1.00281893894957,0.9256734848022461
Q3_S1_XGB_seed42,Q3,S1,XGB,35,Train,1.0400567900952,0.9922921061515808
Q3_S1_XGB_seed42,Q3,S1,XGB,36,Train,1.07283135226429,1.0055248737335205
Q3_S1_XGB_seed42,Q3,S1,XGB,37,Train,1.0544181367815,1.073296070098877
Q3_S1_XGB_seed42,Q3,S1,XGB,38,Train,0.973831697368482,0.9865474104881287
Q3_S1_XGB_seed42,Q3,S1,XGB,39,Train,0.906030407651833,0.9043289422988892
Q3_S1_XGB_seed42,Q3,S1,XGB,42,Train,0.899866388788341,0.8581170439720154
Q3_S1_XGB_seed42,Q3,S1,XGB,43,Train,0.929645323254218,0.9256734848022461
Q3_S1_XGB_seed42,Q3,S1,XGB,44,Train,0.962587613991127,0.9922921061515808
Q3_S1_XGB_seed42,Q3,S1,XGB,45,Train,0.964652847972138,1.0055248737335205
Q3_S1_XGB_seed42,Q3,S1,XGB,46,Train,1.00614212656907,0.8514860272407532
Q3_S1_XGB_seed42,Q3,S1,XGB,47,Train,0.841068495208582,0.8514860272407532
Q3_S1_XGB_seed42,Q3,S1,XGB,48,Train,0.777823644006181,0.8514860272407532
Q3_S1_XGB_seed42,Q3,S1,XGB,50,Train,0.736439137486459,0.8514860272407532
Q3_S1_XGB_seed42,Q3,S1,XGB,51,Train,0.827266068741322,0.8600659966468811
Q3_S1_XGB_seed42,Q3,S1,XGB,52,Train,0.965447930384461,0.8746252655982971
Q3_S1_XGB_seed42,Q3,S1,XGB,53,Train,0.823869594684897,0.844280481338501
Q3_S1_XGB_seed42,Q3,S1,XGB,56,Train,1.06631401603798,0.9588117599487305
Q3_S1_XGB_seed42,Q3,S1,XGB,57,Train,0.920757730594384,0.9588117599487305
Q3_S1_XGB_seed42,Q3,S1,XGB,58,Train,0.874320308993983,0.9588117599487305
Q3_S1_XGB_seed42,Q3,S1,XGB,59,Train,0.924047364068431,0.9588117599487305
Q3_S1_XGB_seed42,Q3,S1,XGB,61,Train,0.949867691891581,0.9523631930351257
Q3_S1_XGB_seed42,Q3,S1,XGB,63,Train,0.976976532023534,0.9865474104881287
Q3_S1_XGB_seed42,Q3,S1,XGB,64,Train,0.906801235757686,0.9043289422988892
Q3_S1_XGB_seed42,Q3,S1,XGB,66,Train,0.812015177575546,0.8156152367591858
Q3_S1_XGB_seed42,Q3,S1,XGB,68,Train,0.898774056329083,0.9256734848022461
Q3_S1_XGB_seed42,Q3,S1,XGB,71,Train,1.03757357258339,1.073296070098877
Q3_S1_XGB_seed42,Q3,S1,XGB,72,Train,0.953736688508713,0.9865474104881287
Q3_S1_XGB_seed42,Q3,S1,XGB,73,Train,0.883117327217867,0.9043289422988892
Q3_S1_XGB_seed42,Q3,S1,XGB,75,Train,0.800814624767177,0.8156152367591858
Q3_S1_XGB_seed42,Q3,S1,XGB,76,Train,0.821675056584442,0.8581170439720154
Q3_S1_XGB_seed42,Q3,S1,XGB,79,Train,0.912142251080241,1.0055248737335205
Q3_S1_XGB_seed42,Q3,S1,XGB,80,Train,0.934315649073268,0.8514860272407532
Q3_S1_XGB_seed42,Q3,S1,XGB,82,Train,0.772100152115195,0.8514860272407532
Q3_S1_XGB_seed42,Q3,S1,XGB,83,Train,0.82751179955198,0.8514860272407532
Q3_S1_XGB_seed42,Q3,S1,XGB,84,Train,0.735308773693085,0.8514860272407532
Q3_S1_XGB_seed42,Q3,S1,XGB,85,Train,0.804863789287563,0.8600659966468811
Q3_S1_XGB_seed42,Q3,S1,XGB,86,Train,0.91052496907352,0.8746252655982971
Q3_S1_XGB_seed42,Q3,S1,XGB,89,Train,1.12534479349634,0.9588117599487305
Q3_S1_XGB_seed42,Q3,S1,XGB,91,Train,0.85684247351947,0.9588117599487305
Q3_S1_XGB_seed42,Q3,S1,XGB,92,Train,0.869365755467141,0.9588117599487305
Q3_S1_XGB_seed42,Q3,S1,XGB,93,Train,0.974544273463535,0.9588117599487305
Q3_S1_XGB_seed42,Q3,S1,XGB,94,Train,0.699692444654365,0.7117050290107727
Q3_S1_XGB_seed42,Q3,S1,XGB,96,Train,1.07945554814053,1.073296070098877
Q3_S1_XGB_seed42,Q3,S1,XGB,97,Train,0.99614458008211,0.9865474104881287
Q3_S1_XGB_seed42,Q3,S1,XGB,99,Train,0.837452530024711,0.8514860272407532
Q3_S1_XGB_seed42,Q3,S1,XGB,101,Train,0.877938882001441,0.8581170439720154
Q3_S1_XGB_seed42,Q3,S1,XGB,102,Train,0.930366682240684,0.9256734848022461
Q3_S1_XGB_seed42,Q3,S1,XGB,103,Train,0.976414639385889,0.9922921061515808
Q3_S1_XGB_seed42,Q3,S1,XGB,104,Train,1.02231802183271,1.0055248737335205
Q3_S1_XGB_seed42,Q3,S1,XGB,105,Train,1.04170153253153,1.073296070098877
Q3_S1_XGB_seed42,Q3,S1,XGB,106,Train,0.962148070655844,0.9865474104881287
Q3_S1_XGB_seed42,Q3,S1,XGB,107,Train,0.877227261616662,0.9043289422988892
Q3_S1_XGB_seed42,Q3,S1,XGB,109,Train,0.775453968442856,0.8156152367591858
Q3_S1_XGB_seed42,Q3,S1,XGB,110,Train,0.807135366414901,0.8581170439720154
Q3_S1_XGB_seed42,Q3,S1,XGB,111,Train,0.858775531141403,0.9256734848022461
Q3_S1_XGB_seed42,Q3,S1,XGB,114,Train,0.8765668989859,0.8514860272407532
Q3_S1_XGB_seed42,Q3,S1,XGB,115,Train,0.820060973342836,0.8514860272407532
Q3_S1_XGB_seed42,Q3,S1,XGB,116,Train,0.74651756923174,0.8514860272407532
Q3_S1_XGB_seed42,Q3,S1,XGB,117,Train,0.842907501341001,0.8514860272407532
Q3_S1_XGB_seed42,Q3,S1,XGB,118,Train,0.73095404771111,0.8514860272407532
Q3_S1_XGB_seed42,Q3,S1,XGB,120,Train,0.852320637196598,0.8746252655982971
Q3_S1_XGB_seed42,Q3,S1,XGB,123,Train,0.931712883387309,0.9588117599487305
Q3_S1_XGB_seed42,Q3,S1,XGB,124,Train,0.816470299348186,0.9588117599487305
Q3_S1_XGB_seed42,Q3,S1,XGB,125,Train,0.904169723291315,0.9588117599487305
Q3_S1_XGB_seed42,Q3,S1,XGB,127,Train,0.766407774105349,0.844280481338501
Q3_S1_XGB_seed42,Q3,S1,XGB,129,Train,0.854253259929068,0.8557755947113037
Q3_S1_XGB_seed42,Q3,S1,XGB,130,Train,0.859202484788517,0.8514860272407532
Q3_S1_XGB_seed42,Q3,S1,XGB,131,Train,0.825559406026328,0.8514860272407532
Q3_S1_XGB_seed42,Q3,S1,XGB,132,Train,0.779662587096313,0.8514860272407532
Q3_S1_XGB_seed42,Q3,S1,XGB,133,Train,0.897063983849173,0.8514860272407532
Q3_S1_XGB_seed42,Q3,S1,XGB,134,Train,0.731582105741902,0.8514860272407532
Q3_S1_XGB_seed42,Q3,S1,XGB,136,Train,1.11873809026471,1.073296070098877
Q3_S1_XGB_seed42,Q3,S1,XGB,137,Train,1.03307658025924,0.9865474104881287
Q3_S1_XGB_seed42,Q3,S1,XGB,138,Train,0.938094690126679,0.9043289422988892
Q3_S1_XGB_seed42,Q3,S1,XGB,139,Train,0.865836496621492,0.8514860272407532
Q3_S1_XGB_seed42,Q3,S1,XGB,140,Train,0.81886553699064,0.8156152367591858
Q3_S1_XGB_seed42,Q3,S1,XGB,141,Train,0.886590643030329,0.8581170439720154
Q3_S1_XGB_seed42,Q3,S1,XGB,142,Train,0.936618684449866,0.9256734848022461
Q3_S1_XGB_seed42,Q3,S1,XGB,144,Train,1.03909437030581,1.0055248737335205
Q3_S1_XGB_seed42,Q3,S1,XGB,145,Train,0.847375648720677,0.8514860272407532
Q3_S1_XGB_seed42,Q3,S1,XGB,146,Train,0.823886993768721,0.8514860272407532
Q3_S1_XGB_seed42,Q3,S1,XGB,147,Train,0.814845935224556,0.8514860272407532
Q3_S1_XGB_seed42,Q3,S1,XGB,148,Train,0.926494074528407,0.8514860272407532
Q3_S1_XGB_seed42,Q3,S1,XGB,149,Train,0.723790296687503,0.8514860272407532
Q3_S1_XGB_seed42,Q3,S1,XGB,150,Train,0.83911607828791,0.8600659966468811
Q3_S1_XGB_seed42,Q3,S1,XGB,152,Train,1.03982899113222,0.9588117599487305
Q3_S1_XGB_seed42,Q3,S1,XGB,157,Train,0.857957011285251,0.8581454753875732
Q3_S1_XGB_seed42,Q3,S1,XGB,158,Train,0.824492863020455,0.8514860272407532
Q3_S1_XGB_seed42,Q3,S1,XGB,159,Train,0.831933637325084,0.8514860272407532
Q3_S1_XGB_seed42,Q3,S1,XGB,160,Train,0.87058484268274,0.8514860272407532
Q3_S1_XGB_seed42,Q3,S1,XGB,161,Train,0.953709001950396,0.8514860272407532
Q3_S1_XGB_seed42,Q3,S1,XGB,162,Train,0.748051942207763,0.8514860272407532
Q3_S1_XGB_seed42,Q3,S1,XGB,163,Train,0.771800126144815,0.8746252655982971
Q3_S1_XGB_seed42,Q3,S1,XGB,164,Train,1.03559606790605,0.9588117599487305
Q3_S1_XGB_seed42,Q3,S1,XGB,165,Train,0.803044753553073,0.9588117599487305
Q3_S1_XGB_seed42,Q3,S1,XGB,166,Train,0.83233691267763,0.9588117599487305
Q3_S1_XGB_seed42,Q3,S1,XGB,167,Train,0.94383618222052,0.9588117599487305
Q3_S1_XGB_seed42,Q3,S1,XGB,168,Train,1.03751339989451,0.9588117599487305
Q3_S1_XGB_seed42,Q3,S1,XGB,169,Train,0.808409412610811,0.8746252655982971
Q3_S1_XGB_seed42,Q3,S1,XGB,170,Train,0.905409565154336,0.8746252655982971
Q3_S1_XGB_seed42,Q3,S1,XGB,172,Train,0.910340354147792,0.8746252655982971
Q3_S1_XGB_seed42,Q3,S1,XGB,195,Train,1.12517950776161,1.1256029605865479
Q3_S1_XGB_seed42,Q3,S1,XGB,196,Train,1.12868176576461,0.9821776747703552
Q3_S1_XGB_seed42,Q3,S1,XGB,197,Train,1.13400469131662,0.9821776747703552
Q3_S1_XGB_seed42,Q3,S1,XGB,198,Train,1.1545232562397,0.9821776747703552
Q3_S1_XGB_seed42,Q3,S1,XGB,199,Train,1.14290667777114,0.9821776747703552
Q3_S1_XGB_seed42,Q3,S1,XGB,200,Train,1.12785654669737,0.9821776747703552
Q3_S1_XGB_seed42,Q3,S1,XGB,201,Train,1.12602340161149,0.9821776747703552
Q3_S1_XGB_seed42,Q3,S1,XGB,202,Train,1.13400469131662,0.9821776747703552
Q3_S1_XGB_seed42,Q3,S1,XGB,203,Train,1.14467492771398,1.1256029605865479
Q3_S1_XGB_seed42,Q3,S1,XGB,205,Train,1.32560048277304,1.2440556287765503
Q3_S1_XGB_seed42,Q3,S1,XGB,206,Train,1.13493357440378,1.095564603805542
Q3_S1_XGB_seed42,Q3,S1,XGB,207,Train,1.09420703701744,1.1033172607421875
Q3_S1_XGB_seed42,Q3,S1,XGB,208,Train,1.24105449234269,1.2296265363693237
Q3_S1_XGB_seed42,Q3,S1,XGB,209,Train,0.845171439294695,0.8769867420196533
Q3_S1_XGB_seed42,Q3,S1,XGB,211,Train,1.22802583136846,1.222840666770935
Q3_S1_XGB_seed42,Q3,S1,XGB,212,Train,1.19314942116747,0.9145012497901917
Q3_S1_XGB_seed42,Q3,S1,XGB,213,Train,1.0019037098872,0.9377202391624451
Q3_S1_XGB_seed42,Q3,S1,XGB,215,Train,1.2728771554883,0.9798228144645691
Q3_S1_XGB_seed42,Q3,S1,XGB,216,Train,1.01935024138376,0.9471009373664856
Q3_S1_XGB_seed42,Q3,S1,XGB,217,Train,1.12517950776161,1.1256029605865479
Q3_S1_XGB_seed42,Q3,S1,XGB,218,Train,1.12517950776161,1.1256029605865479
Q3_S1_XGB_seed42,Q3,S1,XGB,219,Train,1.13400469131662,0.9821776747703552
Q3_S1_XGB_seed42,Q3,S1,XGB,220,Train,1.14555871834836,0.9821776747703552
Q3_S1_XGB_seed42,Q3,S1,XGB,221,Train,1.13134220052408,0.9821776747703552
Q3_S1_XGB_seed42,Q3,S1,XGB,222,Train,1.30129179304586,1.2440556287765503
Q3_S1_XGB_seed42,Q3,S1,XGB,223,Train,1.12785654669737,1.1256029605865479
Q3_S1_XGB_seed42,Q3,S1,XGB,224,Train,1.13134220052408,0.9821776747703552
Q3_S1_XGB_seed42,Q3,S1,XGB,225,Train,1.11983143864454,1.1256029605865479
Q3_S1_XGB_seed42,Q3,S1,XGB,226,Train,1.10649699406606,1.1256029605865479
Q3_S1_XGB_seed42,Q3,S1,XGB,227,Train,1.11105971599558,0.9821776747703552
Q3_S1_XGB_seed42,Q3,S1,XGB,229,Train,1.07786230064286,1.1033172607421875
Q3_S1_XGB_seed42,Q3,S1,XGB,230,Train,1.23328727511638,1.2296265363693237
Q3_S1_XGB_seed42,Q3,S1,XGB,231,Train,0.852286444133707,0.8769867420196533
Q3_S1_XGB_seed42,Q3,S1,XGB,232,Train,0.900280998471653,0.866844117641449
Q3_S1_XGB_seed42,Q3,S1,XGB,233,Train,1.24295421262678,1.222840666770935
Q3_S1_XGB_seed42,Q3,S1,XGB,236,Train,1.21062408455055,1.2083206176757812
Q3_S1_XGB_seed42,Q3,S1,XGB,237,Train,1.16301255092905,0.9798228144645691
Q3_S1_XGB_seed42,Q3,S1,XGB,238,Train,0.980590602917416,0.9471009373664856
Q3_S1_XGB_seed42,Q3,S1,XGB,239,Train,1.29849185828608,1.2440556287765503
Q3_S1_XGB_seed42,Q3,S1,XGB,240,Train,1.06854609992783,1.095564603805542
Q3_S1_XGB_seed42,Q3,S1,XGB,241,Train,1.08519218707036,1.1033172607421875
Q3_S1_XGB_seed42,Q3,S1,XGB,242,Train,1.23328727511638,1.2296265363693237
Q3_S1_XGB_seed42,Q3,S1,XGB,243,Train,0.865067797277029,0.8769867420196533
Q3_S1_XGB_seed42,Q3,S1,XGB,247,Train,0.953713108737876,0.9377202391624451
Q3_S1_XGB_seed42,Q3,S1,XGB,248,Train,1.21062408455055,1.2083206176757812
Q3_S1_XGB_seed42,Q3,S1,XGB,249,Train,1.05954037695122,0.9798228144645691
Q3_S1_XGB_seed42,Q3,S1,XGB,250,Train,0.98640277120882,0.9471009373664856
Q3_S1_XGB_seed42,Q3,S1,XGB,251,Train,1.13053556958367,0.9821776747703552
Q3_S1_XGB_seed42,Q3,S1,XGB,252,Train,1.12250446697086,1.1256029605865479
Q3_S1_XGB_seed42,Q3,S1,XGB,253,Train,1.07549495505976,0.9821776747703552
Q3_S1_XGB_seed42,Q3,S1,XGB,255,Train,1.0829352885134,0.9821776747703552
Q3_S1_XGB_seed42,Q3,S1,XGB,258,Train,1.11105971599558,0.9821776747703552
Q3_S1_XGB_seed42,Q3,S1,XGB,259,Train,1.01386063203782,0.9821776747703552
Q3_S1_XGB_seed42,Q3,S1,XGB,260,Train,0.95690803542294,0.9821776747703552
Q3_S1_XGB_seed42,Q3,S1,XGB,261,Train,1.06021217500802,0.9821776747703552
Q3_S1_XGB_seed42,Q3,S1,XGB,269,Train,1.30972958302411,1.2440556287765503
Q3_S1_XGB_seed42,Q3,S1,XGB,270,Train,1.08077410214474,1.1033172607421875
Q3_S1_XGB_seed42,Q3,S1,XGB,271,Train,1.24825529374785,1.2296265363693237
Q3_S1_XGB_seed42,Q3,S1,XGB,272,Train,0.8581249828584,0.8769867420196533
Q3_S1_XGB_seed42,Q3,S1,XGB,273,Train,0.872200174343443,0.866844117641449
Q3_S1_XGB_seed42,Q3,S1,XGB,274,Train,1.22559832447829,1.222840666770935
Q3_S1_XGB_seed42,Q3,S1,XGB,276,Train,0.912790229307553,0.9377202391624451
Q3_S1_XGB_seed42,Q3,S1,XGB,277,Train,1.22065556157337,1.2083206176757812
Q3_S1_XGB_seed42,Q3,S1,XGB,278,Train,0.963352339838838,0.9798228144645691
Q3_S1_XGB_seed42,Q3,S1,XGB,279,Train,0.963157212909166,0.9471009373664856
Q3_S1_XGB_seed42,Q3,S1,XGB,280,Train,1.1104689452522,0.9821776747703552
Q3_S1_XGB_seed42,Q3,S1,XGB,281,Train,1.05497462859644,0.9821776747703552
Q3_S1_XGB_seed42,Q3,S1,XGB,282,Train,0.862978249917694,0.9821776747703552
Q3_S1_XGB_seed42,Q3,S1,XGB,283,Train,0.87888676382029,0.9821776747703552
Q3_S1_XGB_seed42,Q3,S1,XGB,293,Train,0.868685024049319,0.8723801970481873
Q3_S1_XGB_seed42,Q3,S1,XGB,294,Train,1.05467108902976,0.9821776747703552
Q3_S1_XGB_seed42,Q3,S1,XGB,297,Train,0.852769356557038,0.9821776747703552
Q3_S1_XGB_seed42,Q3,S1,XGB,298,Train,0.936737206458081,0.9821776747703552
Q3_S1_XGB_seed42,Q3,S1,XGB,309,Train,1.29675737284592,1.2440556287765503
Q3_S1_XGB_seed42,Q3,S1,XGB,310,Train,1.03924089971665,1.095564603805542
Q3_S1_XGB_seed42,Q3,S1,XGB,311,Train,1.08967007677054,1.1033172607421875
Q3_S1_XGB_seed42,Q3,S1,XGB,312,Train,1.25066139489738,1.2296265363693237
Q3_S1_XGB_seed42,Q3,S1,XGB,313,Train,0.869084535893915,0.8769867420196533
Q3_S1_XGB_seed42,Q3,S1,XGB,314,Train,0.851409310050692,0.866844117641449
Q3_S1_XGB_seed42,Q3,S1,XGB,315,Train,1.22559832447829,1.222840666770935
Q3_S1_XGB_seed42,Q3,S1,XGB,316,Train,0.910841844839356,0.9145012497901917
Q3_S1_XGB_seed42,Q3,S1,XGB,317,Train,0.928326864671582,0.9377202391624451
Q3_S1_XGB_seed42,Q3,S1,XGB,318,Train,1.18119272473377,1.2083206176757812
Q3_S1_XGB_seed42,Q3,S1,XGB,319,Train,0.905299696851462,0.9798228144645691
Q3_S1_XGB_seed42,Q3,S1,XGB,320,Train,0.9379549656945,0.9471009373664856
Q3_S1_XGB_seed42,Q3,S1,XGB,322,Train,1.18276353494062,1.0594120025634766
Q3_S1_XGB_seed42,Q3,S1,XGB,323,Train,1.14067445902436,1.0594120025634766
Q3_S1_XGB_seed42,Q3,S1,XGB,324,Train,0.945708559227524,0.9821776747703552
Q3_S1_XGB_seed42,Q3,S1,XGB,325,Train,0.843084306328854,0.9821776747703552
Q3_S1_XGB_seed42,Q3,S1,XGB,327,Train,0.849735123882455,0.9821776747703552
Q3_S1_XGB_seed42,Q3,S1,XGB,328,Train,0.923296590464239,0.9821776747703552
Q3_S1_XGB_seed42,Q3,S1,XGB,329,Train,0.889296449334854,0.9388510584831238
Q3_S1_XGB_seed42,Q3,S1,XGB,337,Train,1.26125249017114,1.2440556287765503
Q3_S1_XGB_seed42,Q3,S1,XGB,339,Train,1.08337218436624,1.1033172607421875
Q3_S1_XGB_seed42,Q3,S1,XGB,340,Train,1.24585209835546,1.2296265363693237
Q3_S1_XGB_seed42,Q3,S1,XGB,344,Train,0.860574748101461,0.9145012497901917
Q3_S1_XGB_seed42,Q3,S1,XGB,345,Train,0.88756392902911,0.9377202391624451
Q3_S1_XGB_seed42,Q3,S1,XGB,346,Train,1.21100400087572,1.2083206176757812
Q3_S1_XGB_seed42,Q3,S1,XGB,347,Train,0.85751088308495,0.9798228144645691
Q3_S1_XGB_seed42,Q3,S1,XGB,348,Train,0.864389749860933,0.9471009373664856
Q3_S1_XGB_seed42,Q3,S1,XGB,351,Train,0.836002074941405,0.9388510584831238
Q3_S1_XGB_seed42,Q3,S1,XGB,353,Train,1.17375544001433,1.0594120025634766
Q3_S1_XGB_seed42,Q3,S1,XGB,354,Train,1.12315874473961,1.0594120025634766
Q3_S1_XGB_seed42,Q3,S1,XGB,355,Train,0.962587613991127,1.0594120025634766
Q3_S1_XGB_seed42,Q3,S1,XGB,356,Train,0.889317081642978,0.9821776747703552
Q3_S1_XGB_seed42,Q3,S1,XGB,357,Train,0.819944736050943,0.9821776747703552
Q3_S1_XGB_seed42,Q3,S1,XGB,358,Train,0.817592884243045,0.9821776747703552
Q3_S1_XGB_seed42,Q3,S1,XGB,359,Train,0.8602895986925,0.9821776747703552
Q3_S1_XGB_seed42,Q3,S1,XGB,365,Train,0.79813710988408,0.8105812668800354
Q3_S1_XGB_seed42,Q3,S1,XGB,367,Train,0.781629766743678,0.7818952202796936
Q3_S1_XGB_seed42,Q3,S1,XGB,369,Train,0.783038508514702,0.7849399447441101
Q3_S1_XGB_seed42,Q3,S1,XGB,372,Train,0.823172843965236,0.8311178684234619
Q3_S1_XGB_seed42,Q3,S1,XGB,373,Train,0.847765983879713,0.8507232666015625
Q3_S1_XGB_seed42,Q3,S1,XGB,374,Train,0.859657066279412,0.8614283204078674
Q3_S1_XGB_seed42,Q3,S1,XGB,375,Train,0.84311310408725,0.8414707183837891
Q3_S1_XGB_seed42,Q3,S1,XGB,376,Train,0.883342967623177,0.8843810558319092
Q3_S1_XGB_seed42,Q3,S1,XGB,377,Train,0.856396945847507,0.8592416644096375
Q3_S1_XGB_seed42,Q3,S1,XGB,384,Train,1.15149893230951,1.2440556287765503
Q3_S1_XGB_seed42,Q3,S1,XGB,385,Train,1.0783435976576,1.095564603805542
Q3_S1_XGB_seed42,Q3,S1,XGB,387,Train,1.23569967731168,1.2296265363693237
Q3_S1_XGB_seed42,Q3,S1,XGB,388,Train,0.895908299174609,0.8769867420196533
Q3_S1_XGB_seed42,Q3,S1,XGB,389,Train,0.844698003074952,0.866844117641449
Q3_S1_XGB_seed42,Q3,S1,XGB,390,Train,1.23045619628522,1.222840666770935
Q3_S1_XGB_seed42,Q3,S1,XGB,391,Train,0.867321866829216,0.9145012497901917
Q3_S1_XGB_seed42,Q3,S1,XGB,392,Train,1.21312809595027,1.2083206176757812
Q3_S1_XGB_seed42,Q3,S1,XGB,393,Train,0.864477864873901,0.9798228144645691
Q3_S1_XGB_seed42,Q3,S1,XGB,394,Train,0.88382959484243,0.9471009373664856
Q3_S1_XGB_seed42,Q3,S1,XGB,395,Train,0.955437669886648,0.9377202391624451
Q3_S1_XGB_seed42,Q3,S1,XGB,396,Train,1.16301255092905,1.0594120025634766
Q3_S1_XGB_seed42,Q3,S1,XGB,398,Train,0.970199574532386,1.0594120025634766
Q3_S1_XGB_seed42,Q3,S1,XGB,400,Train,0.819944736050943,0.9821776747703552
Q3_S1_XGB_seed42,Q3,S1,XGB,402,Train,0.8602895986925,0.9821776747703552
Q3_S1_XGB_seed42,Q3,S1,XGB,403,Train,0.91241396703636,0.9821776747703552
Q3_S1_XGB_seed42,Q3,S1,XGB,410,Train,1.14447454268627,1.1033172607421875
Q3_S1_XGB_seed42,Q3,S1,XGB,412,Train,1.22075195295707,1.222840666770935
Q3_S1_XGB_seed42,Q3,S1,XGB,413,Train,0.876181182417668,0.9798228144645691
Q3_S1_XGB_seed42,Q3,S1,XGB,414,Train,1.10273996168474,1.095564603805542
Q3_S1_XGB_seed42,Q3,S1,XGB,418,Train,0.814554686813047,0.9821776747703552
Q3_S1_XGB_seed42,Q3,S1,XGB,419,Train,0.861650708592816,0.9821776747703552
Q3_S1_XGB_seed42,Q3,S1,XGB,420,Train,0.916244578278823,0.9821776747703552
Q3_S1_XGB_seed42,Q3,S1,XGB,421,Train,0.940037747326569,0.9388510584831238
Q3_S1_XGB_seed42,Q3,S1,XGB,423,Train,1.13937765430527,1.2440556287765503
Q3_S1_XGB_seed42,Q3,S1,XGB,424,Train,1.21350426002862,1.2296265363693237
Q3_S1_XGB_seed42,Q3,S1,XGB,425,Train,0.855197948455102,0.9145012497901917
Q3_S1_XGB_seed42,Q3,S1,XGB,426,Train,0.927466837520466,0.9377202391624451
Q3_S1_XGB_seed42,Q3,S1,XGB,428,Train,0.893412560197882,0.9471009373664856
Q3_S1_XGB_seed42,Q3,S1,XGB,430,Train,1.04865956183269,1.0594120025634766
Q3_S1_XGB_seed42,Q3,S1,XGB,432,Train,0.849179628294238,0.9821776747703552
Q3_S1_XGB_seed42,Q3,S1,XGB,433,Train,0.807282256517311,0.9821776747703552
Q3_S1_XGB_seed42,Q3,S1,XGB,434,Train,0.817592884243045,0.9821776747703552
Q3_S1_XGB_seed42,Q3,S1,XGB,435,Train,0.85723807848117,0.9821776747703552
Q3_S1_XGB_seed42,Q3,S1,XGB,436,Train,0.92542581048841,0.9821776747703552
Q3_S1_XGB_seed42,Q3,S1,XGB,438,Train,1.03318695144596,1.0594120025634766
Q3_S1_XGB_seed42,Q3,S1,XGB,440,Train,1.16963572563126,1.1033172607421875
Q3_S1_XGB_seed42,Q3,S1,XGB,441,Train,0.882527065649618,0.9798228144645691
Q3_S1_XGB_seed42,Q3,S1,XGB,442,Train,1.16383325436374,1.2296265363693237
Q3_S1_XGB_seed42,Q3,S1,XGB,443,Train,0.951292426671113,0.8769867420196533
Q3_S1_XGB_seed42,Q3,S1,XGB,445,Train,1.1857829084766,1.222840666770935
Q3_S1_XGB_seed42,Q3,S1,XGB,446,Train,0.832809689459086,0.9145012497901917
Q3_S1_XGB_seed42,Q3,S1,XGB,449,Train,1.12875620728424,1.2440556287765503
Q3_S1_XGB_seed42,Q3,S1,XGB,450,Train,1.10736202957446,0.9388510584831238
Q3_S1_XGB_seed42,Q3,S1,XGB,452,Train,1.05806735449034,1.0594120025634766
Q3_S1_XGB_seed42,Q3,S1,XGB,453,Train,1.00415599474417,1.0594120025634766
Q3_S1_XGB_seed42,Q3,S1,XGB,454,Train,0.85553258425342,1.0594120025634766
Q3_S1_XGB_seed42,Q3,S1,XGB,455,Train,1.15306585258658,1.095564603805542
Q3_S1_XGB_seed42,Q3,S1,XGB,456,Train,0.986006148238874,0.9471009373664856
Q3_S1_XGB_seed42,Q3,S1,XGB,457,Train,0.941131717596831,0.8479788899421692
Q3_S1_XGB_seed42,Q3,S1,XGB,458,Train,0.825563879603713,0.8479788899421692
Q3_S1_XGB_seed42,Q3,S1,XGB,459,Train,0.936810267937746,0.8783199787139893
Q3_S1_XGB_seed42,Q3,S1,XGB,460,Train,0.885627051544251,0.8783199787139893
Q3_S1_XGB_seed42,Q3,S1,XGB,461,Train,0.941420641279253,0.8332926630973816
Q3_S1_XGB_seed42,Q3,S1,XGB,462,Train,0.848291326608718,0.8332926630973816
Q3_S1_XGB_seed42,Q3,S1,XGB,463,Train,0.956020020926017,0.8479515314102173
Q3_S1_XGB_seed42,Q3,S1,XGB,464,Train,0.859202484788517,0.8479515314102173
Q3_S1_XGB_seed42,Q3,S1,XGB,465,Train,0.865613735535156,0.8479788899421692
Q3_S1_XGB_seed42,Q3,S1,XGB,466,Train,0.817248383912483,0.8479788899421692
Q3_S1_XGB_seed42,Q3,S1,XGB,468,Train,0.835995448351632,0.8783199787139893
Q3_S1_XGB_seed42,Q3,S1,XGB,469,Train,0.851409310050692,0.8332926630973816
Q3_S1_XGB_seed42,Q3,S1,XGB,470,Train,0.783441002546699,0.8332926630973816
Q3_S1_XGB_seed42,Q3,S1,XGB,471,Train,0.869236826110561,0.8479515314102173
Q3_S1_XGB_seed42,Q3,S1,XGB,472,Train,0.81018902115494,0.8479515314102173
Q3_S1_XGB_seed42,Q3,S1,XGB,473,Train,0.823880940713752,0.8479788899421692
Q3_S1_XGB_seed42,Q3,S1,XGB,474,Train,1.04546182476858,0.8479788899421692
Q3_S1_XGB_seed42,Q3,S1,XGB,475,Train,0.916989382925319,0.8479788899421692
Q3_S1_XGB_seed42,Q3,S1,XGB,476,Train,0.859994234086558,0.8479788899421692
Q3_S1_XGB_seed42,Q3,S1,XGB,477,Train,0.805333675116914,0.8479788899421692
Q3_S1_XGB_seed42,Q3,S1,XGB,478,Train,0.82588891487761,0.8479788899421692
Q3_S1_XGB_seed42,Q3,S1,XGB,479,Train,0.895343351122245,0.8479788899421692
Q3_S1_XGB_seed42,Q3,S1,XGB,481,Train,1.05048744261926,0.8783199787139893
Q3_S1_XGB_seed42,Q3,S1,XGB,482,Train,0.921288675620535,0.8783199787139893
Q3_S1_XGB_seed42,Q3,S1,XGB,483,Train,0.877943989627788,0.8783199787139893
Q3_S1_XGB_seed42,Q3,S1,XGB,484,Train,0.823886993768721,0.8783199787139893
Q3_S1_XGB_seed42,Q3,S1,XGB,485,Train,0.8581249828584,0.8783199787139893
Q3_S1_XGB_seed42,Q3,S1,XGB,486,Train,0.932322719981046,0.8783199787139893
Q3_S1_XGB_seed42,Q3,S1,XGB,487,Train,0.828159510480667,0.8332926630973816
Q3_S1_XGB_seed42,Q3,S1,XGB,488,Train,1.05658105748769,0.8332926630973816
Q3_S1_XGB_seed42,Q3,S1,XGB,489,Train,0.953609151008525,0.8332926630973816
Q3_S1_XGB_seed42,Q3,S1,XGB,491,Train,0.798477879968868,0.8332926630973816
Q3_S1_XGB_seed42,Q3,S1,XGB,492,Train,0.788936302907142,0.8332926630973816
Q3_S1_XGB_seed42,Q3,S1,XGB,493,Train,0.852090163697418,0.8332926630973816
Q3_S1_XGB_seed42,Q3,S1,XGB,494,Train,0.8327698438009,0.8479515314102173
Q3_S1_XGB_seed42,Q3,S1,XGB,495,Train,1.04859127624119,0.8479515314102173
Q3_S1_XGB_seed42,Q3,S1,XGB,496,Train,0.949832397742186,0.8479515314102173
Q3_S1_XGB_seed42,Q3,S1,XGB,498,Train,0.804542404831259,0.8479515314102173
Q3_S1_XGB_seed42,Q3,S1,XGB,500,Train,0.907598993418392,0.8479515314102173
Q3_S1_XGB_seed42,Q3,S1,XGB,501,Train,0.78496662806375,0.8479788899421692
Q3_S1_XGB_seed42,Q3,S1,XGB,502,Train,0.843075726450442,0.8783199787139893
Q3_S1_XGB_seed42,Q3,S1,XGB,503,Train,0.773318849402548,0.8332926630973816
Q3_S1_XGB_seed42,Q3,S1,XGB,504,Train,0.814691966773043,0.8479515314102173
Q3_S1_XGB_seed42,Q3,S1,XGB,505,Train,0.798961878103158,0.8479788899421692
Q3_S1_XGB_seed42,Q3,S1,XGB,506,Train,0.774189026409601,0.8479788899421692
Q3_S1_XGB_seed42,Q3,S1,XGB,507,Train,0.803044753553073,0.8783199787139893
Q3_S1_XGB_seed42,Q3,S1,XGB,509,Train,0.773505691298633,0.8332926630973816
Q3_S1_XGB_seed42,Q3,S1,XGB,510,Train,0.762147970146058,0.8332926630973816
Q3_S1_XGB_seed42,Q3,S1,XGB,511,Train,0.789023974706805,0.8479515314102173
Q3_S1_XGB_seed42,Q3,S1,XGB,512,Train,0.80120908801594,0.8479515314102173
Q3_S1_XGB_seed42,Q3,S1,XGB,516,Train,0.819383032732699,0.8479515314102173
Q3_S1_XGB_seed42,Q3,S1,XGB,517,Train,0.798980305387909,0.8479788899421692
Q3_S1_XGB_seed42,Q3,S1,XGB,518,Train,0.790360449203176,0.8479788899421692
Q3_S1_XGB_seed42,Q3,S1,XGB,520,Train,0.884504298959516,0.8783199787139893
Q3_S1_XGB_seed42,Q3,S1,XGB,521,Train,0.75772351224412,0.8332926630973816
Q3_S1_XGB_seed42,Q3,S1,XGB,523,Train,0.761612804015922,0.8479515314102173
Q3_S1_XGB_seed42,Q3,S1,XGB,524,Train,0.853178830205228,0.8479515314102173
Q3_S1_XGB_seed42,Q3,S1,XGB,526,Train,0.783923241729417,0.8783199787139893
Q3_S1_XGB_seed42,Q3,S1,XGB,527,Train,0.740499887010204,0.8332926630973816
Q3_S1_XGB_seed42,Q3,S1,XGB,528,Train,0.768057380113704,0.8479515314102173
Q3_S1_XGB_seed42,Q3,S1,XGB,529,Train,0.825577414164749,0.8479788899421692
Q3_S1_XGB_seed42,Q3,S1,XGB,530,Train,0.865837905996859,0.8783199787139893
Q3_S1_XGB_seed42,Q3,S1,XGB,532,Train,0.772844770868304,0.8479515314102173
Q3_S1_XGB_seed42,Q3,S1,XGB,533,Train,0.934190760734528,0.7572550773620605
Q3_S1_XGB_seed42,Q3,S1,XGB,536,Train,0.840866326590497,0.7572550773620605
Q3_S1_XGB_seed42,Q3,S1,XGB,538,Train,0.985099073907519,0.8292968273162842
Q3_S1_XGB_seed42,Q3,S1,XGB,540,Train,0.932856129203703,0.8292968273162842
Q3_S1_XGB_seed42,Q3,S1,XGB,541,Train,0.867183990464843,0.8292968273162842
Q3_S1_XGB_seed42,Q3,S1,XGB,542,Train,0.924553107896262,0.8885408639907837
Q3_S1_XGB_seed42,Q3,S1,XGB,543,Train,0.878845761791743,0.8885408639907837
Q3_S1_XGB_seed42,Q3,S1,XGB,544,Train,0.816352362153621,0.8885408639907837
Q3_S1_XGB_seed42,Q3,S1,XGB,545,Train,0.826695514401272,0.8885408639907837
Q3_S1_XGB_seed42,Q3,S1,XGB,547,Train,0.947648069034162,0.8885408639907837
Q3_S1_XGB_seed42,Q3,S1,XGB,548,Train,0.856663524132423,0.8885408639907837
Q3_S1_XGB_seed42,Q3,S1,XGB,549,Train,0.931224940654771,0.8885408639907837
Q3_S1_XGB_seed42,Q3,S1,XGB,550,Train,0.92029350590003,0.7572550773620605
Q3_S1_XGB_seed42,Q3,S1,XGB,552,Train,0.805740406844413,0.7572550773620605
Q3_S1_XGB_seed42,Q3,S1,XGB,554,Train,0.764316296310271,0.7572550773620605
Q3_S1_XGB_seed42,Q3,S1,XGB,555,Train,0.83175097276162,0.8292968273162842
Q3_S1_XGB_seed42,Q3,S1,XGB,556,Train,0.900643223800407,0.7572550773620605
Q3_S1_XGB_seed42,Q3,S1,XGB,557,Train,0.815198293424885,0.7572550773620605
Q3_S1_XGB_seed42,Q3,S1,XGB,558,Train,0.786408672212412,0.7572550773620605
Q3_S1_XGB_seed42,Q3,S1,XGB,559,Train,0.798982458338327,0.7572550773620605
Q3_S1_XGB_seed42,Q3,S1,XGB,560,Train,0.753279433801201,0.7572550773620605
Q3_S1_XGB_seed42,Q3,S1,XGB,561,Train,0.955897128492629,0.8292968273162842
Q3_S1_XGB_seed42,Q3,S1,XGB,562,Train,0.916456312894737,0.8292968273162842
Q3_S1_XGB_seed42,Q3,S1,XGB,563,Train,0.868476177883672,0.8292968273162842
Q3_S1_XGB_seed42,Q3,S1,XGB,565,Train,0.809825478657467,0.8292968273162842
Q3_S1_XGB_seed42,Q3,S1,XGB,566,Train,0.859708259377373,0.8292968273162842
Q3_S1_XGB_seed42,Q3,S1,XGB,567,Train,0.850960841052855,0.8292968273162842
Q3_S1_XGB_seed42,Q3,S1,XGB,568,Train,0.894147115277187,0.8885408639907837
Q3_S1_XGB_seed42,Q3,S1,XGB,569,Train,0.85142815632786,0.8885408639907837
Q3_S1_XGB_seed42,Q3,S1,XGB,570,Train,0.801146460271435,0.8885408639907837
Q3_S1_XGB_seed42,Q3,S1,XGB,571,Train,0.812647552301802,0.8885408639907837
Q3_S1_XGB_seed42,Q3,S1,XGB,572,Train,0.857654288131218,0.8885408639907837
Q3_S1_XGB_seed42,Q3,S1,XGB,573,Train,0.866234698253165,0.8885408639907837
Q3_S1_XGB_seed42,Q3,S1,XGB,574,Train,0.865776828695711,0.8885408639907837
Q3_S1_XGB_seed42,Q3,S1,XGB,575,Train,0.923347356962982,0.8885408639907837
Q3_S1_XGB_seed42,Q3,S1,XGB,577,Train,0.837502538444339,0.8292968273162842
Q3_S1_XGB_seed42,Q3,S1,XGB,578,Train,0.797969010201319,0.8292968273162842
Q3_S1_XGB_seed42,Q3,S1,XGB,580,Train,0.802422854971014,0.7572550773620605
Q3_S1_XGB_seed42,Q3,S1,XGB,581,Train,0.777988873751503,0.7572550773620605
Q3_S1_XGB_seed42,Q3,S1,XGB,582,Train,0.892298348391422,0.8885408639907837
Q3_S1_XGB_seed42,Q3,S1,XGB,583,Train,0.833194013031795,0.8885408639907837
Q3_S1_XGB_seed42,Q3,S1,XGB,584,Train,0.793809217204316,0.8885408639907837
Q3_S1_XGB_seed42,Q3,S1,XGB,585,Train,0.826226011608823,0.8885408639907837
Q3_S1_XGB_seed42,Q3,S1,XGB,586,Train,0.878699293147255,0.8885408639907837
Q3_S1_XGB_seed42,Q3,S1,XGB,588,Train,0.864427740016764,0.8885408639907837
Q3_S1_XGB_seed42,Q3,S1,XGB,589,Train,0.854874876500284,0.8885408639907837
Q3_S1_XGB_seed42,Q3,S1,XGB,590,Train,0.789650516165938,0.7572550773620605
Q3_S1_XGB_seed42,Q3,S1,XGB,591,Train,0.782523228550948,0.7572550773620605
Q3_S1_XGB_seed42,Q3,S1,XGB,592,Train,0.801146460271435,0.7572550773620605
Q3_S1_XGB_seed42,Q3,S1,XGB,593,Train,0.73363996111312,0.7572550773620605
Q3_S1_XGB_seed42,Q3,S1,XGB,594,Train,0.916456312894737,0.8292968273162842
Q3_S1_XGB_seed42,Q3,S1,XGB,595,Train,0.868997899727548,0.8292968273162842
Q3_S1_XGB_seed42,Q3,S1,XGB,596,Train,0.804859872876447,0.8292968273162842
Q3_S1_XGB_seed42,Q3,S1,XGB,597,Train,0.810800897585135,0.8292968273162842
Q3_S1_XGB_seed42,Q3,S1,XGB,598,Train,0.800041668864993,0.8292968273162842
Q3_S1_XGB_seed42,Q3,S1,XGB,599,Train,0.836468266501584,0.8292968273162842
Q3_S1_XGB_seed42,Q3,S1,XGB,600,Train,0.83074847205683,0.8292968273162842
Q3_S1_XGB_seed42,Q3,S1,XGB,601,Train,0.885246421967059,0.8885408639907837
Q3_S1_XGB_seed42,Q3,S1,XGB,602,Train,0.819970068327537,0.8885408639907837
Q3_S1_XGB_seed42,Q3,S1,XGB,603,Train,0.79470074482459,0.8885408639907837
Q3_S1_XGB_seed42,Q3,S1,XGB,604,Train,0.842822772629174,0.8885408639907837
Q3_S1_XGB_seed42,Q3,S1,XGB,605,Train,0.851500125444752,0.8885408639907837
Q3_S1_XGB_seed42,Q3,S1,XGB,606,Train,0.856573743630585,0.8885408639907837
Q3_S1_XGB_seed42,Q3,S1,XGB,607,Train,0.853159195428482,0.8885408639907837
Q3_S1_XGB_seed42,Q3,S1,XGB,608,Train,0.884006504341295,0.8885408639907837
Q3_S1_XGB_seed42,Q3,S1,XGB,609,Train,0.859008756801763,0.7572550773620605
Q3_S1_XGB_seed42,Q3,S1,XGB,610,Train,0.787478820957529,0.7572550773620605
Q3_S1_XGB_seed42,Q3,S1,XGB,614,Train,0.801715890222028,0.8292968273162842
Q3_S1_XGB_seed42,Q3,S1,XGB,615,Train,0.788862726211253,0.8292968273162842
Q3_S1_XGB_seed42,Q3,S1,XGB,619,Train,0.855412098959476,0.8885408639907837
Q3_S1_XGB_seed42,Q3,S1,XGB,621,Train,0.87841663966553,0.8885408639907837
Q3_S1_XGB_seed42,Q3,S1,XGB,622,Train,0.874141721757814,0.8885408639907837
Q3_S1_XGB_seed42,Q3,S1,XGB,623,Train,0.881852505955376,0.8885408639907837
Q3_S1_XGB_seed42,Q3,S1,XGB,624,Train,0.832374398082112,0.7572550773620605
Q3_S1_XGB_seed42,Q3,S1,XGB,626,Train,0.763034821343403,0.7572550773620605
Q3_S1_XGB_seed42,Q3,S1,XGB,627,Train,0.753909982070491,0.7572550773620605
Q3_S1_XGB_seed42,Q3,S1,XGB,628,Train,0.720251771646694,0.7572550773620605
Q3_S1_XGB_seed42,Q3,S1,XGB,630,Train,0.833276096745915,0.8292968273162842
Q3_S1_XGB_seed42,Q3,S1,XGB,632,Train,0.802888697806569,0.8292968273162842
Q3_S1_XGB_seed42,Q3,S1,XGB,633,Train,0.777173319559092,0.8292968273162842
Q3_S1_XGB_seed42,Q3,S1,XGB,636,Train,0.867796832525943,0.8885408639907837
Q3_S1_XGB_seed42,Q3,S1,XGB,638,Train,0.774399736000629,0.8885408639907837
Q3_S1_XGB_seed42,Q3,S1,XGB,639,Train,0.853183655252342,0.8885408639907837
Q3_S1_XGB_seed42,Q3,S1,XGB,641,Train,0.913307258348461,0.8885408639907837
Q3_S1_XGB_seed42,Q3,S1,XGB,642,Train,0.926720585659848,0.8885408639907837
Q3_S1_XGB_seed42,Q3,S1,XGB,645,Train,0.757660487927601,0.7572550773620605
Q3_S1_XGB_seed42,Q3,S1,XGB,648,Train,0.71312917807553,0.7572550773620605
Q3_S1_XGB_seed42,Q3,S1,XGB,649,Train,0.872930374187904,0.8292968273162842
Q3_S1_XGB_seed42,Q3,S1,XGB,650,Train,0.812924078738548,0.8292968273162842
Q3_S1_XGB_seed42,Q3,S1,XGB,651,Train,0.776881429889234,0.8292968273162842
Q3_S1_XGB_seed42,Q3,S1,XGB,652,Train,0.791868789127212,0.8292968273162842
Q3_S1_XGB_seed42,Q3,S1,XGB,653,Train,0.777772399476774,0.8292968273162842
Q3_S1_XGB_seed42,Q3,S1,XGB,655,Train,0.794376225885031,0.8885408639907837
Q3_S1_XGB_seed42,Q3,S1,XGB,656,Train,0.783682735179066,0.8885408639907837
Q3_S1_XGB_seed42,Q3,S1,XGB,657,Train,0.842772863581729,0.8885408639907837
Q3_S1_XGB_seed42,Q3,S1,XGB,658,Train,0.926720585659848,0.8885408639907837
Q3_S1_XGB_seed42,Q3,S1,XGB,659,Train,0.950158028677875,0.8885408639907837
Q3_S1_XGB_seed42,Q3,S1,XGB,660,Train,0.961127684229507,0.8885408639907837
Q3_S1_XGB_seed42,Q3,S1,XGB,661,Train,0.985847769341663,0.8885408639907837
Q3_S1_XGB_seed42,Q3,S1,XGB,662,Train,0.749146326862969,0.7572550773620605
Q3_S1_XGB_seed42,Q3,S1,XGB,663,Train,0.746590746440129,0.7572550773620605
Q3_S1_XGB_seed42,Q3,S1,XGB,665,Train,0.698084367957614,0.7572550773620605
Q3_S1_XGB_seed42,Q3,S1,XGB,666,Train,0.793151072002874,0.8292968273162842
Q3_S1_XGB_seed42,Q3,S1,XGB,667,Train,0.767418516321959,0.8292968273162842
Q3_S1_XGB_seed42,Q3,S1,XGB,669,Train,0.770900644499919,0.8885408639907837
Q3_S1_XGB_seed42,Q3,S1,XGB,670,Train,0.79375716356903,0.8885408639907837
Q3_S1_XGB_seed42,Q3,S1,XGB,671,Train,0.889507167326115,0.8885408639907837
Q3_S1_XGB_seed42,Q3,S1,XGB,672,Train,0.932642471077175,0.8885408639907837
Q3_S1_XGB_seed42,Q3,S1,XGB,674,Train,0.999553894929436,0.8885408639907837
Q3_S1_XGB_seed42,Q3,S1,XGB,675,Train,1.00528174393871,0.8885408639907837
Q3_S1_XGB_seed42,Q3,S1,XGB,677,Train,0.859113500130653,0.8292968273162842
Q3_S1_XGB_seed42,Q3,S1,XGB,678,Train,0.801961178112691,0.8292968273162842
Q3_S1_XGB_seed42,Q3,S1,XGB,679,Train,0.779106820776095,0.8292968273162842
Q3_S1_XGB_seed42,Q3,S1,XGB,681,Train,0.723048597139057,0.7572550773620605
Q3_S1_XGB_seed42,Q3,S1,XGB,683,Train,0.784398058232244,0.8292968273162842
Q3_S1_XGB_seed42,Q3,S1,XGB,685,Train,0.803492025889185,0.8292968273162842
Q3_S1_XGB_seed42,Q3,S1,XGB,686,Train,0.846700953722188,0.8292968273162842
Q3_S1_XGB_seed42,Q3,S1,XGB,687,Train,0.788559449950821,0.7572550773620605
Q3_S1_XGB_seed42,Q3,S1,XGB,688,Train,0.742008090324318,0.7572550773620605
Q3_S1_XGB_seed42,Q3,S1,XGB,689,Train,0.753272075591055,0.7572550773620605
Q3_S1_XGB_seed42,Q3,S1,XGB,690,Train,0.845300153632359,0.8292968273162842
Q3_S1_XGB_seed42,Q3,S1,XGB,692,Train,0.770956453518485,0.8292968273162842
Q3_S1_XGB_seed42,Q3,S1,XGB,693,Train,0.845953668163504,0.8885408639907837
Q3_S1_XGB_seed42,Q3,S1,XGB,694,Train,0.757645425736901,0.8885408639907837
Q3_S1_XGB_seed42,Q3,S1,XGB,695,Train,0.787196986893441,0.8885408639907837
Q3_S1_XGB_seed42,Q3,S1,XGB,696,Train,0.909280357024702,0.8885408639907837
Q3_S1_XGB_seed42,Q3,S1,XGB,697,Train,0.945687167254019,0.8885408639907837
Q3_S1_XGB_seed42,Q3,S1,XGB,698,Train,0.990399550755274,0.8885408639907837
Q3_S1_XGB_seed42,Q3,S1,XGB,700,Train,1.03125262252782,0.8885408639907837
Q3_S1_XGB_seed42,Q3,S1,XGB,701,Train,0.715131946648899,0.7572550773620605
Q3_S1_XGB_seed42,Q3,S1,XGB,702,Train,0.694710654486211,0.7572550773620605
Q3_S1_XGB_seed42,Q3,S1,XGB,703,Train,0.788919430073695,0.8292968273162842
Q3_S1_XGB_seed42,Q3,S1,XGB,704,Train,0.761627351481268,0.8292968273162842
Q3_S1_XGB_seed42,Q3,S1,XGB,705,Train,0.773622566197128,0.7572550773620605
Q3_S1_XGB_seed42,Q3,S1,XGB,706,Train,0.758798011501759,0.7572550773620605
Q3_S1_XGB_seed42,Q3,S1,XGB,707,Train,0.845300153632359,0.8292968273162842
Q3_S1_XGB_seed42,Q3,S1,XGB,708,Train,0.783261534929068,0.8292968273162842
Q3_S1_XGB_seed42,Q3,S1,XGB,709,Train,0.776944125046722,0.8292968273162842
Q3_S1_XGB_seed42,Q3,S1,XGB,710,Train,0.796554495159318,0.8292968273162842
Q3_S1_XGB_seed42,Q3,S1,XGB,712,Train,0.835166094434971,0.8885408639907837
Q3_S1_XGB_seed42,Q3,S1,XGB,713,Train,0.720543434596451,0.8885408639907837
Q3_S1_XGB_seed42,Q3,S1,XGB,714,Train,0.80168230434905,0.8885408639907837
Q3_S1_XGB_seed42,Q3,S1,XGB,715,Train,0.914208226023996,0.8885408639907837
Q3_S1_XGB_seed42,Q3,S1,XGB,716,Train,0.950314521111876,0.8885408639907837
Q3_S1_XGB_seed42,Q3,S1,XGB,717,Train,1.01467278489236,0.8885408639907837
Q3_S1_XGB_seed42,Q3,S1,XGB,718,Train,1.04080712903253,0.8885408639907837
Q3_S1_XGB_seed42,Q3,S1,XGB,719,Train,1.05524419455208,0.8885408639907837
Q3_S1_XGB_seed42,Q3,S1,XGB,720,Train,0.734007498328761,0.7572550773620605
Q3_S1_XGB_seed42,Q3,S1,XGB,722,Train,0.676977294746911,0.7572550773620605
Q3_S1_XGB_seed42,Q3,S1,XGB,723,Train,0.789712178970565,0.8292968273162842
Q3_S1_XGB_seed42,Q3,S1,XGB,724,Train,0.764783542675837,0.8292968273162842
Q3_S1_XGB_seed42,Q3,S1,XGB,727,Train,0.773622566197128,0.7572550773620605
Q3_S1_XGB_seed42,Q3,S1,XGB,728,Train,0.757893465491069,0.7572550773620605
Q3_S1_XGB_seed42,Q3,S1,XGB,729,Train,0.833479813631314,0.8292968273162842
Q3_S1_XGB_seed42,Q3,S1,XGB,730,Train,0.774698231397807,0.8292968273162842
Q3_S1_XGB_seed42,Q3,S1,XGB,731,Train,0.784464901837064,0.8292968273162842
Q3_S1_XGB_seed42,Q3,S1,XGB,732,Train,0.734007498328761,0.7572550773620605
Q3_S1_XGB_seed42,Q3,S1,XGB,734,Train,0.678103962533706,0.7572550773620605
Q3_S1_XGB_seed42,Q3,S1,XGB,735,Train,0.780982137263124,0.8292968273162842
Q3_S1_XGB_seed42,Q3,S1,XGB,736,Train,0.753567565394396,0.8292968273162842
Q3_S1_XGB_seed42,Q3,S1,XGB,737,Train,0.773622566197128,0.7572550773620605
Q3_S1_XGB_seed42,Q3,S1,XGB,738,Train,0.759388033493715,0.7572550773620605
Q3_S1_XGB_seed42,Q3,S1,XGB,739,Train,0.832480104824992,0.8292968273162842
Q3_S1_XGB_seed42,Q3,S1,XGB,740,Train,0.779106820776095,0.8292968273162842
Q3_S1_XGB_seed42,Q3,S1,XGB,741,Train,0.777080750036464,0.8292968273162842
Q3_S1_XGB_seed42,Q3,S1,XGB,742,Train,0.810865220177659,0.8885408639907837
Q3_S1_XGB_seed42,Q3,S1,XGB,743,Train,0.701220657756291,0.8885408639907837
Q3_S1_XGB_seed42,Q3,S1,XGB,744,Train,0.84311310408725,0.8885408639907837
Q3_S1_XGB_seed42,Q3,S1,XGB,745,Train,0.917655868986698,0.8885408639907837
Q3_S1_XGB_seed42,Q3,S1,XGB,746,Train,0.954799183427052,0.8885408639907837
Q3_S1_XGB_seed42,Q3,S1,XGB,747,Train,1.03125262252782,0.8885408639907837
Q3_S1_XGB_seed42,Q3,S1,XGB,748,Train,1.06493688802797,0.8885408639907837
Q3_S1_XGB_seed42,Q3,S1,XGB,751,Train,0.713594845288137,0.7572550773620605
Q3_S1_XGB_seed42,Q3,S1,XGB,752,Train,0.688370897174795,0.7572550773620605
Q3_S1_XGB_seed42,Q3,S1,XGB,753,Train,0.77255062916464,0.8292968273162842
Q3_S1_XGB_seed42,Q3,S1,XGB,754,Train,0.757006009701427,0.8292968273162842
Q3_S1_XGB_seed42,Q3,S1,XGB,756,Train,0.773622566197128,0.7572550773620605
Q3_S1_XGB_seed42,Q3,S1,XGB,758,Train,0.82066550733501,0.8292968273162842
Q3_S1_XGB_seed42,Q3,S1,XGB,759,Train,0.783682735179066,0.8292968273162842
Q3_S1_XGB_seed42,Q3,S1,XGB,760,Train,0.76856264759232,0.8292968273162842
Q3_S1_XGB_seed42,Q3,S1,XGB,761,Train,0.735217924121935,0.7572550773620605
Q3_S1_XGB_seed42,Q3,S1,XGB,762,Train,0.718441519246758,0.7572550773620605
Q3_S1_XGB_seed42,Q3,S1,XGB,763,Train,0.688449255531412,0.7572550773620605
Q3_S1_XGB_seed42,Q3,S1,XGB,765,Train,0.746859607841232,0.8292968273162842
Q3_S1_XGB_seed42,Q3,S1,XGB,766,Train,0.973186669599277,0.8292968273162842
Q3_S1_XGB_seed42,Q3,S1,XGB,767,Train,0.759768801741319,0.7572550773620605
Q3_S1_XGB_seed42,Q3,S1,XGB,768,Train,0.757802886706236,0.7572550773620605
Q3_S1_XGB_seed42,Q3,S1,XGB,769,Train,0.806844862473226,0.8292968273162842
Q3_S1_XGB_seed42,Q3,S1,XGB,770,Train,0.773320583288713,0.8292968273162842
Q3_S1_XGB_seed42,Q3,S1,XGB,771,Train,0.76993874578373,0.8292968273162842
Q3_S1_XGB_seed42,Q3,S1,XGB,772,Train,0.782289967046785,0.8885408639907837
Q3_S1_XGB_seed42,Q3,S1,XGB,773,Train,0.692891774424785,0.8885408639907837
Q3_S1_XGB_seed42,Q3,S1,XGB,774,Train,0.845013806324218,0.8885408639907837
Q3_S1_XGB_seed42,Q3,S1,XGB,775,Train,0.904396288730716,0.8885408639907837
Q3_S1_XGB_seed42,Q3,S1,XGB,776,Train,0.950876857435849,0.8885408639907837
Q3_S1_XGB_seed42,Q3,S1,XGB,777,Train,1.02582131493631,0.8885408639907837
Q3_S1_XGB_seed42,Q3,S1,XGB,778,Train,1.0696298812969,0.8885408639907837
Q3_S1_XGB_seed42,Q3,S1,XGB,779,Train,1.09690879965459,0.8885408639907837
Q3_S1_XGB_seed42,Q3,S1,XGB,780,Train,0.736439137486459,0.7572550773620605
Q3_S1_XGB_seed42,Q3,S1,XGB,781,Train,0.722248122910828,0.7572550773620605
Q3_S1_XGB_seed42,Q3,S1,XGB,782,Train,0.686057894581173,0.7572550773620605
Q3_S1_XGB_seed42,Q3,S1,XGB,786,Train,0.760839318813295,0.7572550773620605
Q3_S1_XGB_seed42,Q3,S1,XGB,787,Train,0.805847140635809,0.8292968273162842
Q3_S1_XGB_seed42,Q3,S1,XGB,788,Train,0.774518165430972,0.8292968273162842
Q3_S1_XGB_seed42,Q3,S1,XGB,789,Train,0.760204163477313,0.8292968273162842
Q3_S1_XGB_seed42,Q3,S1,XGB,790,Train,0.730069086834549,0.7572550773620605
Q3_S1_XGB_seed42,Q3,S1,XGB,792,Train,0.727544416479067,0.7572550773620605
Q3_S1_XGB_seed42,Q3,S1,XGB,793,Train,0.694543170076781,0.7572550773620605
Q3_S1_XGB_seed42,Q3,S1,XGB,795,Train,0.774518165430972,0.8292968273162842
Q3_S1_XGB_seed42,Q3,S1,XGB,796,Train,0.763045688513871,0.8292968273162842
Q3_S1_XGB_seed42,Q3,S1,XGB,797,Train,0.792985905265767,0.8292968273162842
Q3_S1_XGB_seed42,Q3,S1,XGB,798,Train,0.761920681521003,0.8292968273162842
Q3_S1_XGB_seed42,Q3,S1,XGB,799,Train,0.801961178112691,0.8292968273162842
Q3_S1_XGB_seed42,Q3,S1,XGB,800,Train,0.987330734281547,0.8292968273162842
Q3_S1_XGB_seed42,Q3,S1,XGB,801,Train,0.769420608847027,0.8885408639907837
Q3_S1_XGB_seed42,Q3,S1,XGB,802,Train,0.689257733017462,0.8885408639907837
Q3_S1_XGB_seed42,Q3,S1,XGB,804,Train,0.915126920728385,0.8885408639907837
Q3_S1_XGB_seed42,Q3,S1,XGB,805,Train,0.957724668649905,0.8885408639907837
Q3_S1_XGB_seed42,Q3,S1,XGB,806,Train,1.03063481620061,0.8885408639907837
Q3_S1_XGB_seed42,Q3,S1,XGB,807,Train,1.07716357459863,0.8885408639907837
Q3_S1_XGB_seed42,Q3,S1,XGB,808,Train,1.099765176777,0.8885408639907837
Q3_S1_XGB_seed42,Q3,S1,XGB,809,Train,0.730069086834549,0.7572550773620605
Q3_S1_XGB_seed42,Q3,S1,XGB,810,Train,0.735308773693085,0.7572550773620605
Q3_S1_XGB_seed42,Q3,S1,XGB,813,Train,0.796413664208491,0.8292968273162842
Q3_S1_XGB_seed42,Q3,S1,XGB,814,Train,0.767488558989535,0.8292968273162842
Q3_S1_XGB_seed42,Q3,S1,XGB,815,Train,0.703988669853818,0.7572550773620605
Q3_S1_XGB_seed42,Q3,S1,XGB,816,Train,0.739353567501696,0.7572550773620605
Q3_S1_XGB_seed42,Q3,S1,XGB,817,Train,0.788423061208014,0.8292968273162842
Q3_S1_XGB_seed42,Q3,S1,XGB,818,Train,0.758235053232286,0.8292968273162842
Q3_S1_XGB_seed42,Q3,S1,XGB,819,Train,0.72284929898718,0.7572550773620605
Q3_S1_XGB_seed42,Q3,S1,XGB,820,Train,1.02080147380554,0.8292968273162842
Q3_S1_XGB_seed42,Q3,S1,XGB,821,Train,0.947648069034162,0.8292968273162842
Q3_S1_XGB_seed42,Q3,S1,XGB,822,Train,0.862728357189864,0.8292968273162842
Q3_S1_XGB_seed42,Q3,S1,XGB,823,Train,0.839870245957322,0.8292968273162842
Q3_S1_XGB_seed42,Q3,S1,XGB,824,Train,0.824458849728904,0.8292968273162842
Q3_S1_XGB_seed42,Q3,S1,XGB,825,Train,0.804418862461367,0.8292968273162842
Q3_S1_XGB_seed42,Q3,S1,XGB,827,Train,0.755219649235383,0.8292968273162842
Q3_S1_XGB_seed42,Q3,S1,XGB,828,Train,0.758767649085695,0.8292968273162842
Q3_S1_XGB_seed42,Q3,S1,XGB,830,Train,0.896148516387512,0.8292968273162842
Q3_S1_XGB_seed42,Q3,S1,XGB,831,Train,0.74651756923174,0.8292968273162842
Q3_S1_XGB_seed42,Q3,S1,XGB,832,Train,0.740400830055671,0.8292968273162842
Q3_S1_XGB_seed42,Q3,S1,XGB,833,Train,0.767907275522683,0.8292968273162842
Q3_S1_XGB_seed42,Q3,S1,XGB,834,Train,0.896994041262592,0.8292968273162842
Q3_S1_XGB_seed42,Q3,S1,XGB,836,Train,0.83913565970459,0.8292968273162842
Q3_S1_XGB_seed42,Q3,S1,XGB,837,Train,0.861622810252725,0.8292968273162842
Q3_S1_XGB_seed42,Q3,S1,XGB,838,Train,0.881909255770372,0.8292968273162842
Q3_S1_XGB_seed42,Q3,S1,XGB,839,Train,0.77684465445017,0.8292968273162842
Q3_S1_XGB_seed42,Q3,S1,XGB,841,Train,0.798749567481218,0.8292968273162842
Q3_S1_XGB_seed42,Q3,S1,XGB,843,Train,0.783682735179066,0.8292968273162842
Q3_S1_XGB_seed42,Q3,S1,XGB,845,Train,0.804859872876447,0.8292968273162842
Q3_S1_XGB_seed42,Q3,S1,XGB,846,Train,0.830406809094925,0.8292968273162842
Q3_S1_XGB_seed42,Q3,S1,XGB,848,Train,0.988718904599137,0.8292968273162842
Q3_S1_XGB_seed42,Q3,S1,XGB,849,Train,0.843338733281164,0.8292968273162842
Q3_S1_XGB_seed42,Q3,S1,XGB,850,Train,0.888691948306559,0.8292968273162842
Q3_S1_XGB_seed42,Q3,S1,XGB,851,Train,0.838448835114117,0.8292968273162842
Q3_S1_XGB_seed42,Q3,S1,XGB,853,Train,0.93120974605083,0.8292968273162842
Q3_S1_XGB_seed42,Q3,S1,XGB,855,Train,0.891947087933177,0.8292968273162842
Q3_S1_XGB_seed42,Q3,S1,XGB,856,Train,0.841003664585931,0.8292968273162842
Q3_S1_XGB_seed42,Q3,S1,XGB,858,Train,0.837640427960517,0.8292968273162842
Q3_S1_XGB_seed42,Q3,S1,XGB,859,Train,0.976976532023534,0.8292968273162842
Q3_S1_XGB_seed42,Q3,S1,XGB,860,Train,0.875116602351075,0.8292968273162842
Q3_S1_XGB_seed42,Q3,S1,XGB,861,Train,0.806684329368713,0.8292968273162842
Q3_S1_XGB_seed42,Q3,S1,XGB,862,Train,0.801102499746633,0.8292968273162842
Q3_S1_XGB_seed42,Q3,S1,XGB,863,Train,0.788004693259768,0.8292968273162842
Q3_S1_XGB_seed42,Q3,S1,XGB,865,Train,0.905409565154336,0.8292968273162842
Q3_S1_XGB_seed42,Q3,S1,XGB,866,Train,0.729031856490157,0.8292968273162842
Q3_S1_XGB_seed42,Q3,S1,XGB,868,Train,0.805791496614141,0.8292968273162842
Q3_S1_XGB_seed42,Q3,S1,XGB,869,Train,0.91435430633742,0.8292968273162842
Q3_S1_XGB_seed42,Q3,S1,XGB,870,Train,0.73919054953609,0.8292968273162842
Q3_S1_XGB_seed42,Q3,S1,XGB,871,Train,0.74439488829365,0.8292968273162842
Q3_S1_XGB_seed42,Q3,S1,XGB,873,Train,0.923963860690704,0.8292968273162842
Q3_S1_XGB_seed42,Q3,S1,XGB,874,Train,0.833194013031795,0.8292968273162842
Q3_S1_XGB_seed42,Q3,S1,XGB,875,Train,0.830460308093366,0.8292968273162842
Q3_S1_XGB_seed42,Q3,S1,XGB,877,Train,0.892161082204004,0.8292968273162842
Q3_S1_XGB_seed42,Q3,S1,XGB,879,Train,0.754580500145541,0.8292968273162842
Q3_S1_XGB_seed42,Q3,S1,XGB,880,Train,0.78318641891646,0.8292968273162842
Q3_S1_XGB_seed42,Q3,S1,XGB,881,Train,0.880695747690427,0.8292968273162842
Q3_S1_XGB_seed42,Q3,S1,XGB,882,Train,0.770956453518485,0.8292968273162842
Q3_S1_XGB_seed42,Q3,S1,XGB,884,Train,0.804624381901374,0.8292968273162842
Q3_S1_XGB_seed42,Q3,S1,XGB,885,Train,0.877540164348498,0.8292968273162842
Q3_S1_XGB_seed42,Q3,S1,XGB,886,Train,0.861262296092212,0.8335188031196594
Q3_S1_XGB_seed42,Q3,S1,XGB,887,Train,0.862587271755434,0.8292968273162842
Q3_S1_XGB_seed42,Q3,S1,XGB,889,Train,0.855699794660814,0.8292968273162842
Q3_S1_XGB_seed42,Q3,S1,XGB,890,Train,0.933510742242849,0.8292968273162842
Q3_S1_XGB_seed42,Q3,S1,XGB,891,Train,1.00605846926458,0.8292968273162842
Q3_S1_XGB_seed42,Q3,S1,XGB,892,Train,0.866467395757682,0.8292968273162842
Q3_S1_XGB_seed42,Q3,S1,XGB,894,Train,0.826695514401272,0.8292968273162842
Q3_S1_XGB_seed42,Q3,S1,XGB,895,Train,0.929061249041944,0.8292968273162842
Q3_S1_XGB_seed42,Q3,S1,XGB,896,Train,0.818042662263129,0.8292968273162842
Q3_S1_XGB_seed42,Q3,S1,XGB,897,Train,0.812085675359892,0.8292968273162842
Q3_S1_XGB_seed42,Q3,S1,XGB,898,Train,0.778042560572574,0.8292968273162842
Q3_S1_XGB_seed42,Q3,S1,XGB,899,Train,0.750039220749238,0.8292968273162842
Q3_S1_XGB_seed42,Q3,S1,XGB,900,Train,0.849781838530611,0.8292968273162842
Q3_S1_XGB_seed42,Q3,S1,XGB,901,Train,0.921417913561959,0.8292968273162842
Q3_S1_XGB_seed42,Q3,S1,XGB,902,Train,0.709560263195736,0.8292968273162842
Q3_S1_XGB_seed42,Q3,S1,XGB,903,Train,0.767907275522683,0.8292968273162842
Q3_S1_XGB_seed42,Q3,S1,XGB,905,Train,0.923880804895202,0.8292968273162842
Q3_S1_XGB_seed42,Q3,S1,XGB,906,Train,0.731376879007756,0.8292968273162842
Q3_S1_XGB_seed42,Q3,S1,XGB,907,Train,0.756332494515326,0.8292968273162842
Q3_S1_XGB_seed42,Q3,S1,XGB,908,Train,0.793009162016314,0.8292968273162842
Q3_S1_XGB_seed42,Q3,S1,XGB,909,Train,0.938995087972337,0.8292968273162842
Q3_S1_XGB_seed42,Q3,S1,XGB,911,Train,0.812349202994303,0.8292968273162842
Q3_S1_XGB_seed42,Q3,S1,XGB,913,Train,0.918757744370779,0.8292968273162842
Q3_S1_XGB_seed42,Q3,S1,XGB,916,Train,0.793688616630125,0.8292968273162842
Q3_S1_XGB_seed42,Q3,S1,XGB,917,Train,0.895365302224161,0.8292968273162842
Q3_S1_XGB_seed42,Q3,S1,XGB,918,Train,0.760613981871055,0.8292968273162842
Q3_S1_XGB_seed42,Q3,S1,XGB,919,Train,0.773129311444233,0.8292968273162842
Q3_S1_XGB_seed42,Q3,S1,XGB,920,Train,0.800973771863673,0.8292968273162842
Q3_S1_XGB_seed42,Q3,S1,XGB,921,Train,0.893455868895967,0.8292968273162842
Q3_S1_XGB_seed42,Q3,S1,XGB,923,Train,0.796755167716249,0.8292968273162842
Q3_S1_XGB_seed42,Q3,S1,XGB,924,Train,0.795814694826164,0.8292968273162842
Q3_S1_XGB_seed42,Q3,S1,XGB,925,Train,0.758526566744865,0.8292968273162842
Q3_S1_XGB_seed42,Q3,S1,XGB,926,Train,0.748892319551776,0.8292968273162842
Q3_S1_XGB_seed42,Q3,S1,XGB,928,Train,0.931291021036105,0.8292968273162842
Q3_S1_XGB_seed42,Q3,S1,XGB,929,Train,0.702154693520188,0.8292968273162842
Q3_S1_XGB_seed42,Q3,S1,XGB,930,Train,0.763409984431848,0.8292968273162842
Q3_S1_XGB_seed42,Q3,S1,XGB,931,Train,0.853067002093386,0.8292968273162842
Q3_S1_XGB_seed42,Q3,S1,XGB,932,Train,0.926347305711552,0.8292968273162842
Q3_S1_XGB_seed42,Q3,S1,XGB,933,Train,0.735661375815505,0.8292968273162842
Q3_S1_XGB_seed42,Q3,S1,XGB,934,Train,0.742397974619634,0.8292968273162842
Q3_S1_XGB_seed42,Q3,S1,XGB,935,Train,0.818122373675804,0.8292968273162842
Q3_S1_XGB_seed42,Q3,S1,XGB,936,Train,0.946555392146291,0.8292968273162842
Q3_S1_XGB_seed42,Q3,S1,XGB,937,Train,0.822176110017067,0.8292968273162842
Q3_S1_XGB_seed42,Q3,S1,XGB,938,Train,0.802579810987906,0.8292968273162842
Q3_S1_XGB_seed42,Q3,S1,XGB,939,Train,0.850241359949186,0.8292968273162842
Q3_S1_XGB_seed42,Q3,S1,XGB,940,Train,0.900280998471653,0.8292968273162842
Q3_S1_XGB_seed42,Q3,S1,XGB,941,Train,0.757894222047023,0.8292968273162842
Q3_S1_XGB_seed42,Q3,S1,XGB,942,Train,0.757061429213538,0.8292968273162842
Q3_S1_XGB_seed42,Q3,S1,XGB,944,Train,0.916784083531629,0.8292968273162842
Q3_S1_XGB_seed42,Q3,S1,XGB,946,Train,0.774436547805945,0.8292968273162842
Q3_S1_XGB_seed42,Q3,S1,XGB,947,Train,0.804802264358862,0.8292968273162842
Q3_S1_XGB_seed42,Q3,S1,XGB,948,Train,0.889507167326115,0.8292968273162842
Q3_S1_XGB_seed42,Q3,S1,XGB,949,Train,0.834489600568311,0.8335188031196594
Q3_S1_XGB_seed42,Q3,S1,XGB,950,Train,0.866179569383206,0.8292968273162842
Q3_S1_XGB_seed42,Q3,S1,XGB,951,Train,0.808010862359159,0.8292968273162842
Q3_S1_XGB_seed42,Q3,S1,XGB,952,Train,0.860410176752358,0.8292968273162842
Q3_S1_XGB_seed42,Q3,S1,XGB,953,Train,0.989598819123395,0.8292968273162842
Q3_S1_XGB_seed42,Q3,S1,XGB,954,Train,0.92242775800187,0.8292968273162842
Q3_S1_XGB_seed42,Q3,S1,XGB,956,Train,0.853182190508781,0.8292968273162842
Q3_S1_XGB_seed42,Q3,S1,XGB,959,Train,0.878145002204253,0.8292968273162842
Q3_S1_XGB_seed42,Q3,S1,XGB,960,Train,0.787849267499515,0.8292968273162842
Q3_S1_XGB_seed42,Q3,S1,XGB,961,Train,0.807788120514204,0.8292968273162842
Q3_S1_XGB_seed42,Q3,S1,XGB,962,Train,0.763569965105048,0.8292968273162842
Q3_S1_XGB_seed42,Q3,S1,XGB,963,Train,0.742136835683651,0.8292968273162842
Q3_S1_XGB_seed42,Q3,S1,XGB,967,Train,0.770768562571437,0.8292968273162842
Q3_S1_XGB_seed42,Q3,S1,XGB,968,Train,0.865848949986576,0.8292968273162842
Q3_S1_XGB_seed42,Q3,S1,XGB,969,Train,0.926460609945532,0.8292968273162842
Q3_S1_XGB_seed42,Q3,S1,XGB,970,Train,0.718033884901515,0.8292968273162842
Q3_S1_XGB_seed42,Q3,S1,XGB,971,Train,0.744034833728012,0.8292968273162842
Q3_S1_XGB_seed42,Q3,S1,XGB,972,Train,0.834231145952886,0.8292968273162842
Q3_S1_XGB_seed42,Q3,S1,XGB,973,Train,0.949081938843105,0.8292968273162842
Q3_S1_XGB_seed42,Q3,S1,XGB,974,Train,0.823136893551042,0.8292968273162842
Q3_S1_XGB_seed42,Q3,S1,XGB,975,Train,0.807558799569149,0.8292968273162842
Q3_S1_XGB_seed42,Q3,S1,XGB,976,Train,0.845371896610588,0.8292968273162842
Q3_S1_XGB_seed42,Q3,S1,XGB,977,Train,0.901400479158204,0.8292968273162842
Q3_S1_XGB_seed42,Q3,S1,XGB,978,Train,0.758793795325685,0.8292968273162842
Q3_S1_XGB_seed42,Q3,S1,XGB,979,Train,0.759419253918282,0.8292968273162842
Q3_S1_XGB_seed42,Q3,S1,XGB,981,Train,0.909280357024702,0.8292968273162842
Q3_S1_XGB_seed42,Q3,S1,XGB,982,Train,0.75408366475121,0.8292968273162842
Q3_S1_XGB_seed42,Q3,S1,XGB,983,Train,0.764493341936512,0.8292968273162842
Q3_S1_XGB_seed42,Q3,S1,XGB,985,Train,0.899317323108963,0.8292968273162842
Q3_S1_XGB_seed42,Q3,S1,XGB,990,Train,0.761811915695933,0.8292968273162842
Q3_S1_XGB_seed42,Q3,S1,XGB,991,Train,0.859657066279412,0.8292968273162842
Q3_S1_XGB_seed42,Q3,S1,XGB,992,Train,0.720926707585792,0.8292968273162842
Q3_S1_XGB_seed42,Q3,S1,XGB,993,Train,0.735349221875968,0.8292968273162842
Q3_S1_XGB_seed42,Q3,S1,XGB,994,Train,0.864231348838916,0.8292968273162842
Q3_S1_XGB_seed42,Q3,S1,XGB,996,Train,0.719091440442532,0.8292968273162842
Q3_S1_XGB_seed42,Q3,S1,XGB,997,Train,0.779437546258,0.8292968273162842
Q3_S1_XGB_seed42,Q3,S1,XGB,998,Train,0.860219674132099,0.8292968273162842
Q3_S1_XGB_seed42,Q3,S1,XGB,999,Train,0.928960777763589,0.8292968273162842
Q3_S1_XGB_seed42,Q3,S1,XGB,1000,Train,0.709925720338231,0.8292968273162842
Q3_S1_XGB_seed42,Q3,S1,XGB,1004,Train,0.812887139706805,0.8292968273162842
Q3_S1_XGB_seed42,Q3,S1,XGB,1005,Train,0.798244919255891,0.8292968273162842
Q3_S1_XGB_seed42,Q3,S1,XGB,1006,Train,0.842822772629174,0.8292968273162842
Q3_S1_XGB_seed42,Q3,S1,XGB,1007,Train,0.906955362965224,0.8292968273162842
Q3_S1_XGB_seed42,Q3,S1,XGB,1008,Train,0.747785039139969,0.8292968273162842
Q3_S1_XGB_seed42,Q3,S1,XGB,1009,Train,0.766743793103087,0.8292968273162842
Q3_S1_XGB_seed42,Q3,S1,XGB,1011,Train,0.901897886930289,0.8292968273162842
Q3_S1_XGB_seed42,Q3,S1,XGB,1012,Train,0.759207198504107,0.8292968273162842
Q3_S1_XGB_seed42,Q3,S1,XGB,1013,Train,0.76993874578373,0.8292968273162842
Q3_S1_XGB_seed42,Q3,S1,XGB,1014,Train,0.818834654745319,0.8292968273162842
Q3_S1_XGB_seed42,Q3,S1,XGB,1015,Train,0.905978375447755,0.8292968273162842
Q3_S1_XGB_seed42,Q3,S1,XGB,1016,Train,0.856006369302794,0.8292968273162842
Q3_S1_XGB_seed42,Q3,S1,XGB,1017,Train,0.798470002896076,0.8292968273162842
Q3_S1_XGB_seed42,Q3,S1,XGB,1018,Train,0.867404297372514,0.8292968273162842
Q3_S1_XGB_seed42,Q3,S1,XGB,1020,Train,0.919245673734333,0.8292968273162842
Q3_S1_XGB_seed42,Q3,S1,XGB,1021,Train,1.05737670205315,0.8292968273162842
Q3_S1_XGB_seed42,Q3,S1,XGB,1022,Train,0.853182190508781,0.8292968273162842
Q3_S1_XGB_seed42,Q3,S1,XGB,1023,Train,0.798982458338327,0.8292968273162842
Q3_S1_XGB_seed42,Q3,S1,XGB,1024,Train,0.894639934691145,0.8292968273162842
Q3_S1_XGB_seed42,Q3,S1,XGB,1025,Train,0.836702062630733,0.8292968273162842
Q3_S1_XGB_seed42,Q3,S1,XGB,1028,Train,0.711549340265613,0.8292968273162842
Q3_S1_XGB_seed42,Q3,S1,XGB,1029,Train,0.738760170069949,0.8292968273162842
Q3_S1_XGB_seed42,Q3,S1,XGB,1030,Train,0.861641648130033,0.8292968273162842
Q3_S1_XGB_seed42,Q3,S1,XGB,1032,Train,0.718982616423606,0.8292968273162842
Q3_S1_XGB_seed42,Q3,S1,XGB,1033,Train,0.783095405058374,0.8292968273162842
Q3_S1_XGB_seed42,Q3,S1,XGB,1034,Train,0.865454199500397,0.8292968273162842
Q3_S1_XGB_seed42,Q3,S1,XGB,1035,Train,0.933971259237154,0.8292968273162842
Q3_S1_XGB_seed42,Q3,S1,XGB,1036,Train,0.701623672917154,0.8292968273162842
Q3_S1_XGB_seed42,Q3,S1,XGB,1037,Train,0.757193696411778,0.8292968273162842
Q3_S1_XGB_seed42,Q3,S1,XGB,1038,Train,0.872255273289102,0.8292968273162842
Q3_S1_XGB_seed42,Q3,S1,XGB,1039,Train,0.954144546641154,0.8292968273162842
Q3_S1_XGB_seed42,Q3,S1,XGB,1040,Train,0.814569613592269,0.8292968273162842
Q3_S1_XGB_seed42,Q3,S1,XGB,1042,Train,0.859663223157214,0.8292968273162842
Q3_S1_XGB_seed42,Q3,S1,XGB,1043,Train,0.932819211063934,0.8292968273162842
Q3_S1_XGB_seed42,Q3,S1,XGB,1044,Train,0.753576013281286,0.8292968273162842
Q3_S1_XGB_seed42,Q3,S1,XGB,1045,Train,0.76051362037454,0.8292968273162842
Q3_S1_XGB_seed42,Q3,S1,XGB,1046,Train,0.818834654745319,0.8292968273162842
Q3_S1_XGB_seed42,Q3,S1,XGB,1048,Train,0.756624896500184,0.8292968273162842
Q3_S1_XGB_seed42,Q3,S1,XGB,1049,Train,0.760204163477313,0.8292968273162842
Q3_S1_XGB_seed42,Q3,S1,XGB,1050,Train,0.829191674260014,0.8292968273162842
Q3_S1_XGB_seed42,Q3,S1,XGB,1051,Train,0.922527857069852,0.8292968273162842
Q3_S1_XGB_seed42,Q3,S1,XGB,1052,Train,0.79710536729945,0.8335188031196594
Q3_S1_XGB_seed42,Q3,S1,XGB,1053,Train,0.843595373557105,0.8292968273162842
Q3_S1_XGB_seed42,Q3,S1,XGB,1054,Train,0.820417256414491,0.8292968273162842
Q3_S1_XGB_seed42,Q3,S1,XGB,1055,Train,0.957410318343692,0.8292968273162842
Q3_S1_XGB_seed42,Q3,S1,XGB,1056,Train,0.813872622033883,0.8292968273162842
Q3_S1_XGB_seed42,Q3,S1,XGB,1057,Train,0.774189026409601,0.8292968273162842
Q3_S1_XGB_seed42,Q3,S1,XGB,1060,Train,0.761528027071662,0.8292968273162842
Q3_S1_XGB_seed42,Q3,S1,XGB,1061,Train,0.869420076911184,0.8292968273162842
Q3_S1_XGB_seed42,Q3,S1,XGB,1064,Train,0.800373468473371,0.8292968273162842
Q3_S1_XGB_seed42,Q3,S1,XGB,1065,Train,0.868075884732324,0.8292968273162842
Q3_S1_XGB_seed42,Q3,S1,XGB,1066,Train,0.929363429825195,0.8292968273162842
Q3_S1_XGB_seed42,Q3,S1,XGB,1068,Train,0.770219717628378,0.8292968273162842
Q3_S1_XGB_seed42,Q3,S1,XGB,1069,Train,0.88022855729693,0.8292968273162842
Q3_S1_XGB_seed42,Q3,S1,XGB,1070,Train,0.959219672874343,0.8292968273162842
Q3_S1_XGB_seed42,Q3,S1,XGB,1071,Train,0.802296644258131,0.8292968273162842
Q3_S1_XGB_seed42,Q3,S1,XGB,1073,Train,0.866999035914871,0.8292968273162842
Q3_S1_XGB_seed42,Q3,S1,XGB,1074,Train,0.949217949892863,0.8292968273162842
Q3_S1_XGB_seed42,Q3,S1,XGB,1076,Train,0.760204163477313,0.8292968273162842
Q3_S1_XGB_seed42,Q3,S1,XGB,1077,Train,0.822125963335149,0.8292968273162842
Q3_S1_XGB_seed42,Q3,S1,XGB,1078,Train,0.939426893652025,0.8292968273162842
Q3_S1_XGB_seed42,Q3,S1,XGB,1079,Train,0.750569072247341,0.8292968273162842
Q3_S1_XGB_seed42,Q3,S1,XGB,1080,Train,0.763045688513871,0.8292968273162842
Q3_S1_XGB_seed42,Q3,S1,XGB,1081,Train,0.83332674041077,0.8292968273162842
Q3_S1_XGB_seed42,Q3,S1,XGB,1082,Train,0.926188379655635,0.8292968273162842
Q3_S1_XGB_seed42,Q3,S1,XGB,1083,Train,0.797960018930702,0.8292968273162842
Q3_S1_XGB_seed42,Q3,S1,XGB,1084,Train,0.763999535247556,0.8292968273162842
Q3_S1_XGB_seed42,Q3,S1,XGB,1085,Train,0.895543206493383,0.8292968273162842
Q3_S1_XGB_seed42,Q3,S1,XGB,1086,Train,0.708569706169591,0.8292968273162842
Q3_S1_XGB_seed42,Q3,S1,XGB,1088,Train,0.868075884732324,0.8292968273162842
Q3_S1_XGB_seed42,Q3,S1,XGB,1089,Train,0.944032050879927,0.8292968273162842
Q3_S1_XGB_seed42,Q3,S1,XGB,1090,Train,0.733424008300312,0.8292968273162842
Q3_S1_XGB_seed42,Q3,S1,XGB,1091,Train,0.804932790987593,0.8292968273162842
Q3_S1_XGB_seed42,Q3,S1,XGB,1092,Train,0.875958312856537,0.8292968273162842
Q3_S1_XGB_seed42,Q3,S1,XGB,1093,Train,0.93951362970487,0.8292968273162842
Q3_S1_XGB_seed42,Q3,S1,XGB,1094,Train,0.69677225391561,0.8292968273162842
Q3_S1_XGB_seed42,Q3,S1,XGB,1095,Train,0.786180255102554,0.8292968273162842
Q3_S1_XGB_seed42,Q3,S1,XGB,1096,Train,0.882891632476178,0.8292968273162842
Q3_S1_XGB_seed42,Q3,S1,XGB,1097,Train,0.956680557393612,0.8292968273162842
Q3_S1_XGB_seed42,Q3,S1,XGB,1098,Train,0.792504253391991,0.8292968273162842
Q3_S1_XGB_seed42,Q3,S1,XGB,1099,Train,0.789633487297816,0.8292968273162842
Q3_S1_XGB_seed42,Q3,S1,XGB,1101,Train,0.956942220525115,0.8292968273162842
Q3_S1_XGB_seed42,Q3,S1,XGB,1102,Train,0.734199846749297,0.8292968273162842
Q3_S1_XGB_seed42,Q3,S1,XGB,1103,Train,0.774793449957782,0.8292968273162842
Q3_S1_XGB_seed42,Q3,S1,XGB,1104,Train,0.831410637779578,0.8292968273162842
Q3_S1_XGB_seed42,Q3,S1,XGB,1105,Train,0.945850340334221,0.8292968273162842
Q3_S1_XGB_seed42,Q3,S1,XGB,1108,Train,0.845381357533183,0.8292968273162842
Q3_S1_XGB_seed42,Q3,S1,XGB,1109,Train,0.936970712621457,0.8292968273162842
Q3_S1_XGB_seed42,Q3,S1,XGB,1110,Train,0.799935130890267,0.8292968273162842
Q3_S1_XGB_seed42,Q3,S1,XGB,1111,Train,0.76635763480699,0.8292968273162842
Q3_S1_XGB_seed42,Q3,S1,XGB,1113,Train,0.72141924849785,0.8292968273162842
Q3_S1_XGB_seed42,Q3,S1,XGB,1114,Train,0.814615157530146,0.8292968273162842
Q3_S1_XGB_seed42,Q3,S1,XGB,1115,Train,0.870700482829228,0.8292968273162842
Q3_S1_XGB_seed42,Q3,S1,XGB,1117,Train,0.748026513306267,0.8292968273162842
Q3_S1_XGB_seed42,Q3,S1,XGB,1118,Train,0.819042301069102,0.8292968273162842
Q3_S1_XGB_seed42,Q3,S1,XGB,1119,Train,0.872255273289102,0.8292968273162842
Q3_S1_XGB_seed42,Q3,S1,XGB,1120,Train,0.93951362970487,0.8292968273162842
Q3_S1_XGB_seed42,Q3,S1,XGB,1121,Train,0.699087262596401,0.8292968273162842
Q3_S1_XGB_seed42,Q3,S1,XGB,1122,Train,0.804412761608385,0.8292968273162842
Q3_S1_XGB_seed42,Q3,S1,XGB,1123,Train,0.888225610247878,0.8292968273162842
Q3_S1_XGB_seed42,Q3,S1,XGB,1124,Train,0.959219672874343,0.8292968273162842
Q3_S1_XGB_seed42,Q3,S1,XGB,1125,Train,0.794478660847515,0.8292968273162842
Q3_S1_XGB_seed42,Q3,S1,XGB,1126,Train,0.795044896217672,0.8292968273162842
Q3_S1_XGB_seed42,Q3,S1,XGB,1128,Train,0.97232606069617,0.8292968273162842
Q3_S1_XGB_seed42,Q3,S1,XGB,1130,Train,0.76392809877467,0.8292968273162842
Q3_S1_XGB_seed42,Q3,S1,XGB,1131,Train,0.845381357533183,0.8292968273162842
Q3_S1_XGB_seed42,Q3,S1,XGB,1132,Train,0.954485708802878,0.8292968273162842
Q3_S1_XGB_seed42,Q3,S1,XGB,1133,Train,0.742091685619275,0.8292968273162842
Q3_S1_XGB_seed42,Q3,S1,XGB,1134,Train,0.754667374526097,0.8292968273162842
Q3_S1_XGB_seed42,Q3,S1,XGB,1135,Train,0.869999601044121,0.8292968273162842
Q3_S1_XGB_seed42,Q3,S1,XGB,1136,Train,0.952275901991181,0.8292968273162842
Q3_S1_XGB_seed42,Q3,S1,XGB,1137,Train,0.813523741478924,0.8335188031196594
Q3_S1_XGB_seed42,Q3,S1,XGB,1139,Train,0.765581738055363,0.8292968273162842
Q3_S1_XGB_seed42,Q3,S1,XGB,1140,Train,0.893569868785435,0.8292968273162842
Q3_S1_XGB_seed42,Q3,S1,XGB,1141,Train,0.709030521494937,0.8292968273162842
Q3_S1_XGB_seed42,Q3,S1,XGB,1142,Train,0.824401326732183,0.8292968273162842
Q3_S1_XGB_seed42,Q3,S1,XGB,1143,Train,0.875958312856537,0.8292968273162842
Q3_S1_XGB_seed42,Q3,S1,XGB,1144,Train,0.944607596729703,0.8292968273162842
Q3_S1_XGB_seed42,Q3,S1,XGB,1145,Train,0.766681341537034,0.8292968273162842
Q3_S1_XGB_seed42,Q3,S1,XGB,1146,Train,0.821112449176638,0.8292968273162842
Q3_S1_XGB_seed42,Q3,S1,XGB,1147,Train,0.875958312856537,0.8292968273162842
Q3_S1_XGB_seed42,Q3,S1,XGB,1148,Train,0.935150536886007,0.8292968273162842
Q3_S1_XGB_seed42,Q3,S1,XGB,1149,Train,0.702440630147331,0.8292968273162842
Q3_S1_XGB_seed42,Q3,S1,XGB,1151,Train,0.89089646597602,0.8292968273162842
Q3_S1_XGB_seed42,Q3,S1,XGB,1152,Train,0.957395932449324,0.8292968273162842
Q3_S1_XGB_seed42,Q3,S1,XGB,1153,Train,0.798730965528296,0.8292968273162842
Q3_S1_XGB_seed42,Q3,S1,XGB,1154,Train,0.79375716356903,0.8292968273162842
Q3_S1_XGB_seed42,Q3,S1,XGB,1155,Train,0.909280357024702,0.8292968273162842
Q3_S1_XGB_seed42,Q3,S1,XGB,1157,Train,0.740859563923326,0.8292968273162842
Q3_S1_XGB_seed42,Q3,S1,XGB,1158,Train,0.762574527781987,0.8292968273162842
Q3_S1_XGB_seed42,Q3,S1,XGB,1160,Train,0.965390605715699,0.8292968273162842
Q3_S1_XGB_seed42,Q3,S1,XGB,1161,Train,0.743478810778917,0.8292968273162842
Q3_S1_XGB_seed42,Q3,S1,XGB,1162,Train,0.764183080187211,0.8292968273162842
Q3_S1_XGB_seed42,Q3,S1,XGB,1165,Train,0.86118506512759,0.8335188031196594
Q3_S1_XGB_seed42,Q3,S1,XGB,1166,Train,0.774189026409601,0.8292968273162842
Q3_S1_XGB_seed42,Q3,S1,XGB,1168,Train,0.905073760419263,0.8292968273162842
Q3_S1_XGB_seed42,Q3,S1,XGB,1169,Train,0.723035518357035,0.8292968273162842
Q3_S1_XGB_seed42,Q3,S1,XGB,1170,Train,0.826526360327323,0.8292968273162842
Q3_S1_XGB_seed42,Q3,S1,XGB,1171,Train,0.875958312856537,0.8292968273162842
Q3_S1_XGB_seed42,Q3,S1,XGB,1172,Train,0.944607596729703,0.8292968273162842
Q3_S1_XGB_seed42,Q3,S1,XGB,1173,Train,0.760209160895165,0.8292968273162842
Q3_S1_XGB_seed42,Q3,S1,XGB,1174,Train,0.820740259958004,0.8292968273162842
Q3_S1_XGB_seed42,Q3,S1,XGB,1175,Train,0.872255273289102,0.8292968273162842
Q3_S1_XGB_seed42,Q3,S1,XGB,1176,Train,0.945437666284331,0.8292968273162842
Q3_S1_XGB_seed42,Q3,S1,XGB,1178,Train,0.823357286621594,0.8292968273162842
Q3_S1_XGB_seed42,Q3,S1,XGB,1179,Train,0.891799038593436,0.8292968273162842
Q3_S1_XGB_seed42,Q3,S1,XGB,1180,Train,0.959962561862519,0.8292968273162842
Q3_S1_XGB_seed42,Q3,S1,XGB,1181,Train,0.77684465445017,0.8292968273162842
Q3_S1_XGB_seed42,Q3,S1,XGB,1182,Train,0.794780573757261,0.8292968273162842
Q3_S1_XGB_seed42,Q3,S1,XGB,1184,Train,0.996041319454468,0.8292968273162842
Q3_S1_XGB_seed42,Q3,S1,XGB,1185,Train,0.729274737980591,0.8292968273162842
Q3_S1_XGB_seed42,Q3,S1,XGB,1186,Train,0.765245089682088,0.8292968273162842
Q3_S1_XGB_seed42,Q3,S1,XGB,1187,Train,0.900060352488373,0.8292968273162842
Q3_S1_XGB_seed42,Q3,S1,XGB,1188,Train,0.974200495215366,0.8292968273162842
Q3_S1_XGB_seed42,Q3,S1,XGB,1189,Train,0.741022079805728,0.8292968273162842
Q3_S1_XGB_seed42,Q3,S1,XGB,1191,Train,0.924316467912413,0.8292968273162842
Q3_S1_XGB_seed42,Q3,S1,XGB,1194,Train,1.0309100192963,0.9663932919502258
Q3_S1_XGB_seed42,Q3,S1,XGB,1195,Train,1.0309100192963,0.9663932919502258
Q3_S1_XGB_seed42,Q3,S1,XGB,1196,Train,1.04780321656717,0.9663932919502258
Q3_S1_XGB_seed42,Q3,S1,XGB,1197,Train,1.02116378112696,0.9663932919502258
Q3_S1_XGB_seed42,Q3,S1,XGB,1199,Train,0.942863732067123,0.9663932919502258
Q3_S1_XGB_seed42,Q3,S1,XGB,1200,Train,0.858516034072475,0.9663932919502258
Q3_S1_XGB_seed42,Q3,S1,XGB,1201,Train,0.828220858895706,0.9663932919502258
Q3_S1_XGB_seed42,Q3,S1,XGB,1202,Train,1.16613648991414,0.9898707866668701
Q3_S1_XGB_seed42,Q3,S1,XGB,1203,Train,1.17590341402158,0.9898707866668701
Q3_S1_XGB_seed42,Q3,S1,XGB,1205,Train,1.15864463864469,0.9898707866668701
Q3_S1_XGB_seed42,Q3,S1,XGB,1208,Train,0.945059146949154,0.9898707866668701
Q3_S1_XGB_seed42,Q3,S1,XGB,1209,Train,0.743453636792905,0.9898707866668701
Q3_S1_XGB_seed42,Q3,S1,XGB,1210,Train,0.756610346124391,0.9898707866668701
Q3_S1_XGB_seed42,Q3,S1,XGB,1211,Train,1.14869832591629,1.0236464738845825
Q3_S1_XGB_seed42,Q3,S1,XGB,1212,Train,1.15615284385716,1.0236464738845825
Q3_S1_XGB_seed42,Q3,S1,XGB,1213,Train,1.15366382320943,1.0236464738845825
Q3_S1_XGB_seed42,Q3,S1,XGB,1214,Train,1.16146409290499,1.0236464738845825
Q3_S1_XGB_seed42,Q3,S1,XGB,1216,Train,1.09724257611613,1.0236464738845825
Q3_S1_XGB_seed42,Q3,S1,XGB,1217,Train,0.969373157471161,1.0236464738845825
Q3_S1_XGB_seed42,Q3,S1,XGB,1218,Train,0.767721189179986,1.0236464738845825
Q3_S1_XGB_seed42,Q3,S1,XGB,1219,Train,0.747774846750593,1.0236464738845825
Q3_S1_XGB_seed42,Q3,S1,XGB,1221,Train,1.19192306228115,1.0544747114181519
Q3_S1_XGB_seed42,Q3,S1,XGB,1222,Train,1.19192306228115,1.0544747114181519
Q3_S1_XGB_seed42,Q3,S1,XGB,1223,Train,1.17930396588958,1.0544747114181519
Q3_S1_XGB_seed42,Q3,S1,XGB,1224,Train,1.15378304985468,1.0544747114181519
Q3_S1_XGB_seed42,Q3,S1,XGB,1225,Train,1.14378937187987,1.0544747114181519
Q3_S1_XGB_seed42,Q3,S1,XGB,1226,Train,1.05992184543277,1.0544747114181519
Q3_S1_XGB_seed42,Q3,S1,XGB,1227,Train,0.779325256152953,1.0544747114181519
Q3_S1_XGB_seed42,Q3,S1,XGB,1228,Train,0.765644820823472,1.0544747114181519
Q3_S1_XGB_seed42,Q3,S1,XGB,8,Test,0.852320637196598,0.8514860272407532
Q3_S1_XGB_seed42,Q3,S1,XGB,16,Test,0.757910939800996,0.8514860272407532
Q3_S1_XGB_seed42,Q3,S1,XGB,33,Test,0.947878574037492,0.8581170439720154
Q3_S1_XGB_seed42,Q3,S1,XGB,40,Test,0.846204660987704,0.8514860272407532
Q3_S1_XGB_seed42,Q3,S1,XGB,41,Test,0.826322526936951,0.8156152367591858
Q3_S1_XGB_seed42,Q3,S1,XGB,49,Test,0.813872622033883,0.8514860272407532
Q3_S1_XGB_seed42,Q3,S1,XGB,55,Test,1.1800839773586,0.9588117599487305
Q3_S1_XGB_seed42,Q3,S1,XGB,60,Test,0.711458783801433,0.8570133447647095
Q3_S1_XGB_seed42,Q3,S1,XGB,62,Test,1.05868835286937,1.073296070098877
Q3_S1_XGB_seed42,Q3,S1,XGB,65,Test,0.822125963335149,0.8514860272407532
Q3_S1_XGB_seed42,Q3,S1,XGB,67,Test,0.860852339675353,0.8581170439720154
Q3_S1_XGB_seed42,Q3,S1,XGB,69,Test,0.952684962682573,0.9922921061515808
Q3_S1_XGB_seed42,Q3,S1,XGB,70,Test,1.00486544375881,1.0055248737335205
Q3_S1_XGB_seed42,Q3,S1,XGB,74,Test,0.813467798407692,0.8514860272407532
Q3_S1_XGB_seed42,Q3,S1,XGB,77,Test,0.852684600835069,0.9256734848022461
Q3_S1_XGB_seed42,Q3,S1,XGB,78,Test,0.903935228958348,0.9922921061515808
Q3_S1_XGB_seed42,Q3,S1,XGB,81,Test,0.813467798407692,0.8514860272407532
Q3_S1_XGB_seed42,Q3,S1,XGB,87,Test,0.737639852812842,0.844280481338501
Q3_S1_XGB_seed42,Q3,S1,XGB,90,Test,0.992568658138745,0.9588117599487305
Q3_S1_XGB_seed42,Q3,S1,XGB,95,Test,0.728664117820701,0.844280481338501
Q3_S1_XGB_seed42,Q3,S1,XGB,98,Test,0.920532930540302,0.9043289422988892
Q3_S1_XGB_seed42,Q3,S1,XGB,100,Test,0.81331948022468,0.8156152367591858
Q3_S1_XGB_seed42,Q3,S1,XGB,108,Test,0.802674817559499,0.8514860272407532
Q3_S1_XGB_seed42,Q3,S1,XGB,112,Test,0.900141392199746,0.9922921061515808
Q3_S1_XGB_seed42,Q3,S1,XGB,113,Test,0.904396288730716,1.0055248737335205
Q3_S1_XGB_seed42,Q3,S1,XGB,119,Test,0.810800723507938,0.8600659966468811
Q3_S1_XGB_seed42,Q3,S1,XGB,122,Test,1.07485139681547,0.9588117599487305
Q3_S1_XGB_seed42,Q3,S1,XGB,126,Test,1.01467278489236,0.9588117599487305
Q3_S1_XGB_seed42,Q3,S1,XGB,143,Test,0.998279458179488,0.9922921061515808
Q3_S1_XGB_seed42,Q3,S1,XGB,151,Test,0.81033471544061,0.8746252655982971
Q3_S1_XGB_seed42,Q3,S1,XGB,153,Test,0.843369921106177,0.9588117599487305
Q3_S1_XGB_seed42,Q3,S1,XGB,154,Test,0.821094228516559,0.9588117599487305
Q3_S1_XGB_seed42,Q3,S1,XGB,155,Test,0.919162757835833,0.9588117599487305
Q3_S1_XGB_seed42,Q3,S1,XGB,156,Test,1.03546229011457,0.9588117599487305
Q3_S1_XGB_seed42,Q3,S1,XGB,171,Test,0.906717139703928,0.8746252655982971
Q3_S1_XGB_seed42,Q3,S1,XGB,173,Test,0.912905287026554,0.8746252655982971
Q3_S1_XGB_seed42,Q3,S1,XGB,204,Test,1.1393357833334,1.1256029605865479
Q3_S1_XGB_seed42,Q3,S1,XGB,210,Test,0.936810267937746,0.866844117641449
Q3_S1_XGB_seed42,Q3,S1,XGB,214,Test,1.22065556157337,1.2083206176757812
Q3_S1_XGB_seed42,Q3,S1,XGB,228,Test,1.06344855958423,1.095564603805542
Q3_S1_XGB_seed42,Q3,S1,XGB,234,Test,1.11427419043542,0.9145012497901917
Q3_S1_XGB_seed42,Q3,S1,XGB,235,Test,0.961279319724471,0.9377202391624451
Q3_S1_XGB_seed42,Q3,S1,XGB,244,Test,0.893061283610279,0.866844117641449
Q3_S1_XGB_seed42,Q3,S1,XGB,245,Test,1.23569967731168,1.222840666770935
Q3_S1_XGB_seed42,Q3,S1,XGB,246,Test,0.971990987958718,0.9145012497901917
Q3_S1_XGB_seed42,Q3,S1,XGB,254,Test,1.03327416363859,0.9821776747703552
Q3_S1_XGB_seed42,Q3,S1,XGB,257,Test,1.12250446697086,1.1256029605865479
Q3_S1_XGB_seed42,Q3,S1,XGB,275,Test,0.939184508560139,0.9145012497901917
Q3_S1_XGB_seed42,Q3,S1,XGB,284,Test,1.00509196322014,0.9821776747703552
Q3_S1_XGB_seed42,Q3,S1,XGB,295,Test,0.912592939485118,0.9821776747703552
Q3_S1_XGB_seed42,Q3,S1,XGB,296,Test,0.823590841598461,0.9821776747703552
Q3_S1_XGB_seed42,Q3,S1,XGB,301,Test,1.0639187054379,0.9388510584831238
Q3_S1_XGB_seed42,Q3,S1,XGB,321,Test,1.19182986579302,1.0594120025634766
Q3_S1_XGB_seed42,Q3,S1,XGB,326,Test,0.826607210133647,0.9821776747703552
Q3_S1_XGB_seed42,Q3,S1,XGB,338,Test,1.04267580718159,1.095564603805542
Q3_S1_XGB_seed42,Q3,S1,XGB,341,Test,0.893800025847912,0.8769867420196533
Q3_S1_XGB_seed42,Q3,S1,XGB,342,Test,0.822125963335149,0.866844117641449
Q3_S1_XGB_seed42,Q3,S1,XGB,343,Test,1.23045619628522,1.222840666770935
Q3_S1_XGB_seed42,Q3,S1,XGB,360,Test,0.928486314599026,0.9821776747703552
Q3_S1_XGB_seed42,Q3,S1,XGB,361,Test,0.817874479739484,0.8834752440452576
Q3_S1_XGB_seed42,Q3,S1,XGB,362,Test,0.804103761789322,0.9388510584831238
Q3_S1_XGB_seed42,Q3,S1,XGB,364,Test,0.807372310203011,0.8358890414237976
Q3_S1_XGB_seed42,Q3,S1,XGB,366,Test,0.793688616630125,0.8105812668800354
Q3_S1_XGB_seed42,Q3,S1,XGB,368,Test,0.778410456559892,0.7831655740737915
Q3_S1_XGB_seed42,Q3,S1,XGB,370,Test,0.797044767127811,0.8700205087661743
Q3_S1_XGB_seed42,Q3,S1,XGB,371,Test,0.798595345560752,0.8829394578933716
Q3_S1_XGB_seed42,Q3,S1,XGB,386,Test,1.13574687602424,1.1033172607421875
Q3_S1_XGB_seed42,Q3,S1,XGB,397,Test,1.1186386283466,1.0594120025634766
Q3_S1_XGB_seed42,Q3,S1,XGB,399,Test,0.87291386843261,0.9821776747703552
Q3_S1_XGB_seed42,Q3,S1,XGB,401,Test,0.815966834108385,0.9821776747703552
Q3_S1_XGB_seed42,Q3,S1,XGB,411,Test,0.877864354166367,0.866844117641449
Q3_S1_XGB_seed42,Q3,S1,XGB,415,Test,0.925526846600607,0.8769867420196533
Q3_S1_XGB_seed42,Q3,S1,XGB,416,Test,0.849045399851102,0.9821776747703552
Q3_S1_XGB_seed42,Q3,S1,XGB,417,Test,0.808514768466947,0.9821776747703552
Q3_S1_XGB_seed42,Q3,S1,XGB,427,Test,1.215634689863,1.2083206176757812
Q3_S1_XGB_seed42,Q3,S1,XGB,429,Test,1.10827609567712,1.0594120025634766
Q3_S1_XGB_seed42,Q3,S1,XGB,431,Test,0.881268697770986,1.0594120025634766
Q3_S1_XGB_seed42,Q3,S1,XGB,437,Test,1.13482643199722,1.0594120025634766
Q3_S1_XGB_seed42,Q3,S1,XGB,439,Test,0.902931191290748,1.0594120025634766
Q3_S1_XGB_seed42,Q3,S1,XGB,444,Test,0.924601655563363,0.866844117641449
Q3_S1_XGB_seed42,Q3,S1,XGB,447,Test,0.929918995294268,0.9377202391624451
Q3_S1_XGB_seed42,Q3,S1,XGB,448,Test,1.21062408455055,1.2083206176757812
Q3_S1_XGB_seed42,Q3,S1,XGB,467,Test,0.84311310408725,0.8783199787139893
Q3_S1_XGB_seed42,Q3,S1,XGB,480,Test,0.821675056584442,0.8783199787139893
Q3_S1_XGB_seed42,Q3,S1,XGB,490,Test,0.860232526704263,0.8332926630973816
Q3_S1_XGB_seed42,Q3,S1,XGB,497,Test,0.865613735535156,0.8479515314102173
Q3_S1_XGB_seed42,Q3,S1,XGB,499,Test,0.818501856967033,0.8479515314102173
Q3_S1_XGB_seed42,Q3,S1,XGB,508,Test,0.869145624340571,0.8783199787139893
Q3_S1_XGB_seed42,Q3,S1,XGB,513,Test,0.777541657084211,0.8479788899421692
Q3_S1_XGB_seed42,Q3,S1,XGB,514,Test,0.872373442452523,0.8783199787139893
Q3_S1_XGB_seed42,Q3,S1,XGB,515,Test,0.761899976261084,0.8332926630973816
Q3_S1_XGB_seed42,Q3,S1,XGB,519,Test,0.792940350167374,0.8783199787139893
Q3_S1_XGB_seed42,Q3,S1,XGB,522,Test,0.795876748277848,0.8332926630973816
Q3_S1_XGB_seed42,Q3,S1,XGB,525,Test,0.787590206185008,0.8479788899421692
Q3_S1_XGB_seed42,Q3,S1,XGB,531,Test,0.746485628020581,0.8332926630973816
Q3_S1_XGB_seed42,Q3,S1,XGB,534,Test,0.887000548342337,0.7572550773620605
Q3_S1_XGB_seed42,Q3,S1,XGB,535,Test,0.833498423244719,0.7572550773620605
Q3_S1_XGB_seed42,Q3,S1,XGB,537,Test,0.793151072002874,0.7572550773620605
Q3_S1_XGB_seed42,Q3,S1,XGB,539,Test,0.970060488345038,0.8292968273162842
Q3_S1_XGB_seed42,Q3,S1,XGB,546,Test,0.889020469334822,0.8885408639907837
Q3_S1_XGB_seed42,Q3,S1,XGB,551,Test,0.831260172592189,0.7572550773620605
Q3_S1_XGB_seed42,Q3,S1,XGB,553,Test,0.826849384947378,0.7572550773620605
Q3_S1_XGB_seed42,Q3,S1,XGB,564,Test,0.878262057500151,0.8292968273162842
Q3_S1_XGB_seed42,Q3,S1,XGB,576,Test,0.742339670007947,0.7572550773620605
Q3_S1_XGB_seed42,Q3,S1,XGB,579,Test,0.886763619447251,0.7572550773620605
Q3_S1_XGB_seed42,Q3,S1,XGB,587,Test,0.861216463662039,0.8885408639907837
Q3_S1_XGB_seed42,Q3,S1,XGB,611,Test,0.77213333007826,0.7572550773620605
Q3_S1_XGB_seed42,Q3,S1,XGB,612,Test,0.764913144503674,0.7572550773620605
Q3_S1_XGB_seed42,Q3,S1,XGB,613,Test,0.728688971473978,0.7572550773620605
Q3_S1_XGB_seed42,Q3,S1,XGB,616,Test,0.880044085567343,0.8885408639907837
Q3_S1_XGB_seed42,Q3,S1,XGB,617,Test,0.807585700067222,0.8885408639907837
Q3_S1_XGB_seed42,Q3,S1,XGB,618,Test,0.77074592040747,0.8885408639907837
Q3_S1_XGB_seed42,Q3,S1,XGB,620,Test,0.874724003831233,0.8885408639907837
Q3_S1_XGB_seed42,Q3,S1,XGB,625,Test,0.758709176213725,0.7572550773620605
Q3_S1_XGB_seed42,Q3,S1,XGB,629,Test,0.889817242212127,0.8292968273162842
Q3_S1_XGB_seed42,Q3,S1,XGB,631,Test,0.798143063448458,0.8292968273162842
Q3_S1_XGB_seed42,Q3,S1,XGB,634,Test,0.825733401774114,0.8292968273162842
Q3_S1_XGB_seed42,Q3,S1,XGB,635,Test,0.834632208487437,0.8292968273162842
Q3_S1_XGB_seed42,Q3,S1,XGB,637,Test,0.809354767359919,0.8885408639907837
Q3_S1_XGB_seed42,Q3,S1,XGB,640,Test,0.876039548113258,0.8885408639907837
Q3_S1_XGB_seed42,Q3,S1,XGB,643,Test,0.945850340334221,0.8885408639907837
Q3_S1_XGB_seed42,Q3,S1,XGB,644,Test,0.818498551872722,0.7572550773620605
Q3_S1_XGB_seed42,Q3,S1,XGB,646,Test,0.75408366475121,0.7572550773620605
Q3_S1_XGB_seed42,Q3,S1,XGB,647,Test,0.747247842259885,0.7572550773620605
Q3_S1_XGB_seed42,Q3,S1,XGB,654,Test,0.851986068586528,0.8885408639907837
Q3_S1_XGB_seed42,Q3,S1,XGB,664,Test,0.741549273895159,0.7572550773620605
Q3_S1_XGB_seed42,Q3,S1,XGB,668,Test,0.851986068586528,0.8885408639907837
Q3_S1_XGB_seed42,Q3,S1,XGB,673,Test,0.976796171044411,0.8885408639907837
Q3_S1_XGB_seed42,Q3,S1,XGB,676,Test,0.791863787278371,0.7572550773620605
Q3_S1_XGB_seed42,Q3,S1,XGB,680,Test,0.75024454341863,0.7572550773620605
Q3_S1_XGB_seed42,Q3,S1,XGB,682,Test,0.689926541089295,0.7572550773620605
Q3_S1_XGB_seed42,Q3,S1,XGB,684,Test,0.769420608847027,0.8292968273162842
Q3_S1_XGB_seed42,Q3,S1,XGB,691,Test,0.792036479454565,0.8292968273162842
Q3_S1_XGB_seed42,Q3,S1,XGB,699,Test,1.01805929822394,0.8885408639907837
Q3_S1_XGB_seed42,Q3,S1,XGB,721,Test,0.713090900306153,0.7572550773620605
Q3_S1_XGB_seed42,Q3,S1,XGB,733,Test,0.708619564845011,0.7572550773620605
Q3_S1_XGB_seed42,Q3,S1,XGB,749,Test,1.0745623846132,0.8885408639907837
Q3_S1_XGB_seed42,Q3,S1,XGB,750,Test,0.732807913562506,0.7572550773620605
Q3_S1_XGB_seed42,Q3,S1,XGB,757,Test,0.754667374526097,0.7572550773620605
Q3_S1_XGB_seed42,Q3,S1,XGB,764,Test,0.778229870410982,0.8292968273162842
Q3_S1_XGB_seed42,Q3,S1,XGB,783,Test,0.786408672212412,0.8292968273162842
Q3_S1_XGB_seed42,Q3,S1,XGB,784,Test,0.753576013281286,0.8292968273162842
Q3_S1_XGB_seed42,Q3,S1,XGB,785,Test,0.796451175291166,0.8292968273162842
Q3_S1_XGB_seed42,Q3,S1,XGB,791,Test,0.764115759199259,0.7572550773620605
Q3_S1_XGB_seed42,Q3,S1,XGB,794,Test,0.803883097711839,0.8292968273162842
Q3_S1_XGB_seed42,Q3,S1,XGB,803,Test,0.864887132936625,0.8885408639907837
Q3_S1_XGB_seed42,Q3,S1,XGB,811,Test,0.735934933307509,0.7572550773620605
Q3_S1_XGB_seed42,Q3,S1,XGB,812,Test,0.696679662727248,0.7572550773620605
Q3_S1_XGB_seed42,Q3,S1,XGB,826,Test,0.86511259293188,0.8292968273162842
Q3_S1_XGB_seed42,Q3,S1,XGB,829,Test,0.799304941599041,0.8292968273162842
Q3_S1_XGB_seed42,Q3,S1,XGB,835,Test,0.834074420809216,0.8292968273162842
Q3_S1_XGB_seed42,Q3,S1,XGB,840,Test,0.76156027562374,0.8292968273162842
Q3_S1_XGB_seed42,Q3,S1,XGB,842,Test,0.827016737870009,0.8292968273162842
Q3_S1_XGB_seed42,Q3,S1,XGB,844,Test,0.782523228550948,0.8292968273162842
Q3_S1_XGB_seed42,Q3,S1,XGB,847,Test,1.05187627303712,0.8335188031196594
Q3_S1_XGB_seed42,Q3,S1,XGB,852,Test,1.0,0.8292968273162842
Q3_S1_XGB_seed42,Q3,S1,XGB,854,Test,0.98736628129819,0.8292968273162842
Q3_S1_XGB_seed42,Q3,S1,XGB,857,Test,0.829831231648525,0.8292968273162842
Q3_S1_XGB_seed42,Q3,S1,XGB,864,Test,0.829581934480047,0.8292968273162842
Q3_S1_XGB_seed42,Q3,S1,XGB,867,Test,0.753705950531613,0.8292968273162842
Q3_S1_XGB_seed42,Q3,S1,XGB,872,Test,0.756109151147717,0.8292968273162842
Q3_S1_XGB_seed42,Q3,S1,XGB,876,Test,0.850544221972722,0.8292968273162842
Q3_S1_XGB_seed42,Q3,S1,XGB,878,Test,0.768122786122246,0.8292968273162842
Q3_S1_XGB_seed42,Q3,S1,XGB,883,Test,0.764260833453758,0.8292968273162842
Q3_S1_XGB_seed42,Q3,S1,XGB,888,Test,0.829146849424817,0.8292968273162842
Q3_S1_XGB_seed42,Q3,S1,XGB,893,Test,0.813477995464056,0.8292968273162842
Q3_S1_XGB_seed42,Q3,S1,XGB,904,Test,0.844991284927913,0.8292968273162842
Q3_S1_XGB_seed42,Q3,S1,XGB,910,Test,0.822650923078357,0.8292968273162842
Q3_S1_XGB_seed42,Q3,S1,XGB,912,Test,0.842926286538743,0.8292968273162842
Q3_S1_XGB_seed42,Q3,S1,XGB,914,Test,0.756129198325393,0.8292968273162842
Q3_S1_XGB_seed42,Q3,S1,XGB,915,Test,0.763012843752246,0.8292968273162842
Q3_S1_XGB_seed42,Q3,S1,XGB,922,Test,0.898181417669202,0.8292968273162842
Q3_S1_XGB_seed42,Q3,S1,XGB,927,Test,0.852524328493307,0.8292968273162842
Q3_S1_XGB_seed42,Q3,S1,XGB,943,Test,0.806233218706077,0.8292968273162842
Q3_S1_XGB_seed42,Q3,S1,XGB,945,Test,0.766743793103087,0.8292968273162842
Q3_S1_XGB_seed42,Q3,S1,XGB,955,Test,1.01472282521954,0.8292968273162842
Q3_S1_XGB_seed42,Q3,S1,XGB,957,Test,0.80717197123045,0.8292968273162842
Q3_S1_XGB_seed42,Q3,S1,XGB,958,Test,0.835775714089677,0.8292968273162842
Q3_S1_XGB_seed42,Q3,S1,XGB,964,Test,0.855616672954909,0.8292968273162842
Q3_S1_XGB_seed42,Q3,S1,XGB,965,Test,0.933768178822049,0.8292968273162842
Q3_S1_XGB_seed42,Q3,S1,XGB,966,Test,0.705375122357597,0.8292968273162842
Q3_S1_XGB_seed42,Q3,S1,XGB,980,Test,0.799615295736052,0.8292968273162842
Q3_S1_XGB_seed42,Q3,S1,XGB,984,Test,0.808672040193808,0.8292968273162842
Q3_S1_XGB_seed42,Q3,S1,XGB,989,Test,0.856527083574307,0.8292968273162842
Q3_S1_XGB_seed42,Q3,S1,XGB,995,Test,0.94122051777521,0.8292968273162842
Q3_S1_XGB_seed42,Q3,S1,XGB,1001,Test,0.738780628318686,0.8292968273162842
Q3_S1_XGB_seed42,Q3,S1,XGB,1002,Test,0.856382665714486,0.8292968273162842
Q3_S1_XGB_seed42,Q3,S1,XGB,1003,Test,0.951611665438936,0.8292968273162842
Q3_S1_XGB_seed42,Q3,S1,XGB,1010,Test,0.807372310203011,0.8292968273162842
Q3_S1_XGB_seed42,Q3,S1,XGB,1019,Test,0.97754928544809,0.8292968273162842
Q3_S1_XGB_seed42,Q3,S1,XGB,1026,Test,0.766073853156941,0.8292968273162842
Q3_S1_XGB_seed42,Q3,S1,XGB,1027,Test,0.870226290982859,0.8292968273162842
Q3_S1_XGB_seed42,Q3,S1,XGB,1031,Test,0.936481518609124,0.8292968273162842
Q3_S1_XGB_seed42,Q3,S1,XGB,1041,Test,0.793027846274449,0.8292968273162842
Q3_S1_XGB_seed42,Q3,S1,XGB,1047,Test,0.92043966507775,0.8292968273162842
Q3_S1_XGB_seed42,Q3,S1,XGB,1058,Test,0.882445021438997,0.8292968273162842
Q3_S1_XGB_seed42,Q3,S1,XGB,1059,Test,0.696130860398804,0.8292968273162842
Q3_S1_XGB_seed42,Q3,S1,XGB,1062,Test,0.938995087972337,0.8292968273162842
Q3_S1_XGB_seed42,Q3,S1,XGB,1063,Test,0.724687392452051,0.8292968273162842
Q3_S1_XGB_seed42,Q3,S1,XGB,1067,Test,0.692510670315816,0.8292968273162842
Q3_S1_XGB_seed42,Q3,S1,XGB,1072,Test,0.791863787278371,0.8292968273162842
Q3_S1_XGB_seed42,Q3,S1,XGB,1075,Test,0.746982840546495,0.8292968273162842
Q3_S1_XGB_seed42,Q3,S1,XGB,1087,Test,0.788316855346138,0.8292968273162842
Q3_S1_XGB_seed42,Q3,S1,XGB,1100,Test,0.874724003831233,0.8292968273162842
Q3_S1_XGB_seed42,Q3,S1,XGB,1106,Test,0.737991169849063,0.8292968273162842
Q3_S1_XGB_seed42,Q3,S1,XGB,1107,Test,0.760892032233977,0.8292968273162842
Q3_S1_XGB_seed42,Q3,S1,XGB,1112,Test,0.894448704342633,0.8292968273162842
Q3_S1_XGB_seed42,Q3,S1,XGB,1116,Test,0.949081938843105,0.8292968273162842
Q3_S1_XGB_seed42,Q3,S1,XGB,1127,Test,0.893412560197882,0.8292968273162842
Q3_S1_XGB_seed42,Q3,S1,XGB,1129,Test,0.736375333711986,0.8292968273162842
Q3_S1_XGB_seed42,Q3,S1,XGB,1138,Test,0.785294421397043,0.8292968273162842
Q3_S1_XGB_seed42,Q3,S1,XGB,1150,Test,0.818012884857102,0.8292968273162842
Q3_S1_XGB_seed42,Q3,S1,XGB,1156,Test,0.987350077425618,0.8292968273162842
Q3_S1_XGB_seed42,Q3,S1,XGB,1159,Test,0.854579770296881,0.8292968273162842
Q3_S1_XGB_seed42,Q3,S1,XGB,1163,Test,0.880095843518457,0.8292968273162842
Q3_S1_XGB_seed42,Q3,S1,XGB,1164,Test,0.963352339838838,0.8292968273162842
Q3_S1_XGB_seed42,Q3,S1,XGB,1167,Test,0.780601625075104,0.8292968273162842
Q3_S1_XGB_seed42,Q3,S1,XGB,1177,Test,0.717878780699404,0.8292968273162842
Q3_S1_XGB_seed42,Q3,S1,XGB,1183,Test,0.94370407868224,0.8292968273162842
Q3_S1_XGB_seed42,Q3,S1,XGB,1190,Test,0.772100152115195,0.8292968273162842
Q3_S1_XGB_seed42,Q3,S1,XGB,1192,Test,0.970053895441174,0.8292968273162842
Q3_S1_XGB_seed42,Q3,S1,XGB,1193,Test,1.06402417781585,0.9663932919502258
Q3_S1_XGB_seed42,Q3,S1,XGB,1198,Test,1.00621600482152,0.9663932919502258
Q3_S1_XGB_seed42,Q3,S1,XGB,1204,Test,1.17590341402158,0.9898707866668701
Q3_S1_XGB_seed42,Q3,S1,XGB,1206,Test,1.14889975557443,0.9898707866668701
Q3_S1_XGB_seed42,Q3,S1,XGB,1207,Test,1.15184604574972,0.9898707866668701
Q3_S1_XGB_seed42,Q3,S1,XGB,1215,Test,1.12665504657055,1.0236464738845825
Q3_S1_XGB_seed42,Q3,S1,XGB,1220,Test,1.1943087167904,1.0544747114181519
Q3_S2_XGB_seed42,Q3,S2,XGB,5,Train,1.11514676750688,1.0618175268173218
Q3_S2_XGB_seed42,Q3,S2,XGB,6,Train,1.0565765573796,1.0354937314987183
Q3_S2_XGB_seed42,Q3,S2,XGB,7,Train,0.896984787073229,0.9062976837158203
Q3_S2_XGB_seed42,Q3,S2,XGB,9,Train,0.76051362037454,0.7482340335845947
Q3_S2_XGB_seed42,Q3,S2,XGB,10,Train,0.950497286823995,0.9273544549942017
Q3_S2_XGB_seed42,Q3,S2,XGB,12,Train,1.07686468394027,0.8927507996559143
Q3_S2_XGB_seed42,Q3,S2,XGB,13,Train,0.933147035394019,0.912487804889679
Q3_S2_XGB_seed42,Q3,S2,XGB,14,Train,0.785557623630764,0.7930576205253601
Q3_S2_XGB_seed42,Q3,S2,XGB,15,Train,0.842644918243032,0.7922279238700867
Q3_S2_XGB_seed42,Q3,S2,XGB,17,Train,0.886580948587187,0.874023973941803
Q3_S2_XGB_seed42,Q3,S2,XGB,18,Train,0.934277126829998,0.8889159560203552
Q3_S2_XGB_seed42,Q3,S2,XGB,20,Train,1.23705008651909,1.2214926481246948
Q3_S2_XGB_seed42,Q3,S2,XGB,21,Train,1.12081929484091,1.1242002248764038
Q3_S2_XGB_seed42,Q3,S2,XGB,22,Train,1.01850275153181,0.9089353680610657
Q3_S2_XGB_seed42,Q3,S2,XGB,23,Train,0.870122736694625,0.9089353680610657
Q3_S2_XGB_seed42,Q3,S2,XGB,24,Train,0.901897886930289,0.8837333917617798
Q3_S2_XGB_seed42,Q3,S2,XGB,28,Train,1.10127559245174,1.085702657699585
Q3_S2_XGB_seed42,Q3,S2,XGB,29,Train,1.00531824737307,0.9934913516044617
Q3_S2_XGB_seed42,Q3,S2,XGB,30,Train,0.920314571147693,0.9006167054176331
Q3_S2_XGB_seed42,Q3,S2,XGB,31,Train,0.842933486548124,0.8755187392234802
Q3_S2_XGB_seed42,Q3,S2,XGB,32,Train,0.866913768550946,0.8711238503456116
Q3_S2_XGB_seed42,Q3,S2,XGB,34,Train,1.00281893894957,0.9748023748397827
Q3_S2_XGB_seed42,Q3,S2,XGB,35,Train,1.0400567900952,1.0426239967346191
Q3_S2_XGB_seed42,Q3,S2,XGB,36,Train,1.07283135226429,1.0488604307174683
Q3_S2_XGB_seed42,Q3,S2,XGB,37,Train,1.0544181367815,1.0694005489349365
Q3_S2_XGB_seed42,Q3,S2,XGB,38,Train,0.973831697368482,0.9772137999534607
Q3_S2_XGB_seed42,Q3,S2,XGB,39,Train,0.906030407651833,0.9006167054176331
Q3_S2_XGB_seed42,Q3,S2,XGB,42,Train,0.899866388788341,0.8781382441520691
Q3_S2_XGB_seed42,Q3,S2,XGB,43,Train,0.929645323254218,0.9235559105873108
Q3_S2_XGB_seed42,Q3,S2,XGB,44,Train,0.962587613991127,0.9670615196228027
Q3_S2_XGB_seed42,Q3,S2,XGB,45,Train,0.964652847972138,0.953289270401001
Q3_S2_XGB_seed42,Q3,S2,XGB,46,Train,1.00614212656907,1.0004271268844604
Q3_S2_XGB_seed42,Q3,S2,XGB,47,Train,0.841068495208582,0.888390839099884
Q3_S2_XGB_seed42,Q3,S2,XGB,48,Train,0.777823644006181,0.7930576205253601
Q3_S2_XGB_seed42,Q3,S2,XGB,50,Train,0.736439137486459,0.7429378628730774
Q3_S2_XGB_seed42,Q3,S2,XGB,51,Train,0.827266068741322,0.8351144194602966
Q3_S2_XGB_seed42,Q3,S2,XGB,52,Train,0.965447930384461,0.9201696515083313
Q3_S2_XGB_seed42,Q3,S2,XGB,53,Train,0.823869594684897,0.8336599469184875
Q3_S2_XGB_seed42,Q3,S2,XGB,56,Train,1.06631401603798,0.9715527892112732
Q3_S2_XGB_seed42,Q3,S2,XGB,57,Train,0.920757730594384,0.9086188673973083
Q3_S2_XGB_seed42,Q3,S2,XGB,58,Train,0.874320308993983,0.8975436687469482
Q3_S2_XGB_seed42,Q3,S2,XGB,59,Train,0.924047364068431,0.9473022222518921
Q3_S2_XGB_seed42,Q3,S2,XGB,61,Train,0.949867691891581,0.957785427570343
Q3_S2_XGB_seed42,Q3,S2,XGB,63,Train,0.976976532023534,0.9746357798576355
Q3_S2_XGB_seed42,Q3,S2,XGB,64,Train,0.906801235757686,0.9144101142883301
Q3_S2_XGB_seed42,Q3,S2,XGB,66,Train,0.812015177575546,0.814845621585846
Q3_S2_XGB_seed42,Q3,S2,XGB,68,Train,0.898774056329083,0.9047076106071472
Q3_S2_XGB_seed42,Q3,S2,XGB,71,Train,1.03757357258339,1.0839883089065552
Q3_S2_XGB_seed42,Q3,S2,XGB,72,Train,0.953736688508713,0.9746357798576355
Q3_S2_XGB_seed42,Q3,S2,XGB,73,Train,0.883117327217867,0.8796408176422119
Q3_S2_XGB_seed42,Q3,S2,XGB,75,Train,0.800814624767177,0.8079584836959839
Q3_S2_XGB_seed42,Q3,S2,XGB,76,Train,0.821675056584442,0.8391113877296448
Q3_S2_XGB_seed42,Q3,S2,XGB,79,Train,0.912142251080241,0.953289270401001
Q3_S2_XGB_seed42,Q3,S2,XGB,80,Train,0.934315649073268,0.9299057722091675
Q3_S2_XGB_seed42,Q3,S2,XGB,82,Train,0.772100152115195,0.7930576205253601
Q3_S2_XGB_seed42,Q3,S2,XGB,83,Train,0.82751179955198,0.8354393839836121
Q3_S2_XGB_seed42,Q3,S2,XGB,84,Train,0.735308773693085,0.7446429133415222
Q3_S2_XGB_seed42,Q3,S2,XGB,85,Train,0.804863789287563,0.8303521871566772
Q3_S2_XGB_seed42,Q3,S2,XGB,86,Train,0.91052496907352,0.9136255979537964
Q3_S2_XGB_seed42,Q3,S2,XGB,89,Train,1.12534479349634,1.1242002248764038
Q3_S2_XGB_seed42,Q3,S2,XGB,91,Train,0.85684247351947,0.9089353680610657
Q3_S2_XGB_seed42,Q3,S2,XGB,92,Train,0.869365755467141,0.8690218925476074
Q3_S2_XGB_seed42,Q3,S2,XGB,93,Train,0.974544273463535,0.9784213304519653
Q3_S2_XGB_seed42,Q3,S2,XGB,94,Train,0.699692444654365,0.7159256935119629
Q3_S2_XGB_seed42,Q3,S2,XGB,96,Train,1.07945554814053,1.039249062538147
Q3_S2_XGB_seed42,Q3,S2,XGB,97,Train,0.99614458008211,1.0055900812149048
Q3_S2_XGB_seed42,Q3,S2,XGB,99,Train,0.837452530024711,0.834926426410675
Q3_S2_XGB_seed42,Q3,S2,XGB,101,Train,0.877938882001441,0.8638066649436951
Q3_S2_XGB_seed42,Q3,S2,XGB,102,Train,0.930366682240684,0.9195253252983093
Q3_S2_XGB_seed42,Q3,S2,XGB,103,Train,0.976414639385889,0.9819047451019287
Q3_S2_XGB_seed42,Q3,S2,XGB,104,Train,1.02231802183271,1.0048307180404663
Q3_S2_XGB_seed42,Q3,S2,XGB,105,Train,1.04170153253153,1.048189640045166
Q3_S2_XGB_seed42,Q3,S2,XGB,106,Train,0.962148070655844,0.9676311016082764
Q3_S2_XGB_seed42,Q3,S2,XGB,107,Train,0.877227261616662,0.9006167054176331
Q3_S2_XGB_seed42,Q3,S2,XGB,109,Train,0.775453968442856,0.796320915222168
Q3_S2_XGB_seed42,Q3,S2,XGB,110,Train,0.807135366414901,0.8175759315490723
Q3_S2_XGB_seed42,Q3,S2,XGB,111,Train,0.858775531141403,0.8825730085372925
Q3_S2_XGB_seed42,Q3,S2,XGB,114,Train,0.8765668989859,0.901578426361084
Q3_S2_XGB_seed42,Q3,S2,XGB,115,Train,0.820060973342836,0.834926426410675
Q3_S2_XGB_seed42,Q3,S2,XGB,116,Train,0.74651756923174,0.7747930288314819
Q3_S2_XGB_seed42,Q3,S2,XGB,117,Train,0.842907501341001,0.8396003246307373
Q3_S2_XGB_seed42,Q3,S2,XGB,118,Train,0.73095404771111,0.7469948530197144
Q3_S2_XGB_seed42,Q3,S2,XGB,120,Train,0.852320637196598,0.8500108122825623
Q3_S2_XGB_seed42,Q3,S2,XGB,123,Train,0.931712883387309,0.9089353680610657
Q3_S2_XGB_seed42,Q3,S2,XGB,124,Train,0.816470299348186,0.872789204120636
Q3_S2_XGB_seed42,Q3,S2,XGB,125,Train,0.904169723291315,0.9089353680610657
Q3_S2_XGB_seed42,Q3,S2,XGB,127,Train,0.766407774105349,0.8059306740760803
Q3_S2_XGB_seed42,Q3,S2,XGB,129,Train,0.854253259929068,0.8662939071655273
Q3_S2_XGB_seed42,Q3,S2,XGB,130,Train,0.859202484788517,0.8620058298110962
Q3_S2_XGB_seed42,Q3,S2,XGB,131,Train,0.825559406026328,0.8603276610374451
Q3_S2_XGB_seed42,Q3,S2,XGB,132,Train,0.779662587096313,0.7778182625770569
Q3_S2_XGB_seed42,Q3,S2,XGB,133,Train,0.897063983849173,0.9030447006225586
Q3_S2_XGB_seed42,Q3,S2,XGB,134,Train,0.731582105741902,0.7645564079284668
Q3_S2_XGB_seed42,Q3,S2,XGB,136,Train,1.11873809026471,1.0839883089065552
Q3_S2_XGB_seed42,Q3,S2,XGB,137,Train,1.03307658025924,1.011608362197876
Q3_S2_XGB_seed42,Q3,S2,XGB,138,Train,0.938094690126679,0.9191157221794128
Q3_S2_XGB_seed42,Q3,S2,XGB,139,Train,0.865836496621492,0.8550786972045898
Q3_S2_XGB_seed42,Q3,S2,XGB,140,Train,0.81886553699064,0.808992862701416
Q3_S2_XGB_seed42,Q3,S2,XGB,141,Train,0.886590643030329,0.8821362257003784
Q3_S2_XGB_seed42,Q3,S2,XGB,142,Train,0.936618684449866,0.9387491941452026
Q3_S2_XGB_seed42,Q3,S2,XGB,144,Train,1.03909437030581,1.0436190366744995
Q3_S2_XGB_seed42,Q3,S2,XGB,145,Train,0.847375648720677,0.8927507996559143
Q3_S2_XGB_seed42,Q3,S2,XGB,146,Train,0.823886993768721,0.8370396494865417
Q3_S2_XGB_seed42,Q3,S2,XGB,147,Train,0.814845935224556,0.8815041184425354
Q3_S2_XGB_seed42,Q3,S2,XGB,148,Train,0.926494074528407,0.8837809562683105
Q3_S2_XGB_seed42,Q3,S2,XGB,149,Train,0.723790296687503,0.7359278202056885
Q3_S2_XGB_seed42,Q3,S2,XGB,150,Train,0.83911607828791,0.8320697546005249
Q3_S2_XGB_seed42,Q3,S2,XGB,152,Train,1.03982899113222,1.0193848609924316
Q3_S2_XGB_seed42,Q3,S2,XGB,157,Train,0.857957011285251,0.8614585399627686
Q3_S2_XGB_seed42,Q3,S2,XGB,158,Train,0.824492863020455,0.8495249152183533
Q3_S2_XGB_seed42,Q3,S2,XGB,159,Train,0.831933637325084,0.8352822065353394
Q3_S2_XGB_seed42,Q3,S2,XGB,160,Train,0.87058484268274,0.8336381912231445
Q3_S2_XGB_seed42,Q3,S2,XGB,161,Train,0.953709001950396,0.8815041184425354
Q3_S2_XGB_seed42,Q3,S2,XGB,162,Train,0.748051942207763,0.7469948530197144
Q3_S2_XGB_seed42,Q3,S2,XGB,163,Train,0.771800126144815,0.8159029483795166
Q3_S2_XGB_seed42,Q3,S2,XGB,164,Train,1.03559606790605,1.0412989854812622
Q3_S2_XGB_seed42,Q3,S2,XGB,165,Train,0.803044753553073,0.8330955505371094
Q3_S2_XGB_seed42,Q3,S2,XGB,166,Train,0.83233691267763,0.9112167954444885
Q3_S2_XGB_seed42,Q3,S2,XGB,167,Train,0.94383618222052,0.9441732168197632
Q3_S2_XGB_seed42,Q3,S2,XGB,168,Train,1.03751339989451,1.01209557056427
Q3_S2_XGB_seed42,Q3,S2,XGB,169,Train,0.808409412610811,0.8530421257019043
Q3_S2_XGB_seed42,Q3,S2,XGB,170,Train,0.905409565154336,0.8636512756347656
Q3_S2_XGB_seed42,Q3,S2,XGB,172,Train,0.910340354147792,0.8923463225364685
Q3_S2_XGB_seed42,Q3,S2,XGB,195,Train,1.12517950776161,1.133179783821106
Q3_S2_XGB_seed42,Q3,S2,XGB,196,Train,1.12868176576461,1.130050539970398
Q3_S2_XGB_seed42,Q3,S2,XGB,197,Train,1.13400469131662,1.1308362483978271
Q3_S2_XGB_seed42,Q3,S2,XGB,198,Train,1.1545232562397,1.1366950273513794
Q3_S2_XGB_seed42,Q3,S2,XGB,199,Train,1.14290667777114,1.1424360275268555
Q3_S2_XGB_seed42,Q3,S2,XGB,200,Train,1.12785654669737,1.134560465812683
Q3_S2_XGB_seed42,Q3,S2,XGB,201,Train,1.12602340161149,1.1295615434646606
Q3_S2_XGB_seed42,Q3,S2,XGB,202,Train,1.13400469131662,1.13009512424469
Q3_S2_XGB_seed42,Q3,S2,XGB,203,Train,1.14467492771398,1.1356550455093384
Q3_S2_XGB_seed42,Q3,S2,XGB,205,Train,1.32560048277304,1.3131948709487915
Q3_S2_XGB_seed42,Q3,S2,XGB,206,Train,1.13493357440378,1.114931583404541
Q3_S2_XGB_seed42,Q3,S2,XGB,207,Train,1.09420703701744,1.093588948249817
Q3_S2_XGB_seed42,Q3,S2,XGB,208,Train,1.24105449234269,1.2286252975463867
Q3_S2_XGB_seed42,Q3,S2,XGB,209,Train,0.845171439294695,0.8584816455841064
Q3_S2_XGB_seed42,Q3,S2,XGB,211,Train,1.22802583136846,1.2454501390457153
Q3_S2_XGB_seed42,Q3,S2,XGB,212,Train,1.19314942116747,1.1301206350326538
Q3_S2_XGB_seed42,Q3,S2,XGB,213,Train,1.0019037098872,0.9899852871894836
Q3_S2_XGB_seed42,Q3,S2,XGB,215,Train,1.2728771554883,1.082720398902893
Q3_S2_XGB_seed42,Q3,S2,XGB,216,Train,1.01935024138376,0.9830151200294495
Q3_S2_XGB_seed42,Q3,S2,XGB,217,Train,1.12517950776161,1.134560465812683
Q3_S2_XGB_seed42,Q3,S2,XGB,218,Train,1.12517950776161,1.1295615434646606
Q3_S2_XGB_seed42,Q3,S2,XGB,219,Train,1.13400469131662,1.1285361051559448
Q3_S2_XGB_seed42,Q3,S2,XGB,220,Train,1.14555871834836,1.1325228214263916
Q3_S2_XGB_seed42,Q3,S2,XGB,221,Train,1.13134220052408,1.13607919216156
Q3_S2_XGB_seed42,Q3,S2,XGB,222,Train,1.30129179304586,1.2704715728759766
Q3_S2_XGB_seed42,Q3,S2,XGB,223,Train,1.12785654669737,1.1335307359695435
Q3_S2_XGB_seed42,Q3,S2,XGB,224,Train,1.13134220052408,1.1278531551361084
Q3_S2_XGB_seed42,Q3,S2,XGB,225,Train,1.11983143864454,1.1168081760406494
Q3_S2_XGB_seed42,Q3,S2,XGB,226,Train,1.10649699406606,1.1066529750823975
Q3_S2_XGB_seed42,Q3,S2,XGB,227,Train,1.11105971599558,1.1188795566558838
Q3_S2_XGB_seed42,Q3,S2,XGB,229,Train,1.07786230064286,1.0875598192214966
Q3_S2_XGB_seed42,Q3,S2,XGB,230,Train,1.23328727511638,1.2355788946151733
Q3_S2_XGB_seed42,Q3,S2,XGB,231,Train,0.852286444133707,0.8688393831253052
Q3_S2_XGB_seed42,Q3,S2,XGB,232,Train,0.900280998471653,0.897975742816925
Q3_S2_XGB_seed42,Q3,S2,XGB,233,Train,1.24295421262678,1.2459657192230225
Q3_S2_XGB_seed42,Q3,S2,XGB,236,Train,1.21062408455055,1.2062879800796509
Q3_S2_XGB_seed42,Q3,S2,XGB,237,Train,1.16301255092905,1.153483510017395
Q3_S2_XGB_seed42,Q3,S2,XGB,238,Train,0.980590602917416,0.9796118140220642
Q3_S2_XGB_seed42,Q3,S2,XGB,239,Train,1.29849185828608,1.311396598815918
Q3_S2_XGB_seed42,Q3,S2,XGB,240,Train,1.06854609992783,1.084945559501648
Q3_S2_XGB_seed42,Q3,S2,XGB,241,Train,1.08519218707036,1.089836597442627
Q3_S2_XGB_seed42,Q3,S2,XGB,242,Train,1.23328727511638,1.2174333333969116
Q3_S2_XGB_seed42,Q3,S2,XGB,243,Train,0.865067797277029,0.8621646761894226
Q3_S2_XGB_seed42,Q3,S2,XGB,247,Train,0.953713108737876,0.9471556544303894
Q3_S2_XGB_seed42,Q3,S2,XGB,248,Train,1.21062408455055,1.223818302154541
Q3_S2_XGB_seed42,Q3,S2,XGB,249,Train,1.05954037695122,1.0573195219039917
Q3_S2_XGB_seed42,Q3,S2,XGB,250,Train,0.98640277120882,0.9796118140220642
Q3_S2_XGB_seed42,Q3,S2,XGB,251,Train,1.13053556958367,1.1341725587844849
Q3_S2_XGB_seed42,Q3,S2,XGB,252,Train,1.12250446697086,1.1201633214950562
Q3_S2_XGB_seed42,Q3,S2,XGB,253,Train,1.07549495505976,1.0889047384262085
Q3_S2_XGB_seed42,Q3,S2,XGB,255,Train,1.0829352885134,1.0990569591522217
Q3_S2_XGB_seed42,Q3,S2,XGB,258,Train,1.11105971599558,1.098886251449585
Q3_S2_XGB_seed42,Q3,S2,XGB,259,Train,1.01386063203782,1.0160256624221802
Q3_S2_XGB_seed42,Q3,S2,XGB,260,Train,0.95690803542294,0.9825408458709717
Q3_S2_XGB_seed42,Q3,S2,XGB,261,Train,1.06021217500802,1.0419905185699463
Q3_S2_XGB_seed42,Q3,S2,XGB,269,Train,1.30972958302411,1.312366247177124
Q3_S2_XGB_seed42,Q3,S2,XGB,270,Train,1.08077410214474,1.1005240678787231
Q3_S2_XGB_seed42,Q3,S2,XGB,271,Train,1.24825529374785,1.2509883642196655
Q3_S2_XGB_seed42,Q3,S2,XGB,272,Train,0.8581249828584,0.862048327922821
Q3_S2_XGB_seed42,Q3,S2,XGB,273,Train,0.872200174343443,0.8790233135223389
Q3_S2_XGB_seed42,Q3,S2,XGB,274,Train,1.22559832447829,1.2190310955047607
Q3_S2_XGB_seed42,Q3,S2,XGB,276,Train,0.912790229307553,0.9176325798034668
Q3_S2_XGB_seed42,Q3,S2,XGB,277,Train,1.22065556157337,1.200156331062317
Q3_S2_XGB_seed42,Q3,S2,XGB,278,Train,0.963352339838838,0.9626231789588928
Q3_S2_XGB_seed42,Q3,S2,XGB,279,Train,0.963157212909166,0.9761596322059631
Q3_S2_XGB_seed42,Q3,S2,XGB,280,Train,1.1104689452522,1.09540855884552
Q3_S2_XGB_seed42,Q3,S2,XGB,281,Train,1.05497462859644,1.0211230516433716
Q3_S2_XGB_seed42,Q3,S2,XGB,282,Train,0.862978249917694,0.9113502502441406
Q3_S2_XGB_seed42,Q3,S2,XGB,283,Train,0.87888676382029,0.9112603664398193
Q3_S2_XGB_seed42,Q3,S2,XGB,293,Train,0.868685024049319,0.8950513601303101
Q3_S2_XGB_seed42,Q3,S2,XGB,294,Train,1.05467108902976,1.0643242597579956
Q3_S2_XGB_seed42,Q3,S2,XGB,297,Train,0.852769356557038,0.8461257219314575
Q3_S2_XGB_seed42,Q3,S2,XGB,298,Train,0.936737206458081,0.9149469137191772
Q3_S2_XGB_seed42,Q3,S2,XGB,309,Train,1.29675737284592,1.284226894378662
Q3_S2_XGB_seed42,Q3,S2,XGB,310,Train,1.03924089971665,1.0464208126068115
Q3_S2_XGB_seed42,Q3,S2,XGB,311,Train,1.08967007677054,1.090972661972046
Q3_S2_XGB_seed42,Q3,S2,XGB,312,Train,1.25066139489738,1.24700129032135
Q3_S2_XGB_seed42,Q3,S2,XGB,313,Train,0.869084535893915,0.8691872358322144
Q3_S2_XGB_seed42,Q3,S2,XGB,314,Train,0.851409310050692,0.8548465371131897
Q3_S2_XGB_seed42,Q3,S2,XGB,315,Train,1.22559832447829,1.233241081237793
Q3_S2_XGB_seed42,Q3,S2,XGB,316,Train,0.910841844839356,0.9014684557914734
Q3_S2_XGB_seed42,Q3,S2,XGB,317,Train,0.928326864671582,0.9139410853385925
Q3_S2_XGB_seed42,Q3,S2,XGB,318,Train,1.18119272473377,1.180187702178955
Q3_S2_XGB_seed42,Q3,S2,XGB,319,Train,0.905299696851462,1.082720398902893
Q3_S2_XGB_seed42,Q3,S2,XGB,320,Train,0.9379549656945,0.9482086896896362
Q3_S2_XGB_seed42,Q3,S2,XGB,322,Train,1.18276353494062,1.1634882688522339
Q3_S2_XGB_seed42,Q3,S2,XGB,323,Train,1.14067445902436,1.1344236135482788
Q3_S2_XGB_seed42,Q3,S2,XGB,324,Train,0.945708559227524,0.9242146015167236
Q3_S2_XGB_seed42,Q3,S2,XGB,325,Train,0.843084306328854,0.8451345562934875
Q3_S2_XGB_seed42,Q3,S2,XGB,327,Train,0.849735123882455,0.8523220419883728
Q3_S2_XGB_seed42,Q3,S2,XGB,328,Train,0.923296590464239,0.9213521480560303
Q3_S2_XGB_seed42,Q3,S2,XGB,329,Train,0.889296449334854,0.8865718841552734
Q3_S2_XGB_seed42,Q3,S2,XGB,337,Train,1.26125249017114,1.284226894378662
Q3_S2_XGB_seed42,Q3,S2,XGB,339,Train,1.08337218436624,1.0712205171585083
Q3_S2_XGB_seed42,Q3,S2,XGB,340,Train,1.24585209835546,1.232114315032959
Q3_S2_XGB_seed42,Q3,S2,XGB,344,Train,0.860574748101461,0.8863406181335449
Q3_S2_XGB_seed42,Q3,S2,XGB,345,Train,0.88756392902911,0.905198872089386
Q3_S2_XGB_seed42,Q3,S2,XGB,346,Train,1.21100400087572,1.2088427543640137
Q3_S2_XGB_seed42,Q3,S2,XGB,347,Train,0.85751088308495,0.8627682328224182
Q3_S2_XGB_seed42,Q3,S2,XGB,348,Train,0.864389749860933,0.8751439452171326
Q3_S2_XGB_seed42,Q3,S2,XGB,351,Train,0.836002074941405,0.8815441727638245
Q3_S2_XGB_seed42,Q3,S2,XGB,353,Train,1.17375544001433,1.1377637386322021
Q3_S2_XGB_seed42,Q3,S2,XGB,354,Train,1.12315874473961,1.1208744049072266
Q3_S2_XGB_seed42,Q3,S2,XGB,355,Train,0.962587613991127,0.9872008562088013
Q3_S2_XGB_seed42,Q3,S2,XGB,356,Train,0.889317081642978,0.8847901821136475
Q3_S2_XGB_seed42,Q3,S2,XGB,357,Train,0.819944736050943,0.827304482460022
Q3_S2_XGB_seed42,Q3,S2,XGB,358,Train,0.817592884243045,0.8202427625656128
Q3_S2_XGB_seed42,Q3,S2,XGB,359,Train,0.8602895986925,0.8479467034339905
Q3_S2_XGB_seed42,Q3,S2,XGB,365,Train,0.79813710988408,0.8258584141731262
Q3_S2_XGB_seed42,Q3,S2,XGB,367,Train,0.781629766743678,0.7902666330337524
Q3_S2_XGB_seed42,Q3,S2,XGB,369,Train,0.783038508514702,0.807001531124115
Q3_S2_XGB_seed42,Q3,S2,XGB,372,Train,0.823172843965236,0.846712589263916
Q3_S2_XGB_seed42,Q3,S2,XGB,373,Train,0.847765983879713,0.8739463090896606
Q3_S2_XGB_seed42,Q3,S2,XGB,374,Train,0.859657066279412,0.8616992235183716
Q3_S2_XGB_seed42,Q3,S2,XGB,375,Train,0.84311310408725,0.8431114554405212
Q3_S2_XGB_seed42,Q3,S2,XGB,376,Train,0.883342967623177,0.8822146058082581
Q3_S2_XGB_seed42,Q3,S2,XGB,377,Train,0.856396945847507,0.864966630935669
Q3_S2_XGB_seed42,Q3,S2,XGB,384,Train,1.15149893230951,1.168031930923462
Q3_S2_XGB_seed42,Q3,S2,XGB,385,Train,1.0783435976576,1.073367714881897
Q3_S2_XGB_seed42,Q3,S2,XGB,387,Train,1.23569967731168,1.2387827634811401
Q3_S2_XGB_seed42,Q3,S2,XGB,388,Train,0.895908299174609,0.8856968879699707
Q3_S2_XGB_seed42,Q3,S2,XGB,389,Train,0.844698003074952,0.846204936504364
Q3_S2_XGB_seed42,Q3,S2,XGB,390,Train,1.23045619628522,1.2198923826217651
Q3_S2_XGB_seed42,Q3,S2,XGB,391,Train,0.867321866829216,0.8712726831436157
Q3_S2_XGB_seed42,Q3,S2,XGB,392,Train,1.21312809595027,1.2191388607025146
Q3_S2_XGB_seed42,Q3,S2,XGB,393,Train,0.864477864873901,0.8727926015853882
Q3_S2_XGB_seed42,Q3,S2,XGB,394,Train,0.88382959484243,0.9029031991958618
Q3_S2_XGB_seed42,Q3,S2,XGB,395,Train,0.955437669886648,0.9502280950546265
Q3_S2_XGB_seed42,Q3,S2,XGB,396,Train,1.16301255092905,1.1435388326644897
Q3_S2_XGB_seed42,Q3,S2,XGB,398,Train,0.970199574532386,0.9869443774223328
Q3_S2_XGB_seed42,Q3,S2,XGB,400,Train,0.819944736050943,0.8239340782165527
Q3_S2_XGB_seed42,Q3,S2,XGB,402,Train,0.8602895986925,0.8500525951385498
Q3_S2_XGB_seed42,Q3,S2,XGB,403,Train,0.91241396703636,0.9110900163650513
Q3_S2_XGB_seed42,Q3,S2,XGB,410,Train,1.14447454268627,1.1137032508850098
Q3_S2_XGB_seed42,Q3,S2,XGB,412,Train,1.22075195295707,1.2195346355438232
Q3_S2_XGB_seed42,Q3,S2,XGB,413,Train,0.876181182417668,0.8754847049713135
Q3_S2_XGB_seed42,Q3,S2,XGB,414,Train,1.10273996168474,1.1108490228652954
Q3_S2_XGB_seed42,Q3,S2,XGB,418,Train,0.814554686813047,0.8285879492759705
Q3_S2_XGB_seed42,Q3,S2,XGB,419,Train,0.861650708592816,0.8533324599266052
Q3_S2_XGB_seed42,Q3,S2,XGB,420,Train,0.916244578278823,0.9160140156745911
Q3_S2_XGB_seed42,Q3,S2,XGB,421,Train,0.940037747326569,0.9291332960128784
Q3_S2_XGB_seed42,Q3,S2,XGB,423,Train,1.13937765430527,1.1407476663589478
Q3_S2_XGB_seed42,Q3,S2,XGB,424,Train,1.21350426002862,1.232114315032959
Q3_S2_XGB_seed42,Q3,S2,XGB,425,Train,0.855197948455102,0.8863406181335449
Q3_S2_XGB_seed42,Q3,S2,XGB,426,Train,0.927466837520466,0.9328816533088684
Q3_S2_XGB_seed42,Q3,S2,XGB,428,Train,0.893412560197882,0.8981486558914185
Q3_S2_XGB_seed42,Q3,S2,XGB,430,Train,1.04865956183269,1.0440782308578491
Q3_S2_XGB_seed42,Q3,S2,XGB,432,Train,0.849179628294238,0.8600977063179016
Q3_S2_XGB_seed42,Q3,S2,XGB,433,Train,0.807282256517311,0.813051700592041
Q3_S2_XGB_seed42,Q3,S2,XGB,434,Train,0.817592884243045,0.8199546337127686
Q3_S2_XGB_seed42,Q3,S2,XGB,435,Train,0.85723807848117,0.848241925239563
Q3_S2_XGB_seed42,Q3,S2,XGB,436,Train,0.92542581048841,0.9137328863143921
Q3_S2_XGB_seed42,Q3,S2,XGB,438,Train,1.03318695144596,1.0020984411239624
Q3_S2_XGB_seed42,Q3,S2,XGB,440,Train,1.16963572563126,1.1483542919158936
Q3_S2_XGB_seed42,Q3,S2,XGB,441,Train,0.882527065649618,0.893939197063446
Q3_S2_XGB_seed42,Q3,S2,XGB,442,Train,1.16383325436374,1.1764856576919556
Q3_S2_XGB_seed42,Q3,S2,XGB,443,Train,0.951292426671113,0.9209052920341492
Q3_S2_XGB_seed42,Q3,S2,XGB,445,Train,1.1857829084766,1.19281804561615
Q3_S2_XGB_seed42,Q3,S2,XGB,446,Train,0.832809689459086,0.8422309756278992
Q3_S2_XGB_seed42,Q3,S2,XGB,449,Train,1.12875620728424,1.1292119026184082
Q3_S2_XGB_seed42,Q3,S2,XGB,450,Train,1.10736202957446,1.0779147148132324
Q3_S2_XGB_seed42,Q3,S2,XGB,452,Train,1.05806735449034,1.068864107131958
Q3_S2_XGB_seed42,Q3,S2,XGB,453,Train,1.00415599474417,1.0146318674087524
Q3_S2_XGB_seed42,Q3,S2,XGB,454,Train,0.85553258425342,0.8859496116638184
Q3_S2_XGB_seed42,Q3,S2,XGB,455,Train,1.15306585258658,1.1432948112487793
Q3_S2_XGB_seed42,Q3,S2,XGB,456,Train,0.986006148238874,0.9662346839904785
Q3_S2_XGB_seed42,Q3,S2,XGB,457,Train,0.941131717596831,0.9266312122344971
Q3_S2_XGB_seed42,Q3,S2,XGB,458,Train,0.825563879603713,0.8538109660148621
Q3_S2_XGB_seed42,Q3,S2,XGB,459,Train,0.936810267937746,0.9439945220947266
Q3_S2_XGB_seed42,Q3,S2,XGB,460,Train,0.885627051544251,0.8887963891029358
Q3_S2_XGB_seed42,Q3,S2,XGB,461,Train,0.941420641279253,0.925618588924408
Q3_S2_XGB_seed42,Q3,S2,XGB,462,Train,0.848291326608718,0.8412280082702637
Q3_S2_XGB_seed42,Q3,S2,XGB,463,Train,0.956020020926017,0.9483796954154968
Q3_S2_XGB_seed42,Q3,S2,XGB,464,Train,0.859202484788517,0.8642218112945557
Q3_S2_XGB_seed42,Q3,S2,XGB,465,Train,0.865613735535156,0.8538109660148621
Q3_S2_XGB_seed42,Q3,S2,XGB,466,Train,0.817248383912483,0.8538109660148621
Q3_S2_XGB_seed42,Q3,S2,XGB,468,Train,0.835995448351632,0.8503129482269287
Q3_S2_XGB_seed42,Q3,S2,XGB,469,Train,0.851409310050692,0.8473785519599915
Q3_S2_XGB_seed42,Q3,S2,XGB,470,Train,0.783441002546699,0.7987866401672363
Q3_S2_XGB_seed42,Q3,S2,XGB,471,Train,0.869236826110561,0.8765943646430969
Q3_S2_XGB_seed42,Q3,S2,XGB,472,Train,0.81018902115494,0.8252142071723938
Q3_S2_XGB_seed42,Q3,S2,XGB,473,Train,0.823880940713752,0.839084267616272
Q3_S2_XGB_seed42,Q3,S2,XGB,474,Train,1.04546182476858,0.9529249668121338
Q3_S2_XGB_seed42,Q3,S2,XGB,475,Train,0.916989382925319,0.8841527700424194
Q3_S2_XGB_seed42,Q3,S2,XGB,476,Train,0.859994234086558,0.8841527700424194
Q3_S2_XGB_seed42,Q3,S2,XGB,477,Train,0.805333675116914,0.8166900873184204
Q3_S2_XGB_seed42,Q3,S2,XGB,478,Train,0.82588891487761,0.8166900873184204
Q3_S2_XGB_seed42,Q3,S2,XGB,479,Train,0.895343351122245,0.8748471140861511
Q3_S2_XGB_seed42,Q3,S2,XGB,481,Train,1.05048744261926,1.0287212133407593
Q3_S2_XGB_seed42,Q3,S2,XGB,482,Train,0.921288675620535,0.9140376448631287
Q3_S2_XGB_seed42,Q3,S2,XGB,483,Train,0.877943989627788,0.8884528875350952
Q3_S2_XGB_seed42,Q3,S2,XGB,484,Train,0.823886993768721,0.8370997905731201
Q3_S2_XGB_seed42,Q3,S2,XGB,485,Train,0.8581249828584,0.8396132588386536
Q3_S2_XGB_seed42,Q3,S2,XGB,486,Train,0.932322719981046,0.8837648630142212
Q3_S2_XGB_seed42,Q3,S2,XGB,487,Train,0.828159510480667,0.8388748168945312
Q3_S2_XGB_seed42,Q3,S2,XGB,488,Train,1.05658105748769,1.039860725402832
Q3_S2_XGB_seed42,Q3,S2,XGB,489,Train,0.953609151008525,0.9736595749855042
Q3_S2_XGB_seed42,Q3,S2,XGB,491,Train,0.798477879968868,0.7955461740493774
Q3_S2_XGB_seed42,Q3,S2,XGB,492,Train,0.788936302907142,0.783277690410614
Q3_S2_XGB_seed42,Q3,S2,XGB,493,Train,0.852090163697418,0.8347926139831543
Q3_S2_XGB_seed42,Q3,S2,XGB,494,Train,0.8327698438009,0.8971651792526245
Q3_S2_XGB_seed42,Q3,S2,XGB,495,Train,1.04859127624119,0.8971651792526245
Q3_S2_XGB_seed42,Q3,S2,XGB,496,Train,0.949832397742186,0.8971651792526245
Q3_S2_XGB_seed42,Q3,S2,XGB,498,Train,0.804542404831259,0.8971651792526245
Q3_S2_XGB_seed42,Q3,S2,XGB,500,Train,0.907598993418392,0.8971651792526245
Q3_S2_XGB_seed42,Q3,S2,XGB,501,Train,0.78496662806375,0.7959214448928833
Q3_S2_XGB_seed42,Q3,S2,XGB,502,Train,0.843075726450442,0.8560824394226074
Q3_S2_XGB_seed42,Q3,S2,XGB,503,Train,0.773318849402548,0.7823278307914734
Q3_S2_XGB_seed42,Q3,S2,XGB,504,Train,0.814691966773043,0.8228866457939148
Q3_S2_XGB_seed42,Q3,S2,XGB,505,Train,0.798961878103158,0.8166900873184204
Q3_S2_XGB_seed42,Q3,S2,XGB,506,Train,0.774189026409601,0.7850252389907837
Q3_S2_XGB_seed42,Q3,S2,XGB,507,Train,0.803044753553073,0.8205397725105286
Q3_S2_XGB_seed42,Q3,S2,XGB,509,Train,0.773505691298633,0.7663929462432861
Q3_S2_XGB_seed42,Q3,S2,XGB,510,Train,0.762147970146058,0.7708051204681396
Q3_S2_XGB_seed42,Q3,S2,XGB,511,Train,0.789023974706805,0.796444833278656
Q3_S2_XGB_seed42,Q3,S2,XGB,512,Train,0.80120908801594,0.8108444809913635
Q3_S2_XGB_seed42,Q3,S2,XGB,516,Train,0.819383032732699,0.8163054585456848
Q3_S2_XGB_seed42,Q3,S2,XGB,517,Train,0.798980305387909,0.8166900873184204
Q3_S2_XGB_seed42,Q3,S2,XGB,518,Train,0.790360449203176,0.7878394722938538
Q3_S2_XGB_seed42,Q3,S2,XGB,520,Train,0.884504298959516,0.8842286467552185
Q3_S2_XGB_seed42,Q3,S2,XGB,521,Train,0.75772351224412,0.7642109394073486
Q3_S2_XGB_seed42,Q3,S2,XGB,523,Train,0.761612804015922,0.7930124998092651
Q3_S2_XGB_seed42,Q3,S2,XGB,524,Train,0.853178830205228,0.8191725015640259
Q3_S2_XGB_seed42,Q3,S2,XGB,526,Train,0.783923241729417,0.7919570207595825
Q3_S2_XGB_seed42,Q3,S2,XGB,527,Train,0.740499887010204,0.7512551546096802
Q3_S2_XGB_seed42,Q3,S2,XGB,528,Train,0.768057380113704,0.7870336771011353
Q3_S2_XGB_seed42,Q3,S2,XGB,529,Train,0.825577414164749,0.821320652961731
Q3_S2_XGB_seed42,Q3,S2,XGB,530,Train,0.865837905996859,0.8623312711715698
Q3_S2_XGB_seed42,Q3,S2,XGB,532,Train,0.772844770868304,0.7695544362068176
Q3_S2_XGB_seed42,Q3,S2,XGB,533,Train,0.934190760734528,0.9427658319473267
Q3_S2_XGB_seed42,Q3,S2,XGB,536,Train,0.840866326590497,0.8550432324409485
Q3_S2_XGB_seed42,Q3,S2,XGB,538,Train,0.985099073907519,0.9710802435874939
Q3_S2_XGB_seed42,Q3,S2,XGB,540,Train,0.932856129203703,0.9138574004173279
Q3_S2_XGB_seed42,Q3,S2,XGB,541,Train,0.867183990464843,0.8767586946487427
Q3_S2_XGB_seed42,Q3,S2,XGB,542,Train,0.924553107896262,0.930833637714386
Q3_S2_XGB_seed42,Q3,S2,XGB,543,Train,0.878845761791743,0.860683023929596
Q3_S2_XGB_seed42,Q3,S2,XGB,544,Train,0.816352362153621,0.8024725317955017
Q3_S2_XGB_seed42,Q3,S2,XGB,545,Train,0.826695514401272,0.8437331914901733
Q3_S2_XGB_seed42,Q3,S2,XGB,547,Train,0.947648069034162,0.9207116961479187
Q3_S2_XGB_seed42,Q3,S2,XGB,548,Train,0.856663524132423,0.8799862861633301
Q3_S2_XGB_seed42,Q3,S2,XGB,549,Train,0.931224940654771,0.9166091680526733
Q3_S2_XGB_seed42,Q3,S2,XGB,550,Train,0.92029350590003,0.9118164777755737
Q3_S2_XGB_seed42,Q3,S2,XGB,552,Train,0.805740406844413,0.8015340566635132
Q3_S2_XGB_seed42,Q3,S2,XGB,554,Train,0.764316296310271,0.7616733312606812
Q3_S2_XGB_seed42,Q3,S2,XGB,555,Train,0.83175097276162,0.8236041069030762
Q3_S2_XGB_seed42,Q3,S2,XGB,556,Train,0.900643223800407,0.9063023328781128
Q3_S2_XGB_seed42,Q3,S2,XGB,557,Train,0.815198293424885,0.8253298401832581
Q3_S2_XGB_seed42,Q3,S2,XGB,558,Train,0.786408672212412,0.7837275266647339
Q3_S2_XGB_seed42,Q3,S2,XGB,559,Train,0.798982458338327,0.8010696172714233
Q3_S2_XGB_seed42,Q3,S2,XGB,560,Train,0.753279433801201,0.7563491463661194
Q3_S2_XGB_seed42,Q3,S2,XGB,561,Train,0.955897128492629,0.9394079446792603
Q3_S2_XGB_seed42,Q3,S2,XGB,562,Train,0.916456312894737,0.8671226501464844
Q3_S2_XGB_seed42,Q3,S2,XGB,563,Train,0.868476177883672,0.8179056644439697
Q3_S2_XGB_seed42,Q3,S2,XGB,565,Train,0.809825478657467,0.8187972903251648
Q3_S2_XGB_seed42,Q3,S2,XGB,566,Train,0.859708259377373,0.8429586291313171
Q3_S2_XGB_seed42,Q3,S2,XGB,567,Train,0.850960841052855,0.8401610255241394
Q3_S2_XGB_seed42,Q3,S2,XGB,568,Train,0.894147115277187,0.8972141146659851
Q3_S2_XGB_seed42,Q3,S2,XGB,569,Train,0.85142815632786,0.8325246572494507
Q3_S2_XGB_seed42,Q3,S2,XGB,570,Train,0.801146460271435,0.8026520013809204
Q3_S2_XGB_seed42,Q3,S2,XGB,571,Train,0.812647552301802,0.8337921500205994
Q3_S2_XGB_seed42,Q3,S2,XGB,572,Train,0.857654288131218,0.8627324104309082
Q3_S2_XGB_seed42,Q3,S2,XGB,573,Train,0.866234698253165,0.8707364201545715
Q3_S2_XGB_seed42,Q3,S2,XGB,574,Train,0.865776828695711,0.8649854063987732
Q3_S2_XGB_seed42,Q3,S2,XGB,575,Train,0.923347356962982,0.9064671993255615
Q3_S2_XGB_seed42,Q3,S2,XGB,577,Train,0.837502538444339,0.8336706757545471
Q3_S2_XGB_seed42,Q3,S2,XGB,578,Train,0.797969010201319,0.8108197450637817
Q3_S2_XGB_seed42,Q3,S2,XGB,580,Train,0.802422854971014,0.8104735612869263
Q3_S2_XGB_seed42,Q3,S2,XGB,581,Train,0.777988873751503,0.774107813835144
Q3_S2_XGB_seed42,Q3,S2,XGB,582,Train,0.892298348391422,0.89186030626297
Q3_S2_XGB_seed42,Q3,S2,XGB,583,Train,0.833194013031795,0.82492595911026
Q3_S2_XGB_seed42,Q3,S2,XGB,584,Train,0.793809217204316,0.8001322150230408
Q3_S2_XGB_seed42,Q3,S2,XGB,585,Train,0.826226011608823,0.8397403359413147
Q3_S2_XGB_seed42,Q3,S2,XGB,586,Train,0.878699293147255,0.8701915144920349
Q3_S2_XGB_seed42,Q3,S2,XGB,588,Train,0.864427740016764,0.8646441698074341
Q3_S2_XGB_seed42,Q3,S2,XGB,589,Train,0.854874876500284,0.866707444190979
Q3_S2_XGB_seed42,Q3,S2,XGB,590,Train,0.789650516165938,0.8047822117805481
Q3_S2_XGB_seed42,Q3,S2,XGB,591,Train,0.782523228550948,0.7765905857086182
Q3_S2_XGB_seed42,Q3,S2,XGB,592,Train,0.801146460271435,0.7882218956947327
Q3_S2_XGB_seed42,Q3,S2,XGB,593,Train,0.73363996111312,0.7507432103157043
Q3_S2_XGB_seed42,Q3,S2,XGB,594,Train,0.916456312894737,0.9065219759941101
Q3_S2_XGB_seed42,Q3,S2,XGB,595,Train,0.868997899727548,0.8426388502120972
Q3_S2_XGB_seed42,Q3,S2,XGB,596,Train,0.804859872876447,0.8086493015289307
Q3_S2_XGB_seed42,Q3,S2,XGB,597,Train,0.810800897585135,0.8283549547195435
Q3_S2_XGB_seed42,Q3,S2,XGB,598,Train,0.800041668864993,0.8145804405212402
Q3_S2_XGB_seed42,Q3,S2,XGB,599,Train,0.836468266501584,0.8283549547195435
Q3_S2_XGB_seed42,Q3,S2,XGB,600,Train,0.83074847205683,0.8421114087104797
Q3_S2_XGB_seed42,Q3,S2,XGB,601,Train,0.885246421967059,0.8973055481910706
Q3_S2_XGB_seed42,Q3,S2,XGB,602,Train,0.819970068327537,0.815696120262146
Q3_S2_XGB_seed42,Q3,S2,XGB,603,Train,0.79470074482459,0.798882007598877
Q3_S2_XGB_seed42,Q3,S2,XGB,604,Train,0.842822772629174,0.836728036403656
Q3_S2_XGB_seed42,Q3,S2,XGB,605,Train,0.851500125444752,0.8614130020141602
Q3_S2_XGB_seed42,Q3,S2,XGB,606,Train,0.856573743630585,0.8667868971824646
Q3_S2_XGB_seed42,Q3,S2,XGB,607,Train,0.853159195428482,0.8648442029953003
Q3_S2_XGB_seed42,Q3,S2,XGB,608,Train,0.884006504341295,0.8857229948043823
Q3_S2_XGB_seed42,Q3,S2,XGB,609,Train,0.859008756801763,0.8531761765480042
Q3_S2_XGB_seed42,Q3,S2,XGB,610,Train,0.787478820957529,0.7721385359764099
Q3_S2_XGB_seed42,Q3,S2,XGB,614,Train,0.801715890222028,0.7976193428039551
Q3_S2_XGB_seed42,Q3,S2,XGB,615,Train,0.788862726211253,0.7845593094825745
Q3_S2_XGB_seed42,Q3,S2,XGB,619,Train,0.855412098959476,0.844559907913208
Q3_S2_XGB_seed42,Q3,S2,XGB,621,Train,0.87841663966553,0.8761187195777893
Q3_S2_XGB_seed42,Q3,S2,XGB,622,Train,0.874141721757814,0.8771151304244995
Q3_S2_XGB_seed42,Q3,S2,XGB,623,Train,0.881852505955376,0.9057047367095947
Q3_S2_XGB_seed42,Q3,S2,XGB,624,Train,0.832374398082112,0.8325980305671692
Q3_S2_XGB_seed42,Q3,S2,XGB,626,Train,0.763034821343403,0.76369708776474
Q3_S2_XGB_seed42,Q3,S2,XGB,627,Train,0.753909982070491,0.746473491191864
Q3_S2_XGB_seed42,Q3,S2,XGB,628,Train,0.720251771646694,0.7071134448051453
Q3_S2_XGB_seed42,Q3,S2,XGB,630,Train,0.833276096745915,0.8084984421730042
Q3_S2_XGB_seed42,Q3,S2,XGB,632,Train,0.802888697806569,0.7956113219261169
Q3_S2_XGB_seed42,Q3,S2,XGB,633,Train,0.777173319559092,0.7808148264884949
Q3_S2_XGB_seed42,Q3,S2,XGB,636,Train,0.867796832525943,0.8532994985580444
Q3_S2_XGB_seed42,Q3,S2,XGB,638,Train,0.774399736000629,0.7961220145225525
Q3_S2_XGB_seed42,Q3,S2,XGB,639,Train,0.853183655252342,0.8509552478790283
Q3_S2_XGB_seed42,Q3,S2,XGB,641,Train,0.913307258348461,0.9053422212600708
Q3_S2_XGB_seed42,Q3,S2,XGB,642,Train,0.926720585659848,0.9275296330451965
Q3_S2_XGB_seed42,Q3,S2,XGB,645,Train,0.757660487927601,0.7551305890083313
Q3_S2_XGB_seed42,Q3,S2,XGB,648,Train,0.71312917807553,0.7046072483062744
Q3_S2_XGB_seed42,Q3,S2,XGB,649,Train,0.872930374187904,0.8540074825286865
Q3_S2_XGB_seed42,Q3,S2,XGB,650,Train,0.812924078738548,0.8000900149345398
Q3_S2_XGB_seed42,Q3,S2,XGB,651,Train,0.776881429889234,0.7996485233306885
Q3_S2_XGB_seed42,Q3,S2,XGB,652,Train,0.791868789127212,0.7933942079544067
Q3_S2_XGB_seed42,Q3,S2,XGB,653,Train,0.777772399476774,0.7761986255645752
Q3_S2_XGB_seed42,Q3,S2,XGB,655,Train,0.794376225885031,0.7690427899360657
Q3_S2_XGB_seed42,Q3,S2,XGB,656,Train,0.783682735179066,0.7975571751594543
Q3_S2_XGB_seed42,Q3,S2,XGB,657,Train,0.842772863581729,0.8595299124717712
Q3_S2_XGB_seed42,Q3,S2,XGB,658,Train,0.926720585659848,0.9110523462295532
Q3_S2_XGB_seed42,Q3,S2,XGB,659,Train,0.950158028677875,0.9523241519927979
Q3_S2_XGB_seed42,Q3,S2,XGB,660,Train,0.961127684229507,0.9605685472488403
Q3_S2_XGB_seed42,Q3,S2,XGB,661,Train,0.985847769341663,0.9833930134773254
Q3_S2_XGB_seed42,Q3,S2,XGB,662,Train,0.749146326862969,0.7414857745170593
Q3_S2_XGB_seed42,Q3,S2,XGB,663,Train,0.746590746440129,0.7629953622817993
Q3_S2_XGB_seed42,Q3,S2,XGB,665,Train,0.698084367957614,0.6990342736244202
Q3_S2_XGB_seed42,Q3,S2,XGB,666,Train,0.793151072002874,0.7925629019737244
Q3_S2_XGB_seed42,Q3,S2,XGB,667,Train,0.767418516321959,0.7756230235099792
Q3_S2_XGB_seed42,Q3,S2,XGB,669,Train,0.770900644499919,0.7650042176246643
Q3_S2_XGB_seed42,Q3,S2,XGB,670,Train,0.79375716356903,0.8021684885025024
Q3_S2_XGB_seed42,Q3,S2,XGB,671,Train,0.889507167326115,0.8816711902618408
Q3_S2_XGB_seed42,Q3,S2,XGB,672,Train,0.932642471077175,0.9251326322555542
Q3_S2_XGB_seed42,Q3,S2,XGB,674,Train,0.999553894929436,0.9914377927780151
Q3_S2_XGB_seed42,Q3,S2,XGB,675,Train,1.00528174393871,1.0048792362213135
Q3_S2_XGB_seed42,Q3,S2,XGB,677,Train,0.859113500130653,0.8391645550727844
Q3_S2_XGB_seed42,Q3,S2,XGB,678,Train,0.801961178112691,0.7996829152107239
Q3_S2_XGB_seed42,Q3,S2,XGB,679,Train,0.779106820776095,0.795236349105835
Q3_S2_XGB_seed42,Q3,S2,XGB,681,Train,0.723048597139057,0.7324123382568359
Q3_S2_XGB_seed42,Q3,S2,XGB,683,Train,0.784398058232244,0.7951441407203674
Q3_S2_XGB_seed42,Q3,S2,XGB,685,Train,0.803492025889185,0.7951441407203674
Q3_S2_XGB_seed42,Q3,S2,XGB,686,Train,0.846700953722188,0.8506578207015991
Q3_S2_XGB_seed42,Q3,S2,XGB,687,Train,0.788559449950821,0.7900668382644653
Q3_S2_XGB_seed42,Q3,S2,XGB,688,Train,0.742008090324318,0.7425222992897034
Q3_S2_XGB_seed42,Q3,S2,XGB,689,Train,0.753272075591055,0.7596583366394043
Q3_S2_XGB_seed42,Q3,S2,XGB,690,Train,0.845300153632359,0.8400970101356506
Q3_S2_XGB_seed42,Q3,S2,XGB,692,Train,0.770956453518485,0.8026838302612305
Q3_S2_XGB_seed42,Q3,S2,XGB,693,Train,0.845953668163504,0.8324151635169983
Q3_S2_XGB_seed42,Q3,S2,XGB,694,Train,0.757645425736901,0.7603113055229187
Q3_S2_XGB_seed42,Q3,S2,XGB,695,Train,0.787196986893441,0.8078364729881287
Q3_S2_XGB_seed42,Q3,S2,XGB,696,Train,0.909280357024702,0.8962588906288147
Q3_S2_XGB_seed42,Q3,S2,XGB,697,Train,0.945687167254019,0.9419851899147034
Q3_S2_XGB_seed42,Q3,S2,XGB,698,Train,0.990399550755274,0.9884554743766785
Q3_S2_XGB_seed42,Q3,S2,XGB,700,Train,1.03125262252782,1.0326457023620605
Q3_S2_XGB_seed42,Q3,S2,XGB,701,Train,0.715131946648899,0.7290565967559814
Q3_S2_XGB_seed42,Q3,S2,XGB,702,Train,0.694710654486211,0.6954086422920227
Q3_S2_XGB_seed42,Q3,S2,XGB,703,Train,0.788919430073695,0.7909530401229858
Q3_S2_XGB_seed42,Q3,S2,XGB,704,Train,0.761627351481268,0.7697017192840576
Q3_S2_XGB_seed42,Q3,S2,XGB,705,Train,0.773622566197128,0.7833805084228516
Q3_S2_XGB_seed42,Q3,S2,XGB,706,Train,0.758798011501759,0.7593315243721008
Q3_S2_XGB_seed42,Q3,S2,XGB,707,Train,0.845300153632359,0.8353226780891418
Q3_S2_XGB_seed42,Q3,S2,XGB,708,Train,0.783261534929068,0.7938660383224487
Q3_S2_XGB_seed42,Q3,S2,XGB,709,Train,0.776944125046722,0.8021050691604614
Q3_S2_XGB_seed42,Q3,S2,XGB,710,Train,0.796554495159318,0.7922655344009399
Q3_S2_XGB_seed42,Q3,S2,XGB,712,Train,0.835166094434971,0.8224340677261353
Q3_S2_XGB_seed42,Q3,S2,XGB,713,Train,0.720543434596451,0.7440090179443359
Q3_S2_XGB_seed42,Q3,S2,XGB,714,Train,0.80168230434905,0.8183066844940186
Q3_S2_XGB_seed42,Q3,S2,XGB,715,Train,0.914208226023996,0.9034722447395325
Q3_S2_XGB_seed42,Q3,S2,XGB,716,Train,0.950314521111876,0.9494675993919373
Q3_S2_XGB_seed42,Q3,S2,XGB,717,Train,1.01467278489236,1.0122754573822021
Q3_S2_XGB_seed42,Q3,S2,XGB,718,Train,1.04080712903253,1.0293601751327515
Q3_S2_XGB_seed42,Q3,S2,XGB,719,Train,1.05524419455208,1.051816463470459
Q3_S2_XGB_seed42,Q3,S2,XGB,720,Train,0.734007498328761,0.7325842380523682
Q3_S2_XGB_seed42,Q3,S2,XGB,722,Train,0.676977294746911,0.6869387626647949
Q3_S2_XGB_seed42,Q3,S2,XGB,723,Train,0.789712178970565,0.7874892354011536
Q3_S2_XGB_seed42,Q3,S2,XGB,724,Train,0.764783542675837,0.7643590569496155
Q3_S2_XGB_seed42,Q3,S2,XGB,727,Train,0.773622566197128,0.7816421985626221
Q3_S2_XGB_seed42,Q3,S2,XGB,728,Train,0.757893465491069,0.7486563920974731
Q3_S2_XGB_seed42,Q3,S2,XGB,729,Train,0.833479813631314,0.8328790664672852
Q3_S2_XGB_seed42,Q3,S2,XGB,730,Train,0.774698231397807,0.7829715013504028
Q3_S2_XGB_seed42,Q3,S2,XGB,731,Train,0.784464901837064,0.7877737283706665
Q3_S2_XGB_seed42,Q3,S2,XGB,732,Train,0.734007498328761,0.7293176651000977
Q3_S2_XGB_seed42,Q3,S2,XGB,734,Train,0.678103962533706,0.6853036284446716
Q3_S2_XGB_seed42,Q3,S2,XGB,735,Train,0.780982137263124,0.7820661664009094
Q3_S2_XGB_seed42,Q3,S2,XGB,736,Train,0.753567565394396,0.7593607902526855
Q3_S2_XGB_seed42,Q3,S2,XGB,737,Train,0.773622566197128,0.7726635336875916
Q3_S2_XGB_seed42,Q3,S2,XGB,738,Train,0.759388033493715,0.7502944469451904
Q3_S2_XGB_seed42,Q3,S2,XGB,739,Train,0.832480104824992,0.8235467076301575
Q3_S2_XGB_seed42,Q3,S2,XGB,740,Train,0.779106820776095,0.7768324017524719
Q3_S2_XGB_seed42,Q3,S2,XGB,741,Train,0.777080750036464,0.7862755060195923
Q3_S2_XGB_seed42,Q3,S2,XGB,742,Train,0.810865220177659,0.8035804629325867
Q3_S2_XGB_seed42,Q3,S2,XGB,743,Train,0.701220657756291,0.724699854850769
Q3_S2_XGB_seed42,Q3,S2,XGB,744,Train,0.84311310408725,0.8261705040931702
Q3_S2_XGB_seed42,Q3,S2,XGB,745,Train,0.917655868986698,0.9111648797988892
Q3_S2_XGB_seed42,Q3,S2,XGB,746,Train,0.954799183427052,0.9612991213798523
Q3_S2_XGB_seed42,Q3,S2,XGB,747,Train,1.03125262252782,1.0270771980285645
Q3_S2_XGB_seed42,Q3,S2,XGB,748,Train,1.06493688802797,1.0446960926055908
Q3_S2_XGB_seed42,Q3,S2,XGB,751,Train,0.713594845288137,0.7190090417861938
Q3_S2_XGB_seed42,Q3,S2,XGB,752,Train,0.688370897174795,0.6869790554046631
Q3_S2_XGB_seed42,Q3,S2,XGB,753,Train,0.77255062916464,0.7802737951278687
Q3_S2_XGB_seed42,Q3,S2,XGB,754,Train,0.757006009701427,0.7594056725502014
Q3_S2_XGB_seed42,Q3,S2,XGB,756,Train,0.773622566197128,0.7699230313301086
Q3_S2_XGB_seed42,Q3,S2,XGB,758,Train,0.82066550733501,0.8169859647750854
Q3_S2_XGB_seed42,Q3,S2,XGB,759,Train,0.783682735179066,0.7778854966163635
Q3_S2_XGB_seed42,Q3,S2,XGB,760,Train,0.76856264759232,0.7772237062454224
Q3_S2_XGB_seed42,Q3,S2,XGB,761,Train,0.735217924121935,0.7284218072891235
Q3_S2_XGB_seed42,Q3,S2,XGB,762,Train,0.718441519246758,0.7166072130203247
Q3_S2_XGB_seed42,Q3,S2,XGB,763,Train,0.688449255531412,0.6856508255004883
Q3_S2_XGB_seed42,Q3,S2,XGB,765,Train,0.746859607841232,0.7572331428527832
Q3_S2_XGB_seed42,Q3,S2,XGB,766,Train,0.973186669599277,0.9362737536430359
Q3_S2_XGB_seed42,Q3,S2,XGB,767,Train,0.759768801741319,0.7671024203300476
Q3_S2_XGB_seed42,Q3,S2,XGB,768,Train,0.757802886706236,0.7525865435600281
Q3_S2_XGB_seed42,Q3,S2,XGB,769,Train,0.806844862473226,0.8099445104598999
Q3_S2_XGB_seed42,Q3,S2,XGB,770,Train,0.773320583288713,0.7706223726272583
Q3_S2_XGB_seed42,Q3,S2,XGB,771,Train,0.76993874578373,0.7851088643074036
Q3_S2_XGB_seed42,Q3,S2,XGB,772,Train,0.782289967046785,0.7811757922172546
Q3_S2_XGB_seed42,Q3,S2,XGB,773,Train,0.692891774424785,0.7116769552230835
Q3_S2_XGB_seed42,Q3,S2,XGB,774,Train,0.845013806324218,0.8390792608261108
Q3_S2_XGB_seed42,Q3,S2,XGB,775,Train,0.904396288730716,0.9101108908653259
Q3_S2_XGB_seed42,Q3,S2,XGB,776,Train,0.950876857435849,0.9550167918205261
Q3_S2_XGB_seed42,Q3,S2,XGB,777,Train,1.02582131493631,1.0356608629226685
Q3_S2_XGB_seed42,Q3,S2,XGB,778,Train,1.0696298812969,1.0698413848876953
Q3_S2_XGB_seed42,Q3,S2,XGB,779,Train,1.09690879965459,1.0953843593597412
Q3_S2_XGB_seed42,Q3,S2,XGB,780,Train,0.736439137486459,0.7314159274101257
Q3_S2_XGB_seed42,Q3,S2,XGB,781,Train,0.722248122910828,0.7222293615341187
Q3_S2_XGB_seed42,Q3,S2,XGB,782,Train,0.686057894581173,0.6906562447547913
Q3_S2_XGB_seed42,Q3,S2,XGB,786,Train,0.760839318813295,0.7644284963607788
Q3_S2_XGB_seed42,Q3,S2,XGB,787,Train,0.805847140635809,0.8069245219230652
Q3_S2_XGB_seed42,Q3,S2,XGB,788,Train,0.774518165430972,0.7764574289321899
Q3_S2_XGB_seed42,Q3,S2,XGB,789,Train,0.760204163477313,0.775337278842926
Q3_S2_XGB_seed42,Q3,S2,XGB,790,Train,0.730069086834549,0.7312899827957153
Q3_S2_XGB_seed42,Q3,S2,XGB,792,Train,0.727544416479067,0.7224966883659363
Q3_S2_XGB_seed42,Q3,S2,XGB,793,Train,0.694543170076781,0.6908612251281738
Q3_S2_XGB_seed42,Q3,S2,XGB,795,Train,0.774518165430972,0.7754548192024231
Q3_S2_XGB_seed42,Q3,S2,XGB,796,Train,0.763045688513871,0.795400083065033
Q3_S2_XGB_seed42,Q3,S2,XGB,797,Train,0.792985905265767,0.7903556823730469
Q3_S2_XGB_seed42,Q3,S2,XGB,798,Train,0.761920681521003,0.7623819708824158
Q3_S2_XGB_seed42,Q3,S2,XGB,799,Train,0.801961178112691,0.7903556823730469
Q3_S2_XGB_seed42,Q3,S2,XGB,800,Train,0.987330734281547,0.9325417876243591
Q3_S2_XGB_seed42,Q3,S2,XGB,801,Train,0.769420608847027,0.7786443829536438
Q3_S2_XGB_seed42,Q3,S2,XGB,802,Train,0.689257733017462,0.7192748188972473
Q3_S2_XGB_seed42,Q3,S2,XGB,804,Train,0.915126920728385,0.9306016564369202
Q3_S2_XGB_seed42,Q3,S2,XGB,805,Train,0.957724668649905,0.9692946672439575
Q3_S2_XGB_seed42,Q3,S2,XGB,806,Train,1.03063481620061,1.0362839698791504
Q3_S2_XGB_seed42,Q3,S2,XGB,807,Train,1.07716357459863,1.0717978477478027
Q3_S2_XGB_seed42,Q3,S2,XGB,808,Train,1.099765176777,1.0974012613296509
Q3_S2_XGB_seed42,Q3,S2,XGB,809,Train,0.730069086834549,0.7287142872810364
Q3_S2_XGB_seed42,Q3,S2,XGB,810,Train,0.735308773693085,0.7341203093528748
Q3_S2_XGB_seed42,Q3,S2,XGB,813,Train,0.796413664208491,0.7946663498878479
Q3_S2_XGB_seed42,Q3,S2,XGB,814,Train,0.767488558989535,0.7658420205116272
Q3_S2_XGB_seed42,Q3,S2,XGB,815,Train,0.703988669853818,0.7003379464149475
Q3_S2_XGB_seed42,Q3,S2,XGB,816,Train,0.739353567501696,0.7350931167602539
Q3_S2_XGB_seed42,Q3,S2,XGB,817,Train,0.788423061208014,0.7962024211883545
Q3_S2_XGB_seed42,Q3,S2,XGB,818,Train,0.758235053232286,0.7663949131965637
Q3_S2_XGB_seed42,Q3,S2,XGB,819,Train,0.72284929898718,0.7094317674636841
Q3_S2_XGB_seed42,Q3,S2,XGB,820,Train,1.02080147380554,1.0007247924804688
Q3_S2_XGB_seed42,Q3,S2,XGB,821,Train,0.947648069034162,0.9373725056648254
Q3_S2_XGB_seed42,Q3,S2,XGB,822,Train,0.862728357189864,0.8732807636260986
Q3_S2_XGB_seed42,Q3,S2,XGB,823,Train,0.839870245957322,0.7829092741012573
Q3_S2_XGB_seed42,Q3,S2,XGB,824,Train,0.824458849728904,0.7889221906661987
Q3_S2_XGB_seed42,Q3,S2,XGB,825,Train,0.804418862461367,0.8058602809906006
Q3_S2_XGB_seed42,Q3,S2,XGB,827,Train,0.755219649235383,0.7829092741012573
Q3_S2_XGB_seed42,Q3,S2,XGB,828,Train,0.758767649085695,0.7889221906661987
Q3_S2_XGB_seed42,Q3,S2,XGB,830,Train,0.896148516387512,0.878649890422821
Q3_S2_XGB_seed42,Q3,S2,XGB,831,Train,0.74651756923174,0.7829092741012573
Q3_S2_XGB_seed42,Q3,S2,XGB,832,Train,0.740400830055671,0.7889221906661987
Q3_S2_XGB_seed42,Q3,S2,XGB,833,Train,0.767907275522683,0.8058602809906006
Q3_S2_XGB_seed42,Q3,S2,XGB,834,Train,0.896994041262592,0.878649890422821
Q3_S2_XGB_seed42,Q3,S2,XGB,836,Train,0.83913565970459,0.7889221906661987
Q3_S2_XGB_seed42,Q3,S2,XGB,837,Train,0.861622810252725,0.8058602809906006
Q3_S2_XGB_seed42,Q3,S2,XGB,838,Train,0.881909255770372,0.878649890422821
Q3_S2_XGB_seed42,Q3,S2,XGB,839,Train,0.77684465445017,0.7829092741012573
Q3_S2_XGB_seed42,Q3,S2,XGB,841,Train,0.798749567481218,0.8058602809906006
Q3_S2_XGB_seed42,Q3,S2,XGB,843,Train,0.783682735179066,0.7829092741012573
Q3_S2_XGB_seed42,Q3,S2,XGB,845,Train,0.804859872876447,0.8058602809906006
Q3_S2_XGB_seed42,Q3,S2,XGB,846,Train,0.830406809094925,0.878649890422821
Q3_S2_XGB_seed42,Q3,S2,XGB,848,Train,0.988718904599137,0.9615187048912048
Q3_S2_XGB_seed42,Q3,S2,XGB,849,Train,0.843338733281164,0.8480402827262878
Q3_S2_XGB_seed42,Q3,S2,XGB,850,Train,0.888691948306559,0.8824915289878845
Q3_S2_XGB_seed42,Q3,S2,XGB,851,Train,0.838448835114117,0.8344449996948242
Q3_S2_XGB_seed42,Q3,S2,XGB,853,Train,0.93120974605083,0.8940076231956482
Q3_S2_XGB_seed42,Q3,S2,XGB,855,Train,0.891947087933177,0.9112429618835449
Q3_S2_XGB_seed42,Q3,S2,XGB,856,Train,0.841003664585931,0.8940076231956482
Q3_S2_XGB_seed42,Q3,S2,XGB,858,Train,0.837640427960517,0.8302599191665649
Q3_S2_XGB_seed42,Q3,S2,XGB,859,Train,0.976976532023534,0.9724439382553101
Q3_S2_XGB_seed42,Q3,S2,XGB,860,Train,0.875116602351075,0.8834729790687561
Q3_S2_XGB_seed42,Q3,S2,XGB,861,Train,0.806684329368713,0.8261515498161316
Q3_S2_XGB_seed42,Q3,S2,XGB,862,Train,0.801102499746633,0.7744120955467224
Q3_S2_XGB_seed42,Q3,S2,XGB,863,Train,0.788004693259768,0.7809264063835144
Q3_S2_XGB_seed42,Q3,S2,XGB,865,Train,0.905409565154336,0.899932324886322
Q3_S2_XGB_seed42,Q3,S2,XGB,866,Train,0.729031856490157,0.7744120955467224
Q3_S2_XGB_seed42,Q3,S2,XGB,868,Train,0.805791496614141,0.8022104501724243
Q3_S2_XGB_seed42,Q3,S2,XGB,869,Train,0.91435430633742,0.899932324886322
Q3_S2_XGB_seed42,Q3,S2,XGB,870,Train,0.73919054953609,0.7744120955467224
Q3_S2_XGB_seed42,Q3,S2,XGB,871,Train,0.74439488829365,0.7809264063835144
Q3_S2_XGB_seed42,Q3,S2,XGB,873,Train,0.923963860690704,0.899932324886322
Q3_S2_XGB_seed42,Q3,S2,XGB,874,Train,0.833194013031795,0.7744120955467224
Q3_S2_XGB_seed42,Q3,S2,XGB,875,Train,0.830460308093366,0.7809264063835144
Q3_S2_XGB_seed42,Q3,S2,XGB,877,Train,0.892161082204004,0.899932324886322
Q3_S2_XGB_seed42,Q3,S2,XGB,879,Train,0.754580500145541,0.7809264063835144
Q3_S2_XGB_seed42,Q3,S2,XGB,880,Train,0.78318641891646,0.8022104501724243
Q3_S2_XGB_seed42,Q3,S2,XGB,881,Train,0.880695747690427,0.899932324886322
Q3_S2_XGB_seed42,Q3,S2,XGB,882,Train,0.770956453518485,0.7744120955467224
Q3_S2_XGB_seed42,Q3,S2,XGB,884,Train,0.804624381901374,0.8022104501724243
Q3_S2_XGB_seed42,Q3,S2,XGB,885,Train,0.877540164348498,0.899932324886322
Q3_S2_XGB_seed42,Q3,S2,XGB,886,Train,0.861262296092212,0.8377265930175781
Q3_S2_XGB_seed42,Q3,S2,XGB,887,Train,0.862587271755434,0.8513760566711426
Q3_S2_XGB_seed42,Q3,S2,XGB,889,Train,0.855699794660814,0.8390265703201294
Q3_S2_XGB_seed42,Q3,S2,XGB,890,Train,0.933510742242849,0.8915151357650757
Q3_S2_XGB_seed42,Q3,S2,XGB,891,Train,1.00605846926458,0.9208404421806335
Q3_S2_XGB_seed42,Q3,S2,XGB,892,Train,0.866467395757682,0.8760814070701599
Q3_S2_XGB_seed42,Q3,S2,XGB,894,Train,0.826695514401272,0.9208404421806335
Q3_S2_XGB_seed42,Q3,S2,XGB,895,Train,0.929061249041944,0.9138920307159424
Q3_S2_XGB_seed42,Q3,S2,XGB,896,Train,0.818042662263129,0.839080810546875
Q3_S2_XGB_seed42,Q3,S2,XGB,897,Train,0.812085675359892,0.831623911857605
Q3_S2_XGB_seed42,Q3,S2,XGB,898,Train,0.778042560572574,0.7534227967262268
Q3_S2_XGB_seed42,Q3,S2,XGB,899,Train,0.750039220749238,0.7752861380577087
Q3_S2_XGB_seed42,Q3,S2,XGB,900,Train,0.849781838530611,0.8234469294548035
Q3_S2_XGB_seed42,Q3,S2,XGB,901,Train,0.921417913561959,0.9091254472732544
Q3_S2_XGB_seed42,Q3,S2,XGB,902,Train,0.709560263195736,0.7534227967262268
Q3_S2_XGB_seed42,Q3,S2,XGB,903,Train,0.767907275522683,0.7752861380577087
Q3_S2_XGB_seed42,Q3,S2,XGB,905,Train,0.923880804895202,0.9091254472732544
Q3_S2_XGB_seed42,Q3,S2,XGB,906,Train,0.731376879007756,0.7534227967262268
Q3_S2_XGB_seed42,Q3,S2,XGB,907,Train,0.756332494515326,0.7752861380577087
Q3_S2_XGB_seed42,Q3,S2,XGB,908,Train,0.793009162016314,0.8234469294548035
Q3_S2_XGB_seed42,Q3,S2,XGB,909,Train,0.938995087972337,0.9091254472732544
Q3_S2_XGB_seed42,Q3,S2,XGB,911,Train,0.812349202994303,0.7752861380577087
Q3_S2_XGB_seed42,Q3,S2,XGB,913,Train,0.918757744370779,0.9091254472732544
Q3_S2_XGB_seed42,Q3,S2,XGB,916,Train,0.793688616630125,0.8234469294548035
Q3_S2_XGB_seed42,Q3,S2,XGB,917,Train,0.895365302224161,0.9091254472732544
Q3_S2_XGB_seed42,Q3,S2,XGB,918,Train,0.760613981871055,0.7534227967262268
Q3_S2_XGB_seed42,Q3,S2,XGB,919,Train,0.773129311444233,0.7752861380577087
Q3_S2_XGB_seed42,Q3,S2,XGB,920,Train,0.800973771863673,0.8234469294548035
Q3_S2_XGB_seed42,Q3,S2,XGB,921,Train,0.893455868895967,0.9091254472732544
Q3_S2_XGB_seed42,Q3,S2,XGB,923,Train,0.796755167716249,0.8192304968833923
Q3_S2_XGB_seed42,Q3,S2,XGB,924,Train,0.795814694826164,0.8190336227416992
Q3_S2_XGB_seed42,Q3,S2,XGB,925,Train,0.758526566744865,0.7530069947242737
Q3_S2_XGB_seed42,Q3,S2,XGB,926,Train,0.748892319551776,0.7690029144287109
Q3_S2_XGB_seed42,Q3,S2,XGB,928,Train,0.931291021036105,0.9143983721733093
Q3_S2_XGB_seed42,Q3,S2,XGB,929,Train,0.702154693520188,0.7530069947242737
Q3_S2_XGB_seed42,Q3,S2,XGB,930,Train,0.763409984431848,0.7690029144287109
Q3_S2_XGB_seed42,Q3,S2,XGB,931,Train,0.853067002093386,0.8268229961395264
Q3_S2_XGB_seed42,Q3,S2,XGB,932,Train,0.926347305711552,0.9143983721733093
Q3_S2_XGB_seed42,Q3,S2,XGB,933,Train,0.735661375815505,0.7530069947242737
Q3_S2_XGB_seed42,Q3,S2,XGB,934,Train,0.742397974619634,0.7690029144287109
Q3_S2_XGB_seed42,Q3,S2,XGB,935,Train,0.818122373675804,0.8268229961395264
Q3_S2_XGB_seed42,Q3,S2,XGB,936,Train,0.946555392146291,0.9143983721733093
Q3_S2_XGB_seed42,Q3,S2,XGB,937,Train,0.822176110017067,0.7530069947242737
Q3_S2_XGB_seed42,Q3,S2,XGB,938,Train,0.802579810987906,0.7690029144287109
Q3_S2_XGB_seed42,Q3,S2,XGB,939,Train,0.850241359949186,0.8268229961395264
Q3_S2_XGB_seed42,Q3,S2,XGB,940,Train,0.900280998471653,0.9143983721733093
Q3_S2_XGB_seed42,Q3,S2,XGB,941,Train,0.757894222047023,0.7530069947242737
Q3_S2_XGB_seed42,Q3,S2,XGB,942,Train,0.757061429213538,0.7690029144287109
Q3_S2_XGB_seed42,Q3,S2,XGB,944,Train,0.916784083531629,0.9143983721733093
Q3_S2_XGB_seed42,Q3,S2,XGB,946,Train,0.774436547805945,0.7690029144287109
Q3_S2_XGB_seed42,Q3,S2,XGB,947,Train,0.804802264358862,0.8268229961395264
Q3_S2_XGB_seed42,Q3,S2,XGB,948,Train,0.889507167326115,0.9143983721733093
Q3_S2_XGB_seed42,Q3,S2,XGB,949,Train,0.834489600568311,0.832299530506134
Q3_S2_XGB_seed42,Q3,S2,XGB,950,Train,0.866179569383206,0.8773003816604614
Q3_S2_XGB_seed42,Q3,S2,XGB,951,Train,0.808010862359159,0.8141911029815674
Q3_S2_XGB_seed42,Q3,S2,XGB,952,Train,0.860410176752358,0.8579421639442444
Q3_S2_XGB_seed42,Q3,S2,XGB,953,Train,0.989598819123395,0.9116285443305969
Q3_S2_XGB_seed42,Q3,S2,XGB,954,Train,0.92242775800187,0.8872675895690918
Q3_S2_XGB_seed42,Q3,S2,XGB,956,Train,0.853182190508781,0.9116285443305969
Q3_S2_XGB_seed42,Q3,S2,XGB,959,Train,0.878145002204253,0.8798801898956299
Q3_S2_XGB_seed42,Q3,S2,XGB,960,Train,0.787849267499515,0.8150374293327332
Q3_S2_XGB_seed42,Q3,S2,XGB,961,Train,0.807788120514204,0.8373509049415588
Q3_S2_XGB_seed42,Q3,S2,XGB,962,Train,0.763569965105048,0.7635177969932556
Q3_S2_XGB_seed42,Q3,S2,XGB,963,Train,0.742136835683651,0.7739395499229431
Q3_S2_XGB_seed42,Q3,S2,XGB,967,Train,0.770768562571437,0.7739395499229431
Q3_S2_XGB_seed42,Q3,S2,XGB,968,Train,0.865848949986576,0.8422183990478516
Q3_S2_XGB_seed42,Q3,S2,XGB,969,Train,0.926460609945532,0.9128814339637756
Q3_S2_XGB_seed42,Q3,S2,XGB,970,Train,0.718033884901515,0.7635177969932556
Q3_S2_XGB_seed42,Q3,S2,XGB,971,Train,0.744034833728012,0.7739395499229431
Q3_S2_XGB_seed42,Q3,S2,XGB,972,Train,0.834231145952886,0.8422183990478516
Q3_S2_XGB_seed42,Q3,S2,XGB,973,Train,0.949081938843105,0.9128814339637756
Q3_S2_XGB_seed42,Q3,S2,XGB,974,Train,0.823136893551042,0.7635177969932556
Q3_S2_XGB_seed42,Q3,S2,XGB,975,Train,0.807558799569149,0.7739395499229431
Q3_S2_XGB_seed42,Q3,S2,XGB,976,Train,0.845371896610588,0.8422183990478516
Q3_S2_XGB_seed42,Q3,S2,XGB,977,Train,0.901400479158204,0.9128814339637756
Q3_S2_XGB_seed42,Q3,S2,XGB,978,Train,0.758793795325685,0.7635177969932556
Q3_S2_XGB_seed42,Q3,S2,XGB,979,Train,0.759419253918282,0.7739395499229431
Q3_S2_XGB_seed42,Q3,S2,XGB,981,Train,0.909280357024702,0.9128814339637756
Q3_S2_XGB_seed42,Q3,S2,XGB,982,Train,0.75408366475121,0.7635177969932556
Q3_S2_XGB_seed42,Q3,S2,XGB,983,Train,0.764493341936512,0.7739395499229431
Q3_S2_XGB_seed42,Q3,S2,XGB,985,Train,0.899317323108963,0.9128814339637756
Q3_S2_XGB_seed42,Q3,S2,XGB,990,Train,0.761811915695933,0.788252055644989
Q3_S2_XGB_seed42,Q3,S2,XGB,991,Train,0.859657066279412,0.846697211265564
Q3_S2_XGB_seed42,Q3,S2,XGB,992,Train,0.720926707585792,0.7445841431617737
Q3_S2_XGB_seed42,Q3,S2,XGB,993,Train,0.735349221875968,0.7674623727798462
Q3_S2_XGB_seed42,Q3,S2,XGB,994,Train,0.864231348838916,0.8489018678665161
Q3_S2_XGB_seed42,Q3,S2,XGB,996,Train,0.719091440442532,0.7445841431617737
Q3_S2_XGB_seed42,Q3,S2,XGB,997,Train,0.779437546258,0.7674623727798462
Q3_S2_XGB_seed42,Q3,S2,XGB,998,Train,0.860219674132099,0.8489018678665161
Q3_S2_XGB_seed42,Q3,S2,XGB,999,Train,0.928960777763589,0.9137985110282898
Q3_S2_XGB_seed42,Q3,S2,XGB,1000,Train,0.709925720338231,0.7445841431617737
Q3_S2_XGB_seed42,Q3,S2,XGB,1004,Train,0.812887139706805,0.7445841431617737
Q3_S2_XGB_seed42,Q3,S2,XGB,1005,Train,0.798244919255891,0.7674623727798462
Q3_S2_XGB_seed42,Q3,S2,XGB,1006,Train,0.842822772629174,0.8489018678665161
Q3_S2_XGB_seed42,Q3,S2,XGB,1007,Train,0.906955362965224,0.9137985110282898
Q3_S2_XGB_seed42,Q3,S2,XGB,1008,Train,0.747785039139969,0.7445841431617737
Q3_S2_XGB_seed42,Q3,S2,XGB,1009,Train,0.766743793103087,0.7674623727798462
Q3_S2_XGB_seed42,Q3,S2,XGB,1011,Train,0.901897886930289,0.9137985110282898
Q3_S2_XGB_seed42,Q3,S2,XGB,1012,Train,0.759207198504107,0.7445841431617737
Q3_S2_XGB_seed42,Q3,S2,XGB,1013,Train,0.76993874578373,0.7674623727798462
Q3_S2_XGB_seed42,Q3,S2,XGB,1014,Train,0.818834654745319,0.8489018678665161
Q3_S2_XGB_seed42,Q3,S2,XGB,1015,Train,0.905978375447755,0.9137985110282898
Q3_S2_XGB_seed42,Q3,S2,XGB,1016,Train,0.856006369302794,0.8405016660690308
Q3_S2_XGB_seed42,Q3,S2,XGB,1017,Train,0.798470002896076,0.8036534190177917
Q3_S2_XGB_seed42,Q3,S2,XGB,1018,Train,0.867404297372514,0.8665750622749329
Q3_S2_XGB_seed42,Q3,S2,XGB,1020,Train,0.919245673734333,0.8552448749542236
Q3_S2_XGB_seed42,Q3,S2,XGB,1021,Train,1.05737670205315,0.9761483073234558
Q3_S2_XGB_seed42,Q3,S2,XGB,1022,Train,0.853182190508781,0.8600618243217468
Q3_S2_XGB_seed42,Q3,S2,XGB,1023,Train,0.798982458338327,0.8552448749542236
Q3_S2_XGB_seed42,Q3,S2,XGB,1024,Train,0.894639934691145,0.9761483073234558
Q3_S2_XGB_seed42,Q3,S2,XGB,1025,Train,0.836702062630733,0.8290853500366211
Q3_S2_XGB_seed42,Q3,S2,XGB,1028,Train,0.711549340265613,0.7465537190437317
Q3_S2_XGB_seed42,Q3,S2,XGB,1029,Train,0.738760170069949,0.7675157189369202
Q3_S2_XGB_seed42,Q3,S2,XGB,1030,Train,0.861641648130033,0.8524421453475952
Q3_S2_XGB_seed42,Q3,S2,XGB,1032,Train,0.718982616423606,0.7465537190437317
Q3_S2_XGB_seed42,Q3,S2,XGB,1033,Train,0.783095405058374,0.7675157189369202
Q3_S2_XGB_seed42,Q3,S2,XGB,1034,Train,0.865454199500397,0.8524421453475952
Q3_S2_XGB_seed42,Q3,S2,XGB,1035,Train,0.933971259237154,0.9257388114929199
Q3_S2_XGB_seed42,Q3,S2,XGB,1036,Train,0.701623672917154,0.7465537190437317
Q3_S2_XGB_seed42,Q3,S2,XGB,1037,Train,0.757193696411778,0.7675157189369202
Q3_S2_XGB_seed42,Q3,S2,XGB,1038,Train,0.872255273289102,0.8524421453475952
Q3_S2_XGB_seed42,Q3,S2,XGB,1039,Train,0.954144546641154,0.9257388114929199
Q3_S2_XGB_seed42,Q3,S2,XGB,1040,Train,0.814569613592269,0.7465537190437317
Q3_S2_XGB_seed42,Q3,S2,XGB,1042,Train,0.859663223157214,0.8524421453475952
Q3_S2_XGB_seed42,Q3,S2,XGB,1043,Train,0.932819211063934,0.9257388114929199
Q3_S2_XGB_seed42,Q3,S2,XGB,1044,Train,0.753576013281286,0.7465537190437317
Q3_S2_XGB_seed42,Q3,S2,XGB,1045,Train,0.76051362037454,0.7675157189369202
Q3_S2_XGB_seed42,Q3,S2,XGB,1046,Train,0.818834654745319,0.8524421453475952
Q3_S2_XGB_seed42,Q3,S2,XGB,1048,Train,0.756624896500184,0.7465537190437317
Q3_S2_XGB_seed42,Q3,S2,XGB,1049,Train,0.760204163477313,0.7675157189369202
Q3_S2_XGB_seed42,Q3,S2,XGB,1050,Train,0.829191674260014,0.8524421453475952
Q3_S2_XGB_seed42,Q3,S2,XGB,1051,Train,0.922527857069852,0.9257388114929199
Q3_S2_XGB_seed42,Q3,S2,XGB,1052,Train,0.79710536729945,0.8048993349075317
Q3_S2_XGB_seed42,Q3,S2,XGB,1053,Train,0.843595373557105,0.8561598062515259
Q3_S2_XGB_seed42,Q3,S2,XGB,1054,Train,0.820417256414491,0.8388210535049438
Q3_S2_XGB_seed42,Q3,S2,XGB,1055,Train,0.957410318343692,0.9557660222053528
Q3_S2_XGB_seed42,Q3,S2,XGB,1056,Train,0.813872622033883,0.822052001953125
Q3_S2_XGB_seed42,Q3,S2,XGB,1057,Train,0.774189026409601,0.7825840711593628
Q3_S2_XGB_seed42,Q3,S2,XGB,1060,Train,0.761528027071662,0.7733115553855896
Q3_S2_XGB_seed42,Q3,S2,XGB,1061,Train,0.869420076911184,0.857738733291626
Q3_S2_XGB_seed42,Q3,S2,XGB,1064,Train,0.800373468473371,0.7733115553855896
Q3_S2_XGB_seed42,Q3,S2,XGB,1065,Train,0.868075884732324,0.857738733291626
Q3_S2_XGB_seed42,Q3,S2,XGB,1066,Train,0.929363429825195,0.9343790411949158
Q3_S2_XGB_seed42,Q3,S2,XGB,1068,Train,0.770219717628378,0.7733115553855896
Q3_S2_XGB_seed42,Q3,S2,XGB,1069,Train,0.88022855729693,0.857738733291626
Q3_S2_XGB_seed42,Q3,S2,XGB,1070,Train,0.959219672874343,0.9343790411949158
Q3_S2_XGB_seed42,Q3,S2,XGB,1071,Train,0.802296644258131,0.7555741667747498
Q3_S2_XGB_seed42,Q3,S2,XGB,1073,Train,0.866999035914871,0.857738733291626
Q3_S2_XGB_seed42,Q3,S2,XGB,1074,Train,0.949217949892863,0.9343790411949158
Q3_S2_XGB_seed42,Q3,S2,XGB,1076,Train,0.760204163477313,0.7733115553855896
Q3_S2_XGB_seed42,Q3,S2,XGB,1077,Train,0.822125963335149,0.857738733291626
Q3_S2_XGB_seed42,Q3,S2,XGB,1078,Train,0.939426893652025,0.9343790411949158
Q3_S2_XGB_seed42,Q3,S2,XGB,1079,Train,0.750569072247341,0.7555741667747498
Q3_S2_XGB_seed42,Q3,S2,XGB,1080,Train,0.763045688513871,0.7733115553855896
Q3_S2_XGB_seed42,Q3,S2,XGB,1081,Train,0.83332674041077,0.857738733291626
Q3_S2_XGB_seed42,Q3,S2,XGB,1082,Train,0.926188379655635,0.9343790411949158
Q3_S2_XGB_seed42,Q3,S2,XGB,1083,Train,0.797960018930702,0.8008533120155334
Q3_S2_XGB_seed42,Q3,S2,XGB,1084,Train,0.763999535247556,0.7771440744400024
Q3_S2_XGB_seed42,Q3,S2,XGB,1085,Train,0.895543206493383,0.8481143116950989
Q3_S2_XGB_seed42,Q3,S2,XGB,1086,Train,0.708569706169591,0.7383601665496826
Q3_S2_XGB_seed42,Q3,S2,XGB,1088,Train,0.868075884732324,0.8656535148620605
Q3_S2_XGB_seed42,Q3,S2,XGB,1089,Train,0.944032050879927,0.9516569375991821
Q3_S2_XGB_seed42,Q3,S2,XGB,1090,Train,0.733424008300312,0.7383601665496826
Q3_S2_XGB_seed42,Q3,S2,XGB,1091,Train,0.804932790987593,0.7806560397148132
Q3_S2_XGB_seed42,Q3,S2,XGB,1092,Train,0.875958312856537,0.8656535148620605
Q3_S2_XGB_seed42,Q3,S2,XGB,1093,Train,0.93951362970487,0.9516569375991821
Q3_S2_XGB_seed42,Q3,S2,XGB,1094,Train,0.69677225391561,0.7383601665496826
Q3_S2_XGB_seed42,Q3,S2,XGB,1095,Train,0.786180255102554,0.7806560397148132
Q3_S2_XGB_seed42,Q3,S2,XGB,1096,Train,0.882891632476178,0.8656535148620605
Q3_S2_XGB_seed42,Q3,S2,XGB,1097,Train,0.956680557393612,0.9516569375991821
Q3_S2_XGB_seed42,Q3,S2,XGB,1098,Train,0.792504253391991,0.7383601665496826
Q3_S2_XGB_seed42,Q3,S2,XGB,1099,Train,0.789633487297816,0.7806560397148132
Q3_S2_XGB_seed42,Q3,S2,XGB,1101,Train,0.956942220525115,0.9516569375991821
Q3_S2_XGB_seed42,Q3,S2,XGB,1102,Train,0.734199846749297,0.7383601665496826
Q3_S2_XGB_seed42,Q3,S2,XGB,1103,Train,0.774793449957782,0.7806560397148132
Q3_S2_XGB_seed42,Q3,S2,XGB,1104,Train,0.831410637779578,0.8656535148620605
Q3_S2_XGB_seed42,Q3,S2,XGB,1105,Train,0.945850340334221,0.9516569375991821
Q3_S2_XGB_seed42,Q3,S2,XGB,1108,Train,0.845381357533183,0.8656535148620605
Q3_S2_XGB_seed42,Q3,S2,XGB,1109,Train,0.936970712621457,0.9516569375991821
Q3_S2_XGB_seed42,Q3,S2,XGB,1110,Train,0.799935130890267,0.8029593825340271
Q3_S2_XGB_seed42,Q3,S2,XGB,1111,Train,0.76635763480699,0.7837784886360168
Q3_S2_XGB_seed42,Q3,S2,XGB,1113,Train,0.72141924849785,0.7420426607131958
Q3_S2_XGB_seed42,Q3,S2,XGB,1114,Train,0.814615157530146,0.7860379815101624
Q3_S2_XGB_seed42,Q3,S2,XGB,1115,Train,0.870700482829228,0.8679699301719666
Q3_S2_XGB_seed42,Q3,S2,XGB,1117,Train,0.748026513306267,0.7420426607131958
Q3_S2_XGB_seed42,Q3,S2,XGB,1118,Train,0.819042301069102,0.7860379815101624
Q3_S2_XGB_seed42,Q3,S2,XGB,1119,Train,0.872255273289102,0.8679699301719666
Q3_S2_XGB_seed42,Q3,S2,XGB,1120,Train,0.93951362970487,0.9585100412368774
Q3_S2_XGB_seed42,Q3,S2,XGB,1121,Train,0.699087262596401,0.7420426607131958
Q3_S2_XGB_seed42,Q3,S2,XGB,1122,Train,0.804412761608385,0.7860379815101624
Q3_S2_XGB_seed42,Q3,S2,XGB,1123,Train,0.888225610247878,0.8679699301719666
Q3_S2_XGB_seed42,Q3,S2,XGB,1124,Train,0.959219672874343,0.9585100412368774
Q3_S2_XGB_seed42,Q3,S2,XGB,1125,Train,0.794478660847515,0.7420426607131958
Q3_S2_XGB_seed42,Q3,S2,XGB,1126,Train,0.795044896217672,0.7860379815101624
Q3_S2_XGB_seed42,Q3,S2,XGB,1128,Train,0.97232606069617,0.9585100412368774
Q3_S2_XGB_seed42,Q3,S2,XGB,1130,Train,0.76392809877467,0.7860379815101624
Q3_S2_XGB_seed42,Q3,S2,XGB,1131,Train,0.845381357533183,0.8679699301719666
Q3_S2_XGB_seed42,Q3,S2,XGB,1132,Train,0.954485708802878,0.9585100412368774
Q3_S2_XGB_seed42,Q3,S2,XGB,1133,Train,0.742091685619275,0.7420426607131958
Q3_S2_XGB_seed42,Q3,S2,XGB,1134,Train,0.754667374526097,0.7860379815101624
Q3_S2_XGB_seed42,Q3,S2,XGB,1135,Train,0.869999601044121,0.8679699301719666
Q3_S2_XGB_seed42,Q3,S2,XGB,1136,Train,0.952275901991181,0.9585100412368774
Q3_S2_XGB_seed42,Q3,S2,XGB,1137,Train,0.813523741478924,0.83832848072052
Q3_S2_XGB_seed42,Q3,S2,XGB,1139,Train,0.765581738055363,0.7848308086395264
Q3_S2_XGB_seed42,Q3,S2,XGB,1140,Train,0.893569868785435,0.8543855547904968
Q3_S2_XGB_seed42,Q3,S2,XGB,1141,Train,0.709030521494937,0.7429566383361816
Q3_S2_XGB_seed42,Q3,S2,XGB,1142,Train,0.824401326732183,0.7857555747032166
Q3_S2_XGB_seed42,Q3,S2,XGB,1143,Train,0.875958312856537,0.8810094594955444
Q3_S2_XGB_seed42,Q3,S2,XGB,1144,Train,0.944607596729703,0.9581452012062073
Q3_S2_XGB_seed42,Q3,S2,XGB,1145,Train,0.766681341537034,0.7429566383361816
Q3_S2_XGB_seed42,Q3,S2,XGB,1146,Train,0.821112449176638,0.7857555747032166
Q3_S2_XGB_seed42,Q3,S2,XGB,1147,Train,0.875958312856537,0.8810094594955444
Q3_S2_XGB_seed42,Q3,S2,XGB,1148,Train,0.935150536886007,0.9581452012062073
Q3_S2_XGB_seed42,Q3,S2,XGB,1149,Train,0.702440630147331,0.7429566383361816
Q3_S2_XGB_seed42,Q3,S2,XGB,1151,Train,0.89089646597602,0.8810094594955444
Q3_S2_XGB_seed42,Q3,S2,XGB,1152,Train,0.957395932449324,0.9581452012062073
Q3_S2_XGB_seed42,Q3,S2,XGB,1153,Train,0.798730965528296,0.7429566383361816
Q3_S2_XGB_seed42,Q3,S2,XGB,1154,Train,0.79375716356903,0.7857555747032166
Q3_S2_XGB_seed42,Q3,S2,XGB,1155,Train,0.909280357024702,0.8810094594955444
Q3_S2_XGB_seed42,Q3,S2,XGB,1157,Train,0.740859563923326,0.7429566383361816
Q3_S2_XGB_seed42,Q3,S2,XGB,1158,Train,0.762574527781987,0.7857555747032166
Q3_S2_XGB_seed42,Q3,S2,XGB,1160,Train,0.965390605715699,0.9581452012062073
Q3_S2_XGB_seed42,Q3,S2,XGB,1161,Train,0.743478810778917,0.7429566383361816
Q3_S2_XGB_seed42,Q3,S2,XGB,1162,Train,0.764183080187211,0.7857555747032166
Q3_S2_XGB_seed42,Q3,S2,XGB,1165,Train,0.86118506512759,0.8582646250724792
Q3_S2_XGB_seed42,Q3,S2,XGB,1166,Train,0.774189026409601,0.7970988154411316
Q3_S2_XGB_seed42,Q3,S2,XGB,1168,Train,0.905073760419263,0.8591746091842651
Q3_S2_XGB_seed42,Q3,S2,XGB,1169,Train,0.723035518357035,0.7446268796920776
Q3_S2_XGB_seed42,Q3,S2,XGB,1170,Train,0.826526360327323,0.7988854646682739
Q3_S2_XGB_seed42,Q3,S2,XGB,1171,Train,0.875958312856537,0.8904819488525391
Q3_S2_XGB_seed42,Q3,S2,XGB,1172,Train,0.944607596729703,0.9669919013977051
Q3_S2_XGB_seed42,Q3,S2,XGB,1173,Train,0.760209160895165,0.7446268796920776
Q3_S2_XGB_seed42,Q3,S2,XGB,1174,Train,0.820740259958004,0.7988854646682739
Q3_S2_XGB_seed42,Q3,S2,XGB,1175,Train,0.872255273289102,0.8904819488525391
Q3_S2_XGB_seed42,Q3,S2,XGB,1176,Train,0.945437666284331,0.9669919013977051
Q3_S2_XGB_seed42,Q3,S2,XGB,1178,Train,0.823357286621594,0.7988854646682739
Q3_S2_XGB_seed42,Q3,S2,XGB,1179,Train,0.891799038593436,0.8904819488525391
Q3_S2_XGB_seed42,Q3,S2,XGB,1180,Train,0.959962561862519,0.9669919013977051
Q3_S2_XGB_seed42,Q3,S2,XGB,1181,Train,0.77684465445017,0.7446268796920776
Q3_S2_XGB_seed42,Q3,S2,XGB,1182,Train,0.794780573757261,0.7988854646682739
Q3_S2_XGB_seed42,Q3,S2,XGB,1184,Train,0.996041319454468,0.9669919013977051
Q3_S2_XGB_seed42,Q3,S2,XGB,1185,Train,0.729274737980591,0.7446268796920776
Q3_S2_XGB_seed42,Q3,S2,XGB,1186,Train,0.765245089682088,0.7988854646682739
Q3_S2_XGB_seed42,Q3,S2,XGB,1187,Train,0.900060352488373,0.8904819488525391
Q3_S2_XGB_seed42,Q3,S2,XGB,1188,Train,0.974200495215366,0.9669919013977051
Q3_S2_XGB_seed42,Q3,S2,XGB,1189,Train,0.741022079805728,0.7446268796920776
Q3_S2_XGB_seed42,Q3,S2,XGB,1191,Train,0.924316467912413,0.8904819488525391
Q3_S2_XGB_seed42,Q3,S2,XGB,1194,Train,1.0309100192963,1.037272572517395
Q3_S2_XGB_seed42,Q3,S2,XGB,1195,Train,1.0309100192963,1.0347076654434204
Q3_S2_XGB_seed42,Q3,S2,XGB,1196,Train,1.04780321656717,1.0426723957061768
Q3_S2_XGB_seed42,Q3,S2,XGB,1197,Train,1.02116378112696,1.0254380702972412
Q3_S2_XGB_seed42,Q3,S2,XGB,1199,Train,0.942863732067123,0.9541420340538025
Q3_S2_XGB_seed42,Q3,S2,XGB,1200,Train,0.858516034072475,0.8329452276229858
Q3_S2_XGB_seed42,Q3,S2,XGB,1201,Train,0.828220858895706,0.8213905692100525
Q3_S2_XGB_seed42,Q3,S2,XGB,1202,Train,1.16613648991414,1.1693300008773804
Q3_S2_XGB_seed42,Q3,S2,XGB,1203,Train,1.17590341402158,1.1680161952972412
Q3_S2_XGB_seed42,Q3,S2,XGB,1205,Train,1.15864463864469,1.1492582559585571
Q3_S2_XGB_seed42,Q3,S2,XGB,1208,Train,0.945059146949154,0.9535099864006042
Q3_S2_XGB_seed42,Q3,S2,XGB,1209,Train,0.743453636792905,0.7611691951751709
Q3_S2_XGB_seed42,Q3,S2,XGB,1210,Train,0.756610346124391,0.7510647177696228
Q3_S2_XGB_seed42,Q3,S2,XGB,1211,Train,1.14869832591629,1.1603138446807861
Q3_S2_XGB_seed42,Q3,S2,XGB,1212,Train,1.15615284385716,1.1626874208450317
Q3_S2_XGB_seed42,Q3,S2,XGB,1213,Train,1.15366382320943,1.1455262899398804
Q3_S2_XGB_seed42,Q3,S2,XGB,1214,Train,1.16146409290499,1.1485828161239624
Q3_S2_XGB_seed42,Q3,S2,XGB,1216,Train,1.09724257611613,1.1108607053756714
Q3_S2_XGB_seed42,Q3,S2,XGB,1217,Train,0.969373157471161,0.967149019241333
Q3_S2_XGB_seed42,Q3,S2,XGB,1218,Train,0.767721189179986,0.7631062865257263
Q3_S2_XGB_seed42,Q3,S2,XGB,1219,Train,0.747774846750593,0.7560278177261353
Q3_S2_XGB_seed42,Q3,S2,XGB,1221,Train,1.19192306228115,1.192453384399414
Q3_S2_XGB_seed42,Q3,S2,XGB,1222,Train,1.19192306228115,1.183847427368164
Q3_S2_XGB_seed42,Q3,S2,XGB,1223,Train,1.17930396588958,1.159644603729248
Q3_S2_XGB_seed42,Q3,S2,XGB,1224,Train,1.15378304985468,1.1575133800506592
Q3_S2_XGB_seed42,Q3,S2,XGB,1225,Train,1.14378937187987,1.1449369192123413
Q3_S2_XGB_seed42,Q3,S2,XGB,1226,Train,1.05992184543277,1.0195614099502563
Q3_S2_XGB_seed42,Q3,S2,XGB,1227,Train,0.779325256152953,0.8053765296936035
Q3_S2_XGB_seed42,Q3,S2,XGB,1228,Train,0.765644820823472,0.7961664199829102
Q3_S2_XGB_seed42,Q3,S2,XGB,8,Test,0.852320637196598,1.0101149082183838
Q3_S2_XGB_seed42,Q3,S2,XGB,16,Test,0.757910939800996,0.8156157732009888
Q3_S2_XGB_seed42,Q3,S2,XGB,33,Test,0.947878574037492,0.8750057220458984
Q3_S2_XGB_seed42,Q3,S2,XGB,40,Test,0.846204660987704,0.9516605734825134
Q3_S2_XGB_seed42,Q3,S2,XGB,41,Test,0.826322526936951,0.8711238503456116
Q3_S2_XGB_seed42,Q3,S2,XGB,49,Test,0.813872622033883,0.8040981292724609
Q3_S2_XGB_seed42,Q3,S2,XGB,55,Test,1.1800839773586,1.0638116598129272
Q3_S2_XGB_seed42,Q3,S2,XGB,60,Test,0.711458783801433,0.8914191722869873
Q3_S2_XGB_seed42,Q3,S2,XGB,62,Test,1.05868835286937,1.0762730836868286
Q3_S2_XGB_seed42,Q3,S2,XGB,65,Test,0.822125963335149,0.8603276610374451
Q3_S2_XGB_seed42,Q3,S2,XGB,67,Test,0.860852339675353,0.8919603228569031
Q3_S2_XGB_seed42,Q3,S2,XGB,69,Test,0.952684962682573,0.9968093037605286
Q3_S2_XGB_seed42,Q3,S2,XGB,70,Test,1.00486544375881,1.014326572418213
Q3_S2_XGB_seed42,Q3,S2,XGB,74,Test,0.813467798407692,0.834926426410675
Q3_S2_XGB_seed42,Q3,S2,XGB,77,Test,0.852684600835069,0.9139338135719299
Q3_S2_XGB_seed42,Q3,S2,XGB,78,Test,0.903935228958348,1.0149692296981812
Q3_S2_XGB_seed42,Q3,S2,XGB,81,Test,0.813467798407692,0.8755187392234802
Q3_S2_XGB_seed42,Q3,S2,XGB,87,Test,0.737639852812842,0.8145084381103516
Q3_S2_XGB_seed42,Q3,S2,XGB,90,Test,0.992568658138745,1.024259328842163
Q3_S2_XGB_seed42,Q3,S2,XGB,95,Test,0.728664117820701,0.8234254717826843
Q3_S2_XGB_seed42,Q3,S2,XGB,98,Test,0.920532930540302,0.91701740026474
Q3_S2_XGB_seed42,Q3,S2,XGB,100,Test,0.81331948022468,0.8833075761795044
Q3_S2_XGB_seed42,Q3,S2,XGB,108,Test,0.802674817559499,0.8352406024932861
Q3_S2_XGB_seed42,Q3,S2,XGB,112,Test,0.900141392199746,0.948968768119812
Q3_S2_XGB_seed42,Q3,S2,XGB,113,Test,0.904396288730716,0.9937542676925659
Q3_S2_XGB_seed42,Q3,S2,XGB,119,Test,0.810800723507938,0.8218743205070496
Q3_S2_XGB_seed42,Q3,S2,XGB,122,Test,1.07485139681547,1.0052895545959473
Q3_S2_XGB_seed42,Q3,S2,XGB,126,Test,1.01467278489236,0.921177327632904
Q3_S2_XGB_seed42,Q3,S2,XGB,143,Test,0.998279458179488,0.9740989804267883
Q3_S2_XGB_seed42,Q3,S2,XGB,151,Test,0.81033471544061,0.8977487683296204
Q3_S2_XGB_seed42,Q3,S2,XGB,153,Test,0.843369921106177,0.872789204120636
Q3_S2_XGB_seed42,Q3,S2,XGB,154,Test,0.821094228516559,1.0807644128799438
Q3_S2_XGB_seed42,Q3,S2,XGB,155,Test,0.919162757835833,0.9534819722175598
Q3_S2_XGB_seed42,Q3,S2,XGB,156,Test,1.03546229011457,0.8837333917617798
Q3_S2_XGB_seed42,Q3,S2,XGB,171,Test,0.906717139703928,0.8683903813362122
Q3_S2_XGB_seed42,Q3,S2,XGB,173,Test,0.912905287026554,0.9368754625320435
Q3_S2_XGB_seed42,Q3,S2,XGB,204,Test,1.1393357833334,1.142093539237976
Q3_S2_XGB_seed42,Q3,S2,XGB,210,Test,0.936810267937746,0.881960928440094
Q3_S2_XGB_seed42,Q3,S2,XGB,214,Test,1.22065556157337,1.243619441986084
Q3_S2_XGB_seed42,Q3,S2,XGB,228,Test,1.06344855958423,1.0948927402496338
Q3_S2_XGB_seed42,Q3,S2,XGB,234,Test,1.11427419043542,1.0085738897323608
Q3_S2_XGB_seed42,Q3,S2,XGB,235,Test,0.961279319724471,0.9528681039810181
Q3_S2_XGB_seed42,Q3,S2,XGB,244,Test,0.893061283610279,0.8676220774650574
Q3_S2_XGB_seed42,Q3,S2,XGB,245,Test,1.23569967731168,1.318536639213562
Q3_S2_XGB_seed42,Q3,S2,XGB,246,Test,0.971990987958718,0.9183123707771301
Q3_S2_XGB_seed42,Q3,S2,XGB,254,Test,1.03327416363859,1.086501955986023
Q3_S2_XGB_seed42,Q3,S2,XGB,257,Test,1.12250446697086,1.1250462532043457
Q3_S2_XGB_seed42,Q3,S2,XGB,275,Test,0.939184508560139,1.1040457487106323
Q3_S2_XGB_seed42,Q3,S2,XGB,284,Test,1.00509196322014,0.9928178191184998
Q3_S2_XGB_seed42,Q3,S2,XGB,295,Test,0.912592939485118,0.9497379660606384
Q3_S2_XGB_seed42,Q3,S2,XGB,296,Test,0.823590841598461,0.9154391884803772
Q3_S2_XGB_seed42,Q3,S2,XGB,301,Test,1.0639187054379,0.9146562218666077
Q3_S2_XGB_seed42,Q3,S2,XGB,321,Test,1.19182986579302,0.9779227375984192
Q3_S2_XGB_seed42,Q3,S2,XGB,326,Test,0.826607210133647,0.8395447134971619
Q3_S2_XGB_seed42,Q3,S2,XGB,338,Test,1.04267580718159,0.9771362543106079
Q3_S2_XGB_seed42,Q3,S2,XGB,341,Test,0.893800025847912,0.8856968879699707
Q3_S2_XGB_seed42,Q3,S2,XGB,342,Test,0.822125963335149,0.9180953502655029
Q3_S2_XGB_seed42,Q3,S2,XGB,343,Test,1.23045619628522,1.20560884475708
Q3_S2_XGB_seed42,Q3,S2,XGB,360,Test,0.928486314599026,0.9108272790908813
Q3_S2_XGB_seed42,Q3,S2,XGB,361,Test,0.817874479739484,0.9002931118011475
Q3_S2_XGB_seed42,Q3,S2,XGB,362,Test,0.804103761789322,0.8759123682975769
Q3_S2_XGB_seed42,Q3,S2,XGB,364,Test,0.807372310203011,0.8271653056144714
Q3_S2_XGB_seed42,Q3,S2,XGB,366,Test,0.793688616630125,0.9187650680541992
Q3_S2_XGB_seed42,Q3,S2,XGB,368,Test,0.778410456559892,0.8155260682106018
Q3_S2_XGB_seed42,Q3,S2,XGB,370,Test,0.797044767127811,0.9617820978164673
Q3_S2_XGB_seed42,Q3,S2,XGB,371,Test,0.798595345560752,0.8981805443763733
Q3_S2_XGB_seed42,Q3,S2,XGB,386,Test,1.13574687602424,0.9935100078582764
Q3_S2_XGB_seed42,Q3,S2,XGB,397,Test,1.1186386283466,1.0723499059677124
Q3_S2_XGB_seed42,Q3,S2,XGB,399,Test,0.87291386843261,0.87196946144104
Q3_S2_XGB_seed42,Q3,S2,XGB,401,Test,0.815966834108385,0.8241889476776123
Q3_S2_XGB_seed42,Q3,S2,XGB,411,Test,0.877864354166367,0.9126768112182617
Q3_S2_XGB_seed42,Q3,S2,XGB,415,Test,0.925526846600607,0.8604657649993896
Q3_S2_XGB_seed42,Q3,S2,XGB,416,Test,0.849045399851102,0.8692582249641418
Q3_S2_XGB_seed42,Q3,S2,XGB,417,Test,0.808514768466947,0.8252906203269958
Q3_S2_XGB_seed42,Q3,S2,XGB,427,Test,1.215634689863,1.2376564741134644
Q3_S2_XGB_seed42,Q3,S2,XGB,429,Test,1.10827609567712,0.9928783774375916
Q3_S2_XGB_seed42,Q3,S2,XGB,431,Test,0.881268697770986,0.997717022895813
Q3_S2_XGB_seed42,Q3,S2,XGB,437,Test,1.13482643199722,0.9634111523628235
Q3_S2_XGB_seed42,Q3,S2,XGB,439,Test,0.902931191290748,0.9872008562088013
Q3_S2_XGB_seed42,Q3,S2,XGB,444,Test,0.924601655563363,0.8843916058540344
Q3_S2_XGB_seed42,Q3,S2,XGB,447,Test,0.929918995294268,1.025138258934021
Q3_S2_XGB_seed42,Q3,S2,XGB,448,Test,1.21062408455055,1.2304362058639526
Q3_S2_XGB_seed42,Q3,S2,XGB,467,Test,0.84311310408725,0.8498724102973938
Q3_S2_XGB_seed42,Q3,S2,XGB,480,Test,0.821675056584442,0.8663790822029114
Q3_S2_XGB_seed42,Q3,S2,XGB,490,Test,0.860232526704263,0.9137411117553711
Q3_S2_XGB_seed42,Q3,S2,XGB,497,Test,0.865613735535156,0.8971651792526245
Q3_S2_XGB_seed42,Q3,S2,XGB,499,Test,0.818501856967033,0.8971651792526245
Q3_S2_XGB_seed42,Q3,S2,XGB,508,Test,0.869145624340571,0.860802173614502
Q3_S2_XGB_seed42,Q3,S2,XGB,513,Test,0.777541657084211,0.8756825923919678
Q3_S2_XGB_seed42,Q3,S2,XGB,514,Test,0.872373442452523,0.9889796376228333
Q3_S2_XGB_seed42,Q3,S2,XGB,515,Test,0.761899976261084,0.7703014612197876
Q3_S2_XGB_seed42,Q3,S2,XGB,519,Test,0.792940350167374,0.8216285705566406
Q3_S2_XGB_seed42,Q3,S2,XGB,522,Test,0.795876748277848,0.7690560817718506
Q3_S2_XGB_seed42,Q3,S2,XGB,525,Test,0.787590206185008,0.9183738231658936
Q3_S2_XGB_seed42,Q3,S2,XGB,531,Test,0.746485628020581,0.8034082651138306
Q3_S2_XGB_seed42,Q3,S2,XGB,534,Test,0.887000548342337,0.9074198603630066
Q3_S2_XGB_seed42,Q3,S2,XGB,535,Test,0.833498423244719,0.8509694933891296
Q3_S2_XGB_seed42,Q3,S2,XGB,537,Test,0.793151072002874,0.8064144253730774
Q3_S2_XGB_seed42,Q3,S2,XGB,539,Test,0.970060488345038,0.8810597658157349
Q3_S2_XGB_seed42,Q3,S2,XGB,546,Test,0.889020469334822,0.8906558752059937
Q3_S2_XGB_seed42,Q3,S2,XGB,551,Test,0.831260172592189,0.8483917713165283
Q3_S2_XGB_seed42,Q3,S2,XGB,553,Test,0.826849384947378,0.8125025033950806
Q3_S2_XGB_seed42,Q3,S2,XGB,564,Test,0.878262057500151,0.8429586291313171
Q3_S2_XGB_seed42,Q3,S2,XGB,576,Test,0.742339670007947,0.7500872015953064
Q3_S2_XGB_seed42,Q3,S2,XGB,579,Test,0.886763619447251,0.8704207539558411
Q3_S2_XGB_seed42,Q3,S2,XGB,587,Test,0.861216463662039,0.873940646648407
Q3_S2_XGB_seed42,Q3,S2,XGB,611,Test,0.77213333007826,0.7803553342819214
Q3_S2_XGB_seed42,Q3,S2,XGB,612,Test,0.764913144503674,0.7556700706481934
Q3_S2_XGB_seed42,Q3,S2,XGB,613,Test,0.728688971473978,0.7171836495399475
Q3_S2_XGB_seed42,Q3,S2,XGB,616,Test,0.880044085567343,0.8450613617897034
Q3_S2_XGB_seed42,Q3,S2,XGB,617,Test,0.807585700067222,0.7749765515327454
Q3_S2_XGB_seed42,Q3,S2,XGB,618,Test,0.77074592040747,0.800230860710144
Q3_S2_XGB_seed42,Q3,S2,XGB,620,Test,0.874724003831233,0.8709327578544617
Q3_S2_XGB_seed42,Q3,S2,XGB,625,Test,0.758709176213725,0.7632221579551697
Q3_S2_XGB_seed42,Q3,S2,XGB,629,Test,0.889817242212127,0.859723687171936
Q3_S2_XGB_seed42,Q3,S2,XGB,631,Test,0.798143063448458,0.8034639954566956
Q3_S2_XGB_seed42,Q3,S2,XGB,634,Test,0.825733401774114,0.7956113219261169
Q3_S2_XGB_seed42,Q3,S2,XGB,635,Test,0.834632208487437,0.841582715511322
Q3_S2_XGB_seed42,Q3,S2,XGB,637,Test,0.809354767359919,0.7717882990837097
Q3_S2_XGB_seed42,Q3,S2,XGB,640,Test,0.876039548113258,0.8895362615585327
Q3_S2_XGB_seed42,Q3,S2,XGB,643,Test,0.945850340334221,0.9458678960800171
Q3_S2_XGB_seed42,Q3,S2,XGB,644,Test,0.818498551872722,0.8152623772621155
Q3_S2_XGB_seed42,Q3,S2,XGB,646,Test,0.75408366475121,0.7593345046043396
Q3_S2_XGB_seed42,Q3,S2,XGB,647,Test,0.747247842259885,0.7418766617774963
Q3_S2_XGB_seed42,Q3,S2,XGB,654,Test,0.851986068586528,0.8464311361312866
Q3_S2_XGB_seed42,Q3,S2,XGB,664,Test,0.741549273895159,0.7350487112998962
Q3_S2_XGB_seed42,Q3,S2,XGB,668,Test,0.851986068586528,0.8305036425590515
Q3_S2_XGB_seed42,Q3,S2,XGB,673,Test,0.976796171044411,0.9799767732620239
Q3_S2_XGB_seed42,Q3,S2,XGB,676,Test,0.791863787278371,0.7966158390045166
Q3_S2_XGB_seed42,Q3,S2,XGB,680,Test,0.75024454341863,0.7419999241828918
Q3_S2_XGB_seed42,Q3,S2,XGB,682,Test,0.689926541089295,0.7004718780517578
Q3_S2_XGB_seed42,Q3,S2,XGB,684,Test,0.769420608847027,0.7784616351127625
Q3_S2_XGB_seed42,Q3,S2,XGB,691,Test,0.792036479454565,0.7945936322212219
Q3_S2_XGB_seed42,Q3,S2,XGB,699,Test,1.01805929822394,1.0029175281524658
Q3_S2_XGB_seed42,Q3,S2,XGB,721,Test,0.713090900306153,0.7210500836372375
Q3_S2_XGB_seed42,Q3,S2,XGB,733,Test,0.708619564845011,0.7189176678657532
Q3_S2_XGB_seed42,Q3,S2,XGB,749,Test,1.0745623846132,1.0569336414337158
Q3_S2_XGB_seed42,Q3,S2,XGB,750,Test,0.732807913562506,0.7291097044944763
Q3_S2_XGB_seed42,Q3,S2,XGB,757,Test,0.754667374526097,0.7433825135231018
Q3_S2_XGB_seed42,Q3,S2,XGB,764,Test,0.778229870410982,0.7805811762809753
Q3_S2_XGB_seed42,Q3,S2,XGB,783,Test,0.786408672212412,0.79259192943573
Q3_S2_XGB_seed42,Q3,S2,XGB,784,Test,0.753576013281286,0.7668135762214661
Q3_S2_XGB_seed42,Q3,S2,XGB,785,Test,0.796451175291166,0.79259192943573
Q3_S2_XGB_seed42,Q3,S2,XGB,791,Test,0.764115759199259,0.769523024559021
Q3_S2_XGB_seed42,Q3,S2,XGB,794,Test,0.803883097711839,0.8111372590065002
Q3_S2_XGB_seed42,Q3,S2,XGB,803,Test,0.864887132936625,0.8645282983779907
Q3_S2_XGB_seed42,Q3,S2,XGB,811,Test,0.735934933307509,0.7291378974914551
Q3_S2_XGB_seed42,Q3,S2,XGB,812,Test,0.696679662727248,0.6967012286186218
Q3_S2_XGB_seed42,Q3,S2,XGB,826,Test,0.86511259293188,0.878649890422821
Q3_S2_XGB_seed42,Q3,S2,XGB,829,Test,0.799304941599041,0.8058602809906006
Q3_S2_XGB_seed42,Q3,S2,XGB,835,Test,0.834074420809216,0.7829092741012573
Q3_S2_XGB_seed42,Q3,S2,XGB,840,Test,0.76156027562374,0.7889221906661987
Q3_S2_XGB_seed42,Q3,S2,XGB,842,Test,0.827016737870009,0.878649890422821
Q3_S2_XGB_seed42,Q3,S2,XGB,844,Test,0.782523228550948,0.7889221906661987
Q3_S2_XGB_seed42,Q3,S2,XGB,847,Test,1.05187627303712,0.8405570387840271
Q3_S2_XGB_seed42,Q3,S2,XGB,852,Test,1.0,0.9112429618835449
Q3_S2_XGB_seed42,Q3,S2,XGB,854,Test,0.98736628129819,0.9319279193878174
Q3_S2_XGB_seed42,Q3,S2,XGB,857,Test,0.829831231648525,0.9319279193878174
Q3_S2_XGB_seed42,Q3,S2,XGB,864,Test,0.829581934480047,0.8022104501724243
Q3_S2_XGB_seed42,Q3,S2,XGB,867,Test,0.753705950531613,0.7809264063835144
Q3_S2_XGB_seed42,Q3,S2,XGB,872,Test,0.756109151147717,0.8022104501724243
Q3_S2_XGB_seed42,Q3,S2,XGB,876,Test,0.850544221972722,0.8022104501724243
Q3_S2_XGB_seed42,Q3,S2,XGB,878,Test,0.768122786122246,0.7744120955467224
Q3_S2_XGB_seed42,Q3,S2,XGB,883,Test,0.764260833453758,0.7809264063835144
Q3_S2_XGB_seed42,Q3,S2,XGB,888,Test,0.829146849424817,0.8153676986694336
Q3_S2_XGB_seed42,Q3,S2,XGB,893,Test,0.813477995464056,0.8915151357650757
Q3_S2_XGB_seed42,Q3,S2,XGB,904,Test,0.844991284927913,0.8234469294548035
Q3_S2_XGB_seed42,Q3,S2,XGB,910,Test,0.822650923078357,0.7534227967262268
Q3_S2_XGB_seed42,Q3,S2,XGB,912,Test,0.842926286538743,0.8234469294548035
Q3_S2_XGB_seed42,Q3,S2,XGB,914,Test,0.756129198325393,0.7534227967262268
Q3_S2_XGB_seed42,Q3,S2,XGB,915,Test,0.763012843752246,0.7752861380577087
Q3_S2_XGB_seed42,Q3,S2,XGB,922,Test,0.898181417669202,0.875017523765564
Q3_S2_XGB_seed42,Q3,S2,XGB,927,Test,0.852524328493307,0.8268229961395264
Q3_S2_XGB_seed42,Q3,S2,XGB,943,Test,0.806233218706077,0.8268229961395264
Q3_S2_XGB_seed42,Q3,S2,XGB,945,Test,0.766743793103087,0.7530069947242737
Q3_S2_XGB_seed42,Q3,S2,XGB,955,Test,1.01472282521954,0.9449759721755981
Q3_S2_XGB_seed42,Q3,S2,XGB,957,Test,0.80717197123045,0.8872675895690918
Q3_S2_XGB_seed42,Q3,S2,XGB,958,Test,0.835775714089677,0.9449759721755981
Q3_S2_XGB_seed42,Q3,S2,XGB,964,Test,0.855616672954909,0.8422183990478516
Q3_S2_XGB_seed42,Q3,S2,XGB,965,Test,0.933768178822049,0.9128814339637756
Q3_S2_XGB_seed42,Q3,S2,XGB,966,Test,0.705375122357597,0.7635177969932556
Q3_S2_XGB_seed42,Q3,S2,XGB,980,Test,0.799615295736052,0.8422183990478516
Q3_S2_XGB_seed42,Q3,S2,XGB,984,Test,0.808672040193808,0.8422183990478516
Q3_S2_XGB_seed42,Q3,S2,XGB,989,Test,0.856527083574307,0.8230093121528625
Q3_S2_XGB_seed42,Q3,S2,XGB,995,Test,0.94122051777521,0.9137985110282898
Q3_S2_XGB_seed42,Q3,S2,XGB,1001,Test,0.738780628318686,0.7674623727798462
Q3_S2_XGB_seed42,Q3,S2,XGB,1002,Test,0.856382665714486,0.8489018678665161
Q3_S2_XGB_seed42,Q3,S2,XGB,1003,Test,0.951611665438936,0.9137985110282898
Q3_S2_XGB_seed42,Q3,S2,XGB,1010,Test,0.807372310203011,0.8489018678665161
Q3_S2_XGB_seed42,Q3,S2,XGB,1019,Test,0.97754928544809,0.8600618243217468
Q3_S2_XGB_seed42,Q3,S2,XGB,1026,Test,0.766073853156941,0.7893171310424805
Q3_S2_XGB_seed42,Q3,S2,XGB,1027,Test,0.870226290982859,0.8389772772789001
Q3_S2_XGB_seed42,Q3,S2,XGB,1031,Test,0.936481518609124,0.9257388114929199
Q3_S2_XGB_seed42,Q3,S2,XGB,1041,Test,0.793027846274449,0.7675157189369202
Q3_S2_XGB_seed42,Q3,S2,XGB,1047,Test,0.92043966507775,0.9257388114929199
Q3_S2_XGB_seed42,Q3,S2,XGB,1058,Test,0.882445021438997,0.8391858339309692
Q3_S2_XGB_seed42,Q3,S2,XGB,1059,Test,0.696130860398804,0.7555741667747498
Q3_S2_XGB_seed42,Q3,S2,XGB,1062,Test,0.938995087972337,0.9343790411949158
Q3_S2_XGB_seed42,Q3,S2,XGB,1063,Test,0.724687392452051,0.7555741667747498
Q3_S2_XGB_seed42,Q3,S2,XGB,1067,Test,0.692510670315816,0.7555741667747498
Q3_S2_XGB_seed42,Q3,S2,XGB,1072,Test,0.791863787278371,0.7733115553855896
Q3_S2_XGB_seed42,Q3,S2,XGB,1075,Test,0.746982840546495,0.7555741667747498
Q3_S2_XGB_seed42,Q3,S2,XGB,1087,Test,0.788316855346138,0.7806560397148132
Q3_S2_XGB_seed42,Q3,S2,XGB,1100,Test,0.874724003831233,0.8656535148620605
Q3_S2_XGB_seed42,Q3,S2,XGB,1106,Test,0.737991169849063,0.7383601665496826
Q3_S2_XGB_seed42,Q3,S2,XGB,1107,Test,0.760892032233977,0.7806560397148132
Q3_S2_XGB_seed42,Q3,S2,XGB,1112,Test,0.894448704342633,0.8428100347518921
Q3_S2_XGB_seed42,Q3,S2,XGB,1116,Test,0.949081938843105,0.9585100412368774
Q3_S2_XGB_seed42,Q3,S2,XGB,1127,Test,0.893412560197882,0.8679699301719666
Q3_S2_XGB_seed42,Q3,S2,XGB,1129,Test,0.736375333711986,0.7420426607131958
Q3_S2_XGB_seed42,Q3,S2,XGB,1138,Test,0.785294421397043,0.8014172911643982
Q3_S2_XGB_seed42,Q3,S2,XGB,1150,Test,0.818012884857102,0.7857555747032166
Q3_S2_XGB_seed42,Q3,S2,XGB,1156,Test,0.987350077425618,0.9581452012062073
Q3_S2_XGB_seed42,Q3,S2,XGB,1159,Test,0.854579770296881,0.8810094594955444
Q3_S2_XGB_seed42,Q3,S2,XGB,1163,Test,0.880095843518457,0.8810094594955444
Q3_S2_XGB_seed42,Q3,S2,XGB,1164,Test,0.963352339838838,0.9581452012062073
Q3_S2_XGB_seed42,Q3,S2,XGB,1167,Test,0.780601625075104,0.7890597581863403
Q3_S2_XGB_seed42,Q3,S2,XGB,1177,Test,0.717878780699404,0.7446268796920776
Q3_S2_XGB_seed42,Q3,S2,XGB,1183,Test,0.94370407868224,0.8904819488525391
Q3_S2_XGB_seed42,Q3,S2,XGB,1190,Test,0.772100152115195,0.7988854646682739
Q3_S2_XGB_seed42,Q3,S2,XGB,1192,Test,0.970053895441174,0.9669919013977051
Q3_S2_XGB_seed42,Q3,S2,XGB,1193,Test,1.06402417781585,1.0655244588851929
Q3_S2_XGB_seed42,Q3,S2,XGB,1198,Test,1.00621600482152,1.0258961915969849
Q3_S2_XGB_seed42,Q3,S2,XGB,1204,Test,1.17590341402158,1.1450741291046143
Q3_S2_XGB_seed42,Q3,S2,XGB,1206,Test,1.14889975557443,1.1322976350784302
Q3_S2_XGB_seed42,Q3,S2,XGB,1207,Test,1.15184604574972,1.1135889291763306
Q3_S2_XGB_seed42,Q3,S2,XGB,1215,Test,1.12665504657055,1.1344690322875977
Q3_S2_XGB_seed42,Q3,S2,XGB,1220,Test,1.1943087167904,1.1642848253250122
Q3_S3_XGB_seed42,Q3,S3,XGB,5,Train,1.11514676750688,1.10732901096344
Q3_S3_XGB_seed42,Q3,S3,XGB,6,Train,1.0565765573796,1.0556210279464722
Q3_S3_XGB_seed42,Q3,S3,XGB,7,Train,0.896984787073229,0.8975508809089661
Q3_S3_XGB_seed42,Q3,S3,XGB,9,Train,0.76051362037454,0.7491992115974426
Q3_S3_XGB_seed42,Q3,S3,XGB,10,Train,0.950497286823995,0.9453870058059692
Q3_S3_XGB_seed42,Q3,S3,XGB,12,Train,1.07686468394027,0.9253638982772827
Q3_S3_XGB_seed42,Q3,S3,XGB,13,Train,0.933147035394019,0.9195660948753357
Q3_S3_XGB_seed42,Q3,S3,XGB,14,Train,0.785557623630764,0.7887107729911804
Q3_S3_XGB_seed42,Q3,S3,XGB,15,Train,0.842644918243032,0.8149730563163757
Q3_S3_XGB_seed42,Q3,S3,XGB,17,Train,0.886580948587187,0.8802695274353027
Q3_S3_XGB_seed42,Q3,S3,XGB,18,Train,0.934277126829998,0.9193541407585144
Q3_S3_XGB_seed42,Q3,S3,XGB,20,Train,1.23705008651909,1.2367920875549316
Q3_S3_XGB_seed42,Q3,S3,XGB,21,Train,1.12081929484091,1.1154396533966064
Q3_S3_XGB_seed42,Q3,S3,XGB,22,Train,1.01850275153181,0.9147124886512756
Q3_S3_XGB_seed42,Q3,S3,XGB,23,Train,0.870122736694625,0.9147124886512756
Q3_S3_XGB_seed42,Q3,S3,XGB,24,Train,0.901897886930289,0.8762007355690002
Q3_S3_XGB_seed42,Q3,S3,XGB,28,Train,1.10127559245174,1.0921745300292969
Q3_S3_XGB_seed42,Q3,S3,XGB,29,Train,1.00531824737307,0.9963909983634949
Q3_S3_XGB_seed42,Q3,S3,XGB,30,Train,0.920314571147693,0.9000993967056274
Q3_S3_XGB_seed42,Q3,S3,XGB,31,Train,0.842933486548124,0.8508530259132385
Q3_S3_XGB_seed42,Q3,S3,XGB,32,Train,0.866913768550946,0.8690899014472961
Q3_S3_XGB_seed42,Q3,S3,XGB,34,Train,1.00281893894957,0.9933027029037476
Q3_S3_XGB_seed42,Q3,S3,XGB,35,Train,1.0400567900952,1.0405099391937256
Q3_S3_XGB_seed42,Q3,S3,XGB,36,Train,1.07283135226429,1.0642917156219482
Q3_S3_XGB_seed42,Q3,S3,XGB,37,Train,1.0544181367815,1.064453363418579
Q3_S3_XGB_seed42,Q3,S3,XGB,38,Train,0.973831697368482,0.976753830909729
Q3_S3_XGB_seed42,Q3,S3,XGB,39,Train,0.906030407651833,0.9000993967056274
Q3_S3_XGB_seed42,Q3,S3,XGB,42,Train,0.899866388788341,0.8949712514877319
Q3_S3_XGB_seed42,Q3,S3,XGB,43,Train,0.929645323254218,0.9354885220527649
Q3_S3_XGB_seed42,Q3,S3,XGB,44,Train,0.962587613991127,0.9613766074180603
Q3_S3_XGB_seed42,Q3,S3,XGB,45,Train,0.964652847972138,0.9434697031974792
Q3_S3_XGB_seed42,Q3,S3,XGB,46,Train,1.00614212656907,0.9996336102485657
Q3_S3_XGB_seed42,Q3,S3,XGB,47,Train,0.841068495208582,0.8852828741073608
Q3_S3_XGB_seed42,Q3,S3,XGB,48,Train,0.777823644006181,0.7887107729911804
Q3_S3_XGB_seed42,Q3,S3,XGB,50,Train,0.736439137486459,0.7306753396987915
Q3_S3_XGB_seed42,Q3,S3,XGB,51,Train,0.827266068741322,0.8240322470664978
Q3_S3_XGB_seed42,Q3,S3,XGB,52,Train,0.965447930384461,0.9350830316543579
Q3_S3_XGB_seed42,Q3,S3,XGB,53,Train,0.823869594684897,0.8359543681144714
Q3_S3_XGB_seed42,Q3,S3,XGB,56,Train,1.06631401603798,1.0072307586669922
Q3_S3_XGB_seed42,Q3,S3,XGB,57,Train,0.920757730594384,0.9036513566970825
Q3_S3_XGB_seed42,Q3,S3,XGB,58,Train,0.874320308993983,0.8962794542312622
Q3_S3_XGB_seed42,Q3,S3,XGB,59,Train,0.924047364068431,0.9505519866943359
Q3_S3_XGB_seed42,Q3,S3,XGB,61,Train,0.949867691891581,0.950937032699585
Q3_S3_XGB_seed42,Q3,S3,XGB,63,Train,0.976976532023534,0.9700784087181091
Q3_S3_XGB_seed42,Q3,S3,XGB,64,Train,0.906801235757686,0.9134527444839478
Q3_S3_XGB_seed42,Q3,S3,XGB,66,Train,0.812015177575546,0.8144601583480835
Q3_S3_XGB_seed42,Q3,S3,XGB,68,Train,0.898774056329083,0.8991490006446838
Q3_S3_XGB_seed42,Q3,S3,XGB,71,Train,1.03757357258339,1.08389413356781
Q3_S3_XGB_seed42,Q3,S3,XGB,72,Train,0.953736688508713,0.9700784087181091
Q3_S3_XGB_seed42,Q3,S3,XGB,73,Train,0.883117327217867,0.8800304532051086
Q3_S3_XGB_seed42,Q3,S3,XGB,75,Train,0.800814624767177,0.797385573387146
Q3_S3_XGB_seed42,Q3,S3,XGB,76,Train,0.821675056584442,0.8303054571151733
Q3_S3_XGB_seed42,Q3,S3,XGB,79,Train,0.912142251080241,0.9434697031974792
Q3_S3_XGB_seed42,Q3,S3,XGB,80,Train,0.934315649073268,0.9348073601722717
Q3_S3_XGB_seed42,Q3,S3,XGB,82,Train,0.772100152115195,0.7887107729911804
Q3_S3_XGB_seed42,Q3,S3,XGB,83,Train,0.82751179955198,0.8314606547355652
Q3_S3_XGB_seed42,Q3,S3,XGB,84,Train,0.735308773693085,0.745002269744873
Q3_S3_XGB_seed42,Q3,S3,XGB,85,Train,0.804863789287563,0.8208087682723999
Q3_S3_XGB_seed42,Q3,S3,XGB,86,Train,0.91052496907352,0.9188234806060791
Q3_S3_XGB_seed42,Q3,S3,XGB,89,Train,1.12534479349634,1.1154396533966064
Q3_S3_XGB_seed42,Q3,S3,XGB,91,Train,0.85684247351947,0.9147124886512756
Q3_S3_XGB_seed42,Q3,S3,XGB,92,Train,0.869365755467141,0.8716021776199341
Q3_S3_XGB_seed42,Q3,S3,XGB,93,Train,0.974544273463535,0.977161169052124
Q3_S3_XGB_seed42,Q3,S3,XGB,94,Train,0.699692444654365,0.6967820525169373
Q3_S3_XGB_seed42,Q3,S3,XGB,96,Train,1.07945554814053,1.0575186014175415
Q3_S3_XGB_seed42,Q3,S3,XGB,97,Train,0.99614458008211,1.0021028518676758
Q3_S3_XGB_seed42,Q3,S3,XGB,99,Train,0.837452530024711,0.8172112703323364
Q3_S3_XGB_seed42,Q3,S3,XGB,101,Train,0.877938882001441,0.875523567199707
Q3_S3_XGB_seed42,Q3,S3,XGB,102,Train,0.930366682240684,0.9232799410820007
Q3_S3_XGB_seed42,Q3,S3,XGB,103,Train,0.976414639385889,0.9777771830558777
Q3_S3_XGB_seed42,Q3,S3,XGB,104,Train,1.02231802183271,1.0174089670181274
Q3_S3_XGB_seed42,Q3,S3,XGB,105,Train,1.04170153253153,1.0453749895095825
Q3_S3_XGB_seed42,Q3,S3,XGB,106,Train,0.962148070655844,0.9664105772972107
Q3_S3_XGB_seed42,Q3,S3,XGB,107,Train,0.877227261616662,0.9000993967056274
Q3_S3_XGB_seed42,Q3,S3,XGB,109,Train,0.775453968442856,0.7836938500404358
Q3_S3_XGB_seed42,Q3,S3,XGB,110,Train,0.807135366414901,0.8045536279678345
Q3_S3_XGB_seed42,Q3,S3,XGB,111,Train,0.858775531141403,0.8637815117835999
Q3_S3_XGB_seed42,Q3,S3,XGB,114,Train,0.8765668989859,0.8903224468231201
Q3_S3_XGB_seed42,Q3,S3,XGB,115,Train,0.820060973342836,0.8172112703323364
Q3_S3_XGB_seed42,Q3,S3,XGB,116,Train,0.74651756923174,0.7508791089057922
Q3_S3_XGB_seed42,Q3,S3,XGB,117,Train,0.842907501341001,0.829440176486969
Q3_S3_XGB_seed42,Q3,S3,XGB,118,Train,0.73095404771111,0.7499006390571594
Q3_S3_XGB_seed42,Q3,S3,XGB,120,Train,0.852320637196598,0.8515750169754028
Q3_S3_XGB_seed42,Q3,S3,XGB,123,Train,0.931712883387309,0.9147124886512756
Q3_S3_XGB_seed42,Q3,S3,XGB,124,Train,0.816470299348186,0.865841269493103
Q3_S3_XGB_seed42,Q3,S3,XGB,125,Train,0.904169723291315,0.9147124886512756
Q3_S3_XGB_seed42,Q3,S3,XGB,127,Train,0.766407774105349,0.7709178924560547
Q3_S3_XGB_seed42,Q3,S3,XGB,129,Train,0.854253259929068,0.8539573550224304
Q3_S3_XGB_seed42,Q3,S3,XGB,130,Train,0.859202484788517,0.8634924292564392
Q3_S3_XGB_seed42,Q3,S3,XGB,131,Train,0.825559406026328,0.8421820402145386
Q3_S3_XGB_seed42,Q3,S3,XGB,132,Train,0.779662587096313,0.7724155783653259
Q3_S3_XGB_seed42,Q3,S3,XGB,133,Train,0.897063983849173,0.898921549320221
Q3_S3_XGB_seed42,Q3,S3,XGB,134,Train,0.731582105741902,0.7439303994178772
Q3_S3_XGB_seed42,Q3,S3,XGB,136,Train,1.11873809026471,1.08389413356781
Q3_S3_XGB_seed42,Q3,S3,XGB,137,Train,1.03307658025924,1.0205482244491577
Q3_S3_XGB_seed42,Q3,S3,XGB,138,Train,0.938094690126679,0.9320768117904663
Q3_S3_XGB_seed42,Q3,S3,XGB,139,Train,0.865836496621492,0.8457004427909851
Q3_S3_XGB_seed42,Q3,S3,XGB,140,Train,0.81886553699064,0.808293342590332
Q3_S3_XGB_seed42,Q3,S3,XGB,141,Train,0.886590643030329,0.8866751194000244
Q3_S3_XGB_seed42,Q3,S3,XGB,142,Train,0.936618684449866,0.9370456337928772
Q3_S3_XGB_seed42,Q3,S3,XGB,144,Train,1.03909437030581,1.0371922254562378
Q3_S3_XGB_seed42,Q3,S3,XGB,145,Train,0.847375648720677,0.9253638982772827
Q3_S3_XGB_seed42,Q3,S3,XGB,146,Train,0.823886993768721,0.8312398195266724
Q3_S3_XGB_seed42,Q3,S3,XGB,147,Train,0.814845935224556,0.887332022190094
Q3_S3_XGB_seed42,Q3,S3,XGB,148,Train,0.926494074528407,0.9062712788581848
Q3_S3_XGB_seed42,Q3,S3,XGB,149,Train,0.723790296687503,0.7232503890991211
Q3_S3_XGB_seed42,Q3,S3,XGB,150,Train,0.83911607828791,0.8300947546958923
Q3_S3_XGB_seed42,Q3,S3,XGB,152,Train,1.03982899113222,1.0160380601882935
Q3_S3_XGB_seed42,Q3,S3,XGB,157,Train,0.857957011285251,0.8593806624412537
Q3_S3_XGB_seed42,Q3,S3,XGB,158,Train,0.824492863020455,0.8661870360374451
Q3_S3_XGB_seed42,Q3,S3,XGB,159,Train,0.831933637325084,0.822890043258667
Q3_S3_XGB_seed42,Q3,S3,XGB,160,Train,0.87058484268274,0.8594443798065186
Q3_S3_XGB_seed42,Q3,S3,XGB,161,Train,0.953709001950396,0.887332022190094
Q3_S3_XGB_seed42,Q3,S3,XGB,162,Train,0.748051942207763,0.7499006390571594
Q3_S3_XGB_seed42,Q3,S3,XGB,163,Train,0.771800126144815,0.7871366143226624
Q3_S3_XGB_seed42,Q3,S3,XGB,164,Train,1.03559606790605,1.045811414718628
Q3_S3_XGB_seed42,Q3,S3,XGB,165,Train,0.803044753553073,0.8085954189300537
Q3_S3_XGB_seed42,Q3,S3,XGB,166,Train,0.83233691267763,0.8907235860824585
Q3_S3_XGB_seed42,Q3,S3,XGB,167,Train,0.94383618222052,0.9441481232643127
Q3_S3_XGB_seed42,Q3,S3,XGB,168,Train,1.03751339989451,1.027777075767517
Q3_S3_XGB_seed42,Q3,S3,XGB,169,Train,0.808409412610811,0.8318538069725037
Q3_S3_XGB_seed42,Q3,S3,XGB,170,Train,0.905409565154336,0.891667902469635
Q3_S3_XGB_seed42,Q3,S3,XGB,172,Train,0.910340354147792,0.9032006859779358
Q3_S3_XGB_seed42,Q3,S3,XGB,195,Train,1.12517950776161,1.1303985118865967
Q3_S3_XGB_seed42,Q3,S3,XGB,196,Train,1.12868176576461,1.1324795484542847
Q3_S3_XGB_seed42,Q3,S3,XGB,197,Train,1.13400469131662,1.1303930282592773
Q3_S3_XGB_seed42,Q3,S3,XGB,198,Train,1.1545232562397,1.1404430866241455
Q3_S3_XGB_seed42,Q3,S3,XGB,199,Train,1.14290667777114,1.1465494632720947
Q3_S3_XGB_seed42,Q3,S3,XGB,200,Train,1.12785654669737,1.1303985118865967
Q3_S3_XGB_seed42,Q3,S3,XGB,201,Train,1.12602340161149,1.1323562860488892
Q3_S3_XGB_seed42,Q3,S3,XGB,202,Train,1.13400469131662,1.1302361488342285
Q3_S3_XGB_seed42,Q3,S3,XGB,203,Train,1.14467492771398,1.1399413347244263
Q3_S3_XGB_seed42,Q3,S3,XGB,205,Train,1.32560048277304,1.3093900680541992
Q3_S3_XGB_seed42,Q3,S3,XGB,206,Train,1.13493357440378,1.1145236492156982
Q3_S3_XGB_seed42,Q3,S3,XGB,207,Train,1.09420703701744,1.1002026796340942
Q3_S3_XGB_seed42,Q3,S3,XGB,208,Train,1.24105449234269,1.231165885925293
Q3_S3_XGB_seed42,Q3,S3,XGB,209,Train,0.845171439294695,0.847914457321167
Q3_S3_XGB_seed42,Q3,S3,XGB,211,Train,1.22802583136846,1.2423739433288574
Q3_S3_XGB_seed42,Q3,S3,XGB,212,Train,1.19314942116747,1.1196671724319458
Q3_S3_XGB_seed42,Q3,S3,XGB,213,Train,1.0019037098872,0.9920980930328369
Q3_S3_XGB_seed42,Q3,S3,XGB,215,Train,1.2728771554883,1.0853798389434814
Q3_S3_XGB_seed42,Q3,S3,XGB,216,Train,1.01935024138376,1.0046112537384033
Q3_S3_XGB_seed42,Q3,S3,XGB,217,Train,1.12517950776161,1.1268510818481445
Q3_S3_XGB_seed42,Q3,S3,XGB,218,Train,1.12517950776161,1.1302698850631714
Q3_S3_XGB_seed42,Q3,S3,XGB,219,Train,1.13400469131662,1.1323093175888062
Q3_S3_XGB_seed42,Q3,S3,XGB,220,Train,1.14555871834836,1.1396381855010986
Q3_S3_XGB_seed42,Q3,S3,XGB,221,Train,1.13134220052408,1.1390295028686523
Q3_S3_XGB_seed42,Q3,S3,XGB,222,Train,1.30129179304586,1.2873204946517944
Q3_S3_XGB_seed42,Q3,S3,XGB,223,Train,1.12785654669737,1.1269890069961548
Q3_S3_XGB_seed42,Q3,S3,XGB,224,Train,1.13134220052408,1.1318585872650146
Q3_S3_XGB_seed42,Q3,S3,XGB,225,Train,1.11983143864454,1.1146371364593506
Q3_S3_XGB_seed42,Q3,S3,XGB,226,Train,1.10649699406606,1.1055785417556763
Q3_S3_XGB_seed42,Q3,S3,XGB,227,Train,1.11105971599558,1.1103897094726562
Q3_S3_XGB_seed42,Q3,S3,XGB,229,Train,1.07786230064286,1.0875060558319092
Q3_S3_XGB_seed42,Q3,S3,XGB,230,Train,1.23328727511638,1.2424890995025635
Q3_S3_XGB_seed42,Q3,S3,XGB,231,Train,0.852286444133707,0.8608626127243042
Q3_S3_XGB_seed42,Q3,S3,XGB,232,Train,0.900280998471653,0.9020956754684448
Q3_S3_XGB_seed42,Q3,S3,XGB,233,Train,1.24295421262678,1.2446646690368652
Q3_S3_XGB_seed42,Q3,S3,XGB,236,Train,1.21062408455055,1.2081226110458374
Q3_S3_XGB_seed42,Q3,S3,XGB,237,Train,1.16301255092905,1.1337631940841675
Q3_S3_XGB_seed42,Q3,S3,XGB,238,Train,0.980590602917416,0.9844343066215515
Q3_S3_XGB_seed42,Q3,S3,XGB,239,Train,1.29849185828608,1.3138413429260254
Q3_S3_XGB_seed42,Q3,S3,XGB,240,Train,1.06854609992783,1.085904836654663
Q3_S3_XGB_seed42,Q3,S3,XGB,241,Train,1.08519218707036,1.083709478378296
Q3_S3_XGB_seed42,Q3,S3,XGB,242,Train,1.23328727511638,1.2168667316436768
Q3_S3_XGB_seed42,Q3,S3,XGB,243,Train,0.865067797277029,0.8642399311065674
Q3_S3_XGB_seed42,Q3,S3,XGB,247,Train,0.953713108737876,0.9551165699958801
Q3_S3_XGB_seed42,Q3,S3,XGB,248,Train,1.21062408455055,1.227138876914978
Q3_S3_XGB_seed42,Q3,S3,XGB,249,Train,1.05954037695122,1.0615031719207764
Q3_S3_XGB_seed42,Q3,S3,XGB,250,Train,0.98640277120882,0.9844343066215515
Q3_S3_XGB_seed42,Q3,S3,XGB,251,Train,1.13053556958367,1.130418062210083
Q3_S3_XGB_seed42,Q3,S3,XGB,252,Train,1.12250446697086,1.122862696647644
Q3_S3_XGB_seed42,Q3,S3,XGB,253,Train,1.07549495505976,1.0821219682693481
Q3_S3_XGB_seed42,Q3,S3,XGB,255,Train,1.0829352885134,1.0843864679336548
Q3_S3_XGB_seed42,Q3,S3,XGB,258,Train,1.11105971599558,1.1037613153457642
Q3_S3_XGB_seed42,Q3,S3,XGB,259,Train,1.01386063203782,1.0132044553756714
Q3_S3_XGB_seed42,Q3,S3,XGB,260,Train,0.95690803542294,0.9783498048782349
Q3_S3_XGB_seed42,Q3,S3,XGB,261,Train,1.06021217500802,1.053544044494629
Q3_S3_XGB_seed42,Q3,S3,XGB,269,Train,1.30972958302411,1.3128302097320557
Q3_S3_XGB_seed42,Q3,S3,XGB,270,Train,1.08077410214474,1.0916463136672974
Q3_S3_XGB_seed42,Q3,S3,XGB,271,Train,1.24825529374785,1.2606345415115356
Q3_S3_XGB_seed42,Q3,S3,XGB,272,Train,0.8581249828584,0.8652830123901367
Q3_S3_XGB_seed42,Q3,S3,XGB,273,Train,0.872200174343443,0.8671243190765381
Q3_S3_XGB_seed42,Q3,S3,XGB,274,Train,1.22559832447829,1.2132128477096558
Q3_S3_XGB_seed42,Q3,S3,XGB,276,Train,0.912790229307553,0.9139832258224487
Q3_S3_XGB_seed42,Q3,S3,XGB,277,Train,1.22065556157337,1.2101737260818481
Q3_S3_XGB_seed42,Q3,S3,XGB,278,Train,0.963352339838838,0.9477490782737732
Q3_S3_XGB_seed42,Q3,S3,XGB,279,Train,0.963157212909166,0.9667206406593323
Q3_S3_XGB_seed42,Q3,S3,XGB,280,Train,1.1104689452522,1.1056193113327026
Q3_S3_XGB_seed42,Q3,S3,XGB,281,Train,1.05497462859644,1.0288760662078857
Q3_S3_XGB_seed42,Q3,S3,XGB,282,Train,0.862978249917694,0.8839581608772278
Q3_S3_XGB_seed42,Q3,S3,XGB,283,Train,0.87888676382029,0.8904268145561218
Q3_S3_XGB_seed42,Q3,S3,XGB,293,Train,0.868685024049319,0.8753233551979065
Q3_S3_XGB_seed42,Q3,S3,XGB,294,Train,1.05467108902976,1.0572993755340576
Q3_S3_XGB_seed42,Q3,S3,XGB,297,Train,0.852769356557038,0.8470281362533569
Q3_S3_XGB_seed42,Q3,S3,XGB,298,Train,0.936737206458081,0.9216994047164917
Q3_S3_XGB_seed42,Q3,S3,XGB,309,Train,1.29675737284592,1.2854794263839722
Q3_S3_XGB_seed42,Q3,S3,XGB,310,Train,1.03924089971665,1.0384608507156372
Q3_S3_XGB_seed42,Q3,S3,XGB,311,Train,1.08967007677054,1.0916697978973389
Q3_S3_XGB_seed42,Q3,S3,XGB,312,Train,1.25066139489738,1.245366096496582
Q3_S3_XGB_seed42,Q3,S3,XGB,313,Train,0.869084535893915,0.8636236786842346
Q3_S3_XGB_seed42,Q3,S3,XGB,314,Train,0.851409310050692,0.8486546874046326
Q3_S3_XGB_seed42,Q3,S3,XGB,315,Train,1.22559832447829,1.229738712310791
Q3_S3_XGB_seed42,Q3,S3,XGB,316,Train,0.910841844839356,0.9040931463241577
Q3_S3_XGB_seed42,Q3,S3,XGB,317,Train,0.928326864671582,0.9209758043289185
Q3_S3_XGB_seed42,Q3,S3,XGB,318,Train,1.18119272473377,1.1812454462051392
Q3_S3_XGB_seed42,Q3,S3,XGB,319,Train,0.905299696851462,1.0853798389434814
Q3_S3_XGB_seed42,Q3,S3,XGB,320,Train,0.9379549656945,0.9443553686141968
Q3_S3_XGB_seed42,Q3,S3,XGB,322,Train,1.18276353494062,1.1828478574752808
Q3_S3_XGB_seed42,Q3,S3,XGB,323,Train,1.14067445902436,1.1345064640045166
Q3_S3_XGB_seed42,Q3,S3,XGB,324,Train,0.945708559227524,0.9380874633789062
Q3_S3_XGB_seed42,Q3,S3,XGB,325,Train,0.843084306328854,0.8503711223602295
Q3_S3_XGB_seed42,Q3,S3,XGB,327,Train,0.849735123882455,0.85552978515625
Q3_S3_XGB_seed42,Q3,S3,XGB,328,Train,0.923296590464239,0.9266514182090759
Q3_S3_XGB_seed42,Q3,S3,XGB,329,Train,0.889296449334854,0.8825302124023438
Q3_S3_XGB_seed42,Q3,S3,XGB,337,Train,1.26125249017114,1.2854794263839722
Q3_S3_XGB_seed42,Q3,S3,XGB,339,Train,1.08337218436624,1.0728775262832642
Q3_S3_XGB_seed42,Q3,S3,XGB,340,Train,1.24585209835546,1.226108193397522
Q3_S3_XGB_seed42,Q3,S3,XGB,344,Train,0.860574748101461,0.8870118856430054
Q3_S3_XGB_seed42,Q3,S3,XGB,345,Train,0.88756392902911,0.8892115354537964
Q3_S3_XGB_seed42,Q3,S3,XGB,346,Train,1.21100400087572,1.2095383405685425
Q3_S3_XGB_seed42,Q3,S3,XGB,347,Train,0.85751088308495,0.8726139664649963
Q3_S3_XGB_seed42,Q3,S3,XGB,348,Train,0.864389749860933,0.8634487986564636
Q3_S3_XGB_seed42,Q3,S3,XGB,351,Train,0.836002074941405,0.8579829335212708
Q3_S3_XGB_seed42,Q3,S3,XGB,353,Train,1.17375544001433,1.1589272022247314
Q3_S3_XGB_seed42,Q3,S3,XGB,354,Train,1.12315874473961,1.122353434562683
Q3_S3_XGB_seed42,Q3,S3,XGB,355,Train,0.962587613991127,0.985378086566925
Q3_S3_XGB_seed42,Q3,S3,XGB,356,Train,0.889317081642978,0.8874450922012329
Q3_S3_XGB_seed42,Q3,S3,XGB,357,Train,0.819944736050943,0.8241023421287537
Q3_S3_XGB_seed42,Q3,S3,XGB,358,Train,0.817592884243045,0.8068568706512451
Q3_S3_XGB_seed42,Q3,S3,XGB,359,Train,0.8602895986925,0.8635737299919128
Q3_S3_XGB_seed42,Q3,S3,XGB,365,Train,0.79813710988408,0.8068281412124634
Q3_S3_XGB_seed42,Q3,S3,XGB,367,Train,0.781629766743678,0.8015491962432861
Q3_S3_XGB_seed42,Q3,S3,XGB,369,Train,0.783038508514702,0.7816400527954102
Q3_S3_XGB_seed42,Q3,S3,XGB,372,Train,0.823172843965236,0.826362133026123
Q3_S3_XGB_seed42,Q3,S3,XGB,373,Train,0.847765983879713,0.849438488483429
Q3_S3_XGB_seed42,Q3,S3,XGB,374,Train,0.859657066279412,0.8594672083854675
Q3_S3_XGB_seed42,Q3,S3,XGB,375,Train,0.84311310408725,0.8441216945648193
Q3_S3_XGB_seed42,Q3,S3,XGB,376,Train,0.883342967623177,0.880282998085022
Q3_S3_XGB_seed42,Q3,S3,XGB,377,Train,0.856396945847507,0.8592807054519653
Q3_S3_XGB_seed42,Q3,S3,XGB,384,Train,1.15149893230951,1.1580475568771362
Q3_S3_XGB_seed42,Q3,S3,XGB,385,Train,1.0783435976576,1.0777949094772339
Q3_S3_XGB_seed42,Q3,S3,XGB,387,Train,1.23569967731168,1.243194818496704
Q3_S3_XGB_seed42,Q3,S3,XGB,388,Train,0.895908299174609,0.9056004881858826
Q3_S3_XGB_seed42,Q3,S3,XGB,389,Train,0.844698003074952,0.8494539856910706
Q3_S3_XGB_seed42,Q3,S3,XGB,390,Train,1.23045619628522,1.2203689813613892
Q3_S3_XGB_seed42,Q3,S3,XGB,391,Train,0.867321866829216,0.8711390495300293
Q3_S3_XGB_seed42,Q3,S3,XGB,392,Train,1.21312809595027,1.2148815393447876
Q3_S3_XGB_seed42,Q3,S3,XGB,393,Train,0.864477864873901,0.8887472748756409
Q3_S3_XGB_seed42,Q3,S3,XGB,394,Train,0.88382959484243,0.8989320993423462
Q3_S3_XGB_seed42,Q3,S3,XGB,395,Train,0.955437669886648,0.9556702375411987
Q3_S3_XGB_seed42,Q3,S3,XGB,396,Train,1.16301255092905,1.1379709243774414
Q3_S3_XGB_seed42,Q3,S3,XGB,398,Train,0.970199574532386,0.9771531224250793
Q3_S3_XGB_seed42,Q3,S3,XGB,400,Train,0.819944736050943,0.8200258016586304
Q3_S3_XGB_seed42,Q3,S3,XGB,402,Train,0.8602895986925,0.8554054498672485
Q3_S3_XGB_seed42,Q3,S3,XGB,403,Train,0.91241396703636,0.9174981713294983
Q3_S3_XGB_seed42,Q3,S3,XGB,410,Train,1.14447454268627,1.1227658987045288
Q3_S3_XGB_seed42,Q3,S3,XGB,412,Train,1.22075195295707,1.211987018585205
Q3_S3_XGB_seed42,Q3,S3,XGB,413,Train,0.876181182417668,0.8926847577095032
Q3_S3_XGB_seed42,Q3,S3,XGB,414,Train,1.10273996168474,1.1071336269378662
Q3_S3_XGB_seed42,Q3,S3,XGB,418,Train,0.814554686813047,0.8175591826438904
Q3_S3_XGB_seed42,Q3,S3,XGB,419,Train,0.861650708592816,0.8610561490058899
Q3_S3_XGB_seed42,Q3,S3,XGB,420,Train,0.916244578278823,0.9227415323257446
Q3_S3_XGB_seed42,Q3,S3,XGB,421,Train,0.940037747326569,0.944097638130188
Q3_S3_XGB_seed42,Q3,S3,XGB,423,Train,1.13937765430527,1.1321977376937866
Q3_S3_XGB_seed42,Q3,S3,XGB,424,Train,1.21350426002862,1.226108193397522
Q3_S3_XGB_seed42,Q3,S3,XGB,425,Train,0.855197948455102,0.8870118856430054
Q3_S3_XGB_seed42,Q3,S3,XGB,426,Train,0.927466837520466,0.9336384534835815
Q3_S3_XGB_seed42,Q3,S3,XGB,428,Train,0.893412560197882,0.8950314521789551
Q3_S3_XGB_seed42,Q3,S3,XGB,430,Train,1.04865956183269,1.0438954830169678
Q3_S3_XGB_seed42,Q3,S3,XGB,432,Train,0.849179628294238,0.8564081788063049
Q3_S3_XGB_seed42,Q3,S3,XGB,433,Train,0.807282256517311,0.8073773384094238
Q3_S3_XGB_seed42,Q3,S3,XGB,434,Train,0.817592884243045,0.8151004314422607
Q3_S3_XGB_seed42,Q3,S3,XGB,435,Train,0.85723807848117,0.8541233539581299
Q3_S3_XGB_seed42,Q3,S3,XGB,436,Train,0.92542581048841,0.9192184209823608
Q3_S3_XGB_seed42,Q3,S3,XGB,438,Train,1.03318695144596,1.0214922428131104
Q3_S3_XGB_seed42,Q3,S3,XGB,440,Train,1.16963572563126,1.1644099950790405
Q3_S3_XGB_seed42,Q3,S3,XGB,441,Train,0.882527065649618,0.9189454317092896
Q3_S3_XGB_seed42,Q3,S3,XGB,442,Train,1.16383325436374,1.176422119140625
Q3_S3_XGB_seed42,Q3,S3,XGB,443,Train,0.951292426671113,0.935573160648346
Q3_S3_XGB_seed42,Q3,S3,XGB,445,Train,1.1857829084766,1.1983836889266968
Q3_S3_XGB_seed42,Q3,S3,XGB,446,Train,0.832809689459086,0.8309155106544495
Q3_S3_XGB_seed42,Q3,S3,XGB,449,Train,1.12875620728424,1.1256147623062134
Q3_S3_XGB_seed42,Q3,S3,XGB,450,Train,1.10736202957446,1.0780974626541138
Q3_S3_XGB_seed42,Q3,S3,XGB,452,Train,1.05806735449034,1.0788577795028687
Q3_S3_XGB_seed42,Q3,S3,XGB,453,Train,1.00415599474417,1.0156605243682861
Q3_S3_XGB_seed42,Q3,S3,XGB,454,Train,0.85553258425342,0.8702822923660278
Q3_S3_XGB_seed42,Q3,S3,XGB,455,Train,1.15306585258658,1.1491737365722656
Q3_S3_XGB_seed42,Q3,S3,XGB,456,Train,0.986006148238874,0.9797431230545044
Q3_S3_XGB_seed42,Q3,S3,XGB,457,Train,0.941131717596831,0.9350114464759827
Q3_S3_XGB_seed42,Q3,S3,XGB,458,Train,0.825563879603713,0.8458889126777649
Q3_S3_XGB_seed42,Q3,S3,XGB,459,Train,0.936810267937746,0.9394070506095886
Q3_S3_XGB_seed42,Q3,S3,XGB,460,Train,0.885627051544251,0.8842564225196838
Q3_S3_XGB_seed42,Q3,S3,XGB,461,Train,0.941420641279253,0.9424768686294556
Q3_S3_XGB_seed42,Q3,S3,XGB,462,Train,0.848291326608718,0.8520047068595886
Q3_S3_XGB_seed42,Q3,S3,XGB,463,Train,0.956020020926017,0.9533103704452515
Q3_S3_XGB_seed42,Q3,S3,XGB,464,Train,0.859202484788517,0.8640606999397278
Q3_S3_XGB_seed42,Q3,S3,XGB,465,Train,0.865613735535156,0.8458889126777649
Q3_S3_XGB_seed42,Q3,S3,XGB,466,Train,0.817248383912483,0.8458889126777649
Q3_S3_XGB_seed42,Q3,S3,XGB,468,Train,0.835995448351632,0.8453769087791443
Q3_S3_XGB_seed42,Q3,S3,XGB,469,Train,0.851409310050692,0.8427298665046692
Q3_S3_XGB_seed42,Q3,S3,XGB,470,Train,0.783441002546699,0.7792477011680603
Q3_S3_XGB_seed42,Q3,S3,XGB,471,Train,0.869236826110561,0.8693134188652039
Q3_S3_XGB_seed42,Q3,S3,XGB,472,Train,0.81018902115494,0.8120524287223816
Q3_S3_XGB_seed42,Q3,S3,XGB,473,Train,0.823880940713752,0.8363680243492126
Q3_S3_XGB_seed42,Q3,S3,XGB,474,Train,1.04546182476858,1.0137873888015747
Q3_S3_XGB_seed42,Q3,S3,XGB,475,Train,0.916989382925319,0.8800141215324402
Q3_S3_XGB_seed42,Q3,S3,XGB,476,Train,0.859994234086558,0.8800141215324402
Q3_S3_XGB_seed42,Q3,S3,XGB,477,Train,0.805333675116914,0.8140690922737122
Q3_S3_XGB_seed42,Q3,S3,XGB,478,Train,0.82588891487761,0.8140690922737122
Q3_S3_XGB_seed42,Q3,S3,XGB,479,Train,0.895343351122245,0.8874940276145935
Q3_S3_XGB_seed42,Q3,S3,XGB,481,Train,1.05048744261926,1.0431489944458008
Q3_S3_XGB_seed42,Q3,S3,XGB,482,Train,0.921288675620535,0.9159222841262817
Q3_S3_XGB_seed42,Q3,S3,XGB,483,Train,0.877943989627788,0.8801587820053101
Q3_S3_XGB_seed42,Q3,S3,XGB,484,Train,0.823886993768721,0.8338719010353088
Q3_S3_XGB_seed42,Q3,S3,XGB,485,Train,0.8581249828584,0.842533528804779
Q3_S3_XGB_seed42,Q3,S3,XGB,486,Train,0.932322719981046,0.8999649286270142
Q3_S3_XGB_seed42,Q3,S3,XGB,487,Train,0.828159510480667,0.836440920829773
Q3_S3_XGB_seed42,Q3,S3,XGB,488,Train,1.05658105748769,1.0461113452911377
Q3_S3_XGB_seed42,Q3,S3,XGB,489,Train,0.953609151008525,0.9699070453643799
Q3_S3_XGB_seed42,Q3,S3,XGB,491,Train,0.798477879968868,0.7967023849487305
Q3_S3_XGB_seed42,Q3,S3,XGB,492,Train,0.788936302907142,0.7854169011116028
Q3_S3_XGB_seed42,Q3,S3,XGB,493,Train,0.852090163697418,0.8470553755760193
Q3_S3_XGB_seed42,Q3,S3,XGB,494,Train,0.8327698438009,0.9038938879966736
Q3_S3_XGB_seed42,Q3,S3,XGB,495,Train,1.04859127624119,0.9038938879966736
Q3_S3_XGB_seed42,Q3,S3,XGB,496,Train,0.949832397742186,0.9038938879966736
Q3_S3_XGB_seed42,Q3,S3,XGB,498,Train,0.804542404831259,0.9038938879966736
Q3_S3_XGB_seed42,Q3,S3,XGB,500,Train,0.907598993418392,0.9038938879966736
Q3_S3_XGB_seed42,Q3,S3,XGB,501,Train,0.78496662806375,0.7971485257148743
Q3_S3_XGB_seed42,Q3,S3,XGB,502,Train,0.843075726450442,0.8614245653152466
Q3_S3_XGB_seed42,Q3,S3,XGB,503,Train,0.773318849402548,0.7828286290168762
Q3_S3_XGB_seed42,Q3,S3,XGB,504,Train,0.814691966773043,0.8281233906745911
Q3_S3_XGB_seed42,Q3,S3,XGB,505,Train,0.798961878103158,0.8140690922737122
Q3_S3_XGB_seed42,Q3,S3,XGB,506,Train,0.774189026409601,0.7719317674636841
Q3_S3_XGB_seed42,Q3,S3,XGB,507,Train,0.803044753553073,0.8133919835090637
Q3_S3_XGB_seed42,Q3,S3,XGB,509,Train,0.773505691298633,0.7675045728683472
Q3_S3_XGB_seed42,Q3,S3,XGB,510,Train,0.762147970146058,0.7587375044822693
Q3_S3_XGB_seed42,Q3,S3,XGB,511,Train,0.789023974706805,0.7811508178710938
Q3_S3_XGB_seed42,Q3,S3,XGB,512,Train,0.80120908801594,0.798623263835907
Q3_S3_XGB_seed42,Q3,S3,XGB,516,Train,0.819383032732699,0.8223755955696106
Q3_S3_XGB_seed42,Q3,S3,XGB,517,Train,0.798980305387909,0.8140690922737122
Q3_S3_XGB_seed42,Q3,S3,XGB,518,Train,0.790360449203176,0.7892748713493347
Q3_S3_XGB_seed42,Q3,S3,XGB,520,Train,0.884504298959516,0.8846557140350342
Q3_S3_XGB_seed42,Q3,S3,XGB,521,Train,0.75772351224412,0.7630963325500488
Q3_S3_XGB_seed42,Q3,S3,XGB,523,Train,0.761612804015922,0.7758569717407227
Q3_S3_XGB_seed42,Q3,S3,XGB,524,Train,0.853178830205228,0.8374854326248169
Q3_S3_XGB_seed42,Q3,S3,XGB,526,Train,0.783923241729417,0.7878217101097107
Q3_S3_XGB_seed42,Q3,S3,XGB,527,Train,0.740499887010204,0.7398495078086853
Q3_S3_XGB_seed42,Q3,S3,XGB,528,Train,0.768057380113704,0.7727932929992676
Q3_S3_XGB_seed42,Q3,S3,XGB,529,Train,0.825577414164749,0.8132460713386536
Q3_S3_XGB_seed42,Q3,S3,XGB,530,Train,0.865837905996859,0.8704460859298706
Q3_S3_XGB_seed42,Q3,S3,XGB,532,Train,0.772844770868304,0.7698405385017395
Q3_S3_XGB_seed42,Q3,S3,XGB,533,Train,0.934190760734528,0.9338770508766174
Q3_S3_XGB_seed42,Q3,S3,XGB,536,Train,0.840866326590497,0.8511557579040527
Q3_S3_XGB_seed42,Q3,S3,XGB,538,Train,0.985099073907519,0.9803035855293274
Q3_S3_XGB_seed42,Q3,S3,XGB,540,Train,0.932856129203703,0.9238279461860657
Q3_S3_XGB_seed42,Q3,S3,XGB,541,Train,0.867183990464843,0.8731756806373596
Q3_S3_XGB_seed42,Q3,S3,XGB,542,Train,0.924553107896262,0.9310818910598755
Q3_S3_XGB_seed42,Q3,S3,XGB,543,Train,0.878845761791743,0.882632851600647
Q3_S3_XGB_seed42,Q3,S3,XGB,544,Train,0.816352362153621,0.8095285892486572
Q3_S3_XGB_seed42,Q3,S3,XGB,545,Train,0.826695514401272,0.8412476181983948
Q3_S3_XGB_seed42,Q3,S3,XGB,547,Train,0.947648069034162,0.9194062352180481
Q3_S3_XGB_seed42,Q3,S3,XGB,548,Train,0.856663524132423,0.8761413097381592
Q3_S3_XGB_seed42,Q3,S3,XGB,549,Train,0.931224940654771,0.9201736450195312
Q3_S3_XGB_seed42,Q3,S3,XGB,550,Train,0.92029350590003,0.9087886810302734
Q3_S3_XGB_seed42,Q3,S3,XGB,552,Train,0.805740406844413,0.8008211255073547
Q3_S3_XGB_seed42,Q3,S3,XGB,554,Train,0.764316296310271,0.7682351469993591
Q3_S3_XGB_seed42,Q3,S3,XGB,555,Train,0.83175097276162,0.8287703394889832
Q3_S3_XGB_seed42,Q3,S3,XGB,556,Train,0.900643223800407,0.9079393744468689
Q3_S3_XGB_seed42,Q3,S3,XGB,557,Train,0.815198293424885,0.8292598724365234
Q3_S3_XGB_seed42,Q3,S3,XGB,558,Train,0.786408672212412,0.7896504998207092
Q3_S3_XGB_seed42,Q3,S3,XGB,559,Train,0.798982458338327,0.8009980916976929
Q3_S3_XGB_seed42,Q3,S3,XGB,560,Train,0.753279433801201,0.7461398839950562
Q3_S3_XGB_seed42,Q3,S3,XGB,561,Train,0.955897128492629,0.9552250504493713
Q3_S3_XGB_seed42,Q3,S3,XGB,562,Train,0.916456312894737,0.8937254548072815
Q3_S3_XGB_seed42,Q3,S3,XGB,563,Train,0.868476177883672,0.8253321647644043
Q3_S3_XGB_seed42,Q3,S3,XGB,565,Train,0.809825478657467,0.8223636746406555
Q3_S3_XGB_seed42,Q3,S3,XGB,566,Train,0.859708259377373,0.8585073947906494
Q3_S3_XGB_seed42,Q3,S3,XGB,567,Train,0.850960841052855,0.8559595942497253
Q3_S3_XGB_seed42,Q3,S3,XGB,568,Train,0.894147115277187,0.9001513719558716
Q3_S3_XGB_seed42,Q3,S3,XGB,569,Train,0.85142815632786,0.8443189263343811
Q3_S3_XGB_seed42,Q3,S3,XGB,570,Train,0.801146460271435,0.803399920463562
Q3_S3_XGB_seed42,Q3,S3,XGB,571,Train,0.812647552301802,0.81865394115448
Q3_S3_XGB_seed42,Q3,S3,XGB,572,Train,0.857654288131218,0.8564285635948181
Q3_S3_XGB_seed42,Q3,S3,XGB,573,Train,0.866234698253165,0.8735266327857971
Q3_S3_XGB_seed42,Q3,S3,XGB,574,Train,0.865776828695711,0.8642147779464722
Q3_S3_XGB_seed42,Q3,S3,XGB,575,Train,0.923347356962982,0.9140167832374573
Q3_S3_XGB_seed42,Q3,S3,XGB,577,Train,0.837502538444339,0.83433997631073
Q3_S3_XGB_seed42,Q3,S3,XGB,578,Train,0.797969010201319,0.7976368069648743
Q3_S3_XGB_seed42,Q3,S3,XGB,580,Train,0.802422854971014,0.7989197969436646
Q3_S3_XGB_seed42,Q3,S3,XGB,581,Train,0.777988873751503,0.7704357504844666
Q3_S3_XGB_seed42,Q3,S3,XGB,582,Train,0.892298348391422,0.8868721127510071
Q3_S3_XGB_seed42,Q3,S3,XGB,583,Train,0.833194013031795,0.8263706564903259
Q3_S3_XGB_seed42,Q3,S3,XGB,584,Train,0.793809217204316,0.7954539656639099
Q3_S3_XGB_seed42,Q3,S3,XGB,585,Train,0.826226011608823,0.8320598602294922
Q3_S3_XGB_seed42,Q3,S3,XGB,586,Train,0.878699293147255,0.8783743381500244
Q3_S3_XGB_seed42,Q3,S3,XGB,588,Train,0.864427740016764,0.8591657280921936
Q3_S3_XGB_seed42,Q3,S3,XGB,589,Train,0.854874876500284,0.8693392276763916
Q3_S3_XGB_seed42,Q3,S3,XGB,590,Train,0.789650516165938,0.8026087880134583
Q3_S3_XGB_seed42,Q3,S3,XGB,591,Train,0.782523228550948,0.7754950523376465
Q3_S3_XGB_seed42,Q3,S3,XGB,592,Train,0.801146460271435,0.7872684001922607
Q3_S3_XGB_seed42,Q3,S3,XGB,593,Train,0.73363996111312,0.7460439205169678
Q3_S3_XGB_seed42,Q3,S3,XGB,594,Train,0.916456312894737,0.9087700247764587
Q3_S3_XGB_seed42,Q3,S3,XGB,595,Train,0.868997899727548,0.8468472957611084
Q3_S3_XGB_seed42,Q3,S3,XGB,596,Train,0.804859872876447,0.7852110266685486
Q3_S3_XGB_seed42,Q3,S3,XGB,597,Train,0.810800897585135,0.8287892937660217
Q3_S3_XGB_seed42,Q3,S3,XGB,598,Train,0.800041668864993,0.8065666556358337
Q3_S3_XGB_seed42,Q3,S3,XGB,599,Train,0.836468266501584,0.8287892937660217
Q3_S3_XGB_seed42,Q3,S3,XGB,600,Train,0.83074847205683,0.8427839279174805
Q3_S3_XGB_seed42,Q3,S3,XGB,601,Train,0.885246421967059,0.8951093554496765
Q3_S3_XGB_seed42,Q3,S3,XGB,602,Train,0.819970068327537,0.8199477195739746
Q3_S3_XGB_seed42,Q3,S3,XGB,603,Train,0.79470074482459,0.7927582859992981
Q3_S3_XGB_seed42,Q3,S3,XGB,604,Train,0.842822772629174,0.8277406692504883
Q3_S3_XGB_seed42,Q3,S3,XGB,605,Train,0.851500125444752,0.8521646857261658
Q3_S3_XGB_seed42,Q3,S3,XGB,606,Train,0.856573743630585,0.859160840511322
Q3_S3_XGB_seed42,Q3,S3,XGB,607,Train,0.853159195428482,0.8497501015663147
Q3_S3_XGB_seed42,Q3,S3,XGB,608,Train,0.884006504341295,0.886604905128479
Q3_S3_XGB_seed42,Q3,S3,XGB,609,Train,0.859008756801763,0.8577914237976074
Q3_S3_XGB_seed42,Q3,S3,XGB,610,Train,0.787478820957529,0.7788062691688538
Q3_S3_XGB_seed42,Q3,S3,XGB,614,Train,0.801715890222028,0.8087667226791382
Q3_S3_XGB_seed42,Q3,S3,XGB,615,Train,0.788862726211253,0.786790132522583
Q3_S3_XGB_seed42,Q3,S3,XGB,619,Train,0.855412098959476,0.8431898355484009
Q3_S3_XGB_seed42,Q3,S3,XGB,621,Train,0.87841663966553,0.8800137639045715
Q3_S3_XGB_seed42,Q3,S3,XGB,622,Train,0.874141721757814,0.8721775412559509
Q3_S3_XGB_seed42,Q3,S3,XGB,623,Train,0.881852505955376,0.8927761316299438
Q3_S3_XGB_seed42,Q3,S3,XGB,624,Train,0.832374398082112,0.8369207382202148
Q3_S3_XGB_seed42,Q3,S3,XGB,626,Train,0.763034821343403,0.7650780081748962
Q3_S3_XGB_seed42,Q3,S3,XGB,627,Train,0.753909982070491,0.7564765214920044
Q3_S3_XGB_seed42,Q3,S3,XGB,628,Train,0.720251771646694,0.7161610722541809
Q3_S3_XGB_seed42,Q3,S3,XGB,630,Train,0.833276096745915,0.8241134285926819
Q3_S3_XGB_seed42,Q3,S3,XGB,632,Train,0.802888697806569,0.8075839281082153
Q3_S3_XGB_seed42,Q3,S3,XGB,633,Train,0.777173319559092,0.7865431308746338
Q3_S3_XGB_seed42,Q3,S3,XGB,636,Train,0.867796832525943,0.8722100257873535
Q3_S3_XGB_seed42,Q3,S3,XGB,638,Train,0.774399736000629,0.7851048707962036
Q3_S3_XGB_seed42,Q3,S3,XGB,639,Train,0.853183655252342,0.8473260998725891
Q3_S3_XGB_seed42,Q3,S3,XGB,641,Train,0.913307258348461,0.9114871621131897
Q3_S3_XGB_seed42,Q3,S3,XGB,642,Train,0.926720585659848,0.921991765499115
Q3_S3_XGB_seed42,Q3,S3,XGB,645,Train,0.757660487927601,0.7559624314308167
Q3_S3_XGB_seed42,Q3,S3,XGB,648,Train,0.71312917807553,0.7047608494758606
Q3_S3_XGB_seed42,Q3,S3,XGB,649,Train,0.872930374187904,0.8653886318206787
Q3_S3_XGB_seed42,Q3,S3,XGB,650,Train,0.812924078738548,0.8089726567268372
Q3_S3_XGB_seed42,Q3,S3,XGB,651,Train,0.776881429889234,0.7821576595306396
Q3_S3_XGB_seed42,Q3,S3,XGB,652,Train,0.791868789127212,0.8027717471122742
Q3_S3_XGB_seed42,Q3,S3,XGB,653,Train,0.777772399476774,0.7698206305503845
Q3_S3_XGB_seed42,Q3,S3,XGB,655,Train,0.794376225885031,0.7744085192680359
Q3_S3_XGB_seed42,Q3,S3,XGB,656,Train,0.783682735179066,0.7877387404441833
Q3_S3_XGB_seed42,Q3,S3,XGB,657,Train,0.842772863581729,0.8614760041236877
Q3_S3_XGB_seed42,Q3,S3,XGB,658,Train,0.926720585659848,0.9218205809593201
Q3_S3_XGB_seed42,Q3,S3,XGB,659,Train,0.950158028677875,0.9535331130027771
Q3_S3_XGB_seed42,Q3,S3,XGB,660,Train,0.961127684229507,0.9629467725753784
Q3_S3_XGB_seed42,Q3,S3,XGB,661,Train,0.985847769341663,0.986789882183075
Q3_S3_XGB_seed42,Q3,S3,XGB,662,Train,0.749146326862969,0.7432755827903748
Q3_S3_XGB_seed42,Q3,S3,XGB,663,Train,0.746590746440129,0.7648188471794128
Q3_S3_XGB_seed42,Q3,S3,XGB,665,Train,0.698084367957614,0.7017256021499634
Q3_S3_XGB_seed42,Q3,S3,XGB,666,Train,0.793151072002874,0.8045380115509033
Q3_S3_XGB_seed42,Q3,S3,XGB,667,Train,0.767418516321959,0.771626889705658
Q3_S3_XGB_seed42,Q3,S3,XGB,669,Train,0.770900644499919,0.7653104662895203
Q3_S3_XGB_seed42,Q3,S3,XGB,670,Train,0.79375716356903,0.7917831540107727
Q3_S3_XGB_seed42,Q3,S3,XGB,671,Train,0.889507167326115,0.8877458572387695
Q3_S3_XGB_seed42,Q3,S3,XGB,672,Train,0.932642471077175,0.931013822555542
Q3_S3_XGB_seed42,Q3,S3,XGB,674,Train,0.999553894929436,0.9988172650337219
Q3_S3_XGB_seed42,Q3,S3,XGB,675,Train,1.00528174393871,1.010321855545044
Q3_S3_XGB_seed42,Q3,S3,XGB,677,Train,0.859113500130653,0.8534149527549744
Q3_S3_XGB_seed42,Q3,S3,XGB,678,Train,0.801961178112691,0.8043729066848755
Q3_S3_XGB_seed42,Q3,S3,XGB,679,Train,0.779106820776095,0.7788429260253906
Q3_S3_XGB_seed42,Q3,S3,XGB,681,Train,0.723048597139057,0.7266024351119995
Q3_S3_XGB_seed42,Q3,S3,XGB,683,Train,0.784398058232244,0.7966089844703674
Q3_S3_XGB_seed42,Q3,S3,XGB,685,Train,0.803492025889185,0.7966089844703674
Q3_S3_XGB_seed42,Q3,S3,XGB,686,Train,0.846700953722188,0.856763482093811
Q3_S3_XGB_seed42,Q3,S3,XGB,687,Train,0.788559449950821,0.7911854982376099
Q3_S3_XGB_seed42,Q3,S3,XGB,688,Train,0.742008090324318,0.7401052713394165
Q3_S3_XGB_seed42,Q3,S3,XGB,689,Train,0.753272075591055,0.7522209882736206
Q3_S3_XGB_seed42,Q3,S3,XGB,690,Train,0.845300153632359,0.8463955521583557
Q3_S3_XGB_seed42,Q3,S3,XGB,692,Train,0.770956453518485,0.7903999090194702
Q3_S3_XGB_seed42,Q3,S3,XGB,693,Train,0.845953668163504,0.844692587852478
Q3_S3_XGB_seed42,Q3,S3,XGB,694,Train,0.757645425736901,0.747576892375946
Q3_S3_XGB_seed42,Q3,S3,XGB,695,Train,0.787196986893441,0.7995452284812927
Q3_S3_XGB_seed42,Q3,S3,XGB,696,Train,0.909280357024702,0.8979569673538208
Q3_S3_XGB_seed42,Q3,S3,XGB,697,Train,0.945687167254019,0.9428925514221191
Q3_S3_XGB_seed42,Q3,S3,XGB,698,Train,0.990399550755274,0.9918418526649475
Q3_S3_XGB_seed42,Q3,S3,XGB,700,Train,1.03125262252782,1.0354028940200806
Q3_S3_XGB_seed42,Q3,S3,XGB,701,Train,0.715131946648899,0.7196844220161438
Q3_S3_XGB_seed42,Q3,S3,XGB,702,Train,0.694710654486211,0.6889616847038269
Q3_S3_XGB_seed42,Q3,S3,XGB,703,Train,0.788919430073695,0.7894108295440674
Q3_S3_XGB_seed42,Q3,S3,XGB,704,Train,0.761627351481268,0.7613080143928528
Q3_S3_XGB_seed42,Q3,S3,XGB,705,Train,0.773622566197128,0.777385950088501
Q3_S3_XGB_seed42,Q3,S3,XGB,706,Train,0.758798011501759,0.7556137442588806
Q3_S3_XGB_seed42,Q3,S3,XGB,707,Train,0.845300153632359,0.8361783027648926
Q3_S3_XGB_seed42,Q3,S3,XGB,708,Train,0.783261534929068,0.7924785614013672
Q3_S3_XGB_seed42,Q3,S3,XGB,709,Train,0.776944125046722,0.7932407855987549
Q3_S3_XGB_seed42,Q3,S3,XGB,710,Train,0.796554495159318,0.7914528250694275
Q3_S3_XGB_seed42,Q3,S3,XGB,712,Train,0.835166094434971,0.8255428075790405
Q3_S3_XGB_seed42,Q3,S3,XGB,713,Train,0.720543434596451,0.7306336760520935
Q3_S3_XGB_seed42,Q3,S3,XGB,714,Train,0.80168230434905,0.805496096611023
Q3_S3_XGB_seed42,Q3,S3,XGB,715,Train,0.914208226023996,0.9043365120887756
Q3_S3_XGB_seed42,Q3,S3,XGB,716,Train,0.950314521111876,0.9497819542884827
Q3_S3_XGB_seed42,Q3,S3,XGB,717,Train,1.01467278489236,1.015987515449524
Q3_S3_XGB_seed42,Q3,S3,XGB,718,Train,1.04080712903253,1.0447256565093994
Q3_S3_XGB_seed42,Q3,S3,XGB,719,Train,1.05524419455208,1.0551071166992188
Q3_S3_XGB_seed42,Q3,S3,XGB,720,Train,0.734007498328761,0.732904851436615
Q3_S3_XGB_seed42,Q3,S3,XGB,722,Train,0.676977294746911,0.6832051873207092
Q3_S3_XGB_seed42,Q3,S3,XGB,723,Train,0.789712178970565,0.7860471606254578
Q3_S3_XGB_seed42,Q3,S3,XGB,724,Train,0.764783542675837,0.7572370767593384
Q3_S3_XGB_seed42,Q3,S3,XGB,727,Train,0.773622566197128,0.7747552990913391
Q3_S3_XGB_seed42,Q3,S3,XGB,728,Train,0.757893465491069,0.7521780729293823
Q3_S3_XGB_seed42,Q3,S3,XGB,729,Train,0.833479813631314,0.8349183201789856
Q3_S3_XGB_seed42,Q3,S3,XGB,730,Train,0.774698231397807,0.7862230539321899
Q3_S3_XGB_seed42,Q3,S3,XGB,731,Train,0.784464901837064,0.7816905379295349
Q3_S3_XGB_seed42,Q3,S3,XGB,732,Train,0.734007498328761,0.7327983379364014
Q3_S3_XGB_seed42,Q3,S3,XGB,734,Train,0.678103962533706,0.6819982528686523
Q3_S3_XGB_seed42,Q3,S3,XGB,735,Train,0.780982137263124,0.7814006805419922
Q3_S3_XGB_seed42,Q3,S3,XGB,736,Train,0.753567565394396,0.7513846755027771
Q3_S3_XGB_seed42,Q3,S3,XGB,737,Train,0.773622566197128,0.7744163274765015
Q3_S3_XGB_seed42,Q3,S3,XGB,738,Train,0.759388033493715,0.7519224882125854
Q3_S3_XGB_seed42,Q3,S3,XGB,739,Train,0.832480104824992,0.8286021947860718
Q3_S3_XGB_seed42,Q3,S3,XGB,740,Train,0.779106820776095,0.779812216758728
Q3_S3_XGB_seed42,Q3,S3,XGB,741,Train,0.777080750036464,0.7795665860176086
Q3_S3_XGB_seed42,Q3,S3,XGB,742,Train,0.810865220177659,0.804168164730072
Q3_S3_XGB_seed42,Q3,S3,XGB,743,Train,0.701220657756291,0.7093198895454407
Q3_S3_XGB_seed42,Q3,S3,XGB,744,Train,0.84311310408725,0.8330967426300049
Q3_S3_XGB_seed42,Q3,S3,XGB,745,Train,0.917655868986698,0.9180653095245361
Q3_S3_XGB_seed42,Q3,S3,XGB,746,Train,0.954799183427052,0.9600852131843567
Q3_S3_XGB_seed42,Q3,S3,XGB,747,Train,1.03125262252782,1.0316120386123657
Q3_S3_XGB_seed42,Q3,S3,XGB,748,Train,1.06493688802797,1.056295394897461
Q3_S3_XGB_seed42,Q3,S3,XGB,751,Train,0.713594845288137,0.71515291929245
Q3_S3_XGB_seed42,Q3,S3,XGB,752,Train,0.688370897174795,0.6875362992286682
Q3_S3_XGB_seed42,Q3,S3,XGB,753,Train,0.77255062916464,0.7801294326782227
Q3_S3_XGB_seed42,Q3,S3,XGB,754,Train,0.757006009701427,0.7525502443313599
Q3_S3_XGB_seed42,Q3,S3,XGB,756,Train,0.773622566197128,0.7684467434883118
Q3_S3_XGB_seed42,Q3,S3,XGB,758,Train,0.82066550733501,0.8185176253318787
Q3_S3_XGB_seed42,Q3,S3,XGB,759,Train,0.783682735179066,0.77949059009552
Q3_S3_XGB_seed42,Q3,S3,XGB,760,Train,0.76856264759232,0.7717176675796509
Q3_S3_XGB_seed42,Q3,S3,XGB,761,Train,0.735217924121935,0.7299792766571045
Q3_S3_XGB_seed42,Q3,S3,XGB,762,Train,0.718441519246758,0.7149995565414429
Q3_S3_XGB_seed42,Q3,S3,XGB,763,Train,0.688449255531412,0.6862625479698181
Q3_S3_XGB_seed42,Q3,S3,XGB,765,Train,0.746859607841232,0.7505680322647095
Q3_S3_XGB_seed42,Q3,S3,XGB,766,Train,0.973186669599277,0.9506056308746338
Q3_S3_XGB_seed42,Q3,S3,XGB,767,Train,0.759768801741319,0.7654475569725037
Q3_S3_XGB_seed42,Q3,S3,XGB,768,Train,0.757802886706236,0.7559429407119751
Q3_S3_XGB_seed42,Q3,S3,XGB,769,Train,0.806844862473226,0.8109145760536194
Q3_S3_XGB_seed42,Q3,S3,XGB,770,Train,0.773320583288713,0.7717301249504089
Q3_S3_XGB_seed42,Q3,S3,XGB,771,Train,0.76993874578373,0.7840186953544617
Q3_S3_XGB_seed42,Q3,S3,XGB,772,Train,0.782289967046785,0.7839874029159546
Q3_S3_XGB_seed42,Q3,S3,XGB,773,Train,0.692891774424785,0.7029359936714172
Q3_S3_XGB_seed42,Q3,S3,XGB,774,Train,0.845013806324218,0.847037672996521
Q3_S3_XGB_seed42,Q3,S3,XGB,775,Train,0.904396288730716,0.9097447395324707
Q3_S3_XGB_seed42,Q3,S3,XGB,776,Train,0.950876857435849,0.9490529894828796
Q3_S3_XGB_seed42,Q3,S3,XGB,777,Train,1.02582131493631,1.034939169883728
Q3_S3_XGB_seed42,Q3,S3,XGB,778,Train,1.0696298812969,1.0725605487823486
Q3_S3_XGB_seed42,Q3,S3,XGB,779,Train,1.09690879965459,1.0895792245864868
Q3_S3_XGB_seed42,Q3,S3,XGB,780,Train,0.736439137486459,0.7309434413909912
Q3_S3_XGB_seed42,Q3,S3,XGB,781,Train,0.722248122910828,0.7233882546424866
Q3_S3_XGB_seed42,Q3,S3,XGB,782,Train,0.686057894581173,0.6932427287101746
Q3_S3_XGB_seed42,Q3,S3,XGB,786,Train,0.760839318813295,0.7637490630149841
Q3_S3_XGB_seed42,Q3,S3,XGB,787,Train,0.805847140635809,0.8083635568618774
Q3_S3_XGB_seed42,Q3,S3,XGB,788,Train,0.774518165430972,0.775001049041748
Q3_S3_XGB_seed42,Q3,S3,XGB,789,Train,0.760204163477313,0.7641186714172363
Q3_S3_XGB_seed42,Q3,S3,XGB,790,Train,0.730069086834549,0.7334786057472229
Q3_S3_XGB_seed42,Q3,S3,XGB,792,Train,0.727544416479067,0.7263578176498413
Q3_S3_XGB_seed42,Q3,S3,XGB,793,Train,0.694543170076781,0.6989648938179016
Q3_S3_XGB_seed42,Q3,S3,XGB,795,Train,0.774518165430972,0.7716625332832336
Q3_S3_XGB_seed42,Q3,S3,XGB,796,Train,0.763045688513871,0.7850822806358337
Q3_S3_XGB_seed42,Q3,S3,XGB,797,Train,0.792985905265767,0.7885857820510864
Q3_S3_XGB_seed42,Q3,S3,XGB,798,Train,0.761920681521003,0.7630206346511841
Q3_S3_XGB_seed42,Q3,S3,XGB,799,Train,0.801961178112691,0.7885857820510864
Q3_S3_XGB_seed42,Q3,S3,XGB,800,Train,0.987330734281547,0.951728880405426
Q3_S3_XGB_seed42,Q3,S3,XGB,801,Train,0.769420608847027,0.7772143483161926
Q3_S3_XGB_seed42,Q3,S3,XGB,802,Train,0.689257733017462,0.7034966945648193
Q3_S3_XGB_seed42,Q3,S3,XGB,804,Train,0.915126920728385,0.9190638065338135
Q3_S3_XGB_seed42,Q3,S3,XGB,805,Train,0.957724668649905,0.9606737494468689
Q3_S3_XGB_seed42,Q3,S3,XGB,806,Train,1.03063481620061,1.0351378917694092
Q3_S3_XGB_seed42,Q3,S3,XGB,807,Train,1.07716357459863,1.0689105987548828
Q3_S3_XGB_seed42,Q3,S3,XGB,808,Train,1.099765176777,1.086646318435669
Q3_S3_XGB_seed42,Q3,S3,XGB,809,Train,0.730069086834549,0.7311917543411255
Q3_S3_XGB_seed42,Q3,S3,XGB,810,Train,0.735308773693085,0.7417429089546204
Q3_S3_XGB_seed42,Q3,S3,XGB,813,Train,0.796413664208491,0.8015629053115845
Q3_S3_XGB_seed42,Q3,S3,XGB,814,Train,0.767488558989535,0.7659538388252258
Q3_S3_XGB_seed42,Q3,S3,XGB,815,Train,0.703988669853818,0.7072101831436157
Q3_S3_XGB_seed42,Q3,S3,XGB,816,Train,0.739353567501696,0.732856035232544
Q3_S3_XGB_seed42,Q3,S3,XGB,817,Train,0.788423061208014,0.8001563549041748
Q3_S3_XGB_seed42,Q3,S3,XGB,818,Train,0.758235053232286,0.771073579788208
Q3_S3_XGB_seed42,Q3,S3,XGB,819,Train,0.72284929898718,0.7099562883377075
Q3_S3_XGB_seed42,Q3,S3,XGB,820,Train,1.02080147380554,1.0063061714172363
Q3_S3_XGB_seed42,Q3,S3,XGB,821,Train,0.947648069034162,0.9323667883872986
Q3_S3_XGB_seed42,Q3,S3,XGB,822,Train,0.862728357189864,0.8733699917793274
Q3_S3_XGB_seed42,Q3,S3,XGB,823,Train,0.839870245957322,0.7824053168296814
Q3_S3_XGB_seed42,Q3,S3,XGB,824,Train,0.824458849728904,0.7879396080970764
Q3_S3_XGB_seed42,Q3,S3,XGB,825,Train,0.804418862461367,0.8041841387748718
Q3_S3_XGB_seed42,Q3,S3,XGB,827,Train,0.755219649235383,0.7824053168296814
Q3_S3_XGB_seed42,Q3,S3,XGB,828,Train,0.758767649085695,0.7879396080970764
Q3_S3_XGB_seed42,Q3,S3,XGB,830,Train,0.896148516387512,0.8760251402854919
Q3_S3_XGB_seed42,Q3,S3,XGB,831,Train,0.74651756923174,0.7824053168296814
Q3_S3_XGB_seed42,Q3,S3,XGB,832,Train,0.740400830055671,0.7879396080970764
Q3_S3_XGB_seed42,Q3,S3,XGB,833,Train,0.767907275522683,0.8041841387748718
Q3_S3_XGB_seed42,Q3,S3,XGB,834,Train,0.896994041262592,0.8760251402854919
Q3_S3_XGB_seed42,Q3,S3,XGB,836,Train,0.83913565970459,0.7879396080970764
Q3_S3_XGB_seed42,Q3,S3,XGB,837,Train,0.861622810252725,0.8041841387748718
Q3_S3_XGB_seed42,Q3,S3,XGB,838,Train,0.881909255770372,0.8760251402854919
Q3_S3_XGB_seed42,Q3,S3,XGB,839,Train,0.77684465445017,0.7824053168296814
Q3_S3_XGB_seed42,Q3,S3,XGB,841,Train,0.798749567481218,0.8041841387748718
Q3_S3_XGB_seed42,Q3,S3,XGB,843,Train,0.783682735179066,0.7824053168296814
Q3_S3_XGB_seed42,Q3,S3,XGB,845,Train,0.804859872876447,0.8041841387748718
Q3_S3_XGB_seed42,Q3,S3,XGB,846,Train,0.830406809094925,0.8760251402854919
Q3_S3_XGB_seed42,Q3,S3,XGB,848,Train,0.988718904599137,0.9591822028160095
Q3_S3_XGB_seed42,Q3,S3,XGB,849,Train,0.843338733281164,0.8445592522621155
Q3_S3_XGB_seed42,Q3,S3,XGB,850,Train,0.888691948306559,0.8884881138801575
Q3_S3_XGB_seed42,Q3,S3,XGB,851,Train,0.838448835114117,0.8342867493629456
Q3_S3_XGB_seed42,Q3,S3,XGB,853,Train,0.93120974605083,0.8964702486991882
Q3_S3_XGB_seed42,Q3,S3,XGB,855,Train,0.891947087933177,0.9183350205421448
Q3_S3_XGB_seed42,Q3,S3,XGB,856,Train,0.841003664585931,0.8964702486991882
Q3_S3_XGB_seed42,Q3,S3,XGB,858,Train,0.837640427960517,0.8400881290435791
Q3_S3_XGB_seed42,Q3,S3,XGB,859,Train,0.976976532023534,0.9803938269615173
Q3_S3_XGB_seed42,Q3,S3,XGB,860,Train,0.875116602351075,0.8895319104194641
Q3_S3_XGB_seed42,Q3,S3,XGB,861,Train,0.806684329368713,0.8264384269714355
Q3_S3_XGB_seed42,Q3,S3,XGB,862,Train,0.801102499746633,0.7741084694862366
Q3_S3_XGB_seed42,Q3,S3,XGB,863,Train,0.788004693259768,0.7805118560791016
Q3_S3_XGB_seed42,Q3,S3,XGB,865,Train,0.905409565154336,0.8989713788032532
Q3_S3_XGB_seed42,Q3,S3,XGB,866,Train,0.729031856490157,0.7741084694862366
Q3_S3_XGB_seed42,Q3,S3,XGB,868,Train,0.805791496614141,0.7965694069862366
Q3_S3_XGB_seed42,Q3,S3,XGB,869,Train,0.91435430633742,0.8989713788032532
Q3_S3_XGB_seed42,Q3,S3,XGB,870,Train,0.73919054953609,0.7741084694862366
Q3_S3_XGB_seed42,Q3,S3,XGB,871,Train,0.74439488829365,0.7805118560791016
Q3_S3_XGB_seed42,Q3,S3,XGB,873,Train,0.923963860690704,0.8989713788032532
Q3_S3_XGB_seed42,Q3,S3,XGB,874,Train,0.833194013031795,0.7741084694862366
Q3_S3_XGB_seed42,Q3,S3,XGB,875,Train,0.830460308093366,0.7805118560791016
Q3_S3_XGB_seed42,Q3,S3,XGB,877,Train,0.892161082204004,0.8989713788032532
Q3_S3_XGB_seed42,Q3,S3,XGB,879,Train,0.754580500145541,0.7805118560791016
Q3_S3_XGB_seed42,Q3,S3,XGB,880,Train,0.78318641891646,0.7965694069862366
Q3_S3_XGB_seed42,Q3,S3,XGB,881,Train,0.880695747690427,0.8989713788032532
Q3_S3_XGB_seed42,Q3,S3,XGB,882,Train,0.770956453518485,0.7741084694862366
Q3_S3_XGB_seed42,Q3,S3,XGB,884,Train,0.804624381901374,0.7965694069862366
Q3_S3_XGB_seed42,Q3,S3,XGB,885,Train,0.877540164348498,0.8989713788032532
Q3_S3_XGB_seed42,Q3,S3,XGB,886,Train,0.861262296092212,0.8406094908714294
Q3_S3_XGB_seed42,Q3,S3,XGB,887,Train,0.862587271755434,0.8551425933837891
Q3_S3_XGB_seed42,Q3,S3,XGB,889,Train,0.855699794660814,0.8351627588272095
Q3_S3_XGB_seed42,Q3,S3,XGB,890,Train,0.933510742242849,0.9035178422927856
Q3_S3_XGB_seed42,Q3,S3,XGB,891,Train,1.00605846926458,0.9261221885681152
Q3_S3_XGB_seed42,Q3,S3,XGB,892,Train,0.866467395757682,0.8832962512969971
Q3_S3_XGB_seed42,Q3,S3,XGB,894,Train,0.826695514401272,0.9261221885681152
Q3_S3_XGB_seed42,Q3,S3,XGB,895,Train,0.929061249041944,0.9288827776908875
Q3_S3_XGB_seed42,Q3,S3,XGB,896,Train,0.818042662263129,0.8434168100357056
Q3_S3_XGB_seed42,Q3,S3,XGB,897,Train,0.812085675359892,0.8378978967666626
Q3_S3_XGB_seed42,Q3,S3,XGB,898,Train,0.778042560572574,0.7427321672439575
Q3_S3_XGB_seed42,Q3,S3,XGB,899,Train,0.750039220749238,0.7749150395393372
Q3_S3_XGB_seed42,Q3,S3,XGB,900,Train,0.849781838530611,0.8150753378868103
Q3_S3_XGB_seed42,Q3,S3,XGB,901,Train,0.921417913561959,0.9151387810707092
Q3_S3_XGB_seed42,Q3,S3,XGB,902,Train,0.709560263195736,0.7427321672439575
Q3_S3_XGB_seed42,Q3,S3,XGB,903,Train,0.767907275522683,0.7749150395393372
Q3_S3_XGB_seed42,Q3,S3,XGB,905,Train,0.923880804895202,0.9151387810707092
Q3_S3_XGB_seed42,Q3,S3,XGB,906,Train,0.731376879007756,0.7427321672439575
Q3_S3_XGB_seed42,Q3,S3,XGB,907,Train,0.756332494515326,0.7749150395393372
Q3_S3_XGB_seed42,Q3,S3,XGB,908,Train,0.793009162016314,0.8150753378868103
Q3_S3_XGB_seed42,Q3,S3,XGB,909,Train,0.938995087972337,0.9151387810707092
Q3_S3_XGB_seed42,Q3,S3,XGB,911,Train,0.812349202994303,0.7749150395393372
Q3_S3_XGB_seed42,Q3,S3,XGB,913,Train,0.918757744370779,0.9151387810707092
Q3_S3_XGB_seed42,Q3,S3,XGB,916,Train,0.793688616630125,0.8150753378868103
Q3_S3_XGB_seed42,Q3,S3,XGB,917,Train,0.895365302224161,0.9151387810707092
Q3_S3_XGB_seed42,Q3,S3,XGB,918,Train,0.760613981871055,0.7427321672439575
Q3_S3_XGB_seed42,Q3,S3,XGB,919,Train,0.773129311444233,0.7749150395393372
Q3_S3_XGB_seed42,Q3,S3,XGB,920,Train,0.800973771863673,0.8150753378868103
Q3_S3_XGB_seed42,Q3,S3,XGB,921,Train,0.893455868895967,0.9151387810707092
Q3_S3_XGB_seed42,Q3,S3,XGB,923,Train,0.796755167716249,0.7968988418579102
Q3_S3_XGB_seed42,Q3,S3,XGB,924,Train,0.795814694826164,0.8113423585891724
Q3_S3_XGB_seed42,Q3,S3,XGB,925,Train,0.758526566744865,0.7554070949554443
Q3_S3_XGB_seed42,Q3,S3,XGB,926,Train,0.748892319551776,0.766105592250824
Q3_S3_XGB_seed42,Q3,S3,XGB,928,Train,0.931291021036105,0.9197446703910828
Q3_S3_XGB_seed42,Q3,S3,XGB,929,Train,0.702154693520188,0.7554070949554443
Q3_S3_XGB_seed42,Q3,S3,XGB,930,Train,0.763409984431848,0.766105592250824
Q3_S3_XGB_seed42,Q3,S3,XGB,931,Train,0.853067002093386,0.8281800150871277
Q3_S3_XGB_seed42,Q3,S3,XGB,932,Train,0.926347305711552,0.9197446703910828
Q3_S3_XGB_seed42,Q3,S3,XGB,933,Train,0.735661375815505,0.7554070949554443
Q3_S3_XGB_seed42,Q3,S3,XGB,934,Train,0.742397974619634,0.766105592250824
Q3_S3_XGB_seed42,Q3,S3,XGB,935,Train,0.818122373675804,0.8281800150871277
Q3_S3_XGB_seed42,Q3,S3,XGB,936,Train,0.946555392146291,0.9197446703910828
Q3_S3_XGB_seed42,Q3,S3,XGB,937,Train,0.822176110017067,0.7554070949554443
Q3_S3_XGB_seed42,Q3,S3,XGB,938,Train,0.802579810987906,0.766105592250824
Q3_S3_XGB_seed42,Q3,S3,XGB,939,Train,0.850241359949186,0.8281800150871277
Q3_S3_XGB_seed42,Q3,S3,XGB,940,Train,0.900280998471653,0.9197446703910828
Q3_S3_XGB_seed42,Q3,S3,XGB,941,Train,0.757894222047023,0.7554070949554443
Q3_S3_XGB_seed42,Q3,S3,XGB,942,Train,0.757061429213538,0.766105592250824
Q3_S3_XGB_seed42,Q3,S3,XGB,944,Train,0.916784083531629,0.9197446703910828
Q3_S3_XGB_seed42,Q3,S3,XGB,946,Train,0.774436547805945,0.766105592250824
Q3_S3_XGB_seed42,Q3,S3,XGB,947,Train,0.804802264358862,0.8281800150871277
Q3_S3_XGB_seed42,Q3,S3,XGB,948,Train,0.889507167326115,0.9197446703910828
Q3_S3_XGB_seed42,Q3,S3,XGB,949,Train,0.834489600568311,0.8378549814224243
Q3_S3_XGB_seed42,Q3,S3,XGB,950,Train,0.866179569383206,0.8746300339698792
Q3_S3_XGB_seed42,Q3,S3,XGB,951,Train,0.808010862359159,0.8188459873199463
Q3_S3_XGB_seed42,Q3,S3,XGB,952,Train,0.860410176752358,0.867889404296875
Q3_S3_XGB_seed42,Q3,S3,XGB,953,Train,0.989598819123395,0.9195848107337952
Q3_S3_XGB_seed42,Q3,S3,XGB,954,Train,0.92242775800187,0.9007341861724854
Q3_S3_XGB_seed42,Q3,S3,XGB,956,Train,0.853182190508781,0.9195848107337952
Q3_S3_XGB_seed42,Q3,S3,XGB,959,Train,0.878145002204253,0.8787534236907959
Q3_S3_XGB_seed42,Q3,S3,XGB,960,Train,0.787849267499515,0.7970185279846191
Q3_S3_XGB_seed42,Q3,S3,XGB,961,Train,0.807788120514204,0.8272467851638794
Q3_S3_XGB_seed42,Q3,S3,XGB,962,Train,0.763569965105048,0.7611356973648071
Q3_S3_XGB_seed42,Q3,S3,XGB,963,Train,0.742136835683651,0.7650848627090454
Q3_S3_XGB_seed42,Q3,S3,XGB,967,Train,0.770768562571437,0.7650848627090454
Q3_S3_XGB_seed42,Q3,S3,XGB,968,Train,0.865848949986576,0.8408256769180298
Q3_S3_XGB_seed42,Q3,S3,XGB,969,Train,0.926460609945532,0.9187161326408386
Q3_S3_XGB_seed42,Q3,S3,XGB,970,Train,0.718033884901515,0.7611356973648071
Q3_S3_XGB_seed42,Q3,S3,XGB,971,Train,0.744034833728012,0.7650848627090454
Q3_S3_XGB_seed42,Q3,S3,XGB,972,Train,0.834231145952886,0.8408256769180298
Q3_S3_XGB_seed42,Q3,S3,XGB,973,Train,0.949081938843105,0.9187161326408386
Q3_S3_XGB_seed42,Q3,S3,XGB,974,Train,0.823136893551042,0.7611356973648071
Q3_S3_XGB_seed42,Q3,S3,XGB,975,Train,0.807558799569149,0.7650848627090454
Q3_S3_XGB_seed42,Q3,S3,XGB,976,Train,0.845371896610588,0.8408256769180298
Q3_S3_XGB_seed42,Q3,S3,XGB,977,Train,0.901400479158204,0.9187161326408386
Q3_S3_XGB_seed42,Q3,S3,XGB,978,Train,0.758793795325685,0.7611356973648071
Q3_S3_XGB_seed42,Q3,S3,XGB,979,Train,0.759419253918282,0.7650848627090454
Q3_S3_XGB_seed42,Q3,S3,XGB,981,Train,0.909280357024702,0.9187161326408386
Q3_S3_XGB_seed42,Q3,S3,XGB,982,Train,0.75408366475121,0.7611356973648071
Q3_S3_XGB_seed42,Q3,S3,XGB,983,Train,0.764493341936512,0.7650848627090454
Q3_S3_XGB_seed42,Q3,S3,XGB,985,Train,0.899317323108963,0.9187161326408386
Q3_S3_XGB_seed42,Q3,S3,XGB,990,Train,0.761811915695933,0.7709214091300964
Q3_S3_XGB_seed42,Q3,S3,XGB,991,Train,0.859657066279412,0.8567830324172974
Q3_S3_XGB_seed42,Q3,S3,XGB,992,Train,0.720926707585792,0.7444173693656921
Q3_S3_XGB_seed42,Q3,S3,XGB,993,Train,0.735349221875968,0.7682715654373169
Q3_S3_XGB_seed42,Q3,S3,XGB,994,Train,0.864231348838916,0.8486958742141724
Q3_S3_XGB_seed42,Q3,S3,XGB,996,Train,0.719091440442532,0.7444173693656921
Q3_S3_XGB_seed42,Q3,S3,XGB,997,Train,0.779437546258,0.7682715654373169
Q3_S3_XGB_seed42,Q3,S3,XGB,998,Train,0.860219674132099,0.8486958742141724
Q3_S3_XGB_seed42,Q3,S3,XGB,999,Train,0.928960777763589,0.9136896133422852
Q3_S3_XGB_seed42,Q3,S3,XGB,1000,Train,0.709925720338231,0.7444173693656921
Q3_S3_XGB_seed42,Q3,S3,XGB,1004,Train,0.812887139706805,0.7444173693656921
Q3_S3_XGB_seed42,Q3,S3,XGB,1005,Train,0.798244919255891,0.7682715654373169
Q3_S3_XGB_seed42,Q3,S3,XGB,1006,Train,0.842822772629174,0.8486958742141724
Q3_S3_XGB_seed42,Q3,S3,XGB,1007,Train,0.906955362965224,0.9136896133422852
Q3_S3_XGB_seed42,Q3,S3,XGB,1008,Train,0.747785039139969,0.7444173693656921
Q3_S3_XGB_seed42,Q3,S3,XGB,1009,Train,0.766743793103087,0.7682715654373169
Q3_S3_XGB_seed42,Q3,S3,XGB,1011,Train,0.901897886930289,0.9136896133422852
Q3_S3_XGB_seed42,Q3,S3,XGB,1012,Train,0.759207198504107,0.7444173693656921
Q3_S3_XGB_seed42,Q3,S3,XGB,1013,Train,0.76993874578373,0.7682715654373169
Q3_S3_XGB_seed42,Q3,S3,XGB,1014,Train,0.818834654745319,0.8486958742141724
Q3_S3_XGB_seed42,Q3,S3,XGB,1015,Train,0.905978375447755,0.9136896133422852
Q3_S3_XGB_seed42,Q3,S3,XGB,1016,Train,0.856006369302794,0.8389134407043457
Q3_S3_XGB_seed42,Q3,S3,XGB,1017,Train,0.798470002896076,0.791995644569397
Q3_S3_XGB_seed42,Q3,S3,XGB,1018,Train,0.867404297372514,0.8714747428894043
Q3_S3_XGB_seed42,Q3,S3,XGB,1020,Train,0.919245673734333,0.8627338409423828
Q3_S3_XGB_seed42,Q3,S3,XGB,1021,Train,1.05737670205315,0.9637618660926819
Q3_S3_XGB_seed42,Q3,S3,XGB,1022,Train,0.853182190508781,0.8562518358230591
Q3_S3_XGB_seed42,Q3,S3,XGB,1023,Train,0.798982458338327,0.8627338409423828
Q3_S3_XGB_seed42,Q3,S3,XGB,1024,Train,0.894639934691145,0.9637618660926819
Q3_S3_XGB_seed42,Q3,S3,XGB,1025,Train,0.836702062630733,0.8303892612457275
Q3_S3_XGB_seed42,Q3,S3,XGB,1028,Train,0.711549340265613,0.7457801103591919
Q3_S3_XGB_seed42,Q3,S3,XGB,1029,Train,0.738760170069949,0.7616217732429504
Q3_S3_XGB_seed42,Q3,S3,XGB,1030,Train,0.861641648130033,0.8511865139007568
Q3_S3_XGB_seed42,Q3,S3,XGB,1032,Train,0.718982616423606,0.7457801103591919
Q3_S3_XGB_seed42,Q3,S3,XGB,1033,Train,0.783095405058374,0.7616217732429504
Q3_S3_XGB_seed42,Q3,S3,XGB,1034,Train,0.865454199500397,0.8511865139007568
Q3_S3_XGB_seed42,Q3,S3,XGB,1035,Train,0.933971259237154,0.9352771639823914
Q3_S3_XGB_seed42,Q3,S3,XGB,1036,Train,0.701623672917154,0.7457801103591919
Q3_S3_XGB_seed42,Q3,S3,XGB,1037,Train,0.757193696411778,0.7616217732429504
Q3_S3_XGB_seed42,Q3,S3,XGB,1038,Train,0.872255273289102,0.8511865139007568
Q3_S3_XGB_seed42,Q3,S3,XGB,1039,Train,0.954144546641154,0.9352771639823914
Q3_S3_XGB_seed42,Q3,S3,XGB,1040,Train,0.814569613592269,0.7457801103591919
Q3_S3_XGB_seed42,Q3,S3,XGB,1042,Train,0.859663223157214,0.8511865139007568
Q3_S3_XGB_seed42,Q3,S3,XGB,1043,Train,0.932819211063934,0.9352771639823914
Q3_S3_XGB_seed42,Q3,S3,XGB,1044,Train,0.753576013281286,0.7457801103591919
Q3_S3_XGB_seed42,Q3,S3,XGB,1045,Train,0.76051362037454,0.7616217732429504
Q3_S3_XGB_seed42,Q3,S3,XGB,1046,Train,0.818834654745319,0.8511865139007568
Q3_S3_XGB_seed42,Q3,S3,XGB,1048,Train,0.756624896500184,0.7457801103591919
Q3_S3_XGB_seed42,Q3,S3,XGB,1049,Train,0.760204163477313,0.7616217732429504
Q3_S3_XGB_seed42,Q3,S3,XGB,1050,Train,0.829191674260014,0.8511865139007568
Q3_S3_XGB_seed42,Q3,S3,XGB,1051,Train,0.922527857069852,0.9352771639823914
Q3_S3_XGB_seed42,Q3,S3,XGB,1052,Train,0.79710536729945,0.8067931532859802
Q3_S3_XGB_seed42,Q3,S3,XGB,1053,Train,0.843595373557105,0.8534764647483826
Q3_S3_XGB_seed42,Q3,S3,XGB,1054,Train,0.820417256414491,0.8502212762832642
Q3_S3_XGB_seed42,Q3,S3,XGB,1055,Train,0.957410318343692,0.9615259170532227
Q3_S3_XGB_seed42,Q3,S3,XGB,1056,Train,0.813872622033883,0.8244398236274719
Q3_S3_XGB_seed42,Q3,S3,XGB,1057,Train,0.774189026409601,0.772552490234375
Q3_S3_XGB_seed42,Q3,S3,XGB,1060,Train,0.761528027071662,0.7685672044754028
Q3_S3_XGB_seed42,Q3,S3,XGB,1061,Train,0.869420076911184,0.8546156287193298
Q3_S3_XGB_seed42,Q3,S3,XGB,1064,Train,0.800373468473371,0.7685672044754028
Q3_S3_XGB_seed42,Q3,S3,XGB,1065,Train,0.868075884732324,0.8546156287193298
Q3_S3_XGB_seed42,Q3,S3,XGB,1066,Train,0.929363429825195,0.9391441345214844
Q3_S3_XGB_seed42,Q3,S3,XGB,1068,Train,0.770219717628378,0.7685672044754028
Q3_S3_XGB_seed42,Q3,S3,XGB,1069,Train,0.88022855729693,0.8546156287193298
Q3_S3_XGB_seed42,Q3,S3,XGB,1070,Train,0.959219672874343,0.9391441345214844
Q3_S3_XGB_seed42,Q3,S3,XGB,1071,Train,0.802296644258131,0.7636798620223999
Q3_S3_XGB_seed42,Q3,S3,XGB,1073,Train,0.866999035914871,0.8546156287193298
Q3_S3_XGB_seed42,Q3,S3,XGB,1074,Train,0.949217949892863,0.9391441345214844
Q3_S3_XGB_seed42,Q3,S3,XGB,1076,Train,0.760204163477313,0.7685672044754028
Q3_S3_XGB_seed42,Q3,S3,XGB,1077,Train,0.822125963335149,0.8546156287193298
Q3_S3_XGB_seed42,Q3,S3,XGB,1078,Train,0.939426893652025,0.9391441345214844
Q3_S3_XGB_seed42,Q3,S3,XGB,1079,Train,0.750569072247341,0.7636798620223999
Q3_S3_XGB_seed42,Q3,S3,XGB,1080,Train,0.763045688513871,0.7685672044754028
Q3_S3_XGB_seed42,Q3,S3,XGB,1081,Train,0.83332674041077,0.8546156287193298
Q3_S3_XGB_seed42,Q3,S3,XGB,1082,Train,0.926188379655635,0.9391441345214844
Q3_S3_XGB_seed42,Q3,S3,XGB,1083,Train,0.797960018930702,0.7925451993942261
Q3_S3_XGB_seed42,Q3,S3,XGB,1084,Train,0.763999535247556,0.7681652903556824
Q3_S3_XGB_seed42,Q3,S3,XGB,1085,Train,0.895543206493383,0.8705886602401733
Q3_S3_XGB_seed42,Q3,S3,XGB,1086,Train,0.708569706169591,0.7357383370399475
Q3_S3_XGB_seed42,Q3,S3,XGB,1088,Train,0.868075884732324,0.8650860786437988
Q3_S3_XGB_seed42,Q3,S3,XGB,1089,Train,0.944032050879927,0.9452971816062927
Q3_S3_XGB_seed42,Q3,S3,XGB,1090,Train,0.733424008300312,0.7357383370399475
Q3_S3_XGB_seed42,Q3,S3,XGB,1091,Train,0.804932790987593,0.7869700193405151
Q3_S3_XGB_seed42,Q3,S3,XGB,1092,Train,0.875958312856537,0.8650860786437988
Q3_S3_XGB_seed42,Q3,S3,XGB,1093,Train,0.93951362970487,0.9452971816062927
Q3_S3_XGB_seed42,Q3,S3,XGB,1094,Train,0.69677225391561,0.7357383370399475
Q3_S3_XGB_seed42,Q3,S3,XGB,1095,Train,0.786180255102554,0.7869700193405151
Q3_S3_XGB_seed42,Q3,S3,XGB,1096,Train,0.882891632476178,0.8650860786437988
Q3_S3_XGB_seed42,Q3,S3,XGB,1097,Train,0.956680557393612,0.9452971816062927
Q3_S3_XGB_seed42,Q3,S3,XGB,1098,Train,0.792504253391991,0.7357383370399475
Q3_S3_XGB_seed42,Q3,S3,XGB,1099,Train,0.789633487297816,0.7869700193405151
Q3_S3_XGB_seed42,Q3,S3,XGB,1101,Train,0.956942220525115,0.9452971816062927
Q3_S3_XGB_seed42,Q3,S3,XGB,1102,Train,0.734199846749297,0.7357383370399475
Q3_S3_XGB_seed42,Q3,S3,XGB,1103,Train,0.774793449957782,0.7869700193405151
Q3_S3_XGB_seed42,Q3,S3,XGB,1104,Train,0.831410637779578,0.8650860786437988
Q3_S3_XGB_seed42,Q3,S3,XGB,1105,Train,0.945850340334221,0.9452971816062927
Q3_S3_XGB_seed42,Q3,S3,XGB,1108,Train,0.845381357533183,0.8650860786437988
Q3_S3_XGB_seed42,Q3,S3,XGB,1109,Train,0.936970712621457,0.9452971816062927
Q3_S3_XGB_seed42,Q3,S3,XGB,1110,Train,0.799935130890267,0.8027035593986511
Q3_S3_XGB_seed42,Q3,S3,XGB,1111,Train,0.76635763480699,0.7701765894889832
Q3_S3_XGB_seed42,Q3,S3,XGB,1113,Train,0.72141924849785,0.7413703799247742
Q3_S3_XGB_seed42,Q3,S3,XGB,1114,Train,0.814615157530146,0.790539562702179
Q3_S3_XGB_seed42,Q3,S3,XGB,1115,Train,0.870700482829228,0.8681809306144714
Q3_S3_XGB_seed42,Q3,S3,XGB,1117,Train,0.748026513306267,0.7413703799247742
Q3_S3_XGB_seed42,Q3,S3,XGB,1118,Train,0.819042301069102,0.790539562702179
Q3_S3_XGB_seed42,Q3,S3,XGB,1119,Train,0.872255273289102,0.8681809306144714
Q3_S3_XGB_seed42,Q3,S3,XGB,1120,Train,0.93951362970487,0.9546430110931396
Q3_S3_XGB_seed42,Q3,S3,XGB,1121,Train,0.699087262596401,0.7413703799247742
Q3_S3_XGB_seed42,Q3,S3,XGB,1122,Train,0.804412761608385,0.790539562702179
Q3_S3_XGB_seed42,Q3,S3,XGB,1123,Train,0.888225610247878,0.8681809306144714
Q3_S3_XGB_seed42,Q3,S3,XGB,1124,Train,0.959219672874343,0.9546430110931396
Q3_S3_XGB_seed42,Q3,S3,XGB,1125,Train,0.794478660847515,0.7413703799247742
Q3_S3_XGB_seed42,Q3,S3,XGB,1126,Train,0.795044896217672,0.790539562702179
Q3_S3_XGB_seed42,Q3,S3,XGB,1128,Train,0.97232606069617,0.9546430110931396
Q3_S3_XGB_seed42,Q3,S3,XGB,1130,Train,0.76392809877467,0.790539562702179
Q3_S3_XGB_seed42,Q3,S3,XGB,1131,Train,0.845381357533183,0.8681809306144714
Q3_S3_XGB_seed42,Q3,S3,XGB,1132,Train,0.954485708802878,0.9546430110931396
Q3_S3_XGB_seed42,Q3,S3,XGB,1133,Train,0.742091685619275,0.7413703799247742
Q3_S3_XGB_seed42,Q3,S3,XGB,1134,Train,0.754667374526097,0.790539562702179
Q3_S3_XGB_seed42,Q3,S3,XGB,1135,Train,0.869999601044121,0.8681809306144714
Q3_S3_XGB_seed42,Q3,S3,XGB,1136,Train,0.952275901991181,0.9546430110931396
Q3_S3_XGB_seed42,Q3,S3,XGB,1137,Train,0.813523741478924,0.8354411125183105
Q3_S3_XGB_seed42,Q3,S3,XGB,1139,Train,0.765581738055363,0.7704874277114868
Q3_S3_XGB_seed42,Q3,S3,XGB,1140,Train,0.893569868785435,0.8652287721633911
Q3_S3_XGB_seed42,Q3,S3,XGB,1141,Train,0.709030521494937,0.7415063977241516
Q3_S3_XGB_seed42,Q3,S3,XGB,1142,Train,0.824401326732183,0.796330988407135
Q3_S3_XGB_seed42,Q3,S3,XGB,1143,Train,0.875958312856537,0.8884201645851135
Q3_S3_XGB_seed42,Q3,S3,XGB,1144,Train,0.944607596729703,0.9513489007949829
Q3_S3_XGB_seed42,Q3,S3,XGB,1145,Train,0.766681341537034,0.7415063977241516
Q3_S3_XGB_seed42,Q3,S3,XGB,1146,Train,0.821112449176638,0.796330988407135
Q3_S3_XGB_seed42,Q3,S3,XGB,1147,Train,0.875958312856537,0.8884201645851135
Q3_S3_XGB_seed42,Q3,S3,XGB,1148,Train,0.935150536886007,0.9513489007949829
Q3_S3_XGB_seed42,Q3,S3,XGB,1149,Train,0.702440630147331,0.7415063977241516
Q3_S3_XGB_seed42,Q3,S3,XGB,1151,Train,0.89089646597602,0.8884201645851135
Q3_S3_XGB_seed42,Q3,S3,XGB,1152,Train,0.957395932449324,0.9513489007949829
Q3_S3_XGB_seed42,Q3,S3,XGB,1153,Train,0.798730965528296,0.7415063977241516
Q3_S3_XGB_seed42,Q3,S3,XGB,1154,Train,0.79375716356903,0.796330988407135
Q3_S3_XGB_seed42,Q3,S3,XGB,1155,Train,0.909280357024702,0.8884201645851135
Q3_S3_XGB_seed42,Q3,S3,XGB,1157,Train,0.740859563923326,0.7415063977241516
Q3_S3_XGB_seed42,Q3,S3,XGB,1158,Train,0.762574527781987,0.796330988407135
Q3_S3_XGB_seed42,Q3,S3,XGB,1160,Train,0.965390605715699,0.9513489007949829
Q3_S3_XGB_seed42,Q3,S3,XGB,1161,Train,0.743478810778917,0.7415063977241516
Q3_S3_XGB_seed42,Q3,S3,XGB,1162,Train,0.764183080187211,0.796330988407135
Q3_S3_XGB_seed42,Q3,S3,XGB,1165,Train,0.86118506512759,0.8536048531532288
Q3_S3_XGB_seed42,Q3,S3,XGB,1166,Train,0.774189026409601,0.7877092957496643
Q3_S3_XGB_seed42,Q3,S3,XGB,1168,Train,0.905073760419263,0.8663902282714844
Q3_S3_XGB_seed42,Q3,S3,XGB,1169,Train,0.723035518357035,0.744878888130188
Q3_S3_XGB_seed42,Q3,S3,XGB,1170,Train,0.826526360327323,0.8025354146957397
Q3_S3_XGB_seed42,Q3,S3,XGB,1171,Train,0.875958312856537,0.8974829316139221
Q3_S3_XGB_seed42,Q3,S3,XGB,1172,Train,0.944607596729703,0.963431715965271
Q3_S3_XGB_seed42,Q3,S3,XGB,1173,Train,0.760209160895165,0.744878888130188
Q3_S3_XGB_seed42,Q3,S3,XGB,1174,Train,0.820740259958004,0.8025354146957397
Q3_S3_XGB_seed42,Q3,S3,XGB,1175,Train,0.872255273289102,0.8974829316139221
Q3_S3_XGB_seed42,Q3,S3,XGB,1176,Train,0.945437666284331,0.963431715965271
Q3_S3_XGB_seed42,Q3,S3,XGB,1178,Train,0.823357286621594,0.8025354146957397
Q3_S3_XGB_seed42,Q3,S3,XGB,1179,Train,0.891799038593436,0.8974829316139221
Q3_S3_XGB_seed42,Q3,S3,XGB,1180,Train,0.959962561862519,0.963431715965271
Q3_S3_XGB_seed42,Q3,S3,XGB,1181,Train,0.77684465445017,0.744878888130188
Q3_S3_XGB_seed42,Q3,S3,XGB,1182,Train,0.794780573757261,0.8025354146957397
Q3_S3_XGB_seed42,Q3,S3,XGB,1184,Train,0.996041319454468,0.963431715965271
Q3_S3_XGB_seed42,Q3,S3,XGB,1185,Train,0.729274737980591,0.744878888130188
Q3_S3_XGB_seed42,Q3,S3,XGB,1186,Train,0.765245089682088,0.8025354146957397
Q3_S3_XGB_seed42,Q3,S3,XGB,1187,Train,0.900060352488373,0.8974829316139221
Q3_S3_XGB_seed42,Q3,S3,XGB,1188,Train,0.974200495215366,0.963431715965271
Q3_S3_XGB_seed42,Q3,S3,XGB,1189,Train,0.741022079805728,0.744878888130188
Q3_S3_XGB_seed42,Q3,S3,XGB,1191,Train,0.924316467912413,0.8974829316139221
Q3_S3_XGB_seed42,Q3,S3,XGB,1194,Train,1.0309100192963,1.0529319047927856
Q3_S3_XGB_seed42,Q3,S3,XGB,1195,Train,1.0309100192963,1.029458999633789
Q3_S3_XGB_seed42,Q3,S3,XGB,1196,Train,1.04780321656717,1.048447847366333
Q3_S3_XGB_seed42,Q3,S3,XGB,1197,Train,1.02116378112696,1.0259788036346436
Q3_S3_XGB_seed42,Q3,S3,XGB,1199,Train,0.942863732067123,0.9444587826728821
Q3_S3_XGB_seed42,Q3,S3,XGB,1200,Train,0.858516034072475,0.8316578269004822
Q3_S3_XGB_seed42,Q3,S3,XGB,1201,Train,0.828220858895706,0.8212971687316895
Q3_S3_XGB_seed42,Q3,S3,XGB,1202,Train,1.16613648991414,1.1623376607894897
Q3_S3_XGB_seed42,Q3,S3,XGB,1203,Train,1.17590341402158,1.160108208656311
Q3_S3_XGB_seed42,Q3,S3,XGB,1205,Train,1.15864463864469,1.1527657508850098
Q3_S3_XGB_seed42,Q3,S3,XGB,1208,Train,0.945059146949154,0.9610058069229126
Q3_S3_XGB_seed42,Q3,S3,XGB,1209,Train,0.743453636792905,0.7593078017234802
Q3_S3_XGB_seed42,Q3,S3,XGB,1210,Train,0.756610346124391,0.7490176558494568
Q3_S3_XGB_seed42,Q3,S3,XGB,1211,Train,1.14869832591629,1.1544746160507202
Q3_S3_XGB_seed42,Q3,S3,XGB,1212,Train,1.15615284385716,1.1598140001296997
Q3_S3_XGB_seed42,Q3,S3,XGB,1213,Train,1.15366382320943,1.147467851638794
Q3_S3_XGB_seed42,Q3,S3,XGB,1214,Train,1.16146409290499,1.1601628065109253
Q3_S3_XGB_seed42,Q3,S3,XGB,1216,Train,1.09724257611613,1.1027041673660278
Q3_S3_XGB_seed42,Q3,S3,XGB,1217,Train,0.969373157471161,0.9692575931549072
Q3_S3_XGB_seed42,Q3,S3,XGB,1218,Train,0.767721189179986,0.7586379051208496
Q3_S3_XGB_seed42,Q3,S3,XGB,1219,Train,0.747774846750593,0.7474935054779053
Q3_S3_XGB_seed42,Q3,S3,XGB,1221,Train,1.19192306228115,1.190708875656128
Q3_S3_XGB_seed42,Q3,S3,XGB,1222,Train,1.19192306228115,1.1931395530700684
Q3_S3_XGB_seed42,Q3,S3,XGB,1223,Train,1.17930396588958,1.149436116218567
Q3_S3_XGB_seed42,Q3,S3,XGB,1224,Train,1.15378304985468,1.1560173034667969
Q3_S3_XGB_seed42,Q3,S3,XGB,1225,Train,1.14378937187987,1.142271637916565
Q3_S3_XGB_seed42,Q3,S3,XGB,1226,Train,1.05992184543277,1.0358681678771973
Q3_S3_XGB_seed42,Q3,S3,XGB,1227,Train,0.779325256152953,0.8022469878196716
Q3_S3_XGB_seed42,Q3,S3,XGB,1228,Train,0.765644820823472,0.7879133224487305
Q3_S3_XGB_seed42,Q3,S3,XGB,8,Test,0.852320637196598,1.013717770576477
Q3_S3_XGB_seed42,Q3,S3,XGB,16,Test,0.757910939800996,0.8280759453773499
Q3_S3_XGB_seed42,Q3,S3,XGB,33,Test,0.947878574037492,0.8694989085197449
Q3_S3_XGB_seed42,Q3,S3,XGB,40,Test,0.846204660987704,0.9367462396621704
Q3_S3_XGB_seed42,Q3,S3,XGB,41,Test,0.826322526936951,0.8690899014472961
Q3_S3_XGB_seed42,Q3,S3,XGB,49,Test,0.813872622033883,0.795508623123169
Q3_S3_XGB_seed42,Q3,S3,XGB,55,Test,1.1800839773586,1.0580898523330688
Q3_S3_XGB_seed42,Q3,S3,XGB,60,Test,0.711458783801433,0.8606098890304565
Q3_S3_XGB_seed42,Q3,S3,XGB,62,Test,1.05868835286937,1.0687448978424072
Q3_S3_XGB_seed42,Q3,S3,XGB,65,Test,0.822125963335149,0.8421820402145386
Q3_S3_XGB_seed42,Q3,S3,XGB,67,Test,0.860852339675353,0.9064574837684631
Q3_S3_XGB_seed42,Q3,S3,XGB,69,Test,0.952684962682573,0.9729179739952087
Q3_S3_XGB_seed42,Q3,S3,XGB,70,Test,1.00486544375881,1.026144027709961
Q3_S3_XGB_seed42,Q3,S3,XGB,74,Test,0.813467798407692,0.8172112703323364
Q3_S3_XGB_seed42,Q3,S3,XGB,77,Test,0.852684600835069,0.9079006910324097
Q3_S3_XGB_seed42,Q3,S3,XGB,78,Test,0.903935228958348,1.0880688428878784
Q3_S3_XGB_seed42,Q3,S3,XGB,81,Test,0.813467798407692,0.8508530259132385
Q3_S3_XGB_seed42,Q3,S3,XGB,87,Test,0.737639852812842,0.800871729850769
Q3_S3_XGB_seed42,Q3,S3,XGB,90,Test,0.992568658138745,1.0608571767807007
Q3_S3_XGB_seed42,Q3,S3,XGB,95,Test,0.728664117820701,0.8046102523803711
Q3_S3_XGB_seed42,Q3,S3,XGB,98,Test,0.920532930540302,0.9344741702079773
Q3_S3_XGB_seed42,Q3,S3,XGB,100,Test,0.81331948022468,0.9024094939231873
Q3_S3_XGB_seed42,Q3,S3,XGB,108,Test,0.802674817559499,0.7992162108421326
Q3_S3_XGB_seed42,Q3,S3,XGB,112,Test,0.900141392199746,0.909981906414032
Q3_S3_XGB_seed42,Q3,S3,XGB,113,Test,0.904396288730716,1.0604478120803833
Q3_S3_XGB_seed42,Q3,S3,XGB,119,Test,0.810800723507938,0.811183512210846
Q3_S3_XGB_seed42,Q3,S3,XGB,122,Test,1.07485139681547,1.0071709156036377
Q3_S3_XGB_seed42,Q3,S3,XGB,126,Test,1.01467278489236,0.9192326068878174
Q3_S3_XGB_seed42,Q3,S3,XGB,143,Test,0.998279458179488,0.9791851043701172
Q3_S3_XGB_seed42,Q3,S3,XGB,151,Test,0.81033471544061,0.9023717045783997
Q3_S3_XGB_seed42,Q3,S3,XGB,153,Test,0.843369921106177,0.865841269493103
Q3_S3_XGB_seed42,Q3,S3,XGB,154,Test,0.821094228516559,1.070783019065857
Q3_S3_XGB_seed42,Q3,S3,XGB,155,Test,0.919162757835833,0.970199465751648
Q3_S3_XGB_seed42,Q3,S3,XGB,156,Test,1.03546229011457,0.8762007355690002
Q3_S3_XGB_seed42,Q3,S3,XGB,171,Test,0.906717139703928,0.8778548240661621
Q3_S3_XGB_seed42,Q3,S3,XGB,173,Test,0.912905287026554,0.9358187317848206
Q3_S3_XGB_seed42,Q3,S3,XGB,204,Test,1.1393357833334,1.1460477113723755
Q3_S3_XGB_seed42,Q3,S3,XGB,210,Test,0.936810267937746,0.8589329719543457
Q3_S3_XGB_seed42,Q3,S3,XGB,214,Test,1.22065556157337,1.2556545734405518
Q3_S3_XGB_seed42,Q3,S3,XGB,228,Test,1.06344855958423,1.0788596868515015
Q3_S3_XGB_seed42,Q3,S3,XGB,234,Test,1.11427419043542,0.9941948056221008
Q3_S3_XGB_seed42,Q3,S3,XGB,235,Test,0.961279319724471,0.9783609509468079
Q3_S3_XGB_seed42,Q3,S3,XGB,244,Test,0.893061283610279,0.8455451130867004
Q3_S3_XGB_seed42,Q3,S3,XGB,245,Test,1.23569967731168,1.3451482057571411
Q3_S3_XGB_seed42,Q3,S3,XGB,246,Test,0.971990987958718,0.8823264837265015
Q3_S3_XGB_seed42,Q3,S3,XGB,254,Test,1.03327416363859,1.0677129030227661
Q3_S3_XGB_seed42,Q3,S3,XGB,257,Test,1.12250446697086,1.115456461906433
Q3_S3_XGB_seed42,Q3,S3,XGB,275,Test,0.939184508560139,1.0558009147644043
Q3_S3_XGB_seed42,Q3,S3,XGB,284,Test,1.00509196322014,0.9740127325057983
Q3_S3_XGB_seed42,Q3,S3,XGB,295,Test,0.912592939485118,0.9138062000274658
Q3_S3_XGB_seed42,Q3,S3,XGB,296,Test,0.823590841598461,0.8706920146942139
Q3_S3_XGB_seed42,Q3,S3,XGB,301,Test,1.0639187054379,0.9149880409240723
Q3_S3_XGB_seed42,Q3,S3,XGB,321,Test,1.19182986579302,0.9911722540855408
Q3_S3_XGB_seed42,Q3,S3,XGB,326,Test,0.826607210133647,0.8360853791236877
Q3_S3_XGB_seed42,Q3,S3,XGB,338,Test,1.04267580718159,0.9730488657951355
Q3_S3_XGB_seed42,Q3,S3,XGB,341,Test,0.893800025847912,0.9056004881858826
Q3_S3_XGB_seed42,Q3,S3,XGB,342,Test,0.822125963335149,0.8725724220275879
Q3_S3_XGB_seed42,Q3,S3,XGB,343,Test,1.23045619628522,1.240502119064331
Q3_S3_XGB_seed42,Q3,S3,XGB,360,Test,0.928486314599026,0.9171881675720215
Q3_S3_XGB_seed42,Q3,S3,XGB,361,Test,0.817874479739484,0.9029170274734497
Q3_S3_XGB_seed42,Q3,S3,XGB,362,Test,0.804103761789322,0.8739632964134216
Q3_S3_XGB_seed42,Q3,S3,XGB,364,Test,0.807372310203011,0.8589358925819397
Q3_S3_XGB_seed42,Q3,S3,XGB,366,Test,0.793688616630125,0.8959449529647827
Q3_S3_XGB_seed42,Q3,S3,XGB,368,Test,0.778410456559892,0.781624972820282
Q3_S3_XGB_seed42,Q3,S3,XGB,370,Test,0.797044767127811,0.9623937606811523
Q3_S3_XGB_seed42,Q3,S3,XGB,371,Test,0.798595345560752,0.8914446830749512
Q3_S3_XGB_seed42,Q3,S3,XGB,386,Test,1.13574687602424,1.0291820764541626
Q3_S3_XGB_seed42,Q3,S3,XGB,397,Test,1.1186386283466,1.0547841787338257
Q3_S3_XGB_seed42,Q3,S3,XGB,399,Test,0.87291386843261,0.874898374080658
Q3_S3_XGB_seed42,Q3,S3,XGB,401,Test,0.815966834108385,0.8159440755844116
Q3_S3_XGB_seed42,Q3,S3,XGB,411,Test,0.877864354166367,0.8891504406929016
Q3_S3_XGB_seed42,Q3,S3,XGB,415,Test,0.925526846600607,0.825119137763977
Q3_S3_XGB_seed42,Q3,S3,XGB,416,Test,0.849045399851102,0.8709198236465454
Q3_S3_XGB_seed42,Q3,S3,XGB,417,Test,0.808514768466947,0.8185308575630188
Q3_S3_XGB_seed42,Q3,S3,XGB,427,Test,1.215634689863,1.2322567701339722
Q3_S3_XGB_seed42,Q3,S3,XGB,429,Test,1.10827609567712,1.0310883522033691
Q3_S3_XGB_seed42,Q3,S3,XGB,431,Test,0.881268697770986,1.0293059349060059
Q3_S3_XGB_seed42,Q3,S3,XGB,437,Test,1.13482643199722,0.9984416365623474
Q3_S3_XGB_seed42,Q3,S3,XGB,439,Test,0.902931191290748,0.985378086566925
Q3_S3_XGB_seed42,Q3,S3,XGB,444,Test,0.924601655563363,0.9009231328964233
Q3_S3_XGB_seed42,Q3,S3,XGB,447,Test,0.929918995294268,1.0539252758026123
Q3_S3_XGB_seed42,Q3,S3,XGB,448,Test,1.21062408455055,1.2300680875778198
Q3_S3_XGB_seed42,Q3,S3,XGB,467,Test,0.84311310408725,0.8377049565315247
Q3_S3_XGB_seed42,Q3,S3,XGB,480,Test,0.821675056584442,0.8368414044380188
Q3_S3_XGB_seed42,Q3,S3,XGB,490,Test,0.860232526704263,0.8883296251296997
Q3_S3_XGB_seed42,Q3,S3,XGB,497,Test,0.865613735535156,0.9038938879966736
Q3_S3_XGB_seed42,Q3,S3,XGB,499,Test,0.818501856967033,0.9038938879966736
Q3_S3_XGB_seed42,Q3,S3,XGB,508,Test,0.869145624340571,0.8834688067436218
Q3_S3_XGB_seed42,Q3,S3,XGB,513,Test,0.777541657084211,0.9354889392852783
Q3_S3_XGB_seed42,Q3,S3,XGB,514,Test,0.872373442452523,0.96183180809021
Q3_S3_XGB_seed42,Q3,S3,XGB,515,Test,0.761899976261084,0.773684024810791
Q3_S3_XGB_seed42,Q3,S3,XGB,519,Test,0.792940350167374,0.8181415796279907
Q3_S3_XGB_seed42,Q3,S3,XGB,522,Test,0.795876748277848,0.7714645862579346
Q3_S3_XGB_seed42,Q3,S3,XGB,525,Test,0.787590206185008,0.981489896774292
Q3_S3_XGB_seed42,Q3,S3,XGB,531,Test,0.746485628020581,0.7830995917320251
Q3_S3_XGB_seed42,Q3,S3,XGB,534,Test,0.887000548342337,0.9034187197685242
Q3_S3_XGB_seed42,Q3,S3,XGB,535,Test,0.833498423244719,0.8380979299545288
Q3_S3_XGB_seed42,Q3,S3,XGB,537,Test,0.793151072002874,0.799048662185669
Q3_S3_XGB_seed42,Q3,S3,XGB,539,Test,0.970060488345038,0.8727986812591553
Q3_S3_XGB_seed42,Q3,S3,XGB,546,Test,0.889020469334822,0.8933261036872864
Q3_S3_XGB_seed42,Q3,S3,XGB,551,Test,0.831260172592189,0.8538486361503601
Q3_S3_XGB_seed42,Q3,S3,XGB,553,Test,0.826849384947378,0.8195923566818237
Q3_S3_XGB_seed42,Q3,S3,XGB,564,Test,0.878262057500151,0.8585073947906494
Q3_S3_XGB_seed42,Q3,S3,XGB,576,Test,0.742339670007947,0.7353720664978027
Q3_S3_XGB_seed42,Q3,S3,XGB,579,Test,0.886763619447251,0.8583781123161316
Q3_S3_XGB_seed42,Q3,S3,XGB,587,Test,0.861216463662039,0.8873124718666077
Q3_S3_XGB_seed42,Q3,S3,XGB,611,Test,0.77213333007826,0.7908686399459839
Q3_S3_XGB_seed42,Q3,S3,XGB,612,Test,0.764913144503674,0.7733317017555237
Q3_S3_XGB_seed42,Q3,S3,XGB,613,Test,0.728688971473978,0.7314447164535522
Q3_S3_XGB_seed42,Q3,S3,XGB,616,Test,0.880044085567343,0.8620870113372803
Q3_S3_XGB_seed42,Q3,S3,XGB,617,Test,0.807585700067222,0.7875853180885315
Q3_S3_XGB_seed42,Q3,S3,XGB,618,Test,0.77074592040747,0.8012546896934509
Q3_S3_XGB_seed42,Q3,S3,XGB,620,Test,0.874724003831233,0.8745745420455933
Q3_S3_XGB_seed42,Q3,S3,XGB,625,Test,0.758709176213725,0.7735452651977539
Q3_S3_XGB_seed42,Q3,S3,XGB,629,Test,0.889817242212127,0.8674928545951843
Q3_S3_XGB_seed42,Q3,S3,XGB,631,Test,0.798143063448458,0.7949090600013733
Q3_S3_XGB_seed42,Q3,S3,XGB,634,Test,0.825733401774114,0.8075839281082153
Q3_S3_XGB_seed42,Q3,S3,XGB,635,Test,0.834632208487437,0.8466125130653381
Q3_S3_XGB_seed42,Q3,S3,XGB,637,Test,0.809354767359919,0.7831756472587585
Q3_S3_XGB_seed42,Q3,S3,XGB,640,Test,0.876039548113258,0.8881941437721252
Q3_S3_XGB_seed42,Q3,S3,XGB,643,Test,0.945850340334221,0.9376814365386963
Q3_S3_XGB_seed42,Q3,S3,XGB,644,Test,0.818498551872722,0.8176697492599487
Q3_S3_XGB_seed42,Q3,S3,XGB,646,Test,0.75408366475121,0.7549538612365723
Q3_S3_XGB_seed42,Q3,S3,XGB,647,Test,0.747247842259885,0.7457998991012573
Q3_S3_XGB_seed42,Q3,S3,XGB,654,Test,0.851986068586528,0.8741039633750916
Q3_S3_XGB_seed42,Q3,S3,XGB,664,Test,0.741549273895159,0.7450940012931824
Q3_S3_XGB_seed42,Q3,S3,XGB,668,Test,0.851986068586528,0.8474305272102356
Q3_S3_XGB_seed42,Q3,S3,XGB,673,Test,0.976796171044411,0.9862331748008728
Q3_S3_XGB_seed42,Q3,S3,XGB,676,Test,0.791863787278371,0.797305166721344
Q3_S3_XGB_seed42,Q3,S3,XGB,680,Test,0.75024454341863,0.7386413216590881
Q3_S3_XGB_seed42,Q3,S3,XGB,682,Test,0.689926541089295,0.6946613192558289
Q3_S3_XGB_seed42,Q3,S3,XGB,684,Test,0.769420608847027,0.770501971244812
Q3_S3_XGB_seed42,Q3,S3,XGB,691,Test,0.792036479454565,0.7976693511009216
Q3_S3_XGB_seed42,Q3,S3,XGB,699,Test,1.01805929822394,1.0164467096328735
Q3_S3_XGB_seed42,Q3,S3,XGB,721,Test,0.713090900306153,0.7151861786842346
Q3_S3_XGB_seed42,Q3,S3,XGB,733,Test,0.708619564845011,0.7145829796791077
Q3_S3_XGB_seed42,Q3,S3,XGB,749,Test,1.0745623846132,1.0561009645462036
Q3_S3_XGB_seed42,Q3,S3,XGB,750,Test,0.732807913562506,0.730817437171936
Q3_S3_XGB_seed42,Q3,S3,XGB,757,Test,0.754667374526097,0.7485378384590149
Q3_S3_XGB_seed42,Q3,S3,XGB,764,Test,0.778229870410982,0.7778050899505615
Q3_S3_XGB_seed42,Q3,S3,XGB,783,Test,0.786408672212412,0.7937661409378052
Q3_S3_XGB_seed42,Q3,S3,XGB,784,Test,0.753576013281286,0.7666065096855164
Q3_S3_XGB_seed42,Q3,S3,XGB,785,Test,0.796451175291166,0.7937661409378052
Q3_S3_XGB_seed42,Q3,S3,XGB,791,Test,0.764115759199259,0.7677823901176453
Q3_S3_XGB_seed42,Q3,S3,XGB,794,Test,0.803883097711839,0.8109509348869324
Q3_S3_XGB_seed42,Q3,S3,XGB,803,Test,0.864887132936625,0.8558059334754944
Q3_S3_XGB_seed42,Q3,S3,XGB,811,Test,0.735934933307509,0.7386964559555054
Q3_S3_XGB_seed42,Q3,S3,XGB,812,Test,0.696679662727248,0.7004569172859192
Q3_S3_XGB_seed42,Q3,S3,XGB,826,Test,0.86511259293188,0.8760251402854919
Q3_S3_XGB_seed42,Q3,S3,XGB,829,Test,0.799304941599041,0.8041841387748718
Q3_S3_XGB_seed42,Q3,S3,XGB,835,Test,0.834074420809216,0.7824053168296814
Q3_S3_XGB_seed42,Q3,S3,XGB,840,Test,0.76156027562374,0.7879396080970764
Q3_S3_XGB_seed42,Q3,S3,XGB,842,Test,0.827016737870009,0.8760251402854919
Q3_S3_XGB_seed42,Q3,S3,XGB,844,Test,0.782523228550948,0.7879396080970764
Q3_S3_XGB_seed42,Q3,S3,XGB,847,Test,1.05187627303712,0.8803870677947998
Q3_S3_XGB_seed42,Q3,S3,XGB,852,Test,1.0,0.9183350205421448
Q3_S3_XGB_seed42,Q3,S3,XGB,854,Test,0.98736628129819,0.92253577709198
Q3_S3_XGB_seed42,Q3,S3,XGB,857,Test,0.829831231648525,0.92253577709198
Q3_S3_XGB_seed42,Q3,S3,XGB,864,Test,0.829581934480047,0.7965694069862366
Q3_S3_XGB_seed42,Q3,S3,XGB,867,Test,0.753705950531613,0.7805118560791016
Q3_S3_XGB_seed42,Q3,S3,XGB,872,Test,0.756109151147717,0.7965694069862366
Q3_S3_XGB_seed42,Q3,S3,XGB,876,Test,0.850544221972722,0.7965694069862366
Q3_S3_XGB_seed42,Q3,S3,XGB,878,Test,0.768122786122246,0.7741084694862366
Q3_S3_XGB_seed42,Q3,S3,XGB,883,Test,0.764260833453758,0.7805118560791016
Q3_S3_XGB_seed42,Q3,S3,XGB,888,Test,0.829146849424817,0.8228253126144409
Q3_S3_XGB_seed42,Q3,S3,XGB,893,Test,0.813477995464056,0.9035178422927856
Q3_S3_XGB_seed42,Q3,S3,XGB,904,Test,0.844991284927913,0.8150753378868103
Q3_S3_XGB_seed42,Q3,S3,XGB,910,Test,0.822650923078357,0.7427321672439575
Q3_S3_XGB_seed42,Q3,S3,XGB,912,Test,0.842926286538743,0.8150753378868103
Q3_S3_XGB_seed42,Q3,S3,XGB,914,Test,0.756129198325393,0.7427321672439575
Q3_S3_XGB_seed42,Q3,S3,XGB,915,Test,0.763012843752246,0.7749150395393372
Q3_S3_XGB_seed42,Q3,S3,XGB,922,Test,0.898181417669202,0.8767037987709045
Q3_S3_XGB_seed42,Q3,S3,XGB,927,Test,0.852524328493307,0.8281800150871277
Q3_S3_XGB_seed42,Q3,S3,XGB,943,Test,0.806233218706077,0.8281800150871277
Q3_S3_XGB_seed42,Q3,S3,XGB,945,Test,0.766743793103087,0.7554070949554443
Q3_S3_XGB_seed42,Q3,S3,XGB,955,Test,1.01472282521954,0.9588603973388672
Q3_S3_XGB_seed42,Q3,S3,XGB,957,Test,0.80717197123045,0.9007341861724854
Q3_S3_XGB_seed42,Q3,S3,XGB,958,Test,0.835775714089677,0.9588603973388672
Q3_S3_XGB_seed42,Q3,S3,XGB,964,Test,0.855616672954909,0.8408256769180298
Q3_S3_XGB_seed42,Q3,S3,XGB,965,Test,0.933768178822049,0.9187161326408386
Q3_S3_XGB_seed42,Q3,S3,XGB,966,Test,0.705375122357597,0.7611356973648071
Q3_S3_XGB_seed42,Q3,S3,XGB,980,Test,0.799615295736052,0.8408256769180298
Q3_S3_XGB_seed42,Q3,S3,XGB,984,Test,0.808672040193808,0.8408256769180298
Q3_S3_XGB_seed42,Q3,S3,XGB,989,Test,0.856527083574307,0.8196013569831848
Q3_S3_XGB_seed42,Q3,S3,XGB,995,Test,0.94122051777521,0.9136896133422852
Q3_S3_XGB_seed42,Q3,S3,XGB,1001,Test,0.738780628318686,0.7682715654373169
Q3_S3_XGB_seed42,Q3,S3,XGB,1002,Test,0.856382665714486,0.8486958742141724
Q3_S3_XGB_seed42,Q3,S3,XGB,1003,Test,0.951611665438936,0.9136896133422852
Q3_S3_XGB_seed42,Q3,S3,XGB,1010,Test,0.807372310203011,0.8486958742141724
Q3_S3_XGB_seed42,Q3,S3,XGB,1019,Test,0.97754928544809,0.8562518358230591
Q3_S3_XGB_seed42,Q3,S3,XGB,1026,Test,0.766073853156941,0.782598614692688
Q3_S3_XGB_seed42,Q3,S3,XGB,1027,Test,0.870226290982859,0.8523077964782715
Q3_S3_XGB_seed42,Q3,S3,XGB,1031,Test,0.936481518609124,0.9352771639823914
Q3_S3_XGB_seed42,Q3,S3,XGB,1041,Test,0.793027846274449,0.7616217732429504
Q3_S3_XGB_seed42,Q3,S3,XGB,1047,Test,0.92043966507775,0.9352771639823914
Q3_S3_XGB_seed42,Q3,S3,XGB,1058,Test,0.882445021438997,0.8387619256973267
Q3_S3_XGB_seed42,Q3,S3,XGB,1059,Test,0.696130860398804,0.7636798620223999
Q3_S3_XGB_seed42,Q3,S3,XGB,1062,Test,0.938995087972337,0.9391441345214844
Q3_S3_XGB_seed42,Q3,S3,XGB,1063,Test,0.724687392452051,0.7636798620223999
Q3_S3_XGB_seed42,Q3,S3,XGB,1067,Test,0.692510670315816,0.7636798620223999
Q3_S3_XGB_seed42,Q3,S3,XGB,1072,Test,0.791863787278371,0.7685672044754028
Q3_S3_XGB_seed42,Q3,S3,XGB,1075,Test,0.746982840546495,0.7636798620223999
Q3_S3_XGB_seed42,Q3,S3,XGB,1087,Test,0.788316855346138,0.7869700193405151
Q3_S3_XGB_seed42,Q3,S3,XGB,1100,Test,0.874724003831233,0.8650860786437988
Q3_S3_XGB_seed42,Q3,S3,XGB,1106,Test,0.737991169849063,0.7357383370399475
Q3_S3_XGB_seed42,Q3,S3,XGB,1107,Test,0.760892032233977,0.7869700193405151
Q3_S3_XGB_seed42,Q3,S3,XGB,1112,Test,0.894448704342633,0.8508620262145996
Q3_S3_XGB_seed42,Q3,S3,XGB,1116,Test,0.949081938843105,0.9546430110931396
Q3_S3_XGB_seed42,Q3,S3,XGB,1127,Test,0.893412560197882,0.8681809306144714
Q3_S3_XGB_seed42,Q3,S3,XGB,1129,Test,0.736375333711986,0.7413703799247742
Q3_S3_XGB_seed42,Q3,S3,XGB,1138,Test,0.785294421397043,0.7978951334953308
Q3_S3_XGB_seed42,Q3,S3,XGB,1150,Test,0.818012884857102,0.796330988407135
Q3_S3_XGB_seed42,Q3,S3,XGB,1156,Test,0.987350077425618,0.9513489007949829
Q3_S3_XGB_seed42,Q3,S3,XGB,1159,Test,0.854579770296881,0.8884201645851135
Q3_S3_XGB_seed42,Q3,S3,XGB,1163,Test,0.880095843518457,0.8884201645851135
Q3_S3_XGB_seed42,Q3,S3,XGB,1164,Test,0.963352339838838,0.9513489007949829
Q3_S3_XGB_seed42,Q3,S3,XGB,1167,Test,0.780601625075104,0.7685866355895996
Q3_S3_XGB_seed42,Q3,S3,XGB,1177,Test,0.717878780699404,0.744878888130188
Q3_S3_XGB_seed42,Q3,S3,XGB,1183,Test,0.94370407868224,0.8974829316139221
Q3_S3_XGB_seed42,Q3,S3,XGB,1190,Test,0.772100152115195,0.8025354146957397
Q3_S3_XGB_seed42,Q3,S3,XGB,1192,Test,0.970053895441174,0.963431715965271
Q3_S3_XGB_seed42,Q3,S3,XGB,1193,Test,1.06402417781585,1.0840226411819458
Q3_S3_XGB_seed42,Q3,S3,XGB,1198,Test,1.00621600482152,1.0089025497436523
Q3_S3_XGB_seed42,Q3,S3,XGB,1204,Test,1.17590341402158,1.1346417665481567
Q3_S3_XGB_seed42,Q3,S3,XGB,1206,Test,1.14889975557443,1.1207969188690186
Q3_S3_XGB_seed42,Q3,S3,XGB,1207,Test,1.15184604574972,1.0802226066589355
Q3_S3_XGB_seed42,Q3,S3,XGB,1215,Test,1.12665504657055,1.1293284893035889
Q3_S3_XGB_seed42,Q3,S3,XGB,1220,Test,1.1943087167904,1.1820502281188965
